# Blender 4.2.0
# www.blender.org
o viper_wheel_v2
v -0.013508 0.129682 0.233465
v -0.013516 0.112933 0.231533
v -0.029817 0.111335 0.229826
v -0.013526 -0.086340 0.229051
v -0.013518 -0.108796 0.231100
v -0.029817 -0.111335 0.229826
v -0.225622 0.129682 0.059503
v -0.227700 0.147000 0.060660
v -0.222628 0.147000 0.077333
v -0.223790 0.112933 0.058899
v -0.227206 0.111335 0.042848
v -0.221436 -0.086340 0.058122
v -0.223379 -0.108796 0.058763
v -0.227206 -0.111335 0.042848
v -0.125934 0.129682 -0.196245
v -0.124794 0.112933 -0.194687
v -0.110604 0.111335 -0.202901
v -0.123328 -0.086340 -0.192686
v -0.124539 -0.108796 -0.194339
v -0.110604 -0.111335 -0.202901
v 0.147790 0.129682 -0.180346
v 0.148793 0.147000 -0.182504
v 0.134901 0.147000 -0.193008
v 0.146663 0.112933 -0.178778
v 0.158849 0.111335 -0.167803
v 0.145214 -0.086340 -0.176764
v 0.146410 -0.108796 -0.178427
v 0.158849 -0.111335 -0.167803
v 0.217274 0.129682 0.085230
v 0.219634 0.147000 0.085517
v 0.225318 0.147000 0.069043
v 0.215436 0.112933 0.084640
v 0.208778 0.111335 0.099636
v 0.213076 -0.086340 0.083883
v 0.215025 -0.108796 0.084508
v 0.208778 -0.111335 0.099636
v 0.217256 -0.129531 0.085224
v 0.212750 -0.147000 0.101526
v 0.205917 -0.074743 0.098275
v 0.211583 -0.063695 0.083405
v 0.209958 -0.017914 0.082884
v 0.210543 -0.040880 0.083072
v 0.204191 -0.037528 0.097454
v 0.210031 0.022117 0.082907
v 0.209820 -0.001183 0.082840
v 0.203614 -0.000000 0.097180
v 0.204191 0.037528 0.097454
v 0.210704 0.045194 0.083123
v 0.213411 0.090618 0.083991
v 0.205917 0.074743 0.098275
v 0.211833 0.068033 0.083485
v 0.212750 0.147000 0.101526
v 0.229771 0.147000 0.052194
v 0.225622 0.129682 0.059503
v 0.221820 0.129682 0.072488
v 0.220527 0.037528 0.050107
v 0.218914 0.041007 0.057290
v 0.219953 0.063821 0.057633
v 0.219904 -0.000000 0.049966
v 0.218189 -0.000853 0.057050
v 0.218329 0.018045 0.057096
v 0.222391 -0.074743 0.050528
v 0.220317 -0.070045 0.057753
v 0.219152 -0.047219 0.057368
v 0.225481 -0.111335 0.051225
v 0.223991 -0.114904 0.058965
v 0.221931 -0.092612 0.058285
v 0.225604 -0.129531 0.059498
v 0.229771 -0.147000 0.052194
v 0.224029 -0.129325 0.065129
v 0.225318 -0.147000 0.069043
v 0.222925 -0.129174 0.068774
v 0.221773 -0.129119 0.072406
v 0.219634 -0.147000 0.085517
v 0.219242 -0.129330 0.079867
v 0.220533 -0.129174 0.076146
v 0.147779 -0.129531 -0.180331
v 0.161871 -0.147000 -0.171002
v 0.156672 -0.074743 -0.165499
v 0.144298 -0.063695 -0.175490
v 0.143302 -0.017914 -0.174104
v 0.143661 -0.040880 -0.174603
v 0.155359 -0.037528 -0.164109
v 0.143346 0.022117 -0.174166
v 0.143217 -0.001183 -0.173986
v 0.154920 0.000000 -0.163645
v 0.155359 0.037528 -0.164109
v 0.143760 0.045194 -0.174741
v 0.145420 0.090618 -0.177050
v 0.156672 0.074743 -0.165499
v 0.144452 0.068033 -0.175703
v 0.161871 0.147000 -0.171002
v 0.120274 0.147000 -0.202455
v 0.125934 0.129682 -0.196245
v 0.137092 0.129682 -0.188613
v 0.115435 0.037528 -0.194297
v 0.121759 0.041007 -0.190542
v 0.122406 0.063821 -0.191426
v 0.115108 0.000000 -0.193747
v 0.121307 -0.000853 -0.189925
v 0.121394 0.018045 -0.190044
v 0.116411 -0.074743 -0.195943
v 0.122632 -0.070045 -0.191735
v 0.121907 -0.047219 -0.190744
v 0.118028 -0.111335 -0.198669
v 0.124919 -0.114904 -0.194859
v 0.123637 -0.092612 -0.193107
v 0.125923 -0.129531 -0.196230
v 0.120274 -0.147000 -0.202455
v 0.130785 -0.129325 -0.192990
v 0.134901 -0.147000 -0.193008
v 0.133907 -0.129174 -0.190813
v 0.137001 -0.129119 -0.188593
v 0.148793 -0.147000 -0.182504
v 0.143305 -0.129330 -0.183878
v 0.140169 -0.129174 -0.186257
v -0.141944 0.147000 -0.187884
v -0.155438 0.147000 -0.176874
v -0.147790 0.129682 -0.180346
v -0.149184 0.037528 -0.169745
v -0.143663 0.041007 -0.174607
v -0.144303 0.063821 -0.175496
v -0.148763 0.000000 -0.169265
v -0.143217 -0.000853 -0.173986
v -0.143303 0.018045 -0.174106
v -0.150446 -0.074743 -0.171183
v -0.144526 -0.070045 -0.175807
v -0.143809 -0.047219 -0.174810
v -0.152536 -0.111335 -0.173566
v -0.146787 -0.114904 -0.178951
v -0.145519 -0.092612 -0.177188
v -0.147779 -0.129531 -0.180331
v -0.155438 -0.147000 -0.176874
v -0.143199 -0.129325 -0.183959
v -0.141944 -0.147000 -0.187884
v -0.133904 -0.129174 -0.190815
v -0.137102 -0.129119 -0.188519
v -0.140166 -0.129174 -0.186259
v -0.130675 -0.129330 -0.193066
v -0.127675 -0.147000 -0.197867
v -0.125923 -0.129531 -0.196230
v -0.112708 -0.147000 -0.206767
v -0.109088 -0.074743 -0.200116
v -0.122401 -0.063695 -0.191420
v -0.121393 -0.017914 -0.190042
v -0.121756 -0.040880 -0.190538
v -0.108174 -0.037528 -0.198435
v -0.121438 0.022117 -0.190104
v -0.121307 -0.001183 -0.189925
v -0.107868 0.000000 -0.197874
v -0.108174 0.037528 -0.198435
v -0.121856 0.045194 -0.190675
v -0.123536 0.090618 -0.192970
v -0.109088 0.074743 -0.200116
v -0.122557 0.068033 -0.191632
v -0.137092 0.129682 -0.188613
v -0.127675 0.147000 -0.197867
v -0.112708 0.147000 -0.206767
v -0.225604 -0.129531 0.059498
v -0.231529 -0.147000 0.043657
v -0.224092 -0.074743 0.042265
v -0.219946 -0.063695 0.057630
v -0.218327 -0.017914 0.057095
v -0.218910 -0.040880 0.057288
v -0.222214 -0.037528 0.041914
v -0.218399 0.022117 0.057119
v -0.218189 -0.001183 0.057050
v -0.221586 -0.000000 0.041796
v -0.222214 0.037528 0.041914
v -0.219071 0.045194 0.057341
v -0.221769 0.090618 0.058232
v -0.224092 0.074743 0.042265
v -0.220196 0.068033 0.057713
v -0.231529 0.147000 0.043657
v -0.216339 0.147000 0.093585
v -0.217274 0.129682 0.085230
v -0.221820 0.129682 0.072488
v -0.207636 0.037528 0.089833
v -0.210548 0.041007 0.083073
v -0.211590 0.063821 0.083407
v -0.207049 -0.000000 0.089580
v -0.209820 -0.000853 0.082840
v -0.209960 0.018045 0.082885
v -0.209391 -0.074743 0.090590
v -0.211954 -0.070045 0.083524
v -0.210786 -0.047219 0.083149
v -0.212300 -0.111335 0.091844
v -0.215638 -0.114904 0.084705
v -0.213573 -0.092612 0.084043
v -0.217256 -0.129531 0.085224
v -0.216339 -0.147000 0.093585
v -0.219287 -0.129325 0.079741
v -0.222628 -0.147000 0.077333
v -0.220534 -0.129174 0.076142
v -0.221735 -0.129119 0.072526
v -0.227700 -0.147000 0.060660
v -0.224067 -0.129330 0.065000
v -0.222926 -0.129174 0.068771
v 0.004353 0.147000 0.236123
v 0.021733 0.147000 0.235157
v 0.013508 0.129682 0.233465
v 0.020858 0.037528 0.225709
v 0.013538 0.041007 0.226393
v 0.013533 0.063821 0.227488
v 0.020800 -0.000000 0.225072
v 0.013541 -0.000853 0.225628
v 0.013541 0.018045 0.225775
v 0.021035 -0.074743 0.227614
v 0.013531 -0.070045 0.227872
v 0.013537 -0.047219 0.226643
v 0.021327 -0.111335 0.230773
v 0.013515 -0.114904 0.231745
v 0.013524 -0.092612 0.229573
v 0.013508 -0.129531 0.233446
v 0.021733 -0.147000 0.235157
v 0.007673 -0.129325 0.233686
v 0.004353 -0.147000 0.236123
v -0.003872 -0.129174 0.233762
v 0.000063 -0.129119 0.233787
v 0.003869 -0.129174 0.233762
v -0.007806 -0.129330 0.233682
v -0.013052 -0.147000 0.235801
v -0.013508 -0.129531 0.233446
v -0.030384 -0.147000 0.234192
v -0.029408 -0.074743 0.226681
v -0.013533 -0.063695 0.227481
v -0.013541 -0.017914 0.225773
v -0.013538 -0.040880 0.226388
v -0.029162 -0.037528 0.224783
v -0.013540 0.022117 0.225850
v -0.013541 -0.001183 0.225628
v -0.029080 -0.000000 0.224149
v -0.029162 0.037528 0.224783
v -0.013537 0.045194 0.226558
v -0.013525 0.090618 0.229403
v -0.029408 0.074743 0.226681
v -0.013532 0.068033 0.227744
v 0.000000 0.129682 0.233856
v -0.013052 0.147000 0.235801
v -0.030384 0.147000 0.234192
v -0.095313 0.111335 -0.210524
v -0.097126 0.147000 -0.214536
v -0.079501 0.111335 -0.216997
v -0.081013 0.147000 -0.221131
v -0.063255 0.111335 -0.222282
v -0.064458 0.147000 -0.226517
v -0.046663 0.111335 -0.226352
v -0.047551 0.147000 -0.230664
v -0.029817 0.111335 -0.229183
v -0.030384 0.147000 -0.233550
v -0.012808 0.111335 -0.230762
v -0.013052 0.147000 -0.235158
v 0.004271 0.111335 -0.231078
v 0.004353 0.147000 -0.235480
v 0.021327 0.111335 -0.230130
v 0.021733 0.147000 -0.234514
v 0.038266 0.111335 -0.227924
v 0.038994 0.147000 -0.232266
v 0.054997 0.111335 -0.224471
v 0.056043 0.147000 -0.228747
v 0.071427 0.111335 -0.219790
v 0.072786 0.147000 -0.223977
v 0.087466 0.111335 -0.213907
v 0.089131 0.147000 -0.217983
v 0.103029 0.111335 -0.206854
v 0.104989 0.147000 -0.210796
v 0.118028 0.111335 -0.198669
v 0.124547 0.108935 -0.194350
v -0.229722 0.111335 0.025931
v -0.234093 0.147000 0.026418
v -0.230984 0.111335 0.008873
v -0.235378 0.147000 0.009036
v -0.230984 0.111335 -0.008231
v -0.235378 0.147000 -0.008393
v -0.229722 0.111335 -0.025288
v -0.234093 0.147000 -0.025775
v -0.227206 0.111335 -0.042205
v -0.231529 0.147000 -0.043014
v -0.223449 0.111335 -0.058891
v -0.227700 0.147000 -0.060017
v -0.218471 0.111335 -0.075252
v -0.222628 0.147000 -0.076690
v -0.212300 0.111335 -0.091201
v -0.216339 0.147000 -0.092943
v -0.204970 0.111335 -0.106650
v -0.208870 0.147000 -0.108686
v -0.196520 0.111335 -0.121515
v -0.200259 0.147000 -0.123833
v -0.186997 0.111335 -0.135715
v -0.190555 0.147000 -0.138303
v -0.176453 0.111335 -0.149171
v -0.179810 0.147000 -0.152015
v -0.164945 0.111335 -0.161811
v -0.168083 0.147000 -0.164896
v -0.152536 0.111335 -0.173566
v -0.146419 0.108935 -0.178439
v -0.046663 0.111335 0.226994
v -0.047551 0.147000 0.231307
v -0.063255 0.111335 0.222925
v -0.064458 0.147000 0.227160
v -0.079501 0.111335 0.217639
v -0.081013 0.147000 0.221774
v -0.095313 0.111335 0.211167
v -0.097126 0.147000 0.215178
v -0.110604 0.111335 0.203543
v -0.112708 0.147000 0.207409
v -0.125291 0.111335 0.194809
v -0.127675 0.147000 0.198509
v -0.139294 0.111335 0.185013
v -0.141944 0.147000 0.188527
v -0.152536 0.111335 0.174208
v -0.155438 0.147000 0.177517
v -0.164945 0.111335 0.162454
v -0.168083 0.147000 0.165539
v -0.176453 0.111335 0.149814
v -0.179810 0.147000 0.152658
v -0.186997 0.111335 0.136357
v -0.190555 0.147000 0.138946
v -0.196520 0.111335 0.122158
v -0.200259 0.147000 0.124476
v -0.204970 0.111335 0.107293
v -0.208870 0.147000 0.109328
v -0.212300 0.111335 0.091844
v -0.215039 0.108935 0.084513
v 0.200882 0.111335 0.114804
v 0.204704 0.147000 0.116982
v 0.191890 0.111335 0.129346
v 0.195541 0.147000 0.131801
v 0.181849 0.111335 0.143183
v 0.185309 0.147000 0.145901
v 0.170816 0.111335 0.156240
v 0.174065 0.147000 0.159207
v 0.158849 0.111335 0.168446
v 0.161871 0.147000 0.171645
v 0.146015 0.111335 0.179733
v 0.148793 0.147000 0.183147
v 0.132383 0.111335 0.190041
v 0.134901 0.147000 0.193650
v 0.118028 0.111335 0.199312
v 0.120274 0.147000 0.203098
v 0.103029 0.111335 0.207497
v 0.104989 0.147000 0.211438
v 0.087466 0.111335 0.214549
v 0.089131 0.147000 0.218625
v 0.071427 0.111335 0.220432
v 0.072786 0.147000 0.224620
v 0.054997 0.111335 0.225113
v 0.056043 0.147000 0.229390
v 0.038266 0.111335 0.228566
v 0.038994 0.147000 0.232909
v 0.021327 0.111335 0.230773
v 0.013517 0.108935 0.231115
v 0.170816 0.111335 -0.155598
v 0.174065 0.147000 -0.158564
v 0.181849 0.111335 -0.142541
v 0.185309 0.147000 -0.145259
v 0.191890 0.111335 -0.128703
v 0.195541 0.147000 -0.131158
v 0.200882 0.111335 -0.114161
v 0.204704 0.147000 -0.116339
v 0.208778 0.111335 -0.098994
v 0.212750 0.147000 -0.100883
v 0.215533 0.111335 -0.083284
v 0.219634 0.147000 -0.084875
v 0.221111 0.111335 -0.067118
v 0.225318 0.147000 -0.068401
v 0.225481 0.111335 -0.050583
v 0.229771 0.147000 -0.051551
v 0.228620 0.111335 -0.033770
v 0.232970 0.147000 -0.034419
v 0.230510 0.111335 -0.016771
v 0.234896 0.147000 -0.017096
v 0.231141 0.111335 0.000321
v 0.235539 0.147000 0.000321
v 0.230510 0.111335 0.017414
v 0.234896 0.147000 0.017739
v 0.228620 0.111335 0.034413
v 0.232970 0.147000 0.035061
v 0.225481 0.111335 0.051225
v 0.223393 0.108935 0.058768
v -0.094006 0.074743 -0.207635
v -0.078411 0.074743 -0.214019
v -0.062388 0.074743 -0.219232
v -0.046024 0.074743 -0.223246
v -0.029408 0.074743 -0.226038
v -0.012632 0.074743 -0.227595
v 0.004213 0.074743 -0.227907
v 0.021035 0.074743 -0.226972
v 0.037742 0.074743 -0.224796
v 0.054243 0.074743 -0.221390
v 0.070448 0.074743 -0.216773
v 0.086268 0.074743 -0.210971
v 0.101617 0.074743 -0.204015
v 0.116411 0.074743 -0.195943
v 0.123335 0.086470 -0.192694
v -0.226574 0.074743 0.025580
v -0.227818 0.074743 0.008756
v -0.227818 0.074743 -0.008114
v -0.226574 0.074743 -0.024937
v -0.224092 0.074743 -0.041623
v -0.220387 0.074743 -0.058079
v -0.215477 0.074743 -0.074217
v -0.209391 0.074743 -0.089947
v -0.202161 0.074743 -0.105185
v -0.193827 0.074743 -0.119846
v -0.184435 0.074743 -0.133851
v -0.174035 0.074743 -0.147123
v -0.162684 0.074743 -0.159589
v -0.150446 0.074743 -0.171183
v -0.145220 0.086470 -0.176773
v -0.046024 0.074743 0.223888
v -0.062388 0.074743 0.219874
v -0.078411 0.074743 0.214661
v -0.094006 0.074743 0.208278
v -0.109088 0.074743 0.200758
v -0.123574 0.074743 0.192144
v -0.137385 0.074743 0.182482
v -0.150446 0.074743 0.171825
v -0.162684 0.074743 0.160232
v -0.174035 0.074743 0.147765
v -0.184435 0.074743 0.134493
v -0.193827 0.074743 0.120488
v -0.202161 0.074743 0.105827
v -0.209391 0.074743 0.090590
v -0.213086 0.086470 0.083887
v 0.198130 0.074743 0.113235
v 0.189260 0.074743 0.127578
v 0.179357 0.074743 0.141225
v 0.168475 0.074743 0.154104
v 0.156672 0.074743 0.166142
v 0.144014 0.074743 0.177275
v 0.130569 0.074743 0.187441
v 0.116411 0.074743 0.196585
v 0.101617 0.074743 0.204657
v 0.086268 0.074743 0.211614
v 0.070448 0.074743 0.217416
v 0.054243 0.074743 0.222033
v 0.037742 0.074743 0.225438
v 0.021035 0.074743 0.227614
v 0.013526 0.086470 0.229062
v 0.168475 0.074743 -0.153461
v 0.179357 0.074743 -0.140583
v 0.189260 0.074743 -0.126935
v 0.198130 0.074743 -0.112592
v 0.205917 0.074743 -0.097633
v 0.212579 0.074743 -0.082138
v 0.218081 0.074743 -0.066193
v 0.222391 0.074743 -0.049885
v 0.225487 0.074743 -0.033303
v 0.227351 0.074743 -0.016537
v 0.227974 0.074743 0.000321
v 0.227351 0.074743 0.017179
v 0.225487 0.074743 0.033945
v 0.222391 0.074743 0.050528
v 0.221446 0.086470 0.058125
v -0.093218 0.037528 -0.205892
v -0.077754 0.037528 -0.212222
v -0.061865 0.037528 -0.217391
v -0.045638 0.037528 -0.221371
v -0.029162 0.037528 -0.224141
v -0.012526 0.037528 -0.225684
v 0.004177 0.037528 -0.225993
v 0.020858 0.037528 -0.225066
v 0.037426 0.037528 -0.222908
v 0.053788 0.037528 -0.219531
v 0.069857 0.037528 -0.214953
v 0.085545 0.037528 -0.209200
v 0.100765 0.037528 -0.202302
v -0.224675 0.037528 0.025368
v -0.225908 0.037528 0.008685
v -0.225908 0.037528 -0.008043
v -0.224675 0.037528 -0.024725
v -0.222214 0.037528 -0.041271
v -0.218539 0.037528 -0.057590
v -0.213671 0.037528 -0.073592
v -0.207636 0.037528 -0.089190
v -0.200466 0.037528 -0.104300
v -0.192202 0.037528 -0.118838
v -0.182889 0.037528 -0.132726
v -0.172576 0.037528 -0.145887
v -0.161321 0.037528 -0.158249
v -0.045638 0.037528 0.222014
v -0.061865 0.037528 0.218034
v -0.077754 0.037528 0.212864
v -0.093218 0.037528 0.206534
v -0.108174 0.037528 0.199078
v -0.122538 0.037528 0.190536
v -0.136233 0.037528 0.180955
v -0.149184 0.037528 0.170388
v -0.161321 0.037528 0.158891
v -0.172576 0.037528 0.146529
v -0.182889 0.037528 0.133368
v -0.192202 0.037528 0.119481
v -0.200466 0.037528 0.104943
v 0.196469 0.037528 0.112288
v 0.187674 0.037528 0.126511
v 0.177854 0.037528 0.140044
v 0.167062 0.037528 0.152815
v 0.155359 0.037528 0.164752
v 0.142806 0.037528 0.175791
v 0.129474 0.037528 0.185872
v 0.115435 0.037528 0.194940
v 0.100765 0.037528 0.202944
v 0.085545 0.037528 0.209842
v 0.069857 0.037528 0.215596
v 0.053788 0.037528 0.220174
v 0.037426 0.037528 0.223551
v 0.167062 0.037528 -0.152172
v 0.177854 0.037528 -0.139402
v 0.187674 0.037528 -0.125868
v 0.196469 0.037528 -0.111646
v 0.204191 0.037528 -0.096812
v 0.210797 0.037528 -0.081447
v 0.216253 0.037528 -0.065636
v 0.220527 0.037528 -0.049464
v 0.223597 0.037528 -0.033021
v 0.225445 0.037528 -0.016395
v 0.226063 0.037528 0.000321
v 0.225445 0.037528 0.017038
v 0.223597 0.037528 0.033664
v -0.092955 0.000000 -0.205309
v -0.077534 0.000000 -0.211621
v -0.061690 0.000000 -0.216776
v -0.045509 0.000000 -0.220745
v -0.029080 0.000000 -0.223506
v -0.012491 0.000000 -0.225046
v 0.004166 0.000000 -0.225354
v 0.020800 0.000000 -0.224430
v 0.037320 0.000000 -0.222278
v 0.053636 0.000000 -0.218910
v 0.069660 0.000000 -0.214345
v 0.085303 0.000000 -0.208608
v 0.100480 0.000000 -0.201729
v -0.224040 -0.000000 0.025297
v -0.225270 -0.000000 0.008662
v -0.225270 -0.000000 -0.008019
v -0.224040 -0.000000 -0.024655
v -0.221586 -0.000000 -0.041153
v -0.217921 -0.000000 -0.057426
v -0.213067 -0.000000 -0.073383
v -0.207049 0.000000 -0.088937
v -0.199900 0.000000 -0.104004
v -0.191659 0.000000 -0.118502
v -0.182372 0.000000 -0.132350
v -0.172088 0.000000 -0.145473
v -0.160865 0.000000 -0.157801
v -0.045509 -0.000000 0.221387
v -0.061690 -0.000000 0.217418
v -0.077534 -0.000000 0.212264
v -0.092955 -0.000000 0.205952
v -0.107868 -0.000000 0.198516
v -0.122192 -0.000000 0.189998
v -0.135848 -0.000000 0.180445
v -0.148763 -0.000000 0.169907
v -0.160865 -0.000000 0.158443
v -0.172088 -0.000000 0.146116
v -0.182372 -0.000000 0.132992
v -0.191659 -0.000000 0.119144
v -0.199900 -0.000000 0.104647
v 0.195913 -0.000000 0.111972
v 0.187143 -0.000000 0.126154
v 0.177351 -0.000000 0.139649
v 0.166590 -0.000000 0.152384
v 0.154920 -0.000000 0.164287
v 0.142403 -0.000000 0.175295
v 0.129108 -0.000000 0.185348
v 0.115108 -0.000000 0.194390
v 0.100480 -0.000000 0.202372
v 0.085303 -0.000000 0.209250
v 0.069660 -0.000000 0.214988
v 0.053636 -0.000000 0.219553
v 0.037320 -0.000000 0.222920
v 0.166590 0.000000 -0.151741
v 0.177351 0.000000 -0.139007
v 0.187143 0.000000 -0.125512
v 0.195913 0.000000 -0.111329
v 0.203614 0.000000 -0.096537
v 0.210202 0.000000 -0.081216
v 0.215642 -0.000000 -0.065449
v 0.219904 -0.000000 -0.049324
v 0.222965 -0.000000 -0.032927
v 0.224808 -0.000000 -0.016348
v 0.225424 -0.000000 0.000321
v 0.224808 -0.000000 0.016991
v 0.222965 -0.000000 0.033569
v -0.093218 -0.037528 -0.205892
v -0.077754 -0.037528 -0.212222
v -0.061865 -0.037528 -0.217391
v -0.045638 -0.037528 -0.221371
v -0.029162 -0.037528 -0.224141
v -0.012526 -0.037528 -0.225684
v 0.004177 -0.037528 -0.225993
v 0.020858 -0.037528 -0.225066
v 0.037426 -0.037528 -0.222908
v 0.053788 -0.037528 -0.219531
v 0.069857 -0.037528 -0.214953
v 0.085545 -0.037528 -0.209200
v 0.100765 -0.037528 -0.202302
v 0.115435 -0.037528 -0.194297
v 0.121463 -0.024150 -0.190138
v -0.224675 -0.037528 0.025368
v -0.225908 -0.037528 0.008685
v -0.225908 -0.037528 -0.008043
v -0.224675 -0.037528 -0.024725
v -0.222214 -0.037528 -0.041271
v -0.218539 -0.037528 -0.057590
v -0.213671 -0.037528 -0.073592
v -0.207636 -0.037528 -0.089190
v -0.200466 -0.037528 -0.104300
v -0.192202 -0.037528 -0.118838
v -0.182889 -0.037528 -0.132726
v -0.172576 -0.037528 -0.145887
v -0.161321 -0.037528 -0.158249
v -0.149184 -0.037528 -0.169745
v -0.143371 -0.024150 -0.174201
v -0.045638 -0.037528 0.222014
v -0.061865 -0.037528 0.218034
v -0.077754 -0.037528 0.212864
v -0.093218 -0.037528 0.206534
v -0.108174 -0.037528 0.199078
v -0.122538 -0.037528 0.190536
v -0.136233 -0.037528 0.180955
v -0.149184 -0.037528 0.170388
v -0.161321 -0.037528 0.158891
v -0.172576 -0.037528 0.146529
v -0.182889 -0.037528 0.133368
v -0.192202 -0.037528 0.119481
v -0.200466 -0.037528 0.104943
v -0.207636 -0.037528 0.089833
v -0.210071 -0.024150 0.082920
v 0.196469 -0.037528 0.112288
v 0.187674 -0.037528 0.126511
v 0.177854 -0.037528 0.140044
v 0.167062 -0.037528 0.152815
v 0.155359 -0.037528 0.164752
v 0.142806 -0.037528 0.175791
v 0.129474 -0.037528 0.185872
v 0.115435 -0.037528 0.194940
v 0.100765 -0.037528 0.202944
v 0.085545 -0.037528 0.209842
v 0.069857 -0.037528 0.215596
v 0.053788 -0.037528 0.220174
v 0.037426 -0.037528 0.223551
v 0.020858 -0.037528 0.225709
v 0.013540 -0.024150 0.225892
v 0.167062 -0.037528 -0.152172
v 0.177854 -0.037528 -0.139402
v 0.187674 -0.037528 -0.125868
v 0.196469 -0.037528 -0.111646
v 0.204191 -0.037528 -0.096812
v 0.210797 -0.037528 -0.081447
v 0.216253 -0.037528 -0.065636
v 0.220527 -0.037528 -0.049464
v 0.223597 -0.037528 -0.033021
v 0.225445 -0.037528 -0.016395
v 0.226063 -0.037528 0.000321
v 0.225445 -0.037528 0.017038
v 0.223597 -0.037528 0.033664
v 0.220527 -0.037528 0.050107
v 0.218440 -0.024150 0.057133
v -0.094006 -0.074743 -0.207635
v -0.078411 -0.074743 -0.214019
v -0.062388 -0.074743 -0.219232
v -0.046024 -0.074743 -0.223246
v -0.029408 -0.074743 -0.226038
v -0.012632 -0.074743 -0.227595
v 0.004213 -0.074743 -0.227907
v 0.021035 -0.074743 -0.226972
v 0.037742 -0.074743 -0.224796
v 0.054243 -0.074743 -0.221390
v 0.070448 -0.074743 -0.216773
v 0.086268 -0.074743 -0.210971
v 0.101617 -0.074743 -0.204015
v -0.226574 -0.074743 0.025580
v -0.227818 -0.074743 0.008756
v -0.227818 -0.074743 -0.008114
v -0.226574 -0.074743 -0.024937
v -0.224092 -0.074743 -0.041623
v -0.220387 -0.074743 -0.058079
v -0.215477 -0.074743 -0.074217
v -0.209391 -0.074743 -0.089947
v -0.202161 -0.074743 -0.105185
v -0.193827 -0.074743 -0.119846
v -0.184435 -0.074743 -0.133851
v -0.174035 -0.074743 -0.147123
v -0.162684 -0.074743 -0.159589
v -0.046024 -0.074743 0.223888
v -0.062388 -0.074743 0.219874
v -0.078411 -0.074743 0.214661
v -0.094006 -0.074743 0.208278
v -0.109088 -0.074743 0.200758
v -0.123574 -0.074743 0.192144
v -0.137385 -0.074743 0.182482
v -0.150446 -0.074743 0.171825
v -0.162684 -0.074743 0.160232
v -0.174035 -0.074743 0.147765
v -0.184435 -0.074743 0.134493
v -0.193827 -0.074743 0.120488
v -0.202161 -0.074743 0.105827
v 0.198130 -0.074743 0.113235
v 0.189260 -0.074743 0.127578
v 0.179357 -0.074743 0.141225
v 0.168475 -0.074743 0.154104
v 0.156672 -0.074743 0.166142
v 0.144014 -0.074743 0.177275
v 0.130569 -0.074743 0.187441
v 0.116411 -0.074743 0.196585
v 0.101617 -0.074743 0.204657
v 0.086268 -0.074743 0.211614
v 0.070448 -0.074743 0.217416
v 0.054243 -0.074743 0.222033
v 0.037742 -0.074743 0.225438
v 0.168475 -0.074743 -0.153461
v 0.179357 -0.074743 -0.140583
v 0.189260 -0.074743 -0.126935
v 0.198130 -0.074743 -0.112592
v 0.205917 -0.074743 -0.097633
v 0.212579 -0.074743 -0.082138
v 0.218081 -0.074743 -0.066193
v 0.222391 -0.074743 -0.049885
v 0.225487 -0.074743 -0.033303
v 0.227351 -0.074743 -0.016537
v 0.227974 -0.074743 0.000321
v 0.227351 -0.074743 0.017179
v 0.225487 -0.074743 0.033945
v -0.095313 -0.111335 -0.210524
v -0.079501 -0.111335 -0.216997
v -0.063255 -0.111335 -0.222282
v -0.046663 -0.111335 -0.226352
v -0.029817 -0.111335 -0.229183
v -0.012808 -0.111335 -0.230762
v 0.004271 -0.111335 -0.231078
v 0.021327 -0.111335 -0.230130
v 0.038266 -0.111335 -0.227924
v 0.054997 -0.111335 -0.224471
v 0.071427 -0.111335 -0.219790
v 0.087466 -0.111335 -0.213907
v 0.103029 -0.111335 -0.206854
v -0.229722 -0.111335 0.025931
v -0.230984 -0.111335 0.008873
v -0.230984 -0.111335 -0.008231
v -0.229722 -0.111335 -0.025288
v -0.227206 -0.111335 -0.042205
v -0.223449 -0.111335 -0.058891
v -0.218471 -0.111335 -0.075252
v -0.212300 -0.111335 -0.091201
v -0.204970 -0.111335 -0.106650
v -0.196520 -0.111335 -0.121515
v -0.186997 -0.111335 -0.135715
v -0.176453 -0.111335 -0.149171
v -0.164945 -0.111335 -0.161811
v -0.046663 -0.111335 0.226994
v -0.063255 -0.111335 0.222925
v -0.079501 -0.111335 0.217639
v -0.095313 -0.111335 0.211167
v -0.110604 -0.111335 0.203543
v -0.125291 -0.111335 0.194809
v -0.139294 -0.111335 0.185013
v -0.152536 -0.111335 0.174208
v -0.164945 -0.111335 0.162454
v -0.176453 -0.111335 0.149814
v -0.186997 -0.111335 0.136357
v -0.196520 -0.111335 0.122158
v -0.204970 -0.111335 0.107293
v 0.200882 -0.111335 0.114804
v 0.191890 -0.111335 0.129346
v 0.181849 -0.111335 0.143183
v 0.170816 -0.111335 0.156240
v 0.158849 -0.111335 0.168446
v 0.146015 -0.111335 0.179733
v 0.132383 -0.111335 0.190041
v 0.118028 -0.111335 0.199312
v 0.103029 -0.111335 0.207497
v 0.087466 -0.111335 0.214549
v 0.071427 -0.111335 0.220432
v 0.054997 -0.111335 0.225113
v 0.038266 -0.111335 0.228566
v 0.170816 -0.111335 -0.155598
v 0.181849 -0.111335 -0.142541
v 0.191890 -0.111335 -0.128703
v 0.200882 -0.111335 -0.114161
v 0.208778 -0.111335 -0.098994
v 0.215533 -0.111335 -0.083284
v 0.221111 -0.111335 -0.067118
v 0.225481 -0.111335 -0.050583
v 0.228620 -0.111335 -0.033770
v 0.230510 -0.111335 -0.016771
v 0.231141 -0.111335 0.000321
v 0.230510 -0.111335 0.017414
v 0.228620 -0.111335 0.034413
v -0.097126 -0.147000 -0.214536
v -0.081013 -0.147000 -0.221131
v -0.064458 -0.147000 -0.226517
v -0.047551 -0.147000 -0.230664
v -0.030384 -0.147000 -0.233550
v -0.013052 -0.147000 -0.235158
v 0.004353 -0.147000 -0.235480
v 0.021733 -0.147000 -0.234514
v 0.038994 -0.147000 -0.232266
v 0.056043 -0.147000 -0.228747
v 0.072786 -0.147000 -0.223978
v 0.089131 -0.147000 -0.217983
v 0.104989 -0.147000 -0.210796
v -0.234093 -0.147000 0.026418
v -0.235378 -0.147000 0.009036
v -0.235378 -0.147000 -0.008393
v -0.234093 -0.147000 -0.025775
v -0.231529 -0.147000 -0.043015
v -0.227700 -0.147000 -0.060017
v -0.222628 -0.147000 -0.076690
v -0.216339 -0.147000 -0.092943
v -0.208870 -0.147000 -0.108686
v -0.200259 -0.147000 -0.123833
v -0.190555 -0.147000 -0.138303
v -0.179810 -0.147000 -0.152016
v -0.168083 -0.147000 -0.164896
v -0.047551 -0.147000 0.231307
v -0.064458 -0.147000 0.227160
v -0.081013 -0.147000 0.221774
v -0.097126 -0.147000 0.215178
v -0.112708 -0.147000 0.207409
v -0.127675 -0.147000 0.198509
v -0.141944 -0.147000 0.188527
v -0.155438 -0.147000 0.177517
v -0.168083 -0.147000 0.165539
v -0.179810 -0.147000 0.152658
v -0.190555 -0.147000 0.138946
v -0.200259 -0.147000 0.124476
v -0.208870 -0.147000 0.109328
v 0.204704 -0.147000 0.116982
v 0.195541 -0.147000 0.131801
v 0.185309 -0.147000 0.145901
v 0.174065 -0.147000 0.159207
v 0.161871 -0.147000 0.171645
v 0.148793 -0.147000 0.183147
v 0.134901 -0.147000 0.193650
v 0.120274 -0.147000 0.203098
v 0.104989 -0.147000 0.211438
v 0.089131 -0.147000 0.218625
v 0.072786 -0.147000 0.224620
v 0.056043 -0.147000 0.229390
v 0.038994 -0.147000 0.232909
v 0.174065 -0.147000 -0.158564
v 0.185309 -0.147000 -0.145259
v 0.195541 -0.147000 -0.131158
v 0.204704 -0.147000 -0.116339
v 0.212750 -0.147000 -0.100883
v 0.219634 -0.147000 -0.084875
v 0.225318 -0.147000 -0.068401
v 0.229771 -0.147000 -0.051551
v 0.232970 -0.147000 -0.034419
v 0.234896 -0.147000 -0.017096
v 0.235539 -0.147000 0.000321
v 0.234896 -0.147000 0.017739
v 0.232970 -0.147000 0.035061
v -0.246494 0.147000 0.000321
v -0.245230 0.147000 -0.024648
v -0.241449 0.147000 -0.049361
v -0.235190 0.147000 -0.073565
v -0.108555 0.147000 -0.221267
v -0.085609 0.147000 -0.231126
v -0.061784 0.147000 -0.238611
v 0.245230 0.147000 -0.024648
v 0.246494 0.147000 0.000321
v 0.245230 0.147000 0.025291
v -0.226518 0.147000 -0.097010
v -0.215521 0.147000 -0.119457
v -0.169826 0.147000 -0.178566
v -0.150881 0.147000 -0.194851
v -0.130387 0.147000 -0.209134
v -0.037326 0.147000 -0.243644
v -0.012485 0.147000 -0.246173
v 0.012485 0.147000 -0.246173
v 0.226518 0.147000 0.097653
v 0.215521 0.147000 0.120099
v 0.202314 0.147000 0.141317
v 0.187030 0.147000 0.161087
v 0.012485 0.147000 0.246816
v -0.012485 0.147000 0.246816
v -0.037326 0.147000 0.244286
v -0.061784 0.147000 0.239253
v -0.085609 0.147000 0.231769
v -0.108555 0.147000 0.221909
v -0.202314 0.147000 -0.140674
v -0.187030 0.147000 -0.160445
v 0.150881 0.147000 -0.194851
v 0.169826 0.147000 -0.178566
v 0.187030 0.147000 -0.160445
v 0.241449 0.147000 0.050004
v 0.235190 0.147000 0.074207
v 0.169826 0.147000 0.179208
v 0.150881 0.147000 0.195494
v -0.169826 0.147000 0.179208
v -0.187030 0.147000 0.161087
v -0.202314 0.147000 0.141317
v -0.215521 0.147000 0.120099
v -0.235190 0.147000 0.074207
v -0.241449 0.147000 0.050004
v -0.245230 0.147000 0.025291
v 0.226518 0.147000 -0.097010
v 0.235190 0.147000 -0.073565
v 0.241449 0.147000 -0.049361
v -0.226518 0.147000 0.097653
v 0.037326 0.147000 -0.243644
v 0.061784 0.147000 -0.238611
v 0.085609 0.147000 -0.231126
v 0.202314 0.147000 -0.140674
v 0.215521 0.147000 -0.119457
v 0.085609 0.147000 0.231769
v 0.061784 0.147000 0.239253
v 0.037326 0.147000 0.244286
v -0.130387 0.147000 0.209776
v -0.150881 0.147000 0.195494
v 0.108555 0.147000 -0.221267
v 0.130387 0.147000 -0.209134
v 0.130387 0.147000 0.209776
v 0.108555 0.147000 0.221909
v 0.246494 0.129360 0.000321
v 0.245230 0.129360 0.025291
v 0.241449 0.129360 0.050004
v 0.235190 0.129360 0.074207
v 0.226518 0.129360 0.097653
v 0.215521 0.129360 0.120099
v 0.202314 0.129360 0.141317
v 0.187030 0.129360 0.161087
v 0.169826 0.129360 0.179208
v 0.150881 0.129360 0.195494
v 0.130387 0.129360 0.209776
v 0.108555 0.129360 0.221909
v 0.085609 0.129360 0.231769
v 0.061784 0.129360 0.239253
v 0.037326 0.129360 0.244286
v 0.012485 0.129360 0.246816
v -0.012485 0.129360 0.246816
v -0.037326 0.129360 0.244286
v -0.061784 0.129360 0.239253
v -0.085609 0.129360 0.231769
v -0.108555 0.129360 0.221909
v -0.130387 0.129360 0.209776
v -0.150881 0.129360 0.195494
v -0.169826 0.129360 0.179208
v -0.187030 0.129360 0.161087
v -0.202314 0.129360 0.141317
v -0.215521 0.129360 0.120099
v -0.226518 0.129360 0.097653
v -0.235190 0.129360 0.074207
v -0.241449 0.129360 0.050004
v -0.245230 0.129360 0.025291
v -0.246494 0.129360 0.000321
v -0.245230 0.129360 -0.024648
v -0.241449 0.129360 -0.049361
v -0.235190 0.129360 -0.073565
v -0.226518 0.129360 -0.097010
v -0.215521 0.129360 -0.119457
v -0.202314 0.129360 -0.140674
v -0.187030 0.129360 -0.160445
v -0.169826 0.129360 -0.178566
v -0.150881 0.129360 -0.194851
v -0.130387 0.129360 -0.209134
v -0.108555 0.129360 -0.221267
v -0.085609 0.129360 -0.231126
v -0.061784 0.129360 -0.238611
v -0.037326 0.129360 -0.243644
v -0.012485 0.129360 -0.246173
v 0.012485 0.129360 -0.246173
v 0.037326 0.129360 -0.243644
v 0.061784 0.129360 -0.238611
v 0.085609 0.129360 -0.231126
v 0.108555 0.129360 -0.221267
v 0.130387 0.129360 -0.209134
v 0.150881 0.129360 -0.194851
v 0.169826 0.129360 -0.178566
v 0.187030 0.129360 -0.160445
v 0.202314 0.129360 -0.140674
v 0.215521 0.129360 -0.119457
v 0.226518 0.129360 -0.097010
v 0.235190 0.129360 -0.073565
v 0.241449 0.129360 -0.049361
v 0.245230 0.129360 -0.024648
v 0.234145 0.129360 0.073879
v 0.225511 0.129360 0.097220
v 0.214564 0.129360 0.119567
v 0.201414 0.129360 0.140690
v 0.186198 0.129360 0.160373
v 0.169072 0.129360 0.178413
v 0.150210 0.129360 0.194626
v 0.129807 0.129360 0.208845
v 0.108072 0.129360 0.220925
v 0.085228 0.129360 0.230740
v 0.061510 0.129360 0.238192
v 0.037160 0.129360 0.243202
v 0.012429 0.129360 0.245720
v -0.012429 0.129360 0.245720
v -0.037160 0.129360 0.243202
v -0.061510 0.129360 0.238192
v -0.085228 0.129360 0.230740
v -0.108072 0.129360 0.220925
v -0.129807 0.129360 0.208845
v -0.150210 0.129360 0.194626
v -0.169072 0.129360 0.178413
v -0.186198 0.129360 0.160373
v -0.201414 0.129360 0.140690
v -0.214564 0.129360 0.119567
v -0.225511 0.129360 0.097220
v -0.234145 0.129360 0.073879
v -0.240375 0.129360 0.049783
v -0.244140 0.129360 0.025180
v -0.245399 0.129360 0.000321
v -0.244140 0.129360 -0.024537
v -0.240375 0.129360 -0.049141
v -0.234145 0.129360 -0.073236
v -0.225511 0.129360 -0.096578
v -0.214564 0.129360 -0.118924
v -0.201414 0.129360 -0.140047
v -0.186198 0.129360 -0.159730
v -0.169072 0.129360 -0.177771
v -0.150210 0.129360 -0.193983
v -0.129807 0.129360 -0.208203
v -0.108072 0.129360 -0.220282
v -0.085228 0.129360 -0.230098
v -0.061510 0.129360 -0.237549
v -0.037160 0.129360 -0.242559
v -0.012429 0.129360 -0.245077
v 0.012429 0.129360 -0.245077
v 0.037160 0.129360 -0.242559
v 0.061510 0.129360 -0.237549
v 0.085228 0.129360 -0.230098
v 0.108072 0.129360 -0.220282
v 0.129807 0.129360 -0.208203
v 0.150210 0.129360 -0.193983
v 0.169072 0.129360 -0.177771
v 0.186198 0.129360 -0.159730
v 0.201414 0.129360 -0.140047
v 0.214564 0.129360 -0.118924
v 0.225511 0.129360 -0.096578
v 0.234145 0.129360 -0.073236
v 0.240375 0.129360 -0.049141
v 0.244140 0.129360 -0.024537
v 0.245399 0.129360 0.000321
v 0.244140 0.129360 0.025180
v 0.240375 0.129360 0.049783
v 0.245399 0.017640 0.000321
v 0.244140 0.017640 0.025180
v 0.240375 0.017640 0.049783
v 0.234145 0.017640 0.073879
v 0.225511 0.017640 0.097220
v 0.214564 0.017640 0.119567
v 0.201414 0.017640 0.140690
v 0.186198 0.017640 0.160373
v 0.169072 0.017640 0.178413
v 0.150210 0.017640 0.194626
v 0.129807 0.017640 0.208845
v 0.108072 0.017640 0.220925
v 0.085228 0.017640 0.230740
v 0.061510 0.017640 0.238192
v 0.037160 0.017640 0.243202
v 0.012429 0.017640 0.245720
v -0.012429 0.017640 0.245720
v -0.037160 0.017640 0.243202
v -0.061510 0.017640 0.238192
v -0.085228 0.017640 0.230740
v -0.108072 0.017640 0.220925
v -0.129807 0.017640 0.208845
v -0.150210 0.017640 0.194626
v -0.169072 0.017640 0.178413
v -0.186198 0.017640 0.160373
v -0.201414 0.017640 0.140690
v -0.214564 0.017640 0.119567
v -0.225511 0.017640 0.097220
v -0.234145 0.017640 0.073879
v -0.240375 0.017640 0.049783
v -0.244140 0.017640 0.025180
v -0.245399 0.017640 0.000321
v -0.244140 0.017640 -0.024537
v -0.240375 0.017640 -0.049141
v -0.234145 0.017640 -0.073236
v -0.225511 0.017640 -0.096578
v -0.214564 0.017640 -0.118924
v -0.201414 0.017640 -0.140047
v -0.186198 0.017640 -0.159730
v -0.169072 0.017640 -0.177771
v -0.150210 0.017640 -0.193984
v -0.129807 0.017640 -0.208203
v -0.108072 0.017640 -0.220282
v -0.085228 0.017640 -0.230098
v -0.061510 0.017640 -0.237549
v -0.037160 0.017640 -0.242559
v -0.012429 0.017640 -0.245077
v 0.012429 0.017640 -0.245077
v 0.037160 0.017640 -0.242559
v 0.061510 0.017640 -0.237549
v 0.085228 0.017640 -0.230098
v 0.108072 0.017640 -0.220282
v 0.129807 0.017640 -0.208203
v 0.150210 0.017640 -0.193984
v 0.169072 0.017640 -0.177771
v 0.186198 0.017640 -0.159730
v 0.201414 0.017640 -0.140047
v 0.214564 0.017640 -0.118924
v 0.225511 0.017640 -0.096578
v 0.234145 0.017640 -0.073236
v 0.240375 0.017640 -0.049141
v 0.244140 0.017640 -0.024537
v -0.130387 0.017640 0.209776
v -0.108555 0.017640 0.221909
v -0.085609 0.017640 0.231769
v -0.061784 0.017640 0.239253
v -0.037326 0.017640 0.244286
v -0.012485 0.017640 0.246816
v 0.012485 0.017640 0.246816
v 0.037326 0.017640 0.244286
v 0.061784 0.017640 0.239253
v 0.085609 0.017640 0.231769
v 0.108555 0.017640 0.221909
v 0.130387 0.017640 0.209776
v 0.150881 0.017640 0.195494
v 0.169826 0.017640 0.179208
v 0.187030 0.017640 0.161087
v 0.202314 0.017640 0.141317
v 0.215521 0.017640 0.120099
v 0.226518 0.017640 0.097653
v 0.235190 0.017640 0.074207
v 0.241449 0.017640 0.050004
v 0.245230 0.017640 0.025291
v 0.246494 0.017640 0.000321
v 0.245230 0.017640 -0.024648
v 0.241449 0.017640 -0.049361
v 0.235190 0.017640 -0.073565
v 0.226518 0.017640 -0.097010
v 0.215521 0.017640 -0.119457
v 0.202314 0.017640 -0.140674
v 0.187030 0.017640 -0.160445
v 0.169826 0.017640 -0.178566
v 0.150881 0.017640 -0.194851
v 0.130387 0.017640 -0.209134
v 0.108555 0.017640 -0.221267
v 0.085609 0.017640 -0.231126
v 0.061784 0.017640 -0.238611
v 0.037326 0.017640 -0.243644
v 0.012485 0.017640 -0.246173
v -0.012485 0.017640 -0.246173
v -0.037326 0.017640 -0.243644
v -0.061784 0.017640 -0.238611
v -0.085609 0.017640 -0.231126
v -0.108555 0.017640 -0.221267
v -0.130387 0.017640 -0.209134
v -0.150881 0.017640 -0.194851
v -0.169826 0.017640 -0.178566
v -0.187030 0.017640 -0.160445
v -0.202314 0.017640 -0.140674
v -0.215521 0.017640 -0.119457
v -0.226518 0.017640 -0.097010
v -0.235190 0.017640 -0.073565
v -0.241449 0.017640 -0.049361
v -0.245230 0.017640 -0.024648
v -0.246494 0.017640 0.000321
v -0.245230 0.017640 0.025291
v -0.241449 0.017640 0.050004
v -0.235190 0.017640 0.074207
v -0.226518 0.017640 0.097653
v -0.215521 0.017640 0.120099
v -0.202314 0.017640 0.141317
v -0.187030 0.017640 0.161087
v -0.169826 0.017640 0.179208
v -0.150881 0.017640 0.195494
v 0.246494 -0.017640 0.000321
v 0.245230 -0.017640 0.025291
v 0.241449 -0.017640 0.050004
v 0.235190 -0.017640 0.074207
v 0.226518 -0.017640 0.097653
v 0.215521 -0.017640 0.120099
v 0.202314 -0.017640 0.141317
v 0.187030 -0.017640 0.161087
v 0.169826 -0.017640 0.179208
v 0.150881 -0.017640 0.195494
v 0.130387 -0.017640 0.209776
v 0.108555 -0.017640 0.221909
v 0.085609 -0.017640 0.231769
v 0.061784 -0.017640 0.239253
v 0.037326 -0.017640 0.244286
v 0.012485 -0.017640 0.246816
v -0.012485 -0.017640 0.246816
v -0.037326 -0.017640 0.244286
v -0.061784 -0.017640 0.239253
v -0.085609 -0.017640 0.231769
v -0.108555 -0.017640 0.221909
v -0.130387 -0.017640 0.209776
v -0.150881 -0.017640 0.195494
v -0.169826 -0.017640 0.179208
v -0.187030 -0.017640 0.161087
v -0.202314 -0.017640 0.141317
v -0.215521 -0.017640 0.120099
v -0.226518 -0.017640 0.097653
v -0.235190 -0.017640 0.074207
v -0.241449 -0.017640 0.050004
v -0.245230 -0.017640 0.025291
v -0.246494 -0.017640 0.000321
v -0.245230 -0.017640 -0.024648
v -0.241449 -0.017640 -0.049361
v -0.235190 -0.017640 -0.073565
v -0.226518 -0.017640 -0.097010
v -0.215521 -0.017640 -0.119457
v -0.202314 -0.017640 -0.140674
v -0.187030 -0.017640 -0.160445
v -0.169826 -0.017640 -0.178566
v -0.150881 -0.017640 -0.194851
v -0.130387 -0.017640 -0.209134
v -0.108555 -0.017640 -0.221267
v -0.085609 -0.017640 -0.231126
v -0.061784 -0.017640 -0.238611
v -0.037326 -0.017640 -0.243644
v -0.012485 -0.017640 -0.246173
v 0.012485 -0.017640 -0.246173
v 0.037326 -0.017640 -0.243644
v 0.061784 -0.017640 -0.238611
v 0.085609 -0.017640 -0.231126
v 0.108555 -0.017640 -0.221267
v 0.130387 -0.017640 -0.209134
v 0.150881 -0.017640 -0.194851
v 0.169826 -0.017640 -0.178566
v 0.187030 -0.017640 -0.160445
v 0.202314 -0.017640 -0.140674
v 0.215521 -0.017640 -0.119457
v 0.226518 -0.017640 -0.097010
v 0.235190 -0.017640 -0.073565
v 0.241449 -0.017640 -0.049361
v 0.245230 -0.017640 -0.024648
v 0.234145 -0.017640 0.073879
v 0.225511 -0.017640 0.097220
v 0.214564 -0.017640 0.119567
v 0.201414 -0.017640 0.140690
v 0.186198 -0.017640 0.160373
v 0.169072 -0.017640 0.178413
v 0.150210 -0.017640 0.194626
v 0.129807 -0.017640 0.208845
v 0.108072 -0.017640 0.220925
v 0.085228 -0.017640 0.230740
v 0.061510 -0.017640 0.238192
v 0.037160 -0.017640 0.243202
v 0.012429 -0.017640 0.245720
v -0.012429 -0.017640 0.245720
v -0.037160 -0.017640 0.243202
v -0.061510 -0.017640 0.238192
v -0.085228 -0.017640 0.230740
v -0.108072 -0.017640 0.220925
v -0.129807 -0.017640 0.208845
v -0.150210 -0.017640 0.194626
v -0.169072 -0.017640 0.178413
v -0.186198 -0.017640 0.160373
v -0.201414 -0.017640 0.140690
v -0.214564 -0.017640 0.119567
v -0.225511 -0.017640 0.097220
v -0.234145 -0.017640 0.073879
v -0.240375 -0.017640 0.049783
v -0.244140 -0.017640 0.025180
v -0.245399 -0.017640 0.000321
v -0.244140 -0.017640 -0.024537
v -0.240375 -0.017640 -0.049141
v -0.234145 -0.017640 -0.073236
v -0.225511 -0.017640 -0.096578
v -0.214564 -0.017640 -0.118924
v -0.201414 -0.017640 -0.140047
v -0.186198 -0.017640 -0.159730
v -0.169072 -0.017640 -0.177771
v -0.150210 -0.017640 -0.193984
v -0.129807 -0.017640 -0.208203
v -0.108072 -0.017640 -0.220282
v -0.085228 -0.017640 -0.230098
v -0.061510 -0.017640 -0.237549
v -0.037160 -0.017640 -0.242559
v -0.012429 -0.017640 -0.245077
v 0.012429 -0.017640 -0.245077
v 0.037160 -0.017640 -0.242559
v 0.061510 -0.017640 -0.237549
v 0.085228 -0.017640 -0.230098
v 0.108072 -0.017640 -0.220282
v 0.129807 -0.017640 -0.208203
v 0.150210 -0.017640 -0.193984
v 0.169072 -0.017640 -0.177771
v 0.186198 -0.017640 -0.159730
v 0.201414 -0.017640 -0.140047
v 0.214564 -0.017640 -0.118924
v 0.225511 -0.017640 -0.096578
v 0.234145 -0.017640 -0.073236
v 0.240375 -0.017640 -0.049141
v 0.244140 -0.017640 -0.024537
v 0.245399 -0.017640 0.000321
v 0.244140 -0.017640 0.025180
v 0.240375 -0.017640 0.049783
v 0.245399 -0.129360 0.000321
v 0.244140 -0.129360 0.025180
v 0.240375 -0.129360 0.049783
v 0.234145 -0.129360 0.073879
v 0.225511 -0.129360 0.097220
v 0.214564 -0.129360 0.119567
v 0.201414 -0.129360 0.140690
v 0.186198 -0.129360 0.160373
v 0.169072 -0.129360 0.178413
v 0.150210 -0.129360 0.194626
v 0.129807 -0.129360 0.208845
v 0.108072 -0.129360 0.220925
v 0.085228 -0.129360 0.230740
v 0.061510 -0.129360 0.238192
v 0.037160 -0.129360 0.243202
v 0.012429 -0.129360 0.245720
v -0.012429 -0.129360 0.245720
v -0.037160 -0.129360 0.243202
v -0.061510 -0.129360 0.238192
v -0.085228 -0.129360 0.230740
v -0.108072 -0.129360 0.220925
v -0.129807 -0.129360 0.208845
v -0.150210 -0.129360 0.194626
v -0.169072 -0.129360 0.178413
v -0.186198 -0.129360 0.160373
v -0.201414 -0.129360 0.140690
v -0.214564 -0.129360 0.119567
v -0.225511 -0.129360 0.097220
v -0.234145 -0.129360 0.073879
v -0.240375 -0.129360 0.049783
v -0.244140 -0.129360 0.025180
v -0.245399 -0.129360 0.000321
v -0.244140 -0.129360 -0.024537
v -0.240375 -0.129360 -0.049141
v -0.234145 -0.129360 -0.073236
v -0.225511 -0.129360 -0.096578
v -0.214564 -0.129360 -0.118924
v -0.201414 -0.129360 -0.140047
v -0.186198 -0.129360 -0.159730
v -0.169072 -0.129360 -0.177771
v -0.150210 -0.129360 -0.193984
v -0.129807 -0.129360 -0.208203
v -0.108072 -0.129360 -0.220282
v -0.085228 -0.129360 -0.230098
v -0.061510 -0.129360 -0.237549
v -0.037160 -0.129360 -0.242559
v -0.012429 -0.129360 -0.245078
v 0.012429 -0.129360 -0.245078
v 0.037160 -0.129360 -0.242559
v 0.061510 -0.129360 -0.237549
v 0.085228 -0.129360 -0.230098
v 0.108072 -0.129360 -0.220282
v 0.129807 -0.129360 -0.208203
v 0.150210 -0.129360 -0.193984
v 0.169072 -0.129360 -0.177771
v 0.186198 -0.129360 -0.159730
v 0.201414 -0.129360 -0.140047
v 0.214564 -0.129360 -0.118924
v 0.225511 -0.129360 -0.096578
v 0.234145 -0.129360 -0.073236
v 0.240375 -0.129360 -0.049141
v 0.244140 -0.129360 -0.024537
v -0.130387 -0.129360 0.209776
v -0.108555 -0.129360 0.221909
v -0.085609 -0.129360 0.231769
v -0.061784 -0.129360 0.239253
v -0.037326 -0.129360 0.244286
v -0.012485 -0.129360 0.246816
v 0.012485 -0.129360 0.246816
v 0.037326 -0.129360 0.244286
v 0.061784 -0.129360 0.239253
v 0.085609 -0.129360 0.231769
v 0.108555 -0.129360 0.221909
v 0.130387 -0.129360 0.209776
v 0.150881 -0.129360 0.195494
v 0.169826 -0.129360 0.179208
v 0.187030 -0.129360 0.161087
v 0.202314 -0.129360 0.141317
v 0.215521 -0.129360 0.120099
v 0.226518 -0.129360 0.097653
v 0.235190 -0.129360 0.074207
v 0.241449 -0.129360 0.050004
v 0.245230 -0.129360 0.025291
v 0.246494 -0.129360 0.000321
v 0.245230 -0.129360 -0.024648
v 0.241449 -0.129360 -0.049361
v 0.235190 -0.129360 -0.073565
v 0.226518 -0.129360 -0.097010
v 0.215521 -0.129360 -0.119457
v 0.202314 -0.129360 -0.140674
v 0.187030 -0.129360 -0.160445
v 0.169826 -0.129360 -0.178566
v 0.150881 -0.129360 -0.194851
v 0.130387 -0.129360 -0.209134
v 0.108555 -0.129360 -0.221267
v 0.085609 -0.129360 -0.231126
v 0.061784 -0.129360 -0.238611
v 0.037326 -0.129360 -0.243644
v 0.012485 -0.129360 -0.246173
v -0.012485 -0.129360 -0.246173
v -0.037326 -0.129360 -0.243644
v -0.061784 -0.129360 -0.238611
v -0.085609 -0.129360 -0.231126
v -0.108555 -0.129360 -0.221267
v -0.130387 -0.129360 -0.209134
v -0.150881 -0.129360 -0.194851
v -0.169826 -0.129360 -0.178566
v -0.187030 -0.129360 -0.160445
v -0.202314 -0.129360 -0.140674
v -0.215521 -0.129360 -0.119457
v -0.226518 -0.129360 -0.097010
v -0.235190 -0.129360 -0.073565
v -0.241449 -0.129360 -0.049361
v -0.245230 -0.129360 -0.024648
v -0.246494 -0.129360 0.000321
v -0.245230 -0.129360 0.025291
v -0.241449 -0.129360 0.050004
v -0.235190 -0.129360 0.074207
v -0.226518 -0.129360 0.097653
v -0.215521 -0.129360 0.120099
v -0.202314 -0.129360 0.141317
v -0.187030 -0.129360 0.161087
v -0.169826 -0.129360 0.179208
v -0.150881 -0.129360 0.195494
v 0.246494 -0.147000 0.000321
v 0.245230 -0.147000 0.025291
v 0.241449 -0.147000 0.050004
v 0.235190 -0.147000 0.074207
v 0.226518 -0.147000 0.097653
v 0.215521 -0.147000 0.120099
v 0.202314 -0.147000 0.141317
v 0.187030 -0.147000 0.161087
v 0.169826 -0.147000 0.179208
v 0.150881 -0.147000 0.195494
v 0.130387 -0.147000 0.209776
v 0.108555 -0.147000 0.221909
v 0.085609 -0.147000 0.231769
v 0.061784 -0.147000 0.239253
v 0.037326 -0.147000 0.244286
v 0.012485 -0.147000 0.246816
v -0.012485 -0.147000 0.246816
v -0.037326 -0.147000 0.244286
v -0.061784 -0.147000 0.239253
v -0.085609 -0.147000 0.231769
v -0.108555 -0.147000 0.221909
v -0.130387 -0.147000 0.209776
v -0.150881 -0.147000 0.195494
v -0.169826 -0.147000 0.179208
v -0.187030 -0.147000 0.161087
v -0.202314 -0.147000 0.141317
v -0.215521 -0.147000 0.120099
v -0.226518 -0.147000 0.097653
v -0.235190 -0.147000 0.074207
v -0.241449 -0.147000 0.050004
v -0.245230 -0.147000 0.025291
v -0.246494 -0.147000 0.000321
v -0.245230 -0.147000 -0.024648
v -0.241449 -0.147000 -0.049361
v -0.235190 -0.147000 -0.073565
v -0.226518 -0.147000 -0.097010
v -0.215521 -0.147000 -0.119457
v -0.202314 -0.147000 -0.140674
v -0.187030 -0.147000 -0.160445
v -0.169826 -0.147000 -0.178566
v -0.150881 -0.147000 -0.194851
v -0.130387 -0.147000 -0.209134
v -0.108555 -0.147000 -0.221267
v -0.085609 -0.147000 -0.231126
v -0.061784 -0.147000 -0.238611
v -0.037326 -0.147000 -0.243644
v -0.012485 -0.147000 -0.246173
v 0.012485 -0.147000 -0.246173
v 0.037326 -0.147000 -0.243644
v 0.061784 -0.147000 -0.238611
v 0.085609 -0.147000 -0.231126
v 0.108555 -0.147000 -0.221267
v 0.130387 -0.147000 -0.209134
v 0.150881 -0.147000 -0.194851
v 0.169826 -0.147000 -0.178566
v 0.187030 -0.147000 -0.160445
v 0.202314 -0.147000 -0.140674
v 0.215521 -0.147000 -0.119457
v 0.226518 -0.147000 -0.097010
v 0.235190 -0.147000 -0.073565
v 0.241449 -0.147000 -0.049361
v 0.245230 -0.147000 -0.024648
v 0.053750 -0.035280 0.010888
v 0.054513 -0.035280 0.006997
v 0.054670 -0.035437 0.007912
v 0.054698 -0.035460 0.008019
v 0.055034 -0.035706 0.008987
v 0.055093 -0.035746 0.009117
v 0.056238 -0.036438 0.010823
v 0.052376 -0.035280 0.016381
v 0.055609 -0.036071 0.010030
v 0.055553 -0.036037 0.009946
v 0.056329 -0.036489 0.010920
v 0.057061 -0.036892 0.011572
v 0.057123 -0.036925 0.011619
v 0.057998 -0.037385 0.012171
v 0.058099 -0.037437 0.012223
v 0.059023 -0.037904 0.012603
v 0.215440 -0.115747 0.063491
v 0.216574 -0.116303 0.063769
v 0.218072 -0.117340 0.067210
v 0.216669 -0.116349 0.063785
v 0.217735 -0.116856 0.063875
v 0.217906 -0.116936 0.063876
v 0.218891 -0.117390 0.063807
v 0.219116 -0.117492 0.063773
v 0.214516 -0.117492 0.077947
v 0.214354 -0.117390 0.077787
v 0.215689 -0.117340 0.074554
v 0.213570 -0.116919 0.077130
v 0.213459 -0.116856 0.077051
v 0.212510 -0.116330 0.076480
v 0.212363 -0.116252 0.076407
v 0.211377 -0.115747 0.076010
v 0.050442 -0.035280 0.021704
v 0.216923 -0.117280 0.070829
v 0.054960 -0.037904 0.025122
v 0.053930 -0.037409 0.024877
v 0.053878 -0.037385 0.024869
v 0.052891 -0.036944 0.024800
v 0.052755 -0.036886 0.024803
v 0.051710 -0.036457 0.024914
v 0.051663 -0.036438 0.024924
v 0.050714 -0.036080 0.025185
v 0.049688 -0.035280 0.023407
v 0.050559 -0.036025 0.025243
v 0.049622 -0.035710 0.025694
v 0.048781 -0.035463 0.026276
v 0.048685 -0.035437 0.026356
v 0.048021 -0.035280 0.027004
v 0.055980 0.117600 0.025454
v 0.054960 0.117833 0.025122
v 0.211152 -0.113459 0.075937
v 0.209123 -0.090041 0.075277
v 0.207568 -0.066425 0.074771
v 0.206486 -0.042632 0.074419
v 0.206654 0.047131 0.074474
v 0.207828 0.070949 0.074856
v 0.209471 0.094502 0.075390
v 0.211563 0.117600 0.076071
v 0.205877 -0.018681 0.074221
v 0.205733 -0.001234 0.074174
v 0.205953 0.023065 0.074246
v 0.024927 -0.035280 -0.007977
v 0.023442 -0.035280 -0.008375
v 0.008819 -0.035280 -0.021617
v 0.001531 -0.035280 -0.012921
v 0.003016 -0.035280 -0.013320
v 0.015155 -0.035280 -0.005355
v 0.040184 -0.035280 -0.037162
v 0.040279 -0.035280 -0.037004
v 0.008287 -0.035280 -0.024638
v 0.009512 -0.035280 -0.053692
v 0.018735 -0.035280 -0.051218
v 0.004410 -0.035280 -0.029265
v 0.040945 -0.035280 -0.036112
v 0.041961 -0.035280 -0.034934
v 0.008685 -0.035280 -0.023151
v 0.047438 -0.035280 -0.027102
v 0.051473 -0.035280 -0.018437
v 0.021911 -0.035280 -0.008509
v 0.020379 -0.035280 -0.008375
v 0.018894 -0.035280 -0.007977
v 0.004410 -0.035280 -0.013970
v 0.005669 -0.035280 -0.014853
v 0.016242 -0.035280 -0.006443
v 0.023006 -0.035280 -0.049570
v 0.023186 -0.035280 -0.049528
v 0.005669 -0.035280 -0.028382
v 0.026646 -0.035280 -0.047599
v 0.006756 -0.035280 -0.027294
v 0.031439 -0.035280 -0.044592
v 0.007638 -0.035280 -0.026033
v 0.035898 -0.035280 -0.041106
v 0.037282 -0.035280 -0.039862
v 0.021953 -0.035280 -0.049928
v 0.028666 -0.035280 -0.005355
v 0.027579 -0.035280 -0.006443
v 0.026320 -0.035280 -0.007326
v 0.006756 -0.035280 -0.015941
v 0.007638 -0.035280 -0.017202
v 0.017501 -0.035280 -0.007326
v 0.008287 -0.035280 -0.018597
v 0.008685 -0.035280 -0.020084
v -0.004410 -0.035280 -0.013970
v -0.003016 -0.035280 -0.013320
v -0.006398 -0.035280 -0.012251
v -0.001531 -0.035280 -0.012921
v 0.000000 -0.035280 -0.012787
v 0.054513 -0.035280 0.005699
v 0.030715 -0.035280 -0.000189
v 0.054777 -0.035280 0.000321
v 0.030596 -0.035280 -0.001212
v 0.053944 -0.035280 -0.009203
v 0.030198 -0.035280 -0.002699
v 0.029548 -0.035280 -0.004094
v -0.008685 -0.035280 -0.020084
v -0.008287 -0.035280 -0.018597
v -0.047438 -0.035280 -0.027102
v -0.007637 -0.035280 -0.017202
v -0.006756 -0.035280 -0.015941
v -0.005669 -0.035280 -0.014853
v 0.003016 -0.035280 -0.029915
v 0.001531 -0.035280 -0.030314
v 0.000000 -0.035280 -0.054526
v 0.000000 -0.035280 -0.030448
v -0.009512 -0.035280 -0.053692
v -0.008287 -0.035280 -0.024638
v -0.040945 -0.035280 -0.036112
v -0.040279 -0.035280 -0.037004
v -0.040184 -0.035280 -0.037162
v -0.037282 -0.035280 -0.039862
v -0.007637 -0.035280 -0.026033
v -0.032945 -0.035280 -0.043496
v -0.006756 -0.035280 -0.027294
v -0.023186 -0.035280 -0.049528
v -0.005669 -0.035280 -0.028382
v -0.026646 -0.035280 -0.047599
v -0.028256 -0.035280 -0.046665
v -0.041961 -0.035280 -0.034934
v -0.008685 -0.035280 -0.023151
v -0.008819 -0.035280 -0.021617
v -0.001531 -0.035280 -0.030314
v -0.003016 -0.035280 -0.029915
v -0.018735 -0.035280 -0.051218
v -0.004410 -0.035280 -0.029265
v -0.021953 -0.035280 -0.049928
v -0.023006 -0.035280 -0.049570
v 0.029548 -0.035280 0.004736
v 0.030198 -0.035280 0.003341
v 0.030596 -0.035280 0.001855
v 0.054498 -0.035280 0.006812
v 0.030730 -0.035280 0.000321
v 0.001373 -0.035280 -0.007478
v 0.000000 -0.035280 -0.007598
v -0.001373 -0.035280 -0.007478
v -0.002705 -0.035280 -0.007121
v -0.003955 -0.035280 -0.006537
v -0.005084 -0.035280 -0.005746
v -0.006059 -0.035280 -0.004769
v -0.006850 -0.035280 -0.003639
v -0.007433 -0.035280 -0.002387
v -0.007789 -0.035280 -0.001054
v -0.026133 -0.035280 0.048524
v -0.007910 -0.035280 0.000321
v -0.007789 -0.035280 0.001697
v -0.007433 -0.035280 0.003030
v -0.006850 -0.035280 0.004281
v 0.002705 -0.035280 -0.007121
v 0.003955 -0.035280 -0.006537
v 0.014273 -0.035280 -0.004094
v 0.005084 -0.035280 -0.005746
v 0.013623 -0.035280 -0.002699
v 0.006059 -0.035280 -0.004769
v 0.026320 -0.035280 0.007969
v 0.027579 -0.035280 0.007086
v -0.006573 -0.035280 0.054772
v -0.001531 -0.035280 0.030956
v -0.004723 -0.035280 0.054964
v 0.000000 -0.035280 0.031090
v 0.010676 -0.035280 0.054224
v 0.010505 -0.035280 0.054296
v 0.001531 -0.035280 0.030956
v 0.006573 -0.035280 0.054772
v 0.000931 -0.035280 0.055160
v 0.011738 -0.035280 0.053894
v 0.003016 -0.035280 0.030558
v 0.018735 -0.035280 0.051861
v 0.004410 -0.035280 0.029907
v 0.027388 -0.035280 0.047820
v 0.001373 -0.035280 0.008121
v 0.003016 -0.035280 0.013962
v 0.001531 -0.035280 0.013564
v -0.002705 -0.035280 0.007763
v -0.001373 -0.035280 0.008121
v -0.003016 -0.035280 0.013962
v -0.005669 -0.035280 0.015496
v -0.006756 -0.035280 0.016584
v 0.018894 -0.035280 0.008619
v 0.020379 -0.035280 0.009017
v 0.021911 -0.035280 0.009152
v 0.008819 -0.035280 0.022260
v 0.007910 -0.035280 0.000321
v 0.007789 -0.035280 -0.001054
v 0.013226 -0.035280 -0.001212
v 0.007433 -0.035280 -0.002387
v 0.006850 -0.035280 -0.003639
v -0.003955 -0.035280 0.007180
v 0.008685 -0.035280 0.020727
v 0.008287 -0.035280 0.019240
v 0.007638 -0.035280 0.017845
v 0.005669 -0.035280 0.015496
v 0.004410 -0.035280 0.014613
v 0.003955 -0.035280 0.007180
v -0.008819 -0.035280 0.022260
v -0.008685 -0.035280 0.023793
v -0.008287 -0.035280 0.025280
v -0.007637 -0.035280 0.026675
v 0.023442 -0.035280 0.009017
v 0.024927 -0.035280 0.008619
v -0.006756 -0.035280 0.027936
v -0.005669 -0.035280 0.029024
v -0.018735 -0.035280 0.051861
v -0.004410 -0.035280 0.029907
v -0.011738 -0.035280 0.053894
v -0.003016 -0.035280 0.030558
v -0.010676 -0.035280 0.054224
v -0.010505 -0.035280 0.054296
v 0.005669 -0.035280 0.029024
v 0.006756 -0.035280 0.027936
v 0.035210 -0.035280 0.042336
v 0.007638 -0.035280 0.026675
v 0.041961 -0.035280 0.035576
v 0.008287 -0.035280 0.025280
v 0.047258 -0.035280 0.028054
v 0.008685 -0.035280 0.023793
v 0.047900 -0.035280 0.027144
v 0.000000 -0.035280 0.008241
v 0.000000 -0.035280 0.013430
v -0.001531 -0.035280 0.013564
v -0.007637 -0.035280 0.017845
v -0.008287 -0.035280 0.019240
v -0.008685 -0.035280 0.020727
v 0.013092 -0.035280 0.000321
v 0.013226 -0.035280 0.001855
v 0.007789 -0.035280 0.001697
v 0.013623 -0.035280 0.003341
v 0.007433 -0.035280 0.003030
v 0.014273 -0.035280 0.004736
v 0.006850 -0.035280 0.004281
v 0.015155 -0.035280 0.005997
v 0.006059 -0.035280 0.005412
v 0.016242 -0.035280 0.007086
v 0.017501 -0.035280 0.007969
v 0.028666 -0.035280 0.005997
v -0.004410 -0.035280 0.014613
v -0.006059 -0.035280 0.005412
v -0.005084 -0.035280 0.006388
v 0.005084 -0.035280 0.006388
v 0.006756 -0.035280 0.016584
v 0.002705 -0.035280 0.007763
v -0.023442 -0.035280 -0.008375
v -0.024927 -0.035280 -0.007977
v -0.026320 -0.035280 -0.007326
v -0.013092 -0.035280 0.000321
v -0.013226 -0.035280 -0.001212
v -0.013623 -0.035280 -0.002699
v -0.014273 -0.035280 -0.004094
v -0.027579 -0.035280 -0.006443
v -0.028666 -0.035280 -0.005355
v -0.051473 -0.035280 -0.018437
v -0.029548 -0.035280 -0.004094
v -0.053944 -0.035280 -0.009203
v -0.015155 -0.035280 -0.005355
v -0.016242 -0.035280 -0.006443
v -0.017501 -0.035280 -0.007326
v -0.020379 -0.035280 0.009017
v -0.018894 -0.035280 0.008619
v -0.030198 -0.035280 -0.002699
v -0.030596 -0.035280 -0.001212
v -0.054777 -0.035280 0.000321
v -0.030730 -0.035280 0.000321
v -0.054513 -0.035280 0.005699
v -0.030596 -0.035280 0.001855
v -0.054498 -0.035280 0.006812
v -0.030198 -0.035280 0.003341
v -0.054513 -0.035280 0.006997
v -0.053750 -0.035280 0.010888
v -0.017501 -0.035280 0.007969
v -0.016242 -0.035280 0.007086
v -0.015155 -0.035280 0.005997
v -0.014273 -0.035280 0.004736
v -0.013623 -0.035280 0.003341
v -0.013226 -0.035280 0.001855
v -0.018894 -0.035280 -0.007977
v -0.020379 -0.035280 -0.008375
v -0.021911 -0.035280 -0.008509
v -0.047258 -0.035280 0.028054
v -0.027579 -0.035280 0.007086
v -0.041961 -0.035280 0.035576
v -0.026320 -0.035280 0.007969
v -0.035210 -0.035280 0.042336
v -0.024927 -0.035280 0.008619
v -0.027388 -0.035280 0.047820
v -0.023442 -0.035280 0.009017
v -0.021911 -0.035280 0.009152
v -0.047900 -0.035280 0.027144
v -0.048021 -0.035280 0.027004
v -0.028666 -0.035280 0.005997
v -0.049688 -0.035280 0.023407
v -0.029548 -0.035280 0.004736
v -0.051800 -0.035280 0.018154
v -0.053361 -0.035280 0.012709
v 0.059023 0.117833 0.012603
v 0.060042 0.117600 0.012935
v 0.209795 -0.000889 0.061655
v 0.210057 -0.025185 0.061740
v 0.210801 -0.049242 0.061982
v 0.213196 0.090176 0.062761
v 0.215229 0.113604 0.063423
v 0.215625 0.117600 0.063552
v 0.212018 -0.073047 0.062378
v 0.213702 -0.096581 0.062926
v 0.211638 0.066556 0.062255
v 0.210553 0.042764 0.061902
v 0.209941 0.018819 0.061703
v 0.213636 0.117600 0.077150
v 0.215887 0.117600 0.070557
v 0.213536 0.117600 0.077076
v 0.212604 0.117600 0.076504
v 0.058347 0.117600 0.019304
v 0.217936 0.117600 0.063899
v 0.217811 0.117600 0.063900
v 0.216810 0.117600 0.063828
v 0.216706 0.117600 0.063812
v 0.049939 0.135240 0.022858
v 0.051473 0.135240 0.019080
v 0.051473 0.147000 0.019080
v -0.018735 0.147000 0.051861
v -0.011738 0.135240 0.053894
v -0.009512 0.147000 0.054335
v -0.047258 0.135240 0.028054
v -0.041961 0.147000 0.035576
v -0.047438 0.135240 0.027745
v -0.047438 0.147000 0.027745
v -0.049939 0.135240 0.022858
v -0.051473 0.147000 0.019080
v -0.053944 0.135240 0.009845
v -0.053631 0.135240 0.011480
v -0.053944 0.147000 0.009845
v -0.052096 0.135240 0.017270
v -0.051473 0.135240 0.019080
v -0.054513 0.135240 0.005699
v -0.054777 0.147000 0.000321
v -0.040945 0.135240 -0.036112
v -0.041961 0.147000 -0.034934
v -0.036838 0.135240 -0.040270
v -0.035210 0.147000 -0.041694
v -0.035210 0.135240 -0.041694
v -0.021953 0.135240 -0.049928
v -0.018735 0.147000 -0.051218
v -0.027388 0.147000 -0.047178
v -0.027172 0.135240 -0.047302
v -0.027388 0.135240 -0.047178
v -0.032197 0.135240 -0.044051
v 0.021953 0.135240 -0.049928
v 0.018735 0.147000 -0.051218
v 0.027172 0.135240 -0.047302
v 0.027388 0.147000 -0.047178
v 0.035210 0.147000 -0.041694
v 0.032197 0.135240 -0.044051
v 0.027388 0.135240 -0.047178
v 0.040945 0.135240 -0.036112
v 0.041961 0.147000 -0.034934
v 0.036838 0.135240 -0.040270
v 0.035210 0.135240 -0.041694
v 0.054513 0.135240 0.005699
v 0.054777 0.147000 0.000321
v 0.053944 0.135240 0.009845
v 0.053944 0.147000 0.009845
v 0.053631 0.135240 0.011480
v 0.052096 0.135240 0.017270
v 0.047438 0.135240 0.027745
v 0.047438 0.147000 0.027745
v 0.047258 0.135240 0.028054
v 0.041961 0.147000 0.035576
v 0.009512 0.147000 0.054335
v 0.009512 0.135240 0.054335
v 0.018735 0.147000 0.051861
v 0.011738 0.135240 0.053894
v -0.009512 0.135240 0.054335
v -0.005974 0.135240 0.054841
v 0.000000 0.147000 0.055168
v 0.000000 0.135240 0.055168
v 0.005974 0.135240 0.054841
v 0.047438 0.147000 -0.027102
v 0.051473 0.147000 -0.018437
v 0.053944 0.147000 -0.009203
v -0.009512 0.147000 -0.053692
v 0.000000 0.147000 -0.054526
v 0.009512 0.147000 -0.053692
v -0.053944 0.147000 -0.009203
v -0.051473 0.147000 -0.018437
v -0.047438 0.147000 -0.027102
v -0.027388 0.147000 0.047820
v -0.035210 0.147000 0.042336
v 0.035210 0.147000 0.042336
v 0.027388 0.147000 0.047820
v 0.009684 -0.035437 0.054728
v 0.009590 -0.035460 0.054787
v 0.008776 -0.035706 0.055407
v 0.008670 -0.035746 0.055503
v 0.007403 -0.036438 0.057121
v 0.007962 -0.036071 0.056276
v 0.008025 -0.036037 0.056198
v 0.007340 -0.036489 0.057238
v 0.006947 -0.036892 0.058136
v 0.006921 -0.036925 0.058209
v 0.006667 -0.037385 0.059214
v 0.006649 -0.037437 0.059325
v 0.006573 -0.037904 0.060323
v 0.006573 -0.115747 0.225001
v 0.006660 -0.116303 0.226167
v 0.003854 -0.117340 0.228656
v 0.006675 -0.116349 0.226262
v 0.006918 -0.116856 0.227305
v 0.006970 -0.116936 0.227468
v 0.007340 -0.117390 0.228385
v 0.007442 -0.117492 0.228588
v -0.003858 -0.117340 0.228656
v -0.007442 -0.117492 0.228588
v -0.007340 -0.117390 0.228385
v -0.006959 -0.116919 0.227435
v -0.006918 -0.116856 0.227305
v -0.006669 -0.116331 0.226224
v -0.006573 -0.115747 0.225001
v 0.000063 -0.117280 0.228680
v -0.006573 -0.037904 0.060323
v -0.006658 -0.037409 0.059266
v -0.006667 -0.037385 0.059214
v -0.006907 -0.036944 0.058253
v -0.006951 -0.036886 0.058123
v -0.007380 -0.036457 0.057164
v -0.007403 -0.036438 0.057121
v -0.007945 -0.036080 0.056298
v -0.008048 -0.036025 0.056169
v -0.008766 -0.035710 0.055416
v -0.009579 -0.035463 0.054795
v -0.009684 -0.035437 0.054728
v -0.006573 0.117600 0.061396
v -0.006573 0.117833 0.060323
v -0.006573 -0.113459 0.224764
v -0.006573 -0.090041 0.222627
v -0.006573 -0.066425 0.220990
v -0.006573 -0.042632 0.219851
v -0.006573 0.047131 0.220028
v -0.006573 0.070949 0.221264
v -0.006573 0.094502 0.222994
v -0.006573 0.117600 0.225196
v -0.006573 -0.018681 0.219210
v -0.006573 -0.001234 0.219058
v -0.006573 0.023065 0.219289
v 0.006573 0.117833 0.060323
v 0.006573 0.117600 0.061396
v 0.006573 -0.000889 0.219058
v 0.006573 -0.025185 0.219334
v 0.006573 -0.049242 0.220117
v 0.006573 0.090176 0.222638
v 0.006573 0.113604 0.224779
v 0.006573 0.117600 0.225196
v 0.006573 -0.073047 0.221398
v 0.006573 -0.096581 0.223172
v 0.006573 0.066556 0.220998
v 0.006573 0.042764 0.219856
v 0.006573 0.018819 0.219212
v -0.006957 0.117600 0.227503
v 0.000000 0.117600 0.227610
v -0.006918 0.117600 0.227385
v -0.006663 0.117600 0.226322
v 0.000000 0.117600 0.061750
v 0.006957 0.117600 0.227503
v 0.006918 0.117600 0.227385
v 0.006677 0.117600 0.226410
v 0.006660 0.117600 0.226305
v 0.024104 -0.035437 -0.049394
v 0.024214 -0.035460 -0.049387
v 0.025238 -0.035706 -0.049409
v 0.025379 -0.035746 -0.049425
v 0.027354 -0.036438 -0.049988
v 0.026406 -0.036071 -0.049633
v 0.026309 -0.036037 -0.049606
v 0.027473 -0.036489 -0.050045
v 0.028319 -0.036892 -0.050540
v 0.028383 -0.036925 -0.050585
v 0.029178 -0.037385 -0.051248
v 0.029258 -0.037437 -0.051327
v 0.029905 -0.037904 -0.052090
v 0.126576 -0.115747 -0.185317
v 0.127190 -0.116303 -0.186311
v 0.130921 -0.117340 -0.186674
v 0.127234 -0.116349 -0.186397
v 0.127650 -0.116856 -0.187384
v 0.127703 -0.116936 -0.187547
v 0.127942 -0.117390 -0.188506
v 0.127979 -0.117492 -0.188731
v 0.137161 -0.117340 -0.182135
v 0.140020 -0.117492 -0.179971
v 0.139819 -0.117390 -0.179866
v 0.138953 -0.116919 -0.179322
v 0.138843 -0.116856 -0.179241
v 0.138007 -0.116330 -0.178513
v 0.137211 -0.115747 -0.177579
v 0.134003 -0.117280 -0.184462
v 0.040541 -0.037904 -0.044352
v 0.039989 -0.037409 -0.043447
v 0.039966 -0.037385 -0.043400
v 0.039595 -0.036944 -0.042481
v 0.039555 -0.036886 -0.042351
v 0.039339 -0.036457 -0.041322
v 0.039333 -0.036438 -0.041274
v 0.039288 -0.036080 -0.040289
v 0.039295 -0.036025 -0.040124
v 0.039434 -0.035710 -0.039092
v 0.039727 -0.035463 -0.038111
v 0.039773 -0.035437 -0.037995
v 0.041171 0.117600 -0.045221
v 0.040541 0.117833 -0.044352
v 0.137072 -0.113459 -0.177388
v 0.135818 -0.090040 -0.175659
v 0.134857 -0.066425 -0.174335
v 0.134188 -0.042632 -0.173413
v 0.134292 0.047131 -0.173556
v 0.135018 0.070949 -0.174557
v 0.136034 0.094502 -0.175956
v 0.137326 0.117600 -0.177738
v 0.133812 -0.018681 -0.172894
v 0.133723 -0.001234 -0.172772
v 0.133859 0.023065 -0.172959
v 0.029905 0.117833 -0.052090
v 0.030535 0.117600 -0.052958
v 0.123087 -0.000889 -0.180509
v 0.123249 -0.025185 -0.180732
v 0.123709 -0.049242 -0.181366
v 0.125189 0.090176 -0.183405
v 0.126446 0.113604 -0.185137
v 0.126691 0.117600 -0.185475
v 0.124461 -0.073047 -0.182402
v 0.125502 -0.096581 -0.183837
v 0.124226 0.066556 -0.182079
v 0.123556 0.042764 -0.181154
v 0.123178 0.018819 -0.180633
v 0.138992 0.117600 -0.179378
v 0.133426 0.117600 -0.183559
v 0.138890 0.117600 -0.179306
v 0.138059 0.117600 -0.178596
v 0.036060 0.117600 -0.049375
v 0.127734 0.117600 -0.187568
v 0.127697 0.117600 -0.187449
v 0.127319 0.117600 -0.186518
v 0.127271 0.117600 -0.186423
v -0.039773 -0.035437 -0.037995
v -0.039732 -0.035460 -0.038098
v -0.039437 -0.035706 -0.039079
v -0.039408 -0.035746 -0.039219
v -0.039333 -0.036438 -0.041274
v -0.039289 -0.036071 -0.040261
v -0.039293 -0.036037 -0.040161
v -0.039350 -0.036489 -0.041405
v -0.039559 -0.036892 -0.042364
v -0.039582 -0.036925 -0.042438
v -0.039966 -0.037385 -0.043400
v -0.040016 -0.037437 -0.043501
v -0.040541 -0.037904 -0.044352
v -0.137211 -0.115747 -0.177579
v -0.137966 -0.116303 -0.178472
v -0.137158 -0.117340 -0.182137
v -0.138034 -0.116349 -0.178540
v -0.138843 -0.116856 -0.179241
v -0.138981 -0.116936 -0.179342
v -0.139819 -0.117390 -0.179866
v -0.140020 -0.117492 -0.179971
v -0.130919 -0.117340 -0.186676
v -0.127979 -0.117492 -0.188731
v -0.127942 -0.117390 -0.188506
v -0.127693 -0.116919 -0.187513
v -0.127650 -0.116856 -0.187384
v -0.127217 -0.116330 -0.186363
v -0.126576 -0.115747 -0.185317
v -0.134104 -0.117280 -0.184388
v -0.029905 -0.037904 -0.052090
v -0.029216 -0.037409 -0.051285
v -0.029178 -0.037385 -0.051248
v -0.028420 -0.036944 -0.050611
v -0.028308 -0.036886 -0.050533
v -0.027398 -0.036457 -0.050009
v -0.027354 -0.036438 -0.049988
v -0.026432 -0.036080 -0.049641
v -0.026274 -0.036025 -0.049597
v -0.025251 -0.035710 -0.049410
v -0.024228 -0.035463 -0.049386
v -0.024104 -0.035437 -0.049394
v -0.030535 0.117600 -0.052958
v -0.029905 0.117833 -0.052090
v -0.126437 -0.113459 -0.185125
v -0.125183 -0.090040 -0.183396
v -0.124222 -0.066425 -0.182072
v -0.123553 -0.042632 -0.181150
v -0.123657 0.047131 -0.181294
v -0.124383 0.070949 -0.182294
v -0.125398 0.094502 -0.183693
v -0.126691 0.117600 -0.185475
v -0.123176 -0.018681 -0.180632
v -0.123088 -0.001234 -0.180509
v -0.123223 0.023065 -0.180696
v -0.040541 0.117833 -0.044352
v -0.041171 0.117600 -0.045221
v -0.133723 -0.000889 -0.172772
v -0.133885 -0.025185 -0.172995
v -0.134345 -0.049242 -0.173628
v -0.135825 0.090176 -0.175668
v -0.137081 0.113604 -0.177400
v -0.137326 0.117600 -0.177738
v -0.135097 -0.073047 -0.174665
v -0.136138 -0.096581 -0.176100
v -0.134862 0.066556 -0.174341
v -0.134191 0.042764 -0.173417
v -0.133813 0.018819 -0.172896
v -0.127734 0.117600 -0.187568
v -0.133426 0.117600 -0.183559
v -0.127697 0.117600 -0.187449
v -0.127279 0.117600 -0.186438
v -0.036060 0.117600 -0.049375
v -0.138991 0.117600 -0.179378
v -0.138890 0.117600 -0.179306
v -0.138123 0.117600 -0.178658
v -0.138048 0.117600 -0.178584
v -0.048685 -0.035437 0.026356
v -0.048770 -0.035460 0.026285
v -0.049611 -0.035706 0.025701
v -0.049734 -0.035746 0.025630
v -0.051663 -0.036438 0.024924
v -0.050688 -0.036071 0.025195
v -0.050594 -0.036037 0.025230
v -0.051793 -0.036489 0.024899
v -0.052768 -0.036892 0.024802
v -0.052845 -0.036925 0.024801
v -0.053878 -0.037385 0.024869
v -0.053989 -0.037437 0.024886
v -0.054960 -0.037904 0.025122
v -0.211377 -0.115747 0.076010
v -0.212458 -0.116303 0.076454
v -0.215690 -0.117340 0.074551
v -0.212544 -0.116349 0.076497
v -0.213459 -0.116856 0.077051
v -0.213599 -0.116936 0.077151
v -0.214354 -0.117390 0.077787
v -0.214516 -0.117492 0.077947
v -0.218073 -0.117340 0.067207
v -0.219116 -0.117492 0.063773
v -0.218891 -0.117390 0.063807
v -0.217871 -0.116919 0.063876
v -0.217735 -0.116856 0.063875
v -0.216632 -0.116330 0.063779
v -0.215440 -0.115747 0.063491
v -0.216884 -0.117280 0.070948
v -0.059023 -0.037904 0.012603
v -0.058046 -0.037409 0.012196
v -0.057998 -0.037385 0.012171
v -0.057160 -0.036944 0.011646
v -0.057051 -0.036886 0.011564
v -0.056271 -0.036457 0.010859
v -0.056238 -0.036438 0.010823
v -0.055624 -0.036080 0.010053
v -0.055533 -0.036025 0.009916
v -0.055040 -0.035710 0.008999
v -0.054701 -0.035463 0.008033
v -0.054670 -0.035437 0.007912
v -0.060042 0.117600 0.012935
v -0.059023 0.117833 0.012603
v -0.215215 -0.113459 0.063418
v -0.213185 -0.090041 0.062758
v -0.211631 -0.066425 0.062252
v -0.210548 -0.042632 0.061900
v -0.210716 0.047131 0.061955
v -0.211891 0.070949 0.062337
v -0.213534 0.094502 0.062871
v -0.215625 0.117600 0.063552
v -0.209939 -0.018681 0.061702
v -0.209795 -0.001234 0.061655
v -0.210015 0.023065 0.061727
v -0.054960 0.117833 0.025122
v -0.055980 0.117600 0.025454
v -0.205733 -0.000889 0.074174
v -0.205995 -0.025185 0.074259
v -0.206738 -0.049242 0.074501
v -0.209133 0.090176 0.075280
v -0.211166 0.113604 0.075942
v -0.211563 0.117600 0.076071
v -0.207955 -0.073047 0.074897
v -0.209640 -0.096581 0.075445
v -0.207575 0.066556 0.074774
v -0.206491 0.042764 0.074421
v -0.205879 0.018819 0.074222
v -0.217936 0.117600 0.063899
v -0.215887 0.117600 0.070557
v -0.217811 0.117600 0.063900
v -0.216722 0.117600 0.063815
v -0.058347 0.117600 0.019304
v -0.213636 0.117600 0.077150
v -0.213536 0.117600 0.077076
v -0.212684 0.117600 0.076545
v -0.212590 0.117600 0.076496
v 0.016981 0.147000 0.029771
v 0.021830 0.147000 0.026371
v 0.026016 0.147000 0.022179
v 0.029411 0.147000 0.017324
v 0.031913 0.147000 0.011952
v 0.033445 0.147000 0.006226
v 0.033961 0.147000 0.000321
v 0.033445 0.147000 -0.005584
v 0.031913 0.147000 -0.011309
v 0.029411 0.147000 -0.016681
v 0.026016 0.147000 -0.021537
v 0.021830 0.147000 -0.025728
v 0.016981 0.147000 -0.029128
v 0.011615 0.147000 -0.031633
v 0.005897 0.147000 -0.033167
v 0.000000 0.147000 -0.033684
v -0.005897 0.147000 -0.033167
v -0.011615 0.147000 -0.031633
v -0.016981 0.147000 -0.029128
v -0.021830 0.147000 -0.025728
v -0.026016 0.147000 -0.021537
v -0.029411 0.147000 -0.016681
v -0.031913 0.147000 -0.011309
v -0.033445 0.147000 -0.005584
v -0.033961 0.147000 0.000321
v -0.033445 0.147000 0.006226
v -0.031913 0.147000 0.011952
v -0.029411 0.147000 0.017324
v -0.026016 0.147000 0.022179
v -0.021830 0.147000 0.026371
v -0.016981 0.147000 0.029771
v -0.011615 0.147000 0.032276
v -0.005897 0.147000 0.033810
v 0.000000 0.147000 0.034326
v 0.005897 0.147000 0.033810
v 0.011615 0.147000 0.032276
v -0.029411 0.023520 -0.016681
v -0.031913 0.023520 -0.011309
v -0.009157 0.023520 -0.008564
v 0.033961 0.023520 0.000321
v 0.026840 0.023520 0.000321
v 0.026766 0.023520 0.001178
v -0.004269 0.023520 0.024728
v -0.004633 0.023520 0.023948
v -0.008874 0.023520 0.033145
v 0.033445 0.023520 0.006226
v 0.026543 0.023520 0.002010
v 0.026180 0.023520 0.002789
v 0.000000 0.023520 0.034326
v 0.000000 0.023520 0.027196
v -0.000856 0.023520 0.027121
v -0.003777 0.023520 0.025433
v 0.011043 0.023520 -0.006063
v 0.011983 0.023520 -0.004046
v 0.017641 0.023520 -0.002147
v 0.012558 0.023520 -0.001896
v 0.017278 0.023520 -0.001367
v 0.017056 0.023520 -0.000536
v 0.023597 0.023520 -0.004317
v 0.024376 0.023520 -0.003954
v 0.032782 0.023520 -0.008564
v -0.005897 0.023520 0.033810
v -0.001686 0.023520 0.026899
v -0.002465 0.023520 0.026535
v -0.003169 0.023520 0.026041
v 0.009768 0.023520 -0.007886
v 0.018134 0.023520 -0.002852
v 0.009157 0.023520 -0.008564
v 0.025079 0.023520 -0.003460
v 0.025687 0.023520 -0.002852
v 0.033445 0.023520 -0.005584
v -0.004633 0.023520 0.020572
v -0.004269 0.023520 0.019792
v -0.008874 0.023520 0.009490
v 0.002465 0.023520 0.017985
v 0.006376 0.023520 0.011379
v 0.004361 0.023520 0.012319
v 0.005897 0.023520 0.033810
v 0.001686 0.023520 0.026899
v 0.000856 0.023520 0.027121
v 0.018742 0.023520 -0.003460
v 0.019446 0.023520 -0.003954
v 0.020224 0.023520 -0.004317
v 0.026180 0.023520 -0.002147
v 0.026543 0.023520 -0.001367
v 0.026766 0.023520 -0.000536
v -0.003777 0.023520 0.019087
v -0.003169 0.023520 0.018479
v -0.008197 0.023520 0.010102
v -0.004855 0.023520 0.023117
v -0.004930 0.023520 0.022260
v -0.004855 0.023520 0.021403
v -0.006376 0.023520 0.011379
v -0.002465 0.023520 0.017985
v -0.004361 0.023520 0.012319
v -0.001686 0.023520 0.017622
v -0.002214 0.023520 0.012895
v -0.000856 0.023520 0.017399
v 0.000000 0.023520 0.013089
v 0.000000 0.023520 0.017324
v 0.002214 0.023520 0.012895
v 0.000856 0.023520 0.017399
v 0.001686 0.023520 0.017622
v 0.023597 0.023520 0.004960
v 0.022767 0.023520 0.005183
v 0.004269 0.023520 0.019792
v 0.021911 0.023520 0.005258
v 0.021055 0.023520 0.005183
v 0.020224 0.023520 0.004960
v 0.019446 0.023520 0.004596
v 0.018742 0.023520 0.004103
v 0.018134 0.023520 0.003494
v 0.017641 0.023520 0.002789
v 0.003169 0.023520 0.018479
v 0.009768 0.023520 0.008528
v 0.008197 0.023520 0.010102
v 0.016981 0.023520 0.000321
v 0.012752 0.023520 0.000321
v 0.017056 0.023520 0.001178
v 0.012558 0.023520 0.002538
v 0.017278 0.023520 0.002010
v 0.011983 0.023520 0.004688
v 0.011043 0.023520 0.006705
v 0.021055 0.023520 -0.004540
v 0.021911 0.023520 -0.004615
v 0.022767 0.023520 -0.004540
v 0.025687 0.023520 0.003494
v 0.025079 0.023520 0.004103
v 0.024376 0.023520 0.004596
v 0.031913 0.023520 0.011952
v 0.004633 0.023520 0.020572
v 0.029411 0.023520 0.017324
v 0.004855 0.023520 0.021403
v 0.026016 0.023520 0.022179
v 0.004930 0.023520 0.022260
v 0.021830 0.023520 0.026371
v 0.004855 0.023520 0.023117
v 0.016981 0.023520 0.029771
v 0.004633 0.023520 0.023948
v 0.004269 0.023520 0.024728
v 0.011615 0.023520 0.032276
v 0.003777 0.023520 0.025433
v 0.003169 0.023520 0.026041
v 0.002465 0.023520 0.026535
v 0.003777 0.023520 0.019087
v -0.033445 0.023520 0.006226
v -0.031913 0.023520 0.011952
v -0.025687 0.023520 0.003494
v -0.026766 0.023520 0.001178
v -0.033961 0.023520 0.000321
v -0.026543 0.023520 0.002010
v -0.026180 0.023520 0.002789
v -0.026840 0.023520 0.000321
v -0.026766 0.023520 -0.000536
v -0.033445 0.023520 -0.005584
v -0.016981 0.023520 0.029771
v -0.021055 0.023520 0.005183
v -0.021830 0.023520 0.026371
v -0.021911 0.023520 0.005258
v -0.026016 0.023520 0.022179
v -0.022767 0.023520 0.005183
v -0.029411 0.023520 0.017324
v -0.017641 0.023520 0.002789
v -0.011043 0.023520 0.006705
v -0.011983 0.023520 0.004688
v -0.018134 0.023520 0.003494
v -0.018742 0.023520 0.004103
v -0.019446 0.023520 0.004596
v -0.020224 0.023520 0.004960
v -0.009768 0.023520 0.008528
v -0.011615 0.023520 0.032276
v -0.023597 0.023520 0.004960
v -0.024376 0.023520 0.004596
v -0.025079 0.023520 0.004103
v -0.026543 0.023520 -0.001367
v -0.026180 0.023520 -0.002147
v -0.025687 0.023520 -0.002852
v -0.020224 0.023520 -0.004317
v -0.019446 0.023520 -0.003954
v -0.018742 0.023520 -0.003460
v -0.018134 0.023520 -0.002852
v -0.009768 0.023520 -0.007886
v -0.011043 0.023520 -0.006063
v -0.017641 0.023520 -0.002147
v -0.011983 0.023520 -0.004046
v -0.017278 0.023520 -0.001367
v -0.012558 0.023520 -0.001896
v -0.017056 0.023520 -0.000536
v -0.012752 0.023520 0.000321
v -0.016981 0.023520 0.000321
v -0.012558 0.023520 0.002538
v -0.017056 0.023520 0.001178
v -0.017278 0.023520 0.002010
v -0.025079 0.023520 -0.003460
v -0.024376 0.023520 -0.003954
v -0.023597 0.023520 -0.004317
v -0.022767 0.023520 -0.004540
v -0.021911 0.023520 -0.004615
v -0.021055 0.023520 -0.004540
v -0.011615 0.023520 -0.031633
v -0.016981 0.023520 -0.029128
v -0.008874 0.023520 -0.008848
v -0.021830 0.023520 -0.025728
v -0.026016 0.023520 -0.021537
v -0.003777 0.023520 -0.024790
v -0.003169 0.023520 -0.025399
v 0.000000 0.023520 -0.026554
v 0.000856 0.023520 -0.026479
v 0.000000 0.023520 -0.033684
v 0.011615 0.023520 -0.031633
v 0.005897 0.023520 -0.033167
v 0.002465 0.023520 -0.025892
v -0.005897 0.023520 -0.033167
v 0.001686 0.023520 -0.026256
v 0.003169 0.023520 -0.025399
v 0.003777 0.023520 -0.024790
v 0.016981 0.023520 -0.029128
v -0.003777 0.023520 -0.018445
v -0.004269 0.023520 -0.019149
v -0.004855 0.023520 -0.022475
v -0.004633 0.023520 -0.023306
v -0.004269 0.023520 -0.024086
v -0.002465 0.023520 -0.025892
v -0.001686 0.023520 -0.026256
v -0.000856 0.023520 -0.026479
v -0.004633 0.023520 -0.019929
v -0.004855 0.023520 -0.020760
v -0.004930 0.023520 -0.021617
v -0.003169 0.023520 -0.017836
v -0.008197 0.023520 -0.009460
v -0.006376 0.023520 -0.010736
v -0.002214 0.023520 -0.012253
v -0.000856 0.023520 -0.016756
v -0.001686 0.023520 -0.016979
v -0.004361 0.023520 -0.011677
v -0.002465 0.023520 -0.017343
v 0.004269 0.023520 -0.024086
v 0.004633 0.023520 -0.023306
v 0.021830 0.023520 -0.025728
v 0.004855 0.023520 -0.022475
v 0.026016 0.023520 -0.021537
v 0.004930 0.023520 -0.021617
v 0.029411 0.023520 -0.016681
v 0.004855 0.023520 -0.020760
v 0.031913 0.023520 -0.011309
v 0.004633 0.023520 -0.019929
v 0.004269 0.023520 -0.019149
v 0.003777 0.023520 -0.018445
v 0.003169 0.023520 -0.017836
v 0.000000 0.023520 -0.016681
v 0.000000 0.023520 -0.012447
v 0.000856 0.023520 -0.016756
v 0.002214 0.023520 -0.012253
v 0.001686 0.023520 -0.016979
v 0.004361 0.023520 -0.011677
v 0.002465 0.023520 -0.017343
v 0.006376 0.023520 -0.010736
v 0.008197 0.023520 -0.009460
v -0.006731 -0.031763 0.001510
v -0.010442 0.018793 0.002165
v -0.006423 -0.031763 0.002662
v -0.009964 0.018793 0.003952
v -0.005920 -0.031763 0.003743
v -0.009182 0.018793 0.005630
v -0.005236 -0.031763 0.004721
v -0.008122 0.018793 0.007146
v -0.004394 -0.031763 0.005564
v -0.006815 0.018793 0.008454
v -0.003418 -0.031763 0.006248
v -0.005302 0.018793 0.009516
v -0.002338 -0.031763 0.006753
v -0.003626 0.018793 0.010298
v -0.001187 -0.031763 0.007061
v -0.001841 0.018793 0.010777
v 0.000000 -0.031763 0.007165
v 0.000000 0.018793 0.010938
v 0.001187 -0.031763 0.007061
v 0.001841 0.018793 0.010777
v 0.002338 -0.031763 0.006753
v 0.003626 0.018793 0.010298
v 0.003418 -0.031763 0.006248
v 0.005302 0.018793 0.009516
v 0.004394 -0.031763 0.005564
v 0.006815 0.018793 0.008454
v 0.005236 -0.031763 0.004721
v 0.008122 0.018793 0.007146
v 0.005920 -0.031763 0.003743
v 0.009183 0.018793 0.005630
v 0.006423 -0.031763 0.002662
v 0.009964 0.018793 0.003952
v 0.006731 -0.031763 0.001510
v 0.010442 0.018793 0.002165
v 0.006835 -0.031763 0.000321
v 0.010603 0.018793 0.000321
v 0.006731 -0.031763 -0.000867
v 0.010442 0.018793 -0.001522
v 0.006423 -0.031763 -0.002020
v 0.009964 0.018793 -0.003310
v 0.005920 -0.031763 -0.003101
v 0.009183 0.018793 -0.004987
v 0.005236 -0.031763 -0.004078
v 0.008122 0.018793 -0.006503
v 0.004394 -0.031763 -0.004922
v 0.006815 0.018793 -0.007812
v 0.003418 -0.031763 -0.005606
v 0.005302 0.018793 -0.008873
v 0.002338 -0.031763 -0.006110
v 0.003626 0.018793 -0.009655
v 0.001187 -0.031763 -0.006419
v 0.001841 0.018793 -0.010134
v 0.000000 -0.031763 -0.006523
v 0.000000 0.018793 -0.010295
v -0.001187 -0.031763 -0.006419
v -0.001841 0.018793 -0.010134
v -0.002338 -0.031763 -0.006110
v -0.003626 0.018793 -0.009655
v -0.003418 -0.031763 -0.005606
v -0.005302 0.018793 -0.008873
v -0.004394 -0.031763 -0.004922
v -0.006815 0.018793 -0.007812
v -0.005236 -0.031763 -0.004078
v -0.008122 0.018793 -0.006503
v -0.005920 -0.031763 -0.003101
v -0.009182 0.018793 -0.004987
v -0.006423 -0.031763 -0.002020
v -0.009964 0.018793 -0.003310
v -0.006731 -0.031763 -0.000867
v -0.010442 0.018793 -0.001522
v -0.006835 -0.031763 0.000321
v -0.010603 0.018793 0.000321
v 0.007956 0.023434 -0.009172
v 0.006189 0.023434 -0.010411
v 0.004233 0.023434 -0.011324
v 0.002149 0.023434 -0.011884
v 0.000000 0.023434 -0.012072
v -0.002149 0.023434 -0.011884
v -0.004233 0.023434 -0.011324
v -0.006189 0.023434 -0.010411
v -0.007956 0.023434 -0.009172
v -0.009482 0.023434 -0.007645
v -0.010719 0.023434 0.006518
v -0.011631 0.023434 0.004560
v -0.012189 0.023434 0.002473
v -0.012377 0.023434 0.000321
v -0.012189 0.023434 -0.001831
v -0.011631 0.023434 -0.003917
v -0.010719 0.023434 -0.005875
v -0.007956 0.023434 0.009815
v -0.009482 0.023434 0.008287
v -0.006189 0.023434 0.011054
v -0.004233 0.023434 0.011967
v -0.002149 0.023434 0.012526
v 0.000000 0.023434 0.012714
v 0.002149 0.023434 0.012526
v 0.004233 0.023434 0.011967
v 0.006189 0.023434 0.011054
v 0.007956 0.023434 0.009815
v 0.009482 0.023434 0.008287
v 0.010719 0.023434 0.006518
v 0.011631 0.023434 0.004560
v 0.012189 0.023434 0.002473
v 0.012377 0.023434 0.000321
v 0.012189 0.023434 -0.001831
v 0.011631 0.023434 -0.003917
v 0.010719 0.023434 -0.005875
v 0.009482 0.023434 -0.007645
v 0.011831 0.023177 0.002410
v 0.011289 0.023177 0.004436
v 0.010404 0.023177 0.006336
v 0.009203 0.023177 0.008054
v 0.007722 0.023177 0.009536
v 0.006007 0.023177 0.010739
v 0.004109 0.023177 0.011625
v 0.002086 0.023177 0.012168
v 0.000000 0.023177 0.012351
v -0.002086 0.023177 0.012168
v -0.004109 0.023177 0.011625
v -0.006007 0.023177 0.010739
v -0.007722 0.023177 0.009536
v -0.009203 0.023177 0.008054
v -0.010404 0.023177 0.006336
v -0.011289 0.023177 0.004436
v -0.011831 0.023177 0.002410
v -0.012014 0.023177 0.000321
v -0.011831 0.023177 -0.001768
v -0.011289 0.023177 -0.003793
v -0.010404 0.023177 -0.005693
v -0.009203 0.023177 -0.007411
v -0.007722 0.023177 -0.008894
v -0.006007 0.023177 -0.010096
v -0.004109 0.023177 -0.010983
v -0.002086 0.023177 -0.011525
v 0.000000 0.023177 -0.011708
v 0.002086 0.023177 -0.011525
v 0.004109 0.023177 -0.010983
v 0.006007 0.023177 -0.010096
v 0.007722 0.023177 -0.008894
v 0.009203 0.023177 -0.007411
v 0.010404 0.023177 -0.005693
v 0.011289 0.023177 -0.003793
v 0.011831 0.023177 -0.001768
v 0.012014 0.023177 0.000321
v 0.011495 0.022757 0.002351
v 0.010968 0.022757 0.004319
v 0.010109 0.022757 0.006165
v 0.008942 0.022757 0.007834
v 0.007503 0.022757 0.009274
v 0.005836 0.022757 0.010443
v 0.003992 0.022757 0.011304
v 0.002027 0.022757 0.011831
v 0.000000 0.022757 0.012009
v -0.002027 0.022757 0.011831
v -0.003992 0.022757 0.011304
v -0.005836 0.022757 0.010443
v -0.007503 0.022757 0.009274
v -0.008942 0.022757 0.007834
v -0.010109 0.022757 0.006165
v -0.010968 0.022757 0.004319
v -0.011495 0.022757 0.002351
v -0.011672 0.022757 0.000321
v -0.011495 0.022757 -0.001708
v -0.010968 0.022757 -0.003676
v -0.010109 0.022757 -0.005522
v -0.008942 0.022757 -0.007191
v -0.007503 0.022757 -0.008632
v -0.005836 0.022757 -0.009800
v -0.003992 0.022757 -0.010661
v -0.002027 0.022757 -0.011188
v 0.000000 0.022757 -0.011366
v 0.002027 0.022757 -0.011188
v 0.003992 0.022757 -0.010661
v 0.005836 0.022757 -0.009800
v 0.007503 0.022757 -0.008632
v 0.008942 0.022757 -0.007191
v 0.010109 0.022757 -0.005522
v 0.010968 0.022757 -0.003676
v 0.011495 0.022757 -0.001708
v 0.011672 0.022757 0.000321
v 0.011190 0.022187 0.002297
v 0.010677 0.022187 0.004212
v 0.009840 0.022187 0.006010
v 0.008704 0.022187 0.007634
v 0.007304 0.022187 0.009037
v 0.005681 0.022187 0.010174
v 0.003886 0.022187 0.011012
v 0.001973 0.022187 0.011525
v 0.000000 0.022187 0.011698
v -0.001973 0.022187 0.011525
v -0.003886 0.022187 0.011012
v -0.005681 0.022187 0.010174
v -0.007304 0.022187 0.009037
v -0.008704 0.022187 0.007634
v -0.009840 0.022187 0.006010
v -0.010677 0.022187 0.004212
v -0.011190 0.022187 0.002297
v -0.011362 0.022187 0.000321
v -0.011190 0.022187 -0.001654
v -0.010677 0.022187 -0.003570
v -0.009840 0.022187 -0.005367
v -0.008704 0.022187 -0.006992
v -0.007304 0.022187 -0.008394
v -0.005681 0.022187 -0.009532
v -0.003886 0.022187 -0.010370
v -0.001973 0.022187 -0.010883
v 0.000000 0.022187 -0.011056
v 0.001973 0.022187 -0.010883
v 0.003886 0.022187 -0.010370
v 0.005681 0.022187 -0.009532
v 0.007304 0.022187 -0.008394
v 0.008704 0.022187 -0.006992
v 0.009840 0.022187 -0.005367
v 0.010677 0.022187 -0.003570
v 0.011190 0.022187 -0.001654
v 0.011362 0.022187 0.000321
v 0.010925 0.021484 0.002250
v 0.010424 0.021484 0.004120
v 0.009607 0.021484 0.005875
v 0.008498 0.021484 0.007461
v 0.007131 0.021484 0.008830
v 0.005547 0.021484 0.009941
v 0.003794 0.021484 0.010759
v 0.001926 0.021484 0.011260
v 0.000000 0.021484 0.011429
v -0.001926 0.021484 0.011260
v -0.003794 0.021484 0.010759
v -0.005547 0.021484 0.009941
v -0.007131 0.021484 0.008830
v -0.008498 0.021484 0.007461
v -0.009607 0.021484 0.005875
v -0.010424 0.021484 0.004120
v -0.010925 0.021484 0.002250
v -0.011093 0.021484 0.000321
v -0.010925 0.021484 -0.001608
v -0.010424 0.021484 -0.003478
v -0.009607 0.021484 -0.005233
v -0.008498 0.021484 -0.006819
v -0.007131 0.021484 -0.008188
v -0.005547 0.021484 -0.009298
v -0.003794 0.021484 -0.010116
v -0.001926 0.021484 -0.010618
v 0.000000 0.021484 -0.010786
v 0.001926 0.021484 -0.010618
v 0.003794 0.021484 -0.010116
v 0.005547 0.021484 -0.009298
v 0.007131 0.021484 -0.008188
v 0.008498 0.021484 -0.006819
v 0.009607 0.021484 -0.005233
v 0.010424 0.021484 -0.003478
v 0.010925 0.021484 -0.001608
v 0.011093 0.021484 0.000321
v 0.010708 0.020667 0.002212
v 0.010217 0.020667 0.004045
v 0.009416 0.020667 0.005765
v 0.008329 0.020667 0.007319
v 0.006989 0.020667 0.008661
v 0.005437 0.020667 0.009750
v 0.003719 0.020667 0.010552
v 0.001888 0.020667 0.011043
v 0.000000 0.020667 0.011208
v -0.001888 0.020667 0.011043
v -0.003719 0.020667 0.010552
v -0.005437 0.020667 0.009750
v -0.006989 0.020667 0.008661
v -0.008329 0.020667 0.007319
v -0.009416 0.020667 0.005765
v -0.010217 0.020667 0.004045
v -0.010708 0.020667 0.002212
v -0.010873 0.020667 0.000321
v -0.010708 0.020667 -0.001569
v -0.010217 0.020667 -0.003402
v -0.009416 0.020667 -0.005122
v -0.008329 0.020667 -0.006677
v -0.006989 0.020667 -0.008019
v -0.005437 0.020667 -0.009107
v -0.003719 0.020667 -0.009909
v -0.001888 0.020667 -0.010400
v 0.000000 0.020667 -0.010566
v 0.001888 0.020667 -0.010400
v 0.003719 0.020667 -0.009909
v 0.005437 0.020667 -0.009107
v 0.006989 0.020667 -0.008019
v 0.008329 0.020667 -0.006677
v 0.009416 0.020667 -0.005122
v 0.010217 0.020667 -0.003402
v 0.010708 0.020667 -0.001569
v 0.010873 0.020667 0.000321
v 0.010545 0.019761 0.002183
v 0.010062 0.019761 0.003988
v 0.009273 0.019761 0.005682
v 0.008203 0.019761 0.007213
v 0.006883 0.019761 0.008535
v 0.005354 0.019761 0.009607
v 0.003662 0.019761 0.010396
v 0.001859 0.019761 0.010880
v 0.000000 0.019761 0.011043
v -0.001859 0.019761 0.010880
v -0.003662 0.019761 0.010396
v -0.005354 0.019761 0.009607
v -0.006883 0.019761 0.008535
v -0.008203 0.019761 0.007213
v -0.009273 0.019761 0.005682
v -0.010062 0.019761 0.003988
v -0.010545 0.019761 0.002183
v -0.010708 0.019761 0.000321
v -0.010545 0.019761 -0.001541
v -0.010062 0.019761 -0.003346
v -0.009273 0.019761 -0.005040
v -0.008203 0.019761 -0.006571
v -0.006883 0.019761 -0.007892
v -0.005354 0.019761 -0.008964
v -0.003662 0.019761 -0.009754
v -0.001859 0.019761 -0.010238
v 0.000000 0.019761 -0.010400
v 0.001859 0.019761 -0.010238
v 0.003662 0.019761 -0.009754
v 0.005354 0.019761 -0.008964
v 0.006883 0.019761 -0.007892
v 0.008203 0.019761 -0.006571
v 0.009273 0.019761 -0.005040
v 0.010062 0.019761 -0.003346
v 0.010545 0.019761 -0.001541
v 0.010708 0.019761 0.000321
v 0.006711 -0.032232 0.001506
v 0.006404 -0.032232 0.002655
v 0.005902 -0.032232 0.003733
v 0.005220 -0.032232 0.004707
v 0.004380 -0.032232 0.005548
v 0.003407 -0.032232 0.006231
v 0.002331 -0.032232 0.006733
v 0.001183 -0.032232 0.007041
v 0.000000 -0.032232 0.007145
v -0.001183 -0.032232 0.007041
v -0.002331 -0.032232 0.006733
v -0.003407 -0.032232 0.006231
v -0.004380 -0.032232 0.005548
v -0.005220 -0.032232 0.004707
v -0.005902 -0.032232 0.003733
v -0.006404 -0.032232 0.002655
v -0.006711 -0.032232 0.001506
v -0.006815 -0.032232 0.000321
v -0.006711 -0.032232 -0.000864
v -0.006404 -0.032232 -0.002012
v -0.005902 -0.032232 -0.003090
v -0.005220 -0.032232 -0.004065
v -0.004380 -0.032232 -0.004906
v -0.003407 -0.032232 -0.005588
v -0.002331 -0.032232 -0.006091
v -0.001183 -0.032232 -0.006399
v 0.000000 -0.032232 -0.006502
v 0.001183 -0.032232 -0.006399
v 0.002331 -0.032232 -0.006091
v 0.003407 -0.032232 -0.005588
v 0.004380 -0.032232 -0.004906
v 0.005220 -0.032232 -0.004065
v 0.005902 -0.032232 -0.003090
v 0.006404 -0.032232 -0.002012
v 0.006711 -0.032232 -0.000864
v 0.006815 -0.032232 0.000321
v 0.006719 -0.032704 0.001508
v 0.006411 -0.032704 0.002658
v 0.005908 -0.032704 0.003737
v 0.005226 -0.032704 0.004712
v 0.004385 -0.032704 0.005554
v 0.003411 -0.032704 0.006237
v 0.002333 -0.032704 0.006741
v 0.001185 -0.032704 0.007049
v 0.000000 -0.032704 0.007152
v -0.001185 -0.032704 0.007049
v -0.002333 -0.032704 0.006741
v -0.003411 -0.032704 0.006237
v -0.004385 -0.032704 0.005554
v -0.005226 -0.032704 0.004712
v -0.005908 -0.032704 0.003737
v -0.006411 -0.032704 0.002658
v -0.006719 -0.032704 0.001508
v -0.006822 -0.032704 0.000321
v -0.006719 -0.032704 -0.000865
v -0.006411 -0.032704 -0.002015
v -0.005908 -0.032704 -0.003094
v -0.005226 -0.032704 -0.004070
v -0.004385 -0.032704 -0.004912
v -0.003411 -0.032704 -0.005595
v -0.002333 -0.032704 -0.006098
v -0.001185 -0.032704 -0.006406
v 0.000000 -0.032704 -0.006510
v 0.001185 -0.032704 -0.006406
v 0.002333 -0.032704 -0.006098
v 0.003411 -0.032704 -0.005595
v 0.004385 -0.032704 -0.004912
v 0.005226 -0.032704 -0.004070
v 0.005908 -0.032704 -0.003094
v 0.006411 -0.032704 -0.002015
v 0.006719 -0.032704 -0.000865
v 0.006822 -0.032704 0.000321
v 0.006754 -0.033166 0.001514
v 0.006445 -0.033166 0.002670
v 0.005939 -0.033166 0.003755
v 0.005254 -0.033166 0.004735
v 0.004408 -0.033166 0.005582
v 0.003429 -0.033166 0.006268
v 0.002346 -0.033166 0.006774
v 0.001191 -0.033166 0.007084
v 0.000000 -0.033166 0.007188
v -0.001191 -0.033166 0.007084
v -0.002346 -0.033166 0.006774
v -0.003429 -0.033166 0.006268
v -0.004408 -0.033166 0.005582
v -0.005254 -0.033166 0.004735
v -0.005939 -0.033166 0.003755
v -0.006445 -0.033166 0.002670
v -0.006754 -0.033166 0.001514
v -0.006858 -0.033166 0.000321
v -0.006754 -0.033166 -0.000871
v -0.006445 -0.033166 -0.002027
v -0.005939 -0.033166 -0.003112
v -0.005254 -0.033166 -0.004093
v -0.004408 -0.033166 -0.004939
v -0.003429 -0.033166 -0.005626
v -0.002346 -0.033166 -0.006132
v -0.001191 -0.033166 -0.006441
v 0.000000 -0.033166 -0.006546
v 0.001191 -0.033166 -0.006441
v 0.002346 -0.033166 -0.006132
v 0.003429 -0.033166 -0.005626
v 0.004408 -0.033166 -0.004939
v 0.005254 -0.033166 -0.004093
v 0.005939 -0.033166 -0.003112
v 0.006445 -0.033166 -0.002027
v 0.006754 -0.033166 -0.000871
v 0.006858 -0.033166 0.000321
v 0.006816 -0.033607 0.001525
v 0.006504 -0.033607 0.002691
v 0.005994 -0.033607 0.003786
v 0.005302 -0.033607 0.004776
v 0.004449 -0.033607 0.005630
v 0.003460 -0.033607 0.006323
v 0.002367 -0.033607 0.006833
v 0.001202 -0.033607 0.007146
v 0.000000 -0.033607 0.007251
v -0.001202 -0.033607 0.007146
v -0.002367 -0.033607 0.006833
v -0.003460 -0.033607 0.006323
v -0.004449 -0.033607 0.005630
v -0.005302 -0.033607 0.004776
v -0.005994 -0.033607 0.003786
v -0.006504 -0.033607 0.002691
v -0.006816 -0.033607 0.001525
v -0.006921 -0.033607 0.000321
v -0.006816 -0.033607 -0.000882
v -0.006504 -0.033607 -0.002049
v -0.005994 -0.033607 -0.003144
v -0.005302 -0.033607 -0.004133
v -0.004449 -0.033607 -0.004987
v -0.003460 -0.033607 -0.005680
v -0.002367 -0.033607 -0.006191
v -0.001202 -0.033607 -0.006503
v 0.000000 -0.033607 -0.006609
v 0.001202 -0.033607 -0.006503
v 0.002367 -0.033607 -0.006191
v 0.003460 -0.033607 -0.005680
v 0.004449 -0.033607 -0.004987
v 0.005302 -0.033607 -0.004133
v 0.005994 -0.033607 -0.003144
v 0.006504 -0.033607 -0.002049
v 0.006816 -0.033607 -0.000882
v 0.006921 -0.033607 0.000321
v 0.006903 -0.034015 0.001540
v 0.006587 -0.034015 0.002722
v 0.006070 -0.034015 0.003830
v 0.005369 -0.034015 0.004833
v 0.004505 -0.034015 0.005698
v 0.003505 -0.034015 0.006399
v 0.002397 -0.034015 0.006916
v 0.001217 -0.034015 0.007233
v 0.000000 -0.034015 0.007340
v -0.001217 -0.034015 0.007233
v -0.002397 -0.034015 0.006916
v -0.003505 -0.034015 0.006399
v -0.004505 -0.034015 0.005698
v -0.005369 -0.034015 0.004833
v -0.006070 -0.034015 0.003830
v -0.006587 -0.034015 0.002722
v -0.006903 -0.034015 0.001540
v -0.007009 -0.034015 0.000321
v -0.006903 -0.034015 -0.000897
v -0.006587 -0.034015 -0.002079
v -0.006070 -0.034015 -0.003188
v -0.005369 -0.034015 -0.004190
v -0.004505 -0.034015 -0.005055
v -0.003505 -0.034015 -0.005757
v -0.002397 -0.034015 -0.006274
v -0.001217 -0.034015 -0.006590
v 0.000000 -0.034015 -0.006697
v 0.001217 -0.034015 -0.006590
v 0.002397 -0.034015 -0.006274
v 0.003505 -0.034015 -0.005757
v 0.004505 -0.034015 -0.005055
v 0.005369 -0.034015 -0.004190
v 0.006070 -0.034015 -0.003188
v 0.006587 -0.034015 -0.002079
v 0.006903 -0.034015 -0.000897
v 0.007009 -0.034015 0.000321
v 0.007013 -0.034380 0.001559
v 0.006691 -0.034380 0.002760
v 0.006167 -0.034380 0.003886
v 0.005455 -0.034380 0.004904
v 0.004577 -0.034380 0.005783
v 0.003560 -0.034380 0.006496
v 0.002435 -0.034380 0.007021
v 0.001236 -0.034380 0.007343
v 0.000000 -0.034380 0.007451
v -0.001236 -0.034380 0.007343
v -0.002435 -0.034380 0.007021
v -0.003560 -0.034380 0.006496
v -0.004577 -0.034380 0.005783
v -0.005455 -0.034380 0.004904
v -0.006167 -0.034380 0.003886
v -0.006691 -0.034380 0.002760
v -0.007013 -0.034380 0.001559
v -0.007121 -0.034380 0.000321
v -0.007013 -0.034380 -0.000917
v -0.006691 -0.034380 -0.002117
v -0.006167 -0.034380 -0.003244
v -0.005455 -0.034380 -0.004262
v -0.004577 -0.034380 -0.005141
v -0.003560 -0.034380 -0.005853
v -0.002435 -0.034380 -0.006379
v -0.001236 -0.034380 -0.006700
v 0.000000 -0.034380 -0.006809
v 0.001236 -0.034380 -0.006700
v 0.002435 -0.034380 -0.006379
v 0.003560 -0.034380 -0.005853
v 0.004577 -0.034380 -0.005141
v 0.005455 -0.034380 -0.004262
v 0.006167 -0.034380 -0.003244
v 0.006691 -0.034380 -0.002117
v 0.007013 -0.034380 -0.000917
v 0.007121 -0.034380 0.000321
v 0.007142 -0.034693 0.001582
v 0.006815 -0.034693 0.002805
v 0.006281 -0.034693 0.003952
v 0.005556 -0.034693 0.004989
v 0.004662 -0.034693 0.005884
v 0.003626 -0.034693 0.006610
v 0.002481 -0.034693 0.007145
v 0.001259 -0.034693 0.007473
v 0.000000 -0.034693 0.007583
v -0.001259 -0.034693 0.007473
v -0.002481 -0.034693 0.007145
v -0.003626 -0.034693 0.006610
v -0.004662 -0.034693 0.005884
v -0.005556 -0.034693 0.004989
v -0.006281 -0.034693 0.003952
v -0.006815 -0.034693 0.002805
v -0.007142 -0.034693 0.001582
v -0.007253 -0.034693 0.000321
v -0.007142 -0.034693 -0.000940
v -0.006815 -0.034693 -0.002162
v -0.006281 -0.034693 -0.003310
v -0.005556 -0.034693 -0.004347
v -0.004662 -0.034693 -0.005242
v -0.003626 -0.034693 -0.005968
v -0.002481 -0.034693 -0.006503
v -0.001259 -0.034693 -0.006830
v 0.000000 -0.034693 -0.006941
v 0.001259 -0.034693 -0.006830
v 0.002481 -0.034693 -0.006503
v 0.003626 -0.034693 -0.005968
v 0.004662 -0.034693 -0.005242
v 0.005556 -0.034693 -0.004347
v 0.006281 -0.034693 -0.003310
v 0.006815 -0.034693 -0.002162
v 0.007142 -0.034693 -0.000940
v 0.007253 -0.034693 0.000321
v 0.007289 -0.034945 0.001608
v 0.006955 -0.034945 0.002856
v 0.006410 -0.034945 0.004027
v 0.005670 -0.034945 0.005085
v 0.004758 -0.034945 0.005998
v 0.003701 -0.034945 0.006739
v 0.002531 -0.034945 0.007285
v 0.001285 -0.034945 0.007620
v 0.000000 -0.034945 0.007732
v -0.001285 -0.034945 0.007620
v -0.002531 -0.034945 0.007285
v -0.003701 -0.034945 0.006739
v -0.004758 -0.034945 0.005998
v -0.005670 -0.034945 0.005085
v -0.006410 -0.034945 0.004027
v -0.006955 -0.034945 0.002856
v -0.007289 -0.034945 0.001608
v -0.007401 -0.034945 0.000321
v -0.007289 -0.034945 -0.000966
v -0.006955 -0.034945 -0.002213
v -0.006410 -0.034945 -0.003384
v -0.005670 -0.034945 -0.004442
v -0.004758 -0.034945 -0.005356
v -0.003701 -0.034945 -0.006097
v -0.002531 -0.034945 -0.006643
v -0.001285 -0.034945 -0.006977
v 0.000000 -0.034945 -0.007090
v 0.001285 -0.034945 -0.006977
v 0.002531 -0.034945 -0.006643
v 0.003701 -0.034945 -0.006097
v 0.004758 -0.034945 -0.005356
v 0.005670 -0.034945 -0.004442
v 0.006410 -0.034945 -0.003384
v 0.006955 -0.034945 -0.002213
v 0.007289 -0.034945 -0.000966
v 0.007401 -0.034945 0.000321
v 0.007448 -0.035129 0.001636
v 0.007107 -0.035129 0.002911
v 0.006550 -0.035129 0.004108
v 0.005794 -0.035129 0.005189
v 0.004862 -0.035129 0.006123
v 0.003782 -0.035129 0.006880
v 0.002587 -0.035129 0.007438
v 0.001313 -0.035129 0.007779
v 0.000000 -0.035129 0.007894
v -0.001313 -0.035129 0.007779
v -0.002587 -0.035129 0.007438
v -0.003782 -0.035129 0.006880
v -0.004862 -0.035129 0.006123
v -0.005794 -0.035129 0.005189
v -0.006550 -0.035129 0.004108
v -0.007107 -0.035129 0.002911
v -0.007448 -0.035129 0.001636
v -0.007563 -0.035129 0.000321
v -0.007448 -0.035129 -0.000994
v -0.007107 -0.035129 -0.002269
v -0.006550 -0.035129 -0.003465
v -0.005794 -0.035129 -0.004547
v -0.004862 -0.035129 -0.005480
v -0.003782 -0.035129 -0.006237
v -0.002587 -0.035129 -0.006795
v -0.001313 -0.035129 -0.007137
v 0.000000 -0.035129 -0.007252
v 0.001313 -0.035129 -0.007137
v 0.002587 -0.035129 -0.006795
v 0.003782 -0.035129 -0.006237
v 0.004862 -0.035129 -0.005480
v 0.005794 -0.035129 -0.004547
v 0.006550 -0.035129 -0.003465
v 0.007107 -0.035129 -0.002269
v 0.007448 -0.035129 -0.000994
v 0.007563 -0.035129 0.000321
v 0.007617 -0.035242 0.001666
v 0.007268 -0.035242 0.002970
v 0.006698 -0.035242 0.004193
v 0.005925 -0.035242 0.005299
v 0.004971 -0.035242 0.006254
v 0.003867 -0.035242 0.007028
v 0.002645 -0.035242 0.007598
v 0.001343 -0.035242 0.007948
v 0.000000 -0.035242 0.008065
v -0.001343 -0.035242 0.007948
v -0.002645 -0.035242 0.007598
v -0.003867 -0.035242 0.007028
v -0.004971 -0.035242 0.006254
v -0.005925 -0.035242 0.005299
v -0.006698 -0.035242 0.004193
v -0.007268 -0.035242 0.002970
v -0.007617 -0.035242 0.001666
v -0.007734 -0.035242 0.000321
v -0.007617 -0.035242 -0.001023
v -0.007268 -0.035242 -0.002327
v -0.006698 -0.035242 -0.003551
v -0.005925 -0.035242 -0.004657
v -0.004971 -0.035242 -0.005611
v -0.003867 -0.035242 -0.006385
v -0.002645 -0.035242 -0.006956
v -0.001343 -0.035242 -0.007305
v 0.000000 -0.035242 -0.007423
v 0.001343 -0.035242 -0.007305
v 0.002645 -0.035242 -0.006956
v 0.003867 -0.035242 -0.006385
v 0.004971 -0.035242 -0.005611
v 0.005925 -0.035242 -0.004657
v 0.006698 -0.035242 -0.003551
v 0.007268 -0.035242 -0.002327
v 0.007617 -0.035242 -0.001023
v 0.007734 -0.035242 0.000321
v 0.004930 -0.011760 -0.021617
v 0.004855 -0.011760 -0.020760
v 0.004633 -0.011760 -0.019929
v 0.004269 -0.011760 -0.019149
v 0.003777 -0.011760 -0.018445
v 0.003169 -0.011760 -0.017836
v 0.002465 -0.011760 -0.017343
v 0.001686 -0.011760 -0.016979
v 0.000856 -0.011760 -0.016756
v 0.000000 -0.011760 -0.016681
v -0.000856 -0.011760 -0.016756
v -0.001686 -0.011760 -0.016979
v -0.002465 -0.011760 -0.017343
v -0.003169 -0.011760 -0.017836
v -0.003777 -0.011760 -0.018445
v -0.004269 -0.011760 -0.019149
v -0.004633 -0.011760 -0.019929
v -0.004855 -0.011760 -0.020760
v -0.004930 -0.011760 -0.021617
v -0.004855 -0.011760 -0.022475
v -0.004633 -0.011760 -0.023306
v -0.004269 -0.011760 -0.024086
v -0.003777 -0.011760 -0.024790
v -0.003169 -0.011760 -0.025399
v -0.002465 -0.011760 -0.025892
v -0.001686 -0.011760 -0.026256
v -0.000856 -0.011760 -0.026479
v 0.000000 -0.011760 -0.026554
v 0.000856 -0.011760 -0.026479
v 0.001686 -0.011760 -0.026256
v 0.002465 -0.011760 -0.025892
v 0.003169 -0.011760 -0.025399
v 0.003777 -0.011760 -0.024790
v 0.004269 -0.011760 -0.024086
v 0.004633 -0.011760 -0.023306
v 0.004855 -0.011760 -0.022475
v 0.008236 -0.011760 -0.018616
v 0.007590 -0.011760 -0.017230
v 0.006714 -0.011760 -0.015977
v 0.005634 -0.011760 -0.014895
v 0.004382 -0.011760 -0.014018
v 0.002998 -0.011760 -0.013371
v 0.001522 -0.011760 -0.012975
v 0.000000 -0.011760 -0.012842
v -0.001522 -0.011760 -0.012975
v -0.002998 -0.011760 -0.013371
v -0.004382 -0.011760 -0.014018
v -0.005634 -0.011760 -0.014895
v -0.006714 -0.011760 -0.015977
v -0.007590 -0.011760 -0.017230
v -0.008236 -0.011760 -0.018616
v -0.008631 -0.011760 -0.020094
v -0.008764 -0.011760 -0.021617
v -0.008631 -0.011760 -0.023141
v -0.008236 -0.011760 -0.024619
v -0.007590 -0.011760 -0.026005
v -0.006714 -0.011760 -0.027258
v -0.005634 -0.011760 -0.028340
v -0.004382 -0.011760 -0.029217
v -0.002998 -0.011760 -0.029864
v -0.001522 -0.011760 -0.030260
v 0.000000 -0.011760 -0.030393
v 0.001522 -0.011760 -0.030260
v 0.002998 -0.011760 -0.029864
v 0.004382 -0.011760 -0.029217
v 0.005634 -0.011760 -0.028340
v 0.006714 -0.011760 -0.027258
v 0.007590 -0.011760 -0.026005
v 0.008236 -0.011760 -0.024619
v 0.008631 -0.011760 -0.023141
v 0.008764 -0.011760 -0.021617
v 0.008631 -0.011760 -0.020094
v 0.008764 -0.035133 -0.021617
v 0.008631 -0.035133 -0.020094
v 0.008236 -0.035133 -0.018616
v 0.007590 -0.035133 -0.017230
v 0.006714 -0.035133 -0.015977
v 0.005634 -0.035133 -0.014895
v 0.004382 -0.035133 -0.014018
v 0.002998 -0.035133 -0.013371
v 0.001522 -0.035133 -0.012975
v 0.000000 -0.035133 -0.012842
v -0.001522 -0.035133 -0.012975
v -0.002998 -0.035133 -0.013371
v -0.004382 -0.035133 -0.014018
v -0.005634 -0.035133 -0.014895
v -0.006714 -0.035133 -0.015977
v -0.007590 -0.035133 -0.017230
v -0.008236 -0.035133 -0.018616
v -0.008631 -0.035133 -0.020094
v -0.008764 -0.035133 -0.021617
v -0.008631 -0.035133 -0.023141
v -0.008236 -0.035133 -0.024619
v -0.007590 -0.035133 -0.026005
v -0.006714 -0.035133 -0.027258
v -0.005634 -0.035133 -0.028340
v -0.004382 -0.035133 -0.029217
v -0.002998 -0.035133 -0.029864
v -0.001522 -0.035133 -0.030260
v 0.000000 -0.035133 -0.030393
v 0.001522 -0.035133 -0.030260
v 0.002998 -0.035133 -0.029864
v 0.004382 -0.035133 -0.029217
v 0.005634 -0.035133 -0.028340
v 0.006714 -0.035133 -0.027258
v 0.007590 -0.035133 -0.026005
v 0.008236 -0.035133 -0.024619
v 0.008631 -0.035133 -0.023141
v 0.026840 -0.011760 0.000321
v 0.026766 -0.011760 0.001178
v 0.026543 -0.011760 0.002010
v 0.026180 -0.011760 0.002789
v 0.025687 -0.011760 0.003494
v 0.025079 -0.011760 0.004103
v 0.024376 -0.011760 0.004596
v 0.023597 -0.011760 0.004960
v 0.022767 -0.011760 0.005183
v 0.021911 -0.011760 0.005258
v 0.021055 -0.011760 0.005183
v 0.020224 -0.011760 0.004960
v 0.019446 -0.011760 0.004596
v 0.018742 -0.011760 0.004103
v 0.018134 -0.011760 0.003494
v 0.017641 -0.011760 0.002789
v 0.017278 -0.011760 0.002010
v 0.017056 -0.011760 0.001178
v 0.016981 -0.011760 0.000321
v 0.017056 -0.011760 -0.000536
v 0.017278 -0.011760 -0.001367
v 0.017641 -0.011760 -0.002147
v 0.018134 -0.011760 -0.002852
v 0.018742 -0.011760 -0.003460
v 0.019446 -0.011760 -0.003954
v 0.020224 -0.011760 -0.004317
v 0.021055 -0.011760 -0.004540
v 0.021911 -0.011760 -0.004615
v 0.022767 -0.011760 -0.004540
v 0.023597 -0.011760 -0.004317
v 0.024376 -0.011760 -0.003954
v 0.025079 -0.011760 -0.003460
v 0.025687 -0.011760 -0.002852
v 0.026180 -0.011760 -0.002147
v 0.026543 -0.011760 -0.001367
v 0.026766 -0.011760 -0.000536
v 0.028624 -0.011760 0.005962
v 0.027544 -0.011760 0.007044
v 0.026293 -0.011760 0.007921
v 0.024908 -0.011760 0.008568
v 0.023432 -0.011760 0.008963
v 0.021911 -0.011760 0.009097
v 0.020389 -0.011760 0.008963
v 0.018913 -0.011760 0.008568
v 0.017528 -0.011760 0.007921
v 0.016277 -0.011760 0.007044
v 0.015197 -0.011760 0.005962
v 0.014321 -0.011760 0.004709
v 0.013675 -0.011760 0.003323
v 0.013280 -0.011760 0.001845
v 0.013146 -0.011760 0.000321
v 0.013280 -0.011760 -0.001203
v 0.013675 -0.011760 -0.002680
v 0.014321 -0.011760 -0.004066
v 0.015197 -0.011760 -0.005319
v 0.016277 -0.011760 -0.006401
v 0.017528 -0.011760 -0.007279
v 0.018913 -0.011760 -0.007925
v 0.020389 -0.011760 -0.008321
v 0.021911 -0.011760 -0.008454
v 0.023432 -0.011760 -0.008321
v 0.024908 -0.011760 -0.007925
v 0.026293 -0.011760 -0.007279
v 0.027544 -0.011760 -0.006401
v 0.028624 -0.011760 -0.005319
v 0.029501 -0.011760 -0.004066
v 0.030146 -0.011760 -0.002680
v 0.030542 -0.011760 -0.001203
v 0.030675 -0.011760 0.000321
v 0.030542 -0.011760 0.001845
v 0.030146 -0.011760 0.003323
v 0.029501 -0.011760 0.004709
v 0.030675 -0.035133 0.000321
v 0.030542 -0.035133 0.001845
v 0.030146 -0.035133 0.003323
v 0.029501 -0.035133 0.004709
v 0.028624 -0.035133 0.005962
v 0.027544 -0.035133 0.007044
v 0.026293 -0.035133 0.007921
v 0.024908 -0.035133 0.008568
v 0.023432 -0.035133 0.008963
v 0.021911 -0.035133 0.009097
v 0.020389 -0.035133 0.008963
v 0.018913 -0.035133 0.008568
v 0.017528 -0.035133 0.007921
v 0.016277 -0.035133 0.007044
v 0.015197 -0.035133 0.005962
v 0.014321 -0.035133 0.004709
v 0.013675 -0.035133 0.003323
v 0.013280 -0.035133 0.001845
v 0.013146 -0.035133 0.000321
v 0.013280 -0.035133 -0.001203
v 0.013675 -0.035133 -0.002680
v 0.014321 -0.035133 -0.004066
v 0.015197 -0.035133 -0.005320
v 0.016277 -0.035133 -0.006401
v 0.017528 -0.035133 -0.007279
v 0.018913 -0.035133 -0.007925
v 0.020389 -0.035133 -0.008321
v 0.021911 -0.035133 -0.008454
v 0.023432 -0.035133 -0.008321
v 0.024908 -0.035133 -0.007925
v 0.026293 -0.035133 -0.007279
v 0.027544 -0.035133 -0.006401
v 0.028624 -0.035133 -0.005320
v 0.029501 -0.035133 -0.004066
v 0.030146 -0.035133 -0.002680
v 0.030542 -0.035133 -0.001203
v 0.004930 -0.011760 0.022260
v 0.004855 -0.011760 0.023117
v 0.004633 -0.011760 0.023948
v 0.004269 -0.011760 0.024728
v 0.003777 -0.011760 0.025433
v 0.003169 -0.011760 0.026041
v 0.002465 -0.011760 0.026535
v 0.001686 -0.011760 0.026899
v 0.000856 -0.011760 0.027121
v 0.000000 -0.011760 0.027196
v -0.000856 -0.011760 0.027121
v -0.001686 -0.011760 0.026899
v -0.002465 -0.011760 0.026535
v -0.003169 -0.011760 0.026041
v -0.003777 -0.011760 0.025433
v -0.004269 -0.011760 0.024728
v -0.004633 -0.011760 0.023948
v -0.004855 -0.011760 0.023117
v -0.004930 -0.011760 0.022260
v -0.004855 -0.011760 0.021403
v -0.004633 -0.011760 0.020572
v -0.004269 -0.011760 0.019792
v -0.003777 -0.011760 0.019087
v -0.003169 -0.011760 0.018479
v -0.002465 -0.011760 0.017985
v -0.001686 -0.011760 0.017622
v -0.000856 -0.011760 0.017399
v 0.000000 -0.011760 0.017324
v 0.000856 -0.011760 0.017399
v 0.001686 -0.011760 0.017622
v 0.002465 -0.011760 0.017985
v 0.003169 -0.011760 0.018479
v 0.003777 -0.011760 0.019087
v 0.004269 -0.011760 0.019792
v 0.004633 -0.011760 0.020572
v 0.004855 -0.011760 0.021403
v 0.008236 -0.011760 0.025261
v 0.007590 -0.011760 0.026648
v 0.006714 -0.011760 0.027901
v 0.005634 -0.011760 0.028982
v 0.004382 -0.011760 0.029860
v 0.002998 -0.011760 0.030506
v 0.001522 -0.011760 0.030902
v 0.000000 -0.011760 0.031036
v -0.001522 -0.011760 0.030902
v -0.002998 -0.011760 0.030506
v -0.004382 -0.011760 0.029860
v -0.005634 -0.011760 0.028982
v -0.006714 -0.011760 0.027901
v -0.007590 -0.011760 0.026648
v -0.008236 -0.011760 0.025261
v -0.008631 -0.011760 0.023784
v -0.008764 -0.011760 0.022260
v -0.008631 -0.011760 0.020736
v -0.008236 -0.011760 0.019259
v -0.007590 -0.011760 0.017872
v -0.006714 -0.011760 0.016619
v -0.005634 -0.011760 0.015538
v -0.004382 -0.011760 0.014660
v -0.002998 -0.011760 0.014014
v -0.001522 -0.011760 0.013618
v 0.000000 -0.011760 0.013485
v 0.001522 -0.011760 0.013618
v 0.002998 -0.011760 0.014014
v 0.004382 -0.011760 0.014660
v 0.005634 -0.011760 0.015538
v 0.006714 -0.011760 0.016619
v 0.007590 -0.011760 0.017872
v 0.008236 -0.011760 0.019259
v 0.008631 -0.011760 0.020736
v 0.008764 -0.011760 0.022260
v 0.008631 -0.011760 0.023784
v 0.008764 -0.035133 0.022260
v 0.008631 -0.035133 0.023784
v 0.008236 -0.035133 0.025261
v 0.007590 -0.035133 0.026648
v 0.006714 -0.035133 0.027901
v 0.005634 -0.035133 0.028982
v 0.004382 -0.035133 0.029860
v 0.002998 -0.035133 0.030506
v 0.001522 -0.035133 0.030902
v 0.000000 -0.035133 0.031036
v -0.001522 -0.035133 0.030902
v -0.002998 -0.035133 0.030506
v -0.004382 -0.035133 0.029860
v -0.005634 -0.035133 0.028982
v -0.006714 -0.035133 0.027901
v -0.007590 -0.035133 0.026648
v -0.008236 -0.035133 0.025261
v -0.008631 -0.035133 0.023784
v -0.008764 -0.035133 0.022260
v -0.008631 -0.035133 0.020736
v -0.008236 -0.035133 0.019259
v -0.007590 -0.035133 0.017872
v -0.006714 -0.035133 0.016619
v -0.005634 -0.035133 0.015538
v -0.004382 -0.035133 0.014660
v -0.002998 -0.035133 0.014014
v -0.001522 -0.035133 0.013618
v 0.000000 -0.035133 0.013485
v 0.001522 -0.035133 0.013618
v 0.002998 -0.035133 0.014014
v 0.004382 -0.035133 0.014660
v 0.005634 -0.035133 0.015538
v 0.006714 -0.035133 0.016619
v 0.007590 -0.035133 0.017872
v 0.008236 -0.035133 0.019259
v 0.008631 -0.035133 0.020736
v -0.016981 -0.011760 0.000321
v -0.017056 -0.011760 0.001178
v -0.017278 -0.011760 0.002010
v -0.017641 -0.011760 0.002789
v -0.018134 -0.011760 0.003494
v -0.018742 -0.011760 0.004103
v -0.019446 -0.011760 0.004596
v -0.020224 -0.011760 0.004960
v -0.021055 -0.011760 0.005183
v -0.021911 -0.011760 0.005258
v -0.022767 -0.011760 0.005183
v -0.023597 -0.011760 0.004960
v -0.024376 -0.011760 0.004596
v -0.025079 -0.011760 0.004103
v -0.025687 -0.011760 0.003494
v -0.026180 -0.011760 0.002789
v -0.026543 -0.011760 0.002010
v -0.026766 -0.011760 0.001178
v -0.026840 -0.011760 0.000321
v -0.026766 -0.011760 -0.000536
v -0.026543 -0.011760 -0.001367
v -0.026180 -0.011760 -0.002147
v -0.025687 -0.011760 -0.002852
v -0.025079 -0.011760 -0.003460
v -0.024376 -0.011760 -0.003954
v -0.023597 -0.011760 -0.004317
v -0.022767 -0.011760 -0.004540
v -0.021911 -0.011760 -0.004615
v -0.021055 -0.011760 -0.004540
v -0.020224 -0.011760 -0.004317
v -0.019446 -0.011760 -0.003954
v -0.018742 -0.011760 -0.003460
v -0.018134 -0.011760 -0.002852
v -0.017641 -0.011760 -0.002147
v -0.017278 -0.011760 -0.001367
v -0.017056 -0.011760 -0.000536
v -0.013675 -0.011760 0.003323
v -0.014321 -0.011760 0.004709
v -0.015197 -0.011760 0.005962
v -0.016277 -0.011760 0.007044
v -0.017528 -0.011760 0.007921
v -0.018913 -0.011760 0.008568
v -0.020389 -0.011760 0.008963
v -0.021911 -0.011760 0.009097
v -0.023432 -0.011760 0.008963
v -0.024908 -0.011760 0.008568
v -0.026293 -0.011760 0.007921
v -0.027544 -0.011760 0.007044
v -0.028624 -0.011760 0.005962
v -0.029501 -0.011760 0.004709
v -0.030146 -0.011760 0.003323
v -0.030542 -0.011760 0.001845
v -0.030675 -0.011760 0.000321
v -0.030542 -0.011760 -0.001203
v -0.030146 -0.011760 -0.002680
v -0.029501 -0.011760 -0.004066
v -0.028624 -0.011760 -0.005319
v -0.027544 -0.011760 -0.006401
v -0.026293 -0.011760 -0.007279
v -0.024908 -0.011760 -0.007925
v -0.023432 -0.011760 -0.008321
v -0.021911 -0.011760 -0.008454
v -0.020389 -0.011760 -0.008321
v -0.018913 -0.011760 -0.007925
v -0.017528 -0.011760 -0.007279
v -0.016277 -0.011760 -0.006401
v -0.015197 -0.011760 -0.005319
v -0.014321 -0.011760 -0.004066
v -0.013675 -0.011760 -0.002680
v -0.013280 -0.011760 -0.001203
v -0.013146 -0.011760 0.000321
v -0.013280 -0.011760 0.001845
v -0.013146 -0.035133 0.000321
v -0.013280 -0.035133 0.001845
v -0.013675 -0.035133 0.003323
v -0.014321 -0.035133 0.004709
v -0.015197 -0.035133 0.005962
v -0.016277 -0.035133 0.007044
v -0.017528 -0.035133 0.007921
v -0.018913 -0.035133 0.008568
v -0.020389 -0.035133 0.008963
v -0.021911 -0.035133 0.009097
v -0.023432 -0.035133 0.008963
v -0.024908 -0.035133 0.008568
v -0.026293 -0.035133 0.007921
v -0.027544 -0.035133 0.007044
v -0.028624 -0.035133 0.005962
v -0.029501 -0.035133 0.004709
v -0.030146 -0.035133 0.003323
v -0.030542 -0.035133 0.001845
v -0.030675 -0.035133 0.000321
v -0.030542 -0.035133 -0.001203
v -0.030146 -0.035133 -0.002680
v -0.029501 -0.035133 -0.004066
v -0.028624 -0.035133 -0.005320
v -0.027544 -0.035133 -0.006401
v -0.026293 -0.035133 -0.007279
v -0.024908 -0.035133 -0.007925
v -0.023432 -0.035133 -0.008321
v -0.021911 -0.035133 -0.008454
v -0.020389 -0.035133 -0.008321
v -0.018913 -0.035133 -0.007925
v -0.017528 -0.035133 -0.007279
v -0.016277 -0.035133 -0.006401
v -0.015197 -0.035133 -0.005320
v -0.014321 -0.035133 -0.004066
v -0.013675 -0.035133 -0.002680
v -0.013280 -0.035133 -0.001203
v -0.128093 0.118422 -0.189723
v -0.128099 0.118559 -0.189906
v -0.134614 0.118455 -0.185197
v -0.125946 0.129639 -0.196231
v -0.140724 0.118271 -0.180307
v -0.134027 0.117815 -0.184388
v -0.139816 0.117768 -0.179885
v -0.143412 0.121163 -0.180949
v -0.143253 0.120941 -0.180933
v -0.135687 0.120936 -0.186675
v -0.142147 0.119571 -0.180748
v -0.135171 0.119504 -0.185965
v -0.142037 0.119451 -0.180722
v -0.140928 0.118422 -0.180386
v -0.136858 0.127144 -0.188290
v -0.146532 0.126703 -0.180744
v -0.136540 0.124803 -0.187852
v -0.145609 0.124814 -0.180911
v -0.144981 0.123654 -0.180972
v -0.147773 0.129639 -0.180353
v -0.146733 0.127146 -0.180694
v -0.126592 0.127146 -0.195347
v -0.127584 0.122730 -0.193254
v -0.136147 0.122717 -0.187309
v -0.144440 0.122731 -0.180992
v -0.127362 0.123823 -0.193852
v -0.127146 0.124813 -0.194342
v -0.126701 0.126703 -0.195170
v -0.127894 0.120941 -0.192105
v -0.127860 0.121163 -0.192263
v -0.127812 0.121465 -0.192469
v -0.128054 0.119642 -0.191061
v -0.128070 0.119452 -0.190884
v -0.127830 0.117623 -0.187906
v -0.127967 0.117780 -0.188544
v -0.127983 0.117816 -0.188639
v -0.128005 0.117873 -0.188778
v -0.126810 -0.126001 -0.194942
v -0.126582 -0.126952 -0.195325
v -0.125388 -0.108815 -0.193689
v -0.125935 -0.129488 -0.196216
v -0.126379 0.113100 -0.193265
v -0.127440 0.113757 -0.191432
v -0.127736 0.114250 -0.190421
v -0.127823 0.115499 -0.188342
v -0.127610 0.116223 -0.187330
v -0.127233 0.116988 -0.186370
v -0.125939 0.093871 -0.184587
v -0.127865 0.114836 -0.189382
v -0.126983 0.113370 -0.192389
v -0.125643 0.112953 -0.194038
v -0.127138 -0.124563 -0.194306
v -0.127574 -0.122436 -0.193207
v -0.127239 -0.124100 -0.194085
v -0.126124 -0.108957 -0.192916
v -0.127881 -0.120610 -0.192049
v -0.127710 -0.121683 -0.192759
v -0.126728 -0.109217 -0.192039
v -0.128012 -0.119549 -0.191227
v -0.127987 -0.119789 -0.191426
v -0.127184 -0.109590 -0.191081
v -0.128048 -0.119132 -0.190857
v -0.128070 -0.118053 -0.189669
v -0.128079 -0.118419 -0.190123
v -0.127479 -0.110065 -0.190068
v -0.128025 -0.117672 -0.189085
v -0.127607 -0.110629 -0.189027
v -0.124930 0.070475 -0.183197
v -0.124209 0.046816 -0.182204
v -0.123779 0.022911 -0.181611
v -0.123644 -0.001226 -0.181425
v -0.123733 -0.018556 -0.181547
v -0.124106 -0.042347 -0.182062
v -0.124771 -0.065981 -0.182977
v -0.125725 -0.089440 -0.184292
v -0.126970 -0.112703 -0.186008
v -0.127349 -0.111966 -0.186970
v -0.126112 -0.088854 -0.185266
v -0.125164 -0.065549 -0.183960
v -0.124504 -0.042070 -0.183051
v -0.124133 -0.018435 -0.182540
v -0.124045 -0.001218 -0.182419
v -0.124179 0.022761 -0.182604
v -0.124606 0.046510 -0.183193
v -0.125323 0.070014 -0.184179
v -0.126324 0.093258 -0.185558
v -0.127563 -0.111269 -0.187985
v -0.126333 -0.088301 -0.186293
v -0.125391 -0.065141 -0.184996
v -0.124736 -0.041808 -0.184093
v -0.124367 -0.018320 -0.183585
v -0.124279 -0.001210 -0.183466
v -0.124412 0.022619 -0.183649
v -0.124837 0.046220 -0.184233
v -0.125549 0.069578 -0.185213
v -0.126545 0.092676 -0.186583
v -0.126384 -0.087793 -0.187345
v -0.125447 -0.064766 -0.186057
v -0.124795 -0.041567 -0.185160
v -0.124428 -0.018214 -0.184655
v -0.124341 -0.001203 -0.184536
v -0.124473 0.022489 -0.184718
v -0.124896 0.045954 -0.185299
v -0.125604 0.069177 -0.186273
v -0.126594 0.092144 -0.187634
v -0.126262 -0.087345 -0.188396
v -0.125329 -0.064435 -0.187114
v -0.124680 -0.041355 -0.186223
v -0.124314 -0.018121 -0.185721
v -0.124228 -0.001197 -0.185602
v -0.124360 0.022374 -0.185783
v -0.124781 0.045719 -0.186361
v -0.125485 0.068824 -0.187329
v -0.126471 0.091673 -0.188683
v -0.125970 -0.086968 -0.189416
v -0.125041 -0.064157 -0.188141
v -0.124394 -0.041176 -0.187253
v -0.124030 -0.018043 -0.186754
v -0.123944 -0.001192 -0.186636
v -0.124075 0.022277 -0.186816
v -0.124494 0.045522 -0.187391
v -0.125197 0.068527 -0.188355
v -0.126179 0.091278 -0.189702
v -0.125518 -0.086673 -0.190380
v -0.124590 -0.063939 -0.189109
v -0.123945 -0.041037 -0.188225
v -0.123581 -0.017982 -0.187727
v -0.123496 -0.001188 -0.187610
v -0.123627 0.022202 -0.187789
v -0.124045 0.045367 -0.188362
v -0.124746 0.068294 -0.189322
v -0.125726 0.090968 -0.190665
v -0.124915 -0.086466 -0.191261
v -0.123989 -0.063787 -0.189994
v -0.123344 -0.040939 -0.189112
v -0.122981 -0.017939 -0.188615
v -0.122896 -0.001185 -0.188498
v -0.123026 0.022149 -0.188677
v -0.123444 0.045260 -0.189248
v -0.124144 0.068132 -0.190206
v -0.125123 0.090751 -0.191545
v -0.124179 -0.086354 -0.192037
v -0.123253 -0.063705 -0.190771
v -0.122608 -0.040887 -0.189889
v -0.122245 -0.017916 -0.189394
v -0.122160 -0.001183 -0.189277
v -0.122290 0.022121 -0.189455
v -0.122708 0.045201 -0.190026
v -0.123408 0.068044 -0.190983
v -0.124386 0.090634 -0.192320
v -0.145539 0.108954 -0.179047
v -0.146909 -0.127395 -0.180626
v -0.146740 -0.127007 -0.180671
v -0.145907 -0.114925 -0.179558
v -0.145630 -0.124669 -0.180886
v -0.145578 -0.124565 -0.180893
v -0.144946 -0.115074 -0.180020
v -0.142105 -0.119228 -0.180714
v -0.142015 -0.119128 -0.180693
v -0.141827 -0.116245 -0.180436
v -0.138526 -0.094716 -0.178082
v -0.137622 -0.095309 -0.177556
v -0.139450 0.111411 -0.179356
v -0.136818 -0.095937 -0.176890
v -0.143318 -0.120773 -0.180915
v -0.143204 -0.120613 -0.180903
v -0.142878 -0.115743 -0.180465
v -0.142381 -0.119549 -0.180773
v -0.145335 -0.124100 -0.180920
v -0.144482 -0.122577 -0.180968
v -0.143927 -0.115350 -0.180325
v -0.143859 -0.121573 -0.180957
v -0.147762 -0.129488 -0.180337
v -0.144577 0.109096 -0.179509
v -0.143558 0.109357 -0.179813
v -0.142507 0.109730 -0.179951
v -0.140426 0.110771 -0.179720
v -0.135785 -0.072559 -0.175465
v -0.135038 -0.048913 -0.174436
v -0.134582 -0.025016 -0.173807
v -0.134421 -0.000883 -0.173585
v -0.134511 0.018693 -0.173709
v -0.134886 0.042478 -0.174226
v -0.135552 0.066112 -0.175144
v -0.136507 0.089574 -0.176461
v -0.137755 0.112846 -0.178181
v -0.138551 0.112109 -0.178838
v -0.137313 0.088988 -0.177130
v -0.136364 0.065679 -0.175822
v -0.135703 0.042200 -0.174911
v -0.135330 0.018570 -0.174397
v -0.135241 -0.000877 -0.174274
v -0.135401 -0.024853 -0.174494
v -0.135854 -0.048593 -0.175119
v -0.136595 -0.072084 -0.176141
v -0.138220 0.088434 -0.177659
v -0.137277 0.065270 -0.176359
v -0.136621 0.041937 -0.175453
v -0.136251 0.018454 -0.174942
v -0.136163 -0.000872 -0.174820
v -0.136321 -0.024698 -0.175039
v -0.136771 -0.048290 -0.175660
v -0.137507 -0.071634 -0.176676
v -0.139204 0.087926 -0.178032
v -0.138268 0.064894 -0.176739
v -0.137616 0.041696 -0.175839
v -0.137248 0.018348 -0.175331
v -0.137160 -0.000867 -0.175210
v -0.137318 -0.024555 -0.175427
v -0.137765 -0.048012 -0.176045
v -0.138496 -0.071223 -0.177054
v -0.139508 -0.094171 -0.178453
v -0.140801 -0.116841 -0.180238
v -0.140968 -0.118120 -0.180378
v -0.141454 0.110205 -0.179920
v -0.140239 0.087477 -0.178240
v -0.139309 0.064563 -0.176954
v -0.138661 0.041483 -0.176058
v -0.138295 0.018255 -0.175553
v -0.138208 -0.000863 -0.175432
v -0.138365 -0.024430 -0.175648
v -0.138809 -0.047767 -0.176263
v -0.139536 -0.070859 -0.177267
v -0.140542 -0.093690 -0.178659
v -0.141299 0.087099 -0.178278
v -0.140373 0.064284 -0.176997
v -0.139728 0.041304 -0.176104
v -0.139365 0.018176 -0.175601
v -0.139278 -0.000859 -0.175481
v -0.139434 -0.024325 -0.175696
v -0.139875 -0.047561 -0.176308
v -0.140599 -0.070553 -0.177309
v -0.141600 -0.093286 -0.178695
v -0.142354 0.086803 -0.178145
v -0.141432 0.064066 -0.176867
v -0.140790 0.041164 -0.175977
v -0.140428 0.018114 -0.175475
v -0.140341 -0.000856 -0.175355
v -0.140496 -0.024242 -0.175570
v -0.140936 -0.047399 -0.176180
v -0.141657 -0.070314 -0.177178
v -0.142654 -0.092969 -0.178561
v -0.143377 0.086597 -0.177843
v -0.142458 0.063914 -0.176567
v -0.141817 0.041066 -0.175679
v -0.141456 0.018071 -0.175177
v -0.141370 -0.000854 -0.175058
v -0.141525 -0.024184 -0.175272
v -0.141964 -0.047287 -0.175882
v -0.142682 -0.070146 -0.176878
v -0.143676 -0.092748 -0.178259
v -0.144341 0.086485 -0.177382
v -0.143423 0.063831 -0.176106
v -0.142784 0.041013 -0.175218
v -0.142423 0.018048 -0.174717
v -0.142337 -0.000853 -0.174597
v -0.142492 -0.024153 -0.174812
v -0.142930 -0.047226 -0.175421
v -0.143647 -0.070056 -0.176417
v -0.144640 -0.092628 -0.177797
v -0.133670 -0.126674 -0.190502
v -0.128293 -0.118180 -0.189702
v -0.131486 -0.118015 -0.187474
v -0.132026 -0.119084 -0.188230
v -0.140743 -0.118175 -0.180649
v -0.141818 -0.120681 -0.182074
v -0.142663 -0.124518 -0.183213
v -0.142974 -0.126826 -0.183640
v -0.142275 -0.122453 -0.182686
v -0.141303 -0.119243 -0.181390
v -0.137741 -0.118015 -0.182924
v -0.128822 -0.119249 -0.190464
v -0.129313 -0.120686 -0.191166
v -0.129753 -0.122458 -0.191791
v -0.130132 -0.124523 -0.192324
v -0.130442 -0.126832 -0.192752
v -0.132525 -0.120523 -0.188927
v -0.132972 -0.122296 -0.189547
v -0.133357 -0.124363 -0.190076
v -0.136873 -0.126617 -0.188204
v -0.136563 -0.124305 -0.187776
v -0.136178 -0.122237 -0.187246
v -0.135729 -0.120463 -0.186627
v -0.135226 -0.119025 -0.185933
v -0.134680 -0.117955 -0.185181
v -0.138292 -0.119084 -0.183672
v -0.138799 -0.120522 -0.184363
v -0.139250 -0.122296 -0.184980
v -0.139634 -0.124362 -0.185510
v -0.139942 -0.126673 -0.185940
v -0.220094 0.118422 0.063575
v -0.220269 0.118559 0.063524
v -0.217809 0.118455 0.071183
v -0.225612 0.129639 0.059519
v -0.215054 0.118271 0.078512
v -0.216860 0.117815 0.070874
v -0.214372 0.117768 0.077778
v -0.216494 0.121163 0.080874
v -0.216414 0.120893 0.080695
v -0.219545 0.120936 0.071748
v -0.215912 0.119571 0.079731
v -0.218712 0.119504 0.071476
v -0.215853 0.119451 0.079634
v -0.215191 0.118422 0.078682
v -0.221441 0.127144 0.072364
v -0.217263 0.126703 0.083908
v -0.220927 0.124803 0.072197
v -0.217135 0.124789 0.082964
v -0.217001 0.123654 0.082360
v -0.217275 0.129639 0.085211
v -0.217278 0.127133 0.084109
v -0.224971 0.127146 0.060408
v -0.223291 0.122730 0.061998
v -0.220290 0.122717 0.071990
v -0.216846 0.122693 0.081818
v -0.223790 0.123823 0.061603
v -0.224189 0.124813 0.061246
v -0.224838 0.126703 0.060566
v -0.222295 0.120941 0.062649
v -0.222434 0.121163 0.062568
v -0.222615 0.121465 0.062458
v -0.221352 0.119642 0.063124
v -0.221189 0.119452 0.063194
v -0.218286 0.117623 0.063885
v -0.218935 0.117780 0.063819
v -0.219030 0.117816 0.063805
v -0.219169 0.117873 0.063783
v -0.224655 -0.126001 0.060740
v -0.224963 -0.127007 0.060385
v -0.223025 -0.108815 0.059773
v -0.225595 -0.129488 0.059513
v -0.222928 0.113100 0.060848
v -0.221516 0.113757 0.062424
v -0.220647 0.114250 0.063019
v -0.218699 0.115499 0.063744
v -0.217671 0.116223 0.063854
v -0.216643 0.116987 0.063792
v -0.214549 0.093871 0.063110
v -0.219700 0.114836 0.063463
v -0.222283 0.113370 0.061694
v -0.223435 0.112953 0.059908
v -0.224191 -0.124666 0.061213
v -0.223310 -0.122575 0.061954
v -0.223973 -0.124100 0.061413
v -0.222518 -0.108957 0.060713
v -0.223243 -0.122436 0.062004
v -0.222337 -0.120771 0.062597
v -0.222859 -0.121683 0.062272
v -0.221871 -0.109217 0.061559
v -0.222237 -0.120610 0.062654
v -0.221157 -0.119132 0.063182
v -0.221294 -0.119295 0.063124
v -0.221103 -0.109590 0.062289
v -0.221497 -0.119549 0.063033
v -0.221679 -0.119789 0.062947
v -0.220036 -0.118053 0.063569
v -0.220470 -0.118419 0.063437
v -0.220232 -0.110065 0.062884
v -0.219467 -0.117672 0.063707
v -0.219283 -0.110629 0.063327
v -0.212918 0.070475 0.062579
v -0.211752 0.046816 0.062200
v -0.211055 0.022911 0.061973
v -0.210837 -0.001226 0.061902
v -0.210980 -0.018556 0.061949
v -0.211585 -0.042347 0.062146
v -0.212659 -0.065981 0.062495
v -0.214203 -0.089440 0.062998
v -0.216218 -0.112703 0.063653
v -0.217249 -0.111966 0.063717
v -0.215248 -0.088854 0.063065
v -0.213715 -0.065549 0.062566
v -0.212648 -0.042070 0.062219
v -0.212047 -0.018435 0.062023
v -0.211906 -0.001218 0.061977
v -0.212122 0.022761 0.062047
v -0.212813 0.046510 0.062272
v -0.213972 0.070014 0.062650
v -0.215592 0.093257 0.063177
v -0.218279 -0.111269 0.063607
v -0.216292 -0.088301 0.062959
v -0.214769 -0.065141 0.062463
v -0.213709 -0.041808 0.062117
v -0.213113 -0.018320 0.061923
v -0.212972 -0.001210 0.061877
v -0.213187 0.022619 0.061947
v -0.213874 0.046220 0.062171
v -0.215024 0.069578 0.062546
v -0.216633 0.092676 0.063070
v -0.217307 -0.087793 0.062682
v -0.215794 -0.064766 0.062188
v -0.214740 -0.041567 0.061844
v -0.214147 -0.018214 0.061650
v -0.214008 -0.001203 0.061605
v -0.214221 0.022489 0.061674
v -0.214904 0.045954 0.061897
v -0.216047 0.069177 0.062270
v -0.217647 0.092144 0.062793
v -0.218267 -0.087345 0.062241
v -0.216762 -0.064435 0.061749
v -0.215714 -0.041355 0.061406
v -0.215125 -0.018121 0.061213
v -0.214985 -0.001197 0.061168
v -0.215198 0.022374 0.061237
v -0.215877 0.045719 0.061459
v -0.217014 0.068824 0.061831
v -0.218605 0.091673 0.062351
v -0.219147 -0.086968 0.061648
v -0.217648 -0.064157 0.061157
v -0.216605 -0.041176 0.060815
v -0.216018 -0.018043 0.060623
v -0.215879 -0.001192 0.060577
v -0.216091 0.022277 0.060647
v -0.216767 0.045522 0.060868
v -0.217899 0.068527 0.061239
v -0.219483 0.091278 0.061758
v -0.219922 -0.086673 0.060919
v -0.218429 -0.063939 0.060429
v -0.217389 -0.041037 0.060087
v -0.216804 -0.017982 0.059895
v -0.216666 -0.001188 0.059850
v -0.216877 0.022202 0.059919
v -0.217550 0.045367 0.060140
v -0.218679 0.068294 0.060511
v -0.220257 0.090968 0.061029
v -0.220573 -0.086466 0.060073
v -0.219083 -0.063787 0.059583
v -0.218046 -0.040939 0.059241
v -0.217462 -0.017939 0.059049
v -0.217324 -0.001185 0.059004
v -0.217534 0.022149 0.059073
v -0.218206 0.045260 0.059294
v -0.219332 0.068132 0.059665
v -0.220907 0.090751 0.060183
v -0.221082 -0.086354 0.059132
v -0.219593 -0.063705 0.058642
v -0.218557 -0.040887 0.058300
v -0.217974 -0.017916 0.058108
v -0.217836 -0.001183 0.058062
v -0.218046 0.022121 0.058132
v -0.218718 0.045201 0.058353
v -0.219842 0.068044 0.058724
v -0.221416 0.090634 0.059242
v -0.215344 0.108954 0.083488
v -0.217267 -0.127395 0.084304
v -0.217258 -0.127007 0.084129
v -0.215944 -0.114925 0.083680
v -0.217119 -0.124669 0.083006
v -0.217109 -0.124565 0.082954
v -0.216086 -0.115074 0.082622
v -0.215867 -0.119228 0.079702
v -0.215819 -0.119128 0.079623
v -0.215516 -0.116245 0.079523
v -0.212261 -0.094716 0.077107
v -0.211482 -0.095309 0.076408
v -0.213756 0.111411 0.077593
v -0.210600 -0.095937 0.075849
v -0.216433 -0.120773 0.080795
v -0.216386 -0.120613 0.080690
v -0.215869 -0.115743 0.080515
v -0.216008 -0.119549 0.079947
v -0.217060 -0.124100 0.082714
v -0.216842 -0.122577 0.081887
v -0.216061 -0.115350 0.081557
v -0.216639 -0.121573 0.081297
v -0.217257 -0.129488 0.085206
v -0.215486 0.109096 0.082429
v -0.215460 0.109357 0.081363
v -0.215267 0.109730 0.080321
v -0.214403 0.110771 0.078410
v -0.208928 -0.072559 0.075305
v -0.207719 -0.048913 0.074912
v -0.206981 -0.025016 0.074672
v -0.206721 -0.000883 0.074587
v -0.206866 0.018693 0.074635
v -0.207473 0.042478 0.074832
v -0.208550 0.066112 0.075183
v -0.210097 0.089574 0.075686
v -0.212116 0.112846 0.076342
v -0.212987 0.112109 0.076898
v -0.210982 0.088988 0.076246
v -0.209446 0.065679 0.075747
v -0.208376 0.042200 0.075399
v -0.207773 0.018570 0.075203
v -0.207629 -0.000877 0.075156
v -0.207887 -0.024853 0.075240
v -0.208621 -0.048593 0.075478
v -0.209820 -0.072084 0.075868
v -0.211764 0.088434 0.076946
v -0.210238 0.065269 0.076451
v -0.209175 0.041937 0.076105
v -0.208576 0.018454 0.075911
v -0.208432 -0.000872 0.075864
v -0.208689 -0.024698 0.075948
v -0.209418 -0.048290 0.076184
v -0.210610 -0.071635 0.076571
v -0.212423 0.087926 0.077768
v -0.210905 0.064894 0.077276
v -0.209849 0.041696 0.076933
v -0.209253 0.018348 0.076740
v -0.209111 -0.000867 0.076694
v -0.209366 -0.024555 0.076777
v -0.210090 -0.048012 0.077012
v -0.211275 -0.071223 0.077396
v -0.212916 -0.094171 0.077928
v -0.215012 -0.116841 0.078607
v -0.215196 -0.118120 0.078723
v -0.214911 0.110205 0.079327
v -0.212941 0.087477 0.078690
v -0.211431 0.064563 0.078201
v -0.210380 0.041483 0.077861
v -0.209787 0.018255 0.077669
v -0.209645 -0.000863 0.077623
v -0.209899 -0.024430 0.077705
v -0.210620 -0.047767 0.077939
v -0.211799 -0.070859 0.078320
v -0.213432 -0.093691 0.078849
v -0.213304 0.087099 0.079687
v -0.211801 0.064284 0.079201
v -0.210754 0.041304 0.078863
v -0.210163 0.018176 0.078672
v -0.210022 -0.000859 0.078627
v -0.210275 -0.024325 0.078709
v -0.210993 -0.047561 0.078940
v -0.212167 -0.070553 0.079320
v -0.213793 -0.093286 0.079845
v -0.213503 0.086803 0.080733
v -0.212004 0.064066 0.080250
v -0.210960 0.041164 0.079913
v -0.210372 0.018114 0.079724
v -0.210231 -0.000856 0.079678
v -0.210483 -0.024242 0.079760
v -0.211199 -0.047399 0.079990
v -0.212370 -0.070314 0.080368
v -0.213991 -0.092969 0.080890
v -0.213533 0.086597 0.081800
v -0.212037 0.063914 0.081319
v -0.210995 0.041066 0.080984
v -0.210407 0.018071 0.080795
v -0.210267 -0.000854 0.080750
v -0.210519 -0.024184 0.080831
v -0.211233 -0.047287 0.081061
v -0.212402 -0.070146 0.081436
v -0.214020 -0.092748 0.081957
v -0.213393 0.086485 0.082861
v -0.211897 0.063831 0.082381
v -0.210856 0.041013 0.082047
v -0.210269 0.018048 0.081858
v -0.210129 -0.000853 0.081813
v -0.210380 -0.024153 0.081894
v -0.211094 -0.047226 0.082123
v -0.212262 -0.070056 0.082498
v -0.213879 -0.092628 0.083017
v -0.222557 -0.126674 0.068645
v -0.220135 -0.118180 0.063772
v -0.219006 -0.118015 0.067501
v -0.219891 -0.119084 0.067781
v -0.215384 -0.118175 0.078425
v -0.217070 -0.120681 0.079008
v -0.218413 -0.124518 0.079461
v -0.218915 -0.126826 0.079625
v -0.217793 -0.122453 0.079254
v -0.216260 -0.119243 0.078730
v -0.216617 -0.118015 0.074863
v -0.221023 -0.119249 0.064040
v -0.221842 -0.120686 0.064290
v -0.222571 -0.122458 0.064516
v -0.223194 -0.124523 0.064713
v -0.223697 -0.126832 0.064876
v -0.220707 -0.120523 0.068041
v -0.221434 -0.122296 0.068276
v -0.222056 -0.124363 0.068478
v -0.221364 -0.126617 0.072405
v -0.220862 -0.124305 0.072242
v -0.220240 -0.122237 0.072040
v -0.219513 -0.120463 0.071803
v -0.218698 -0.119025 0.071538
v -0.217815 -0.117955 0.071251
v -0.217498 -0.119084 0.075157
v -0.218311 -0.120522 0.075427
v -0.219037 -0.122296 0.075665
v -0.219659 -0.124362 0.075867
v -0.220162 -0.126673 0.076027
v -0.007932 0.118422 0.229458
v -0.008035 0.118559 0.229610
v 0.000000 0.118455 0.229634
v -0.013490 0.129639 0.233460
v 0.007813 0.118271 0.229275
v 0.000000 0.117815 0.228634
v 0.007327 0.117768 0.228399
v 0.009612 0.121163 0.231376
v 0.009492 0.120941 0.231269
v 0.000000 0.120936 0.231462
v 0.008706 0.119571 0.230469
v 0.000000 0.119504 0.230584
v 0.008632 0.119451 0.230383
v 0.007932 0.118422 0.229458
v 0.000000 0.127144 0.233458
v 0.012256 0.126703 0.233046
v 0.000000 0.124803 0.232916
v 0.011411 0.124814 0.232638
v 0.010867 0.123654 0.232318
v 0.013490 0.129639 0.233460
v 0.012448 0.127146 0.233124
v -0.012448 0.127146 0.233124
v -0.010417 0.122730 0.232016
v 0.000000 0.122717 0.232245
v 0.010418 0.122731 0.232016
v -0.010948 0.123823 0.232369
v -0.011410 0.124813 0.232638
v -0.012256 0.126703 0.233046
v -0.009492 0.120941 0.231269
v -0.009612 0.121163 0.231376
v -0.009772 0.121465 0.231514
v -0.008749 0.119642 0.230517
v -0.008633 0.119452 0.230383
v -0.007079 0.117623 0.227833
v -0.007342 0.117780 0.228431
v -0.007385 0.117816 0.228517
v -0.007449 0.117873 0.228642
v -0.012034 -0.126001 0.232926
v -0.012443 -0.126952 0.233101
v -0.012449 -0.108815 0.231075
v -0.013490 -0.129488 0.233441
v -0.011398 0.113100 0.231315
v -0.009464 0.113757 0.230457
v -0.008631 0.114250 0.229813
v -0.007341 0.115499 0.228182
v -0.006918 0.116223 0.227238
v -0.006660 0.116987 0.226240
v -0.006660 0.093871 0.224035
v -0.007917 0.114836 0.229048
v -0.010395 0.113370 0.230962
v -0.012448 0.112953 0.231507
v -0.011396 -0.124563 0.232604
v -0.010397 -0.122436 0.231972
v -0.011184 -0.124100 0.232484
v -0.011400 -0.108957 0.230882
v -0.009469 -0.120610 0.231215
v -0.010024 -0.121683 0.231689
v -0.010396 -0.109217 0.230528
v -0.008881 -0.119549 0.230627
v -0.009018 -0.119789 0.230773
v -0.009465 -0.109590 0.230022
v -0.008634 -0.119132 0.230349
v -0.007920 -0.118053 0.229401
v -0.008179 -0.118419 0.229774
v -0.008632 -0.110065 0.229377
v -0.007613 -0.117672 0.228902
v -0.007917 -0.110629 0.228609
v -0.006660 0.070475 0.222317
v -0.006660 0.046816 0.221089
v -0.006660 0.022911 0.220356
v -0.006660 -0.001226 0.220127
v -0.006660 -0.018556 0.220277
v -0.006660 -0.042347 0.220914
v -0.006660 -0.065981 0.222045
v -0.006660 -0.089440 0.223670
v -0.006660 -0.112703 0.225792
v -0.006918 -0.111966 0.226793
v -0.006919 -0.088854 0.224686
v -0.006919 -0.065549 0.223072
v -0.006920 -0.042070 0.221949
v -0.006920 -0.018435 0.221316
v -0.006920 -0.001218 0.221167
v -0.006920 0.022761 0.221395
v -0.006920 0.046510 0.222123
v -0.006919 0.070014 0.223343
v -0.006919 0.093257 0.225048
v -0.007341 -0.111269 0.227740
v -0.007342 -0.088301 0.225647
v -0.007343 -0.065141 0.224044
v -0.007344 -0.041808 0.222928
v -0.007344 -0.018320 0.222300
v -0.007344 -0.001210 0.222151
v -0.007344 0.022619 0.222378
v -0.007344 0.046220 0.223101
v -0.007343 0.069577 0.224313
v -0.007342 0.092676 0.226007
v -0.007919 -0.087793 0.226529
v -0.007921 -0.064766 0.224935
v -0.007922 -0.041567 0.223825
v -0.007923 -0.018214 0.223201
v -0.007923 -0.001203 0.223054
v -0.007923 0.022489 0.223279
v -0.007922 0.045954 0.223998
v -0.007921 0.069177 0.225202
v -0.007919 0.092144 0.226886
v -0.008635 -0.087345 0.227307
v -0.008637 -0.064435 0.225721
v -0.008639 -0.041355 0.224618
v -0.008640 -0.018121 0.223996
v -0.008640 -0.001197 0.223850
v -0.008640 0.022374 0.224074
v -0.008639 0.045719 0.224789
v -0.008637 0.068824 0.225987
v -0.008634 0.091673 0.227662
v -0.009470 -0.086968 0.227961
v -0.009473 -0.064157 0.226382
v -0.009475 -0.041176 0.225283
v -0.009477 -0.018043 0.224665
v -0.009477 -0.001192 0.224519
v -0.009476 0.022277 0.224742
v -0.009475 0.045522 0.225454
v -0.009472 0.068527 0.226647
v -0.009469 0.091278 0.228315
v -0.010402 -0.086673 0.228474
v -0.010406 -0.063939 0.226900
v -0.010409 -0.041037 0.225805
v -0.010411 -0.017982 0.225188
v -0.010411 -0.001188 0.225043
v -0.010411 0.022202 0.225265
v -0.010409 0.045367 0.225975
v -0.010405 0.068294 0.227164
v -0.010401 0.090968 0.228827
v -0.011406 -0.086466 0.228832
v -0.011412 -0.063787 0.227262
v -0.011415 -0.040939 0.226169
v -0.011417 -0.017939 0.225553
v -0.011418 -0.001185 0.225408
v -0.011417 0.022149 0.225630
v -0.011415 0.045260 0.226338
v -0.011411 0.068132 0.227525
v -0.011405 0.090751 0.229184
v -0.012457 -0.086354 0.229026
v -0.012463 -0.063705 0.227457
v -0.012468 -0.040887 0.226365
v -0.012470 -0.017916 0.225750
v -0.012471 -0.001183 0.225605
v -0.012470 0.022121 0.225827
v -0.012467 0.045201 0.226534
v -0.012462 0.068044 0.227720
v -0.012456 0.090634 0.229378
v 0.012449 0.108954 0.231089
v 0.012631 -0.127395 0.233173
v 0.012467 -0.127007 0.233110
v 0.012447 -0.114925 0.231719
v 0.011443 -0.124669 0.232630
v 0.011397 -0.124565 0.232605
v 0.011398 -0.115074 0.231527
v 0.008692 -0.119228 0.230416
v 0.008632 -0.119128 0.230346
v 0.008631 -0.116245 0.230028
v 0.007342 -0.094716 0.226181
v 0.006919 -0.095309 0.225223
v 0.007341 0.111411 0.227755
v 0.006660 -0.095937 0.224211
v 0.009556 -0.120773 0.231293
v 0.009471 -0.120613 0.231216
v 0.009464 -0.115743 0.230670
v 0.008881 -0.119549 0.230627
v 0.011184 -0.124100 0.232484
v 0.010466 -0.122577 0.232021
v 0.010394 -0.115350 0.231175
v 0.009969 -0.121573 0.231645
v 0.013490 -0.129488 0.233441
v 0.011400 0.109096 0.230897
v 0.010396 0.109357 0.230543
v 0.009465 0.109730 0.230036
v 0.007917 0.110771 0.228624
v 0.006660 -0.072559 0.222450
v 0.006660 -0.048913 0.221178
v 0.006660 -0.025016 0.220401
v 0.006660 -0.000883 0.220127
v 0.006660 0.018693 0.220279
v 0.006660 0.042478 0.220919
v 0.006660 0.066112 0.222053
v 0.006660 0.089574 0.223681
v 0.006660 0.112846 0.225807
v 0.006918 0.112109 0.226808
v 0.006919 0.088988 0.224697
v 0.006919 0.065679 0.223080
v 0.006920 0.042200 0.221954
v 0.006920 0.018570 0.221319
v 0.006920 -0.000877 0.221167
v 0.006920 -0.024853 0.221439
v 0.006919 -0.048593 0.222211
v 0.006919 -0.072084 0.223474
v 0.007342 0.088434 0.225658
v 0.007343 0.065269 0.224052
v 0.007344 0.041937 0.222933
v 0.007344 0.018454 0.222302
v 0.007344 -0.000872 0.222151
v 0.007344 -0.024698 0.222422
v 0.007344 -0.048290 0.223188
v 0.007343 -0.071635 0.224443
v 0.007919 0.087925 0.226539
v 0.007921 0.064894 0.224942
v 0.007922 0.041696 0.223830
v 0.007923 0.018348 0.223203
v 0.007923 -0.000867 0.223053
v 0.007923 -0.024555 0.223322
v 0.007922 -0.048012 0.224084
v 0.007921 -0.071223 0.225332
v 0.007919 -0.094171 0.227059
v 0.007917 -0.116841 0.229264
v 0.007969 -0.118120 0.229475
v 0.008632 0.110205 0.229391
v 0.008635 0.087477 0.227317
v 0.008637 0.064563 0.225729
v 0.008639 0.041483 0.224622
v 0.008640 0.018255 0.223999
v 0.008640 -0.000863 0.223850
v 0.008640 -0.024430 0.224117
v 0.008639 -0.047767 0.224875
v 0.008637 -0.070859 0.226116
v 0.008634 -0.093691 0.227834
v 0.009470 0.087099 0.227971
v 0.009473 0.064284 0.226390
v 0.009475 0.041304 0.225288
v 0.009477 0.018176 0.224667
v 0.009477 -0.000859 0.224519
v 0.009476 -0.024325 0.224785
v 0.009475 -0.047561 0.225540
v 0.009472 -0.070553 0.226775
v 0.009468 -0.093286 0.228486
v 0.010402 0.086803 0.228484
v 0.010406 0.064066 0.226908
v 0.010409 0.041164 0.225810
v 0.010411 0.018114 0.225191
v 0.010411 -0.000856 0.225043
v 0.010410 -0.024242 0.225308
v 0.010408 -0.047399 0.226061
v 0.010405 -0.070314 0.227292
v 0.010400 -0.092969 0.228997
v 0.011406 0.086597 0.228843
v 0.011412 0.063914 0.227269
v 0.011415 0.041066 0.226173
v 0.011417 0.018071 0.225556
v 0.011418 -0.000854 0.225408
v 0.011417 -0.024184 0.225673
v 0.011414 -0.047287 0.226424
v 0.011410 -0.070146 0.227653
v 0.011405 -0.092748 0.229355
v 0.012457 0.086485 0.229037
v 0.012463 0.063831 0.227465
v 0.012468 0.041013 0.226370
v 0.012470 0.018048 0.225752
v 0.012471 -0.000853 0.225605
v 0.012470 -0.024153 0.225869
v 0.012467 -0.047226 0.226620
v 0.012462 -0.070056 0.227848
v 0.012455 -0.092628 0.229548
v -0.003878 -0.126674 0.233371
v -0.007758 -0.118180 0.229559
v -0.003867 -0.118015 0.229636
v -0.003875 -0.119084 0.230565
v 0.007628 -0.118175 0.229562
v 0.007661 -0.120681 0.231348
v 0.007677 -0.124518 0.232767
v 0.007677 -0.126826 0.233295
v 0.007672 -0.122453 0.232112
v 0.007647 -0.119243 0.230491
v 0.003864 -0.118015 0.229636
v -0.007778 -0.119249 0.230487
v -0.007793 -0.120687 0.231344
v -0.007804 -0.122458 0.232108
v -0.007809 -0.124523 0.232763
v -0.007810 -0.126832 0.233291
v -0.003879 -0.120523 0.231423
v -0.003882 -0.122296 0.232188
v -0.003881 -0.124363 0.232842
v 0.000063 -0.126617 0.233397
v 0.000063 -0.124305 0.232868
v 0.000063 -0.122237 0.232213
v 0.000063 -0.120463 0.231448
v 0.000063 -0.119025 0.230590
v 0.000063 -0.117955 0.229660
v 0.003871 -0.119084 0.230565
v 0.003876 -0.120522 0.231423
v 0.003878 -0.122296 0.232188
v 0.003878 -0.124362 0.232842
v 0.003874 -0.126674 0.233371
v 0.215191 0.118422 0.078682
v 0.215303 0.118559 0.078827
v 0.217809 0.118455 0.071183
v 0.217275 0.129639 0.085211
v 0.219882 0.118271 0.063632
v 0.216860 0.117815 0.070874
v 0.218900 0.117768 0.063824
v 0.222434 0.121163 0.062568
v 0.222264 0.120893 0.062667
v 0.219545 0.120936 0.071748
v 0.221292 0.119571 0.063150
v 0.218712 0.119504 0.071476
v 0.221188 0.119451 0.063194
v 0.220094 0.118422 0.063575
v 0.221441 0.127144 0.072364
v 0.224838 0.126703 0.060566
v 0.220927 0.124803 0.072197
v 0.224179 0.124789 0.061254
v 0.223717 0.123654 0.061664
v 0.225612 0.129639 0.059519
v 0.224968 0.127133 0.060412
v 0.217278 0.127146 0.084115
v 0.216852 0.122730 0.081839
v 0.220290 0.122717 0.071990
v 0.223273 0.122693 0.062012
v 0.217024 0.123823 0.082453
v 0.217137 0.124813 0.082976
v 0.217263 0.126703 0.083908
v 0.216429 0.120941 0.080727
v 0.216494 0.121163 0.080874
v 0.216576 0.121465 0.081070
v 0.215945 0.119642 0.079788
v 0.215854 0.119452 0.079635
v 0.213911 0.117623 0.077367
v 0.214398 0.117780 0.077803
v 0.214466 0.117816 0.077870
v 0.214566 0.117873 0.077970
v 0.217217 -0.126001 0.083660
v 0.217258 -0.127007 0.084129
v 0.215331 -0.108815 0.083483
v 0.217257 -0.129488 0.085206
v 0.215884 0.113100 0.082557
v 0.215666 0.113757 0.080450
v 0.215313 0.114250 0.079457
v 0.214162 0.115499 0.077725
v 0.213396 0.116223 0.077030
v 0.212527 0.116987 0.076476
v 0.210433 0.093871 0.075795
v 0.214807 0.114836 0.078541
v 0.215858 0.113370 0.081492
v 0.215742 0.112953 0.083615
v 0.217119 -0.124666 0.083005
v 0.216842 -0.122575 0.081886
v 0.217060 -0.124100 0.082714
v 0.215472 -0.108957 0.082424
v 0.216817 -0.122436 0.081806
v 0.216432 -0.120771 0.080794
v 0.216664 -0.121683 0.081364
v 0.215446 -0.109217 0.081359
v 0.216385 -0.120610 0.080689
v 0.215821 -0.119132 0.079626
v 0.215897 -0.119295 0.079753
v 0.215253 -0.109590 0.080316
v 0.216008 -0.119549 0.079947
v 0.216105 -0.119789 0.080123
v 0.215141 -0.118053 0.078653
v 0.215415 -0.118419 0.079015
v 0.214898 -0.110065 0.079323
v 0.214762 -0.117672 0.078207
v 0.214390 -0.110629 0.078406
v 0.208802 0.070475 0.075264
v 0.207635 0.046816 0.074885
v 0.206939 0.022911 0.074658
v 0.206721 -0.001226 0.074587
v 0.206864 -0.018556 0.074634
v 0.207469 -0.042347 0.074831
v 0.208543 -0.065981 0.075180
v 0.210087 -0.089440 0.075682
v 0.212102 -0.112703 0.076338
v 0.212973 -0.111966 0.076893
v 0.210972 -0.088854 0.076242
v 0.209439 -0.065549 0.075744
v 0.208371 -0.042070 0.075397
v 0.207771 -0.018435 0.075202
v 0.207629 -0.001218 0.075156
v 0.207846 0.022761 0.075226
v 0.208537 0.046510 0.075451
v 0.209695 0.070014 0.075828
v 0.211316 0.093257 0.076354
v 0.213742 -0.111269 0.077588
v 0.211754 -0.088301 0.076943
v 0.210231 -0.065141 0.076448
v 0.209170 -0.041808 0.076104
v 0.208574 -0.018320 0.075910
v 0.208433 -0.001210 0.075864
v 0.208648 0.022619 0.075934
v 0.209335 0.046220 0.076157
v 0.210486 0.069578 0.076531
v 0.212096 0.092676 0.077054
v 0.212413 -0.087793 0.077765
v 0.210898 -0.064766 0.077274
v 0.209844 -0.041567 0.076932
v 0.209251 -0.018214 0.076740
v 0.209111 -0.001203 0.076694
v 0.209325 0.022489 0.076764
v 0.210008 0.045954 0.076985
v 0.211152 0.069177 0.077356
v 0.212752 0.092144 0.077875
v 0.212931 -0.087345 0.078686
v 0.211424 -0.064435 0.078199
v 0.210375 -0.041355 0.077859
v 0.209785 -0.018121 0.077668
v 0.209646 -0.001197 0.077623
v 0.209858 0.022374 0.077692
v 0.210538 0.045719 0.077912
v 0.211676 0.068824 0.078280
v 0.213269 0.091673 0.078796
v 0.213294 -0.086968 0.079683
v 0.211794 -0.064157 0.079199
v 0.210749 -0.041176 0.078862
v 0.210161 -0.018043 0.078672
v 0.210022 -0.001192 0.078627
v 0.210234 0.022277 0.078695
v 0.210911 0.045522 0.078914
v 0.212045 0.068527 0.079280
v 0.213631 0.091278 0.079792
v 0.213493 -0.086673 0.080730
v 0.211997 -0.063939 0.080247
v 0.210956 -0.041037 0.079912
v 0.210370 -0.017982 0.079723
v 0.210231 -0.001188 0.079678
v 0.210443 0.022202 0.079747
v 0.211118 0.045367 0.079964
v 0.212248 0.068294 0.080328
v 0.213829 0.090968 0.080838
v 0.213523 -0.086466 0.081797
v 0.212030 -0.063787 0.081317
v 0.210990 -0.040939 0.080983
v 0.210405 -0.017939 0.080794
v 0.210267 -0.001185 0.080750
v 0.210478 0.022149 0.080818
v 0.211152 0.045260 0.081034
v 0.212280 0.068132 0.081397
v 0.213858 0.090751 0.081905
v 0.213383 -0.086354 0.082858
v 0.211890 -0.063705 0.082379
v 0.210852 -0.040887 0.082045
v 0.210267 -0.017916 0.081858
v 0.210129 -0.001183 0.081813
v 0.210340 0.022121 0.081881
v 0.211013 0.045201 0.082097
v 0.212140 0.068044 0.082459
v 0.213717 0.090634 0.082965
v 0.223038 0.108954 0.059777
v 0.225074 -0.127395 0.060248
v 0.224963 -0.127007 0.060385
v 0.223636 -0.114925 0.059974
v 0.224192 -0.124669 0.061212
v 0.224153 -0.124565 0.061248
v 0.223130 -0.115074 0.060914
v 0.221239 -0.119228 0.063147
v 0.221153 -0.119128 0.063183
v 0.220850 -0.116245 0.063086
v 0.216798 -0.094716 0.063124
v 0.215758 -0.095309 0.063231
v 0.218293 0.111411 0.063612
v 0.214717 -0.095937 0.063165
v 0.222338 -0.120773 0.062596
v 0.222239 -0.120613 0.062653
v 0.221718 -0.115743 0.062491
v 0.221497 -0.119549 0.063033
v 0.223973 -0.124100 0.061413
v 0.223311 -0.122577 0.061954
v 0.222485 -0.115350 0.061761
v 0.222800 -0.121573 0.062311
v 0.225595 -0.129488 0.059513
v 0.222531 0.109096 0.060717
v 0.221885 0.109357 0.061564
v 0.221116 0.109730 0.062294
v 0.219296 0.110771 0.063331
v 0.213044 -0.072559 0.062620
v 0.211836 -0.048913 0.062227
v 0.211097 -0.025016 0.061987
v 0.210837 -0.000883 0.061902
v 0.210982 0.018693 0.061950
v 0.211590 0.042478 0.062147
v 0.212667 0.066112 0.062498
v 0.214213 0.089574 0.063001
v 0.216232 0.112846 0.063658
v 0.217263 0.112109 0.063721
v 0.215258 0.088988 0.063069
v 0.213722 0.065679 0.062568
v 0.212653 0.042200 0.062220
v 0.212050 0.018570 0.062024
v 0.211905 -0.000877 0.061977
v 0.212164 -0.024853 0.062061
v 0.212897 -0.048593 0.062300
v 0.214097 -0.072084 0.062690
v 0.216302 0.088434 0.062962
v 0.214776 0.065269 0.062465
v 0.213714 0.041937 0.062119
v 0.213115 0.018454 0.061923
v 0.212972 -0.000872 0.061877
v 0.213228 -0.024698 0.061960
v 0.213957 -0.048290 0.062198
v 0.215148 -0.071635 0.062586
v 0.217317 0.087926 0.062685
v 0.215801 0.064894 0.062190
v 0.214745 0.041696 0.061845
v 0.214150 0.018348 0.061651
v 0.214007 -0.000867 0.061604
v 0.214262 -0.024555 0.061688
v 0.214986 -0.048012 0.061924
v 0.216171 -0.071223 0.062311
v 0.217811 -0.094171 0.062846
v 0.219904 -0.116841 0.063530
v 0.220121 -0.118120 0.063545
v 0.220246 0.110205 0.062888
v 0.218277 0.087477 0.062244
v 0.216769 0.064563 0.061751
v 0.215719 0.041483 0.061407
v 0.215127 0.018255 0.061214
v 0.214985 -0.000863 0.061167
v 0.215239 -0.024430 0.061251
v 0.215959 -0.047767 0.061486
v 0.217137 -0.070859 0.061871
v 0.218768 -0.093691 0.062405
v 0.219157 0.087099 0.061651
v 0.217655 0.064284 0.061159
v 0.216610 0.041304 0.060817
v 0.216020 0.018176 0.060623
v 0.215879 -0.000859 0.060577
v 0.216132 -0.024325 0.060660
v 0.216848 -0.047561 0.060895
v 0.218021 -0.070553 0.061279
v 0.219645 -0.093286 0.061812
v 0.219932 0.086803 0.060922
v 0.218436 0.064066 0.060431
v 0.217394 0.041164 0.060089
v 0.216806 0.018114 0.059896
v 0.216666 -0.000856 0.059850
v 0.216918 -0.024242 0.059932
v 0.217632 -0.047399 0.060167
v 0.218800 -0.070314 0.060551
v 0.220419 -0.092969 0.061082
v 0.220583 0.086597 0.060076
v 0.219090 0.063914 0.059585
v 0.218050 0.041066 0.059243
v 0.217464 0.018071 0.059050
v 0.217324 -0.000854 0.059004
v 0.217575 -0.024184 0.059087
v 0.218288 -0.047287 0.059321
v 0.219454 -0.070146 0.059705
v 0.221068 -0.092748 0.060236
v 0.221092 0.086485 0.059136
v 0.219600 0.063831 0.058644
v 0.218561 0.041013 0.058301
v 0.217976 0.018048 0.058108
v 0.217836 -0.000853 0.058062
v 0.218087 -0.024153 0.058145
v 0.218799 -0.047226 0.058380
v 0.219964 -0.070056 0.058764
v 0.221577 -0.092628 0.059296
v 0.220161 -0.126674 0.076030
v 0.215341 -0.118180 0.078548
v 0.216616 -0.118015 0.074866
v 0.217497 -0.119084 0.075160
v 0.220099 -0.118175 0.063897
v 0.221805 -0.120681 0.064417
v 0.223157 -0.124518 0.064840
v 0.223659 -0.126826 0.065003
v 0.222534 -0.122453 0.064643
v 0.220986 -0.119243 0.064166
v 0.219005 -0.118015 0.067504
v 0.216217 -0.119249 0.078853
v 0.217025 -0.120686 0.079132
v 0.217748 -0.122458 0.079379
v 0.218368 -0.124523 0.079586
v 0.218870 -0.126832 0.079750
v 0.218310 -0.120523 0.075430
v 0.219036 -0.122296 0.075668
v 0.219658 -0.124363 0.075870
v 0.221403 -0.126617 0.072286
v 0.220900 -0.124305 0.072122
v 0.220279 -0.122237 0.071920
v 0.219552 -0.120463 0.071683
v 0.218737 -0.119025 0.071418
v 0.217854 -0.117955 0.071131
v 0.219890 -0.119084 0.067784
v 0.220706 -0.120522 0.068045
v 0.221433 -0.122296 0.068279
v 0.222055 -0.124362 0.068482
v 0.222556 -0.126673 0.068648
v 0.140928 0.118422 -0.180386
v 0.141100 0.118559 -0.180448
v 0.134614 0.118455 -0.185197
v 0.147773 0.129639 -0.180353
v 0.128082 0.118271 -0.189504
v 0.134027 0.117815 -0.184388
v 0.127961 0.117768 -0.188509
v 0.127860 0.121163 -0.192263
v 0.127901 0.120893 -0.192071
v 0.135687 0.120936 -0.186675
v 0.128060 0.119571 -0.190996
v 0.135171 0.119504 -0.185965
v 0.128070 0.119451 -0.190883
v 0.128093 0.118422 -0.189723
v 0.136858 0.127144 -0.188290
v 0.126701 0.126703 -0.195170
v 0.136540 0.124803 -0.187852
v 0.127152 0.124789 -0.194331
v 0.127398 0.123654 -0.193764
v 0.125946 0.129639 -0.196231
v 0.126595 0.127133 -0.195342
v 0.146733 0.127146 -0.180694
v 0.144440 0.122730 -0.180992
v 0.136147 0.122717 -0.187309
v 0.127591 0.122693 -0.193233
v 0.145076 0.123823 -0.180966
v 0.145608 0.124813 -0.180912
v 0.146532 0.126703 -0.180744
v 0.143252 0.120941 -0.180933
v 0.143412 0.121163 -0.180949
v 0.143623 0.121465 -0.180966
v 0.142211 0.119642 -0.180762
v 0.142037 0.119452 -0.180722
v 0.139284 0.117623 -0.179573
v 0.139847 0.117780 -0.179902
v 0.139932 0.117816 -0.179947
v 0.140058 0.117873 -0.180010
v 0.146282 -0.126001 -0.180777
v 0.146740 -0.127007 -0.180671
v 0.145531 -0.108815 -0.179035
v 0.147763 -0.129488 -0.180337
v 0.144822 0.113100 -0.179848
v 0.142753 0.113757 -0.180292
v 0.141701 0.114250 -0.180262
v 0.139700 0.115499 -0.179702
v 0.138804 0.116223 -0.179186
v 0.138009 0.116987 -0.178531
v 0.136715 0.093871 -0.176747
v 0.140675 0.114836 -0.180064
v 0.143803 0.113370 -0.180153
v 0.145784 0.112953 -0.179386
v 0.145629 -0.124666 -0.180886
v 0.144481 -0.122575 -0.180968
v 0.145335 -0.124100 -0.180920
v 0.144569 -0.108957 -0.179497
v 0.144398 -0.122436 -0.180969
v 0.143317 -0.120771 -0.180915
v 0.143930 -0.121683 -0.180960
v 0.143549 -0.109217 -0.179802
v 0.143202 -0.120610 -0.180903
v 0.142019 -0.119132 -0.180694
v 0.142163 -0.119295 -0.180727
v 0.142499 -0.109590 -0.179940
v 0.142381 -0.119549 -0.180773
v 0.142578 -0.119789 -0.180811
v 0.140884 -0.118053 -0.180347
v 0.141313 -0.118419 -0.180496
v 0.141446 -0.110065 -0.179908
v 0.140343 -0.117672 -0.180124
v 0.140417 -0.110629 -0.179708
v 0.135707 0.070475 -0.175358
v 0.134986 0.046816 -0.174364
v 0.134556 0.022911 -0.173771
v 0.134421 -0.001226 -0.173585
v 0.134509 -0.018556 -0.173707
v 0.134883 -0.042347 -0.174222
v 0.135547 -0.065981 -0.175137
v 0.136501 -0.089440 -0.176452
v 0.137746 -0.112703 -0.178169
v 0.138543 -0.111966 -0.178827
v 0.137307 -0.088854 -0.177122
v 0.136359 -0.065549 -0.175816
v 0.135700 -0.042070 -0.174907
v 0.135329 -0.018435 -0.174395
v 0.135242 -0.001218 -0.174274
v 0.135375 0.022761 -0.174459
v 0.135802 0.046510 -0.175048
v 0.136518 0.070014 -0.176034
v 0.137519 0.093258 -0.177415
v 0.139441 -0.111269 -0.179344
v 0.138213 -0.088301 -0.177650
v 0.137273 -0.065141 -0.176352
v 0.136618 -0.041808 -0.175449
v 0.136250 -0.018320 -0.174941
v 0.136163 -0.001210 -0.174821
v 0.136296 0.022619 -0.175004
v 0.136720 0.046220 -0.175589
v 0.137430 0.069578 -0.176570
v 0.138424 0.092676 -0.177941
v 0.139198 -0.087793 -0.178024
v 0.138263 -0.064766 -0.176733
v 0.137613 -0.041567 -0.175835
v 0.137247 -0.018214 -0.175329
v 0.137161 -0.001203 -0.175210
v 0.137293 0.022489 -0.175392
v 0.137714 0.045954 -0.175974
v 0.138420 0.069177 -0.176949
v 0.139407 0.092144 -0.178313
v 0.140233 -0.087345 -0.178232
v 0.139304 -0.064435 -0.176948
v 0.138658 -0.041355 -0.176054
v 0.138294 -0.018121 -0.175551
v 0.138208 -0.001197 -0.175432
v 0.138339 0.022374 -0.175613
v 0.138758 0.045719 -0.176193
v 0.139460 0.068824 -0.177163
v 0.140441 0.091673 -0.178520
v 0.141293 -0.086968 -0.178270
v 0.140368 -0.064157 -0.176991
v 0.139725 -0.041176 -0.176100
v 0.139363 -0.018043 -0.175599
v 0.139278 -0.001192 -0.175481
v 0.139408 0.022277 -0.175661
v 0.139825 0.045522 -0.176238
v 0.140523 0.068527 -0.177205
v 0.141500 0.091278 -0.178557
v 0.142348 -0.086673 -0.178136
v 0.141428 -0.063939 -0.176861
v 0.140787 -0.041037 -0.175973
v 0.140426 -0.017982 -0.175473
v 0.140341 -0.001188 -0.175355
v 0.140471 0.022202 -0.175535
v 0.140886 0.045367 -0.176111
v 0.141582 0.068294 -0.177074
v 0.142554 0.090968 -0.178422
v 0.143371 -0.086466 -0.177835
v 0.142453 -0.063787 -0.176561
v 0.141815 -0.040939 -0.175675
v 0.141455 -0.017939 -0.175176
v 0.141370 -0.001185 -0.175058
v 0.141500 0.022149 -0.175238
v 0.141914 0.045260 -0.175812
v 0.142607 0.068132 -0.176775
v 0.143577 0.090751 -0.178120
v 0.144335 -0.086354 -0.177373
v 0.143419 -0.063705 -0.176100
v 0.142781 -0.040887 -0.175214
v 0.142422 -0.017916 -0.174715
v 0.142337 -0.001183 -0.174598
v 0.142467 0.022121 -0.174777
v 0.142880 0.045201 -0.175352
v 0.143572 0.068044 -0.176314
v 0.144540 0.090634 -0.177659
v 0.125396 0.108954 -0.193701
v 0.126472 -0.127395 -0.195493
v 0.126568 -0.127007 -0.195346
v 0.125768 -0.114925 -0.194209
v 0.127115 -0.124669 -0.194355
v 0.127138 -0.124565 -0.194307
v 0.126504 -0.115074 -0.193436
v 0.128041 -0.119228 -0.190945
v 0.128049 -0.119128 -0.190853
v 0.127863 -0.116245 -0.190595
v 0.126647 -0.094716 -0.186724
v 0.126427 -0.095309 -0.185700
v 0.127572 0.111411 -0.187997
v 0.126042 -0.095937 -0.184729
v 0.127857 -0.120773 -0.192163
v 0.127881 -0.120613 -0.192050
v 0.127566 -0.115743 -0.191605
v 0.128012 -0.119549 -0.191227
v 0.127239 -0.124100 -0.194085
v 0.127548 -0.122577 -0.193287
v 0.127109 -0.115350 -0.192560
v 0.127729 -0.121573 -0.192691
v 0.125935 -0.129488 -0.196216
v 0.126132 0.109096 -0.192927
v 0.126736 0.109357 -0.192050
v 0.127192 0.109730 -0.191093
v 0.127615 0.110771 -0.189039
v 0.125008 -0.072559 -0.183304
v 0.124261 -0.048913 -0.182275
v 0.123805 -0.025016 -0.181647
v 0.123644 -0.000883 -0.181425
v 0.123734 0.018693 -0.181548
v 0.124109 0.042478 -0.182066
v 0.124775 0.066112 -0.182983
v 0.125731 0.089574 -0.184301
v 0.126979 0.112846 -0.186020
v 0.127358 0.112109 -0.186982
v 0.126118 0.088988 -0.185274
v 0.125168 0.065679 -0.183966
v 0.124507 0.042200 -0.183055
v 0.124134 0.018570 -0.182542
v 0.124045 -0.000877 -0.182419
v 0.124205 -0.024853 -0.182639
v 0.124658 -0.048593 -0.183264
v 0.125400 -0.072084 -0.184285
v 0.126340 0.088434 -0.186301
v 0.125396 0.065270 -0.185002
v 0.124738 0.041937 -0.184097
v 0.124368 0.018454 -0.183587
v 0.124279 -0.000872 -0.183465
v 0.124438 -0.024698 -0.183684
v 0.124889 -0.048290 -0.184304
v 0.125626 -0.071634 -0.185319
v 0.126390 0.087926 -0.187354
v 0.125451 0.064894 -0.186063
v 0.124798 0.041696 -0.185164
v 0.124429 0.018348 -0.184657
v 0.124341 -0.000867 -0.184536
v 0.124499 -0.024555 -0.184753
v 0.124947 -0.048012 -0.185369
v 0.125680 -0.071223 -0.186378
v 0.126696 -0.094171 -0.187774
v 0.127992 -0.116841 -0.189556
v 0.128073 -0.118120 -0.189758
v 0.127488 0.110205 -0.190080
v 0.126268 0.087477 -0.188404
v 0.125333 0.064563 -0.187120
v 0.124683 0.041483 -0.186226
v 0.124316 0.018255 -0.185722
v 0.124228 -0.000863 -0.185602
v 0.124385 -0.024430 -0.185818
v 0.124831 -0.047767 -0.186431
v 0.125561 -0.070859 -0.187433
v 0.126572 -0.093690 -0.188822
v 0.125977 0.087099 -0.189425
v 0.125045 0.064284 -0.188147
v 0.124397 0.041304 -0.187257
v 0.124031 0.018176 -0.186756
v 0.123944 -0.000859 -0.186636
v 0.124100 -0.024325 -0.186851
v 0.124545 -0.047561 -0.187461
v 0.125272 -0.070553 -0.188459
v 0.126280 -0.093286 -0.189841
v 0.125524 0.086803 -0.190388
v 0.124595 0.064066 -0.189115
v 0.123948 0.041164 -0.188229
v 0.123583 0.018114 -0.187729
v 0.123496 -0.000856 -0.187610
v 0.123652 -0.024242 -0.187824
v 0.124095 -0.047399 -0.188431
v 0.124821 -0.070314 -0.189426
v 0.125826 -0.092969 -0.190803
v 0.124921 0.086597 -0.191270
v 0.123993 0.063914 -0.190000
v 0.123347 0.041066 -0.189115
v 0.122983 0.018071 -0.188617
v 0.122895 -0.000854 -0.188498
v 0.123052 -0.024184 -0.188711
v 0.123495 -0.047287 -0.189317
v 0.124219 -0.070146 -0.190309
v 0.125223 -0.092748 -0.191683
v 0.124185 0.086485 -0.192045
v 0.123257 0.063831 -0.190777
v 0.122611 0.041013 -0.189893
v 0.122246 0.018048 -0.189395
v 0.122159 -0.000853 -0.189276
v 0.122316 -0.024153 -0.189490
v 0.122759 -0.047226 -0.190095
v 0.123483 -0.070056 -0.191086
v 0.124487 -0.092628 -0.192458
v 0.139945 -0.126674 -0.185938
v 0.140846 -0.118180 -0.180570
v 0.137743 -0.118015 -0.182922
v 0.138295 -0.119084 -0.183670
v 0.128401 -0.118175 -0.189628
v 0.129421 -0.120681 -0.191092
v 0.130242 -0.124518 -0.192249
v 0.130552 -0.126826 -0.192677
v 0.129862 -0.122453 -0.191717
v 0.128930 -0.119243 -0.190390
v 0.131489 -0.118015 -0.187472
v 0.141407 -0.119249 -0.181309
v 0.141922 -0.120686 -0.181994
v 0.142379 -0.122458 -0.182606
v 0.142768 -0.124523 -0.183132
v 0.143079 -0.126832 -0.183559
v 0.138802 -0.120523 -0.184360
v 0.139253 -0.122296 -0.184978
v 0.139637 -0.124363 -0.185508
v 0.136772 -0.126617 -0.188278
v 0.136461 -0.124305 -0.187850
v 0.136077 -0.122237 -0.187320
v 0.135628 -0.120463 -0.186701
v 0.135124 -0.119025 -0.186007
v 0.134578 -0.117955 -0.185255
v 0.132028 -0.119084 -0.188228
v 0.132528 -0.120522 -0.188925
v 0.132975 -0.122296 -0.189545
v 0.133360 -0.124362 -0.190074
v 0.133673 -0.126673 -0.190500
v 0.022975 0.132185 -0.049578
v 0.023401 0.130974 -0.049485
v 0.024040 0.129229 -0.049399
v 0.024095 0.129082 -0.049395
v 0.024871 0.127079 -0.049383
v 0.025132 0.126433 -0.049399
v 0.025209 0.126246 -0.049406
v 0.026029 0.124323 -0.049537
v 0.026212 0.123912 -0.049581
v 0.026302 0.123714 -0.049605
v 0.027182 0.121878 -0.049911
v 0.027351 0.121547 -0.049987
v 0.027826 0.120663 -0.050231
v 0.028227 0.119972 -0.050478
v 0.028314 0.119829 -0.050537
v 0.028620 0.119349 -0.050761
v 0.028796 0.119090 -0.050902
v 0.029106 0.118667 -0.051179
v 0.029175 0.118579 -0.051245
v 0.029385 0.118328 -0.051460
v 0.021968 0.135193 -0.049922
v 0.039571 0.127496 -0.038563
v 0.039776 0.129078 -0.037988
v 0.040361 0.117992 -0.044093
v 0.039965 0.118577 -0.043399
v 0.039923 0.118666 -0.043312
v 0.039983 0.118540 -0.043436
v 0.039558 0.119826 -0.042359
v 0.039529 0.119968 -0.042259
v 0.039676 0.119349 -0.042718
v 0.039332 0.121549 -0.041269
v 0.039313 0.121878 -0.041086
v 0.039459 0.120368 -0.041988
v 0.039301 0.122161 -0.040932
v 0.039293 0.123713 -0.040154
v 0.039299 0.123912 -0.040061
v 0.039317 0.124389 -0.039842
v 0.039443 0.126245 -0.039051
v 0.039525 0.127079 -0.038722
v 0.039460 0.126433 -0.038976
v 0.039797 0.129226 -0.037937
v 0.040111 0.131174 -0.037290
v 0.040296 0.132183 -0.036977
v 0.040934 0.135193 -0.036124
v 0.036905 0.132177 -0.040344
v 0.029317 0.118664 -0.051062
v 0.028337 0.121727 -0.049343
v 0.035390 0.117868 -0.048451
v 0.039746 0.118664 -0.043475
v 0.040491 0.117868 -0.044295
v 0.039048 0.119963 -0.042706
v 0.038417 0.121727 -0.042010
v 0.037872 0.123901 -0.041410
v 0.037430 0.126420 -0.040923
v 0.037104 0.129207 -0.040564
v 0.027368 0.129207 -0.047647
v 0.027609 0.126420 -0.048068
v 0.027221 0.132177 -0.047389
v 0.027935 0.123901 -0.048639
v 0.028802 0.119963 -0.050159
v 0.029881 0.117900 -0.051940
v 0.034739 0.118664 -0.047554
v 0.034129 0.119963 -0.046713
v 0.033577 0.121727 -0.045953
v 0.033101 0.123901 -0.045297
v 0.032714 0.126420 -0.044764
v 0.032430 0.129207 -0.044372
v 0.032256 0.132177 -0.044132
v -0.040296 0.132185 -0.036977
v -0.040076 0.130974 -0.037354
v -0.039798 0.129229 -0.037936
v -0.039777 0.129082 -0.037987
v -0.039525 0.127079 -0.038722
v -0.039460 0.126433 -0.038976
v -0.039443 0.126246 -0.039051
v -0.039314 0.124323 -0.039872
v -0.039299 0.123912 -0.040061
v -0.039294 0.123714 -0.040153
v -0.039313 0.121878 -0.041086
v -0.039332 0.121547 -0.041270
v -0.039418 0.120663 -0.041799
v -0.039528 0.119972 -0.042257
v -0.039557 0.119829 -0.042357
v -0.039676 0.119349 -0.042718
v -0.039756 0.119090 -0.042929
v -0.039922 0.118667 -0.043310
v -0.039964 0.118579 -0.043396
v -0.040103 0.118328 -0.043663
v -0.040934 0.135193 -0.036124
v -0.024706 0.127496 -0.049378
v -0.024096 0.129078 -0.049395
v -0.029714 0.117992 -0.051839
v -0.029177 0.118577 -0.051247
v -0.029107 0.118666 -0.051180
v -0.029206 0.118540 -0.051276
v -0.028316 0.119826 -0.050538
v -0.028229 0.119968 -0.050479
v -0.028620 0.119349 -0.050761
v -0.027350 0.121549 -0.049986
v -0.027182 0.121878 -0.049911
v -0.027993 0.120368 -0.050329
v -0.027040 0.122161 -0.049852
v -0.026303 0.123713 -0.049605
v -0.026212 0.123912 -0.049581
v -0.025999 0.124389 -0.049530
v -0.025209 0.126245 -0.049406
v -0.024871 0.127079 -0.049383
v -0.025132 0.126433 -0.049399
v -0.024041 0.129226 -0.049399
v -0.023330 0.131174 -0.049498
v -0.022975 0.132183 -0.049578
v -0.021968 0.135193 -0.049922
v -0.027221 0.132177 -0.047389
v -0.039746 0.118664 -0.043475
v -0.038417 0.121727 -0.042010
v -0.035390 0.117868 -0.048451
v -0.029317 0.118664 -0.051062
v -0.029866 0.117868 -0.052024
v -0.028802 0.119963 -0.050159
v -0.028337 0.121727 -0.049343
v -0.027935 0.123901 -0.048639
v -0.027609 0.126420 -0.048068
v -0.027368 0.129207 -0.047647
v -0.037104 0.129207 -0.040564
v -0.037430 0.126420 -0.040923
v -0.036905 0.132177 -0.040344
v -0.037872 0.123901 -0.041410
v -0.039048 0.119963 -0.042706
v -0.040406 0.117900 -0.044283
v -0.034739 0.118664 -0.047554
v -0.034129 0.119963 -0.046713
v -0.033577 0.121727 -0.045953
v -0.033101 0.123901 -0.045297
v -0.032714 0.126420 -0.044764
v -0.032430 0.129207 -0.044372
v -0.032256 0.132177 -0.044132
v -0.047879 0.132185 0.027169
v -0.048170 0.130974 0.026843
v -0.048636 0.129229 0.026398
v -0.048678 0.129082 0.026362
v -0.049299 0.127079 0.025895
v -0.049520 0.126433 0.025755
v -0.049586 0.126246 0.025715
v -0.050326 0.124323 0.025338
v -0.050500 0.123912 0.025266
v -0.050587 0.123714 0.025232
v -0.051478 0.121878 0.024963
v -0.051660 0.121547 0.024924
v -0.052188 0.120663 0.024842
v -0.052657 0.119972 0.024806
v -0.052762 0.119829 0.024802
v -0.053141 0.119349 0.024804
v -0.053366 0.119090 0.024815
v -0.053780 0.118667 0.024855
v -0.053874 0.118579 0.024869
v -0.054170 0.118328 0.024919
v -0.047267 0.135193 0.028040
v -0.054840 0.127496 0.008490
v -0.054668 0.129078 0.007905
v -0.058725 0.117992 0.012499
v -0.057998 0.118577 0.012171
v -0.057912 0.118666 0.012125
v -0.058034 0.118540 0.012190
v -0.057058 0.119826 0.011569
v -0.056975 0.119968 0.011505
v -0.057364 0.119349 0.011790
v -0.056235 0.121549 0.010820
v -0.056112 0.121878 0.010683
v -0.056760 0.120368 0.011327
v -0.056012 0.122161 0.010566
v -0.055549 0.123713 0.009941
v -0.055499 0.123912 0.009862
v -0.055385 0.124389 0.009675
v -0.055023 0.126245 0.008961
v -0.054896 0.127079 0.008646
v -0.054993 0.126433 0.008890
v -0.054656 0.129226 0.007851
v -0.054530 0.131174 0.007143
v -0.054495 0.132183 0.006781
v -0.054511 0.135193 0.005715
v -0.052191 0.132177 0.017301
v -0.053882 0.118664 0.024637
v -0.052079 0.121727 0.023824
v -0.057261 0.117868 0.018951
v -0.057865 0.118664 0.012361
v -0.058949 0.117868 0.012587
v -0.056849 0.119963 0.012150
v -0.055930 0.121727 0.011958
v -0.055137 0.123901 0.011793
v -0.054493 0.126420 0.011659
v -0.054019 0.129207 0.011561
v -0.053729 0.132177 0.011500
v -0.050030 0.132177 0.022899
v -0.050300 0.129207 0.023021
v -0.050742 0.126420 0.023220
v -0.051341 0.123901 0.023490
v -0.052935 0.119963 0.024210
v -0.054853 0.117900 0.025015
v -0.056209 0.118664 0.018608
v -0.055221 0.119963 0.018287
v -0.054329 0.121727 0.017996
v -0.053558 0.123901 0.017746
v -0.052933 0.126420 0.017542
v -0.052473 0.129207 0.017393
v 0.054495 0.132185 0.006780
v 0.054539 0.130974 0.007215
v 0.054655 0.129229 0.007849
v 0.054668 0.129082 0.007903
v 0.054896 0.127079 0.008646
v 0.054993 0.126433 0.008890
v 0.055023 0.126246 0.008960
v 0.055400 0.124323 0.009701
v 0.055499 0.123912 0.009862
v 0.055549 0.123714 0.009940
v 0.056112 0.121878 0.010683
v 0.056236 0.121547 0.010821
v 0.056615 0.120663 0.011198
v 0.056973 0.119972 0.011504
v 0.057056 0.119829 0.011568
v 0.057364 0.119349 0.011790
v 0.057552 0.119090 0.011914
v 0.057911 0.118667 0.012124
v 0.057995 0.118579 0.012169
v 0.058264 0.118328 0.012303
v 0.054511 0.135193 0.005715
v 0.049162 0.127496 0.025988
v 0.048679 0.129078 0.026361
v 0.054658 0.117992 0.025032
v 0.053877 0.118577 0.024869
v 0.053781 0.118666 0.024856
v 0.053918 0.118540 0.024875
v 0.052764 0.119826 0.024802
v 0.052659 0.119968 0.024806
v 0.053141 0.119349 0.024804
v 0.051659 0.121549 0.024924
v 0.051478 0.121878 0.024963
v 0.052380 0.120368 0.024823
v 0.051329 0.122161 0.024998
v 0.050587 0.123713 0.025232
v 0.050500 0.123912 0.025266
v 0.050298 0.124389 0.025350
v 0.049586 0.126245 0.025715
v 0.049299 0.127079 0.025895
v 0.049520 0.126433 0.025755
v 0.048637 0.129226 0.026397
v 0.048120 0.131174 0.026895
v 0.047880 0.132183 0.027168
v 0.047267 0.135193 0.028040
v 0.057865 0.118664 0.012361
v 0.055930 0.121727 0.011958
v 0.057261 0.117868 0.018951
v 0.053882 0.118664 0.024637
v 0.054891 0.117868 0.025092
v 0.052935 0.119963 0.024210
v 0.052079 0.121727 0.023824
v 0.051341 0.123901 0.023490
v 0.050742 0.126420 0.023220
v 0.050300 0.129207 0.023021
v 0.050030 0.132177 0.022899
v 0.053729 0.132177 0.011500
v 0.054019 0.129207 0.011561
v 0.054493 0.126420 0.011659
v 0.055137 0.123901 0.011793
v 0.056849 0.119963 0.012150
v 0.058873 0.117900 0.012626
v 0.052191 0.132177 0.017301
v 0.056209 0.118664 0.018608
v 0.055221 0.119963 0.018287
v 0.054329 0.121727 0.017996
v 0.053558 0.123901 0.017746
v 0.052933 0.126420 0.017542
v 0.052473 0.129207 0.017393
v 0.010705 0.132185 0.054212
v 0.010306 0.130974 0.054388
v 0.009739 0.129229 0.054695
v 0.009692 0.129082 0.054724
v 0.009057 0.127079 0.055170
v 0.008855 0.126433 0.055337
v 0.008797 0.126246 0.055388
v 0.008211 0.124323 0.055976
v 0.008088 0.123912 0.056120
v 0.008029 0.123714 0.056192
v 0.007497 0.121878 0.056958
v 0.007405 0.121547 0.057118
v 0.007164 0.120663 0.057596
v 0.006984 0.119972 0.058031
v 0.006949 0.119829 0.058130
v 0.006833 0.119349 0.058491
v 0.006774 0.119090 0.058710
v 0.006685 0.118667 0.059116
v 0.006668 0.118579 0.059210
v 0.006624 0.118328 0.059508
v 0.011722 0.135193 0.053898
v -0.009187 0.127496 0.055069
v -0.009691 0.129078 0.054724
v -0.006581 0.117992 0.060007
v -0.006667 0.118577 0.059213
v -0.006684 0.118666 0.059117
v -0.006661 0.118540 0.059253
v -0.006948 0.119826 0.058132
v -0.006984 0.119968 0.058034
v -0.006833 0.119349 0.058491
v -0.007405 0.121549 0.057118
v -0.007497 0.121878 0.056958
v -0.007086 0.120368 0.057774
v -0.007578 0.122161 0.056826
v -0.008029 0.123713 0.056192
v -0.008088 0.123912 0.056120
v -0.008231 0.124389 0.055954
v -0.008797 0.126245 0.055388
v -0.009057 0.127079 0.055170
v -0.008855 0.126433 0.055337
v -0.009738 0.129226 0.054695
v -0.010371 0.131174 0.054357
v -0.010705 0.132183 0.054212
v -0.011722 0.135193 0.053898
v 0.006446 0.118664 0.059146
v 0.006230 0.121727 0.057178
v 0.000000 0.117868 0.060607
v -0.006446 0.118664 0.059146
v -0.006566 0.117868 0.060247
v -0.006332 0.119963 0.058112
v -0.006230 0.121727 0.057178
v -0.006142 0.123901 0.056372
v -0.006070 0.126420 0.055718
v -0.006017 0.129207 0.055236
v -0.005985 0.132177 0.054940
v 0.005985 0.132177 0.054940
v 0.006017 0.129207 0.055236
v 0.006070 0.126420 0.055718
v 0.006142 0.123901 0.056372
v 0.006332 0.119963 0.058112
v 0.006505 0.117900 0.060187
v 0.000000 0.118664 0.059499
v 0.000000 0.119963 0.058459
v 0.000000 0.121727 0.057519
v 0.000000 0.123901 0.056708
v 0.000000 0.126420 0.056050
v 0.000000 0.129207 0.055565
v 0.000000 0.132177 0.055268
v -0.086826 0.129360 0.235061
v -0.062663 0.129360 0.242652
v -0.037857 0.129360 0.247756
v -0.012662 0.129360 0.250321
v 0.012662 0.129360 0.250321
v 0.037857 0.129360 0.247756
v 0.062663 0.129360 0.242652
v 0.086826 0.129360 0.235061
v 0.110099 0.129360 0.225061
v 0.132241 0.129360 0.212755
v 0.153027 0.129360 0.198269
v 0.172242 0.129360 0.181752
v 0.189690 0.129360 0.163374
v 0.205191 0.129360 0.143322
v 0.218587 0.129360 0.121803
v 0.229739 0.129360 0.099037
v 0.238535 0.129360 0.075258
v 0.244882 0.129360 0.050711
v 0.248717 0.129360 0.025646
v 0.250000 0.129360 0.000321
v 0.248717 0.129360 -0.025003
v 0.244882 0.129360 -0.050068
v 0.238535 0.129360 -0.074616
v 0.229739 0.129360 -0.098394
v 0.218587 0.129360 -0.121160
v 0.205191 0.129360 -0.142679
v 0.189690 0.129360 -0.162731
v 0.172242 0.129360 -0.181110
v 0.153027 0.129360 -0.197627
v 0.132241 0.129360 -0.212112
v 0.110099 0.129360 -0.224418
v 0.086826 0.129360 -0.234418
v 0.062663 0.129360 -0.242009
v 0.037857 0.129360 -0.247113
v 0.012662 0.129360 -0.249679
v -0.012662 0.129360 -0.249679
v -0.037857 0.129360 -0.247113
v -0.062663 0.129360 -0.242009
v -0.086826 0.129360 -0.234418
v -0.110099 0.129360 -0.224418
v -0.132241 0.129360 -0.212112
v -0.153026 0.129360 -0.197627
v -0.172242 0.129360 -0.181110
v -0.189690 0.129360 -0.162731
v -0.205191 0.129360 -0.142679
v -0.218587 0.129360 -0.121160
v -0.229739 0.129360 -0.098394
v -0.238535 0.129360 -0.074616
v -0.244882 0.129360 -0.050068
v -0.248717 0.129360 -0.025003
v -0.250000 0.129360 0.000321
v -0.248717 0.129360 0.025646
v -0.244882 0.129360 0.050711
v -0.238535 0.129360 0.075258
v -0.229739 0.129360 0.099037
v -0.218587 0.129360 0.121803
v -0.205191 0.129360 0.143322
v -0.189690 0.129360 0.163374
v -0.172242 0.129360 0.181752
v -0.153026 0.129360 0.198269
v -0.132241 0.129360 0.212755
v -0.110099 0.129360 0.225061
v 0.250000 0.017640 0.000321
v 0.248717 0.017640 0.025646
v 0.244882 0.017640 0.050711
v 0.238535 0.017640 0.075258
v 0.229739 0.017640 0.099037
v 0.218587 0.017640 0.121803
v 0.205191 0.017640 0.143322
v 0.189690 0.017640 0.163374
v 0.172242 0.017640 0.181752
v 0.153027 0.017640 0.198269
v 0.132241 0.017640 0.212755
v 0.110099 0.017640 0.225061
v 0.086826 0.017640 0.235061
v 0.062663 0.017640 0.242652
v 0.037857 0.017640 0.247756
v 0.012662 0.017640 0.250321
v -0.012662 0.017640 0.250321
v -0.037857 0.017640 0.247756
v -0.062663 0.017640 0.242652
v -0.086826 0.017640 0.235061
v -0.110099 0.017640 0.225061
v -0.132241 0.017640 0.212755
v -0.153026 0.017640 0.198269
v -0.172242 0.017640 0.181752
v -0.189690 0.017640 0.163374
v -0.205191 0.017640 0.143322
v -0.218587 0.017640 0.121803
v -0.229739 0.017640 0.099037
v -0.238535 0.017640 0.075258
v -0.244882 0.017640 0.050711
v -0.248717 0.017640 0.025646
v -0.250000 0.017640 0.000321
v -0.248717 0.017640 -0.025003
v -0.244882 0.017640 -0.050068
v -0.238535 0.017640 -0.074616
v -0.229739 0.017640 -0.098394
v -0.218587 0.017640 -0.121160
v -0.205191 0.017640 -0.142679
v -0.189690 0.017640 -0.162731
v -0.172242 0.017640 -0.181110
v -0.153026 0.017640 -0.197627
v -0.132241 0.017640 -0.212112
v -0.110099 0.017640 -0.224418
v -0.086826 0.017640 -0.234418
v -0.062663 0.017640 -0.242009
v -0.037857 0.017640 -0.247113
v -0.012662 0.017640 -0.249679
v 0.012662 0.017640 -0.249679
v 0.037857 0.017640 -0.247113
v 0.062663 0.017640 -0.242009
v 0.086826 0.017640 -0.234418
v 0.110099 0.017640 -0.224418
v 0.132241 0.017640 -0.212112
v 0.153027 0.017640 -0.197627
v 0.172242 0.017640 -0.181110
v 0.189690 0.017640 -0.162731
v 0.205191 0.017640 -0.142679
v 0.218587 0.017640 -0.121160
v 0.229739 0.017640 -0.098394
v 0.238535 0.017640 -0.074616
v 0.244882 0.017640 -0.050068
v 0.248717 0.017640 -0.025003
v -0.132241 -0.017640 0.212755
v -0.110099 -0.017640 0.225061
v -0.086826 -0.017640 0.235061
v -0.062663 -0.017640 0.242652
v -0.037857 -0.017640 0.247756
v -0.012662 -0.017640 0.250321
v 0.012662 -0.017640 0.250321
v 0.037857 -0.017640 0.247756
v 0.062663 -0.017640 0.242652
v 0.086826 -0.017640 0.235061
v 0.110099 -0.017640 0.225061
v 0.132241 -0.017640 0.212755
v 0.153027 -0.017640 0.198269
v 0.172242 -0.017640 0.181752
v 0.189690 -0.017640 0.163374
v 0.205191 -0.017640 0.143322
v 0.218587 -0.017640 0.121803
v 0.229739 -0.017640 0.099037
v 0.238535 -0.017640 0.075258
v 0.244882 -0.017640 0.050711
v 0.248717 -0.017640 0.025646
v 0.250000 -0.017640 0.000321
v 0.248717 -0.017640 -0.025003
v 0.244882 -0.017640 -0.050068
v 0.238535 -0.017640 -0.074616
v 0.229739 -0.017640 -0.098394
v 0.218587 -0.017640 -0.121160
v 0.205191 -0.017640 -0.142679
v 0.189690 -0.017640 -0.162731
v 0.172242 -0.017640 -0.181110
v 0.153027 -0.017640 -0.197627
v 0.132241 -0.017640 -0.212112
v 0.110099 -0.017640 -0.224418
v 0.086826 -0.017640 -0.234418
v 0.062663 -0.017640 -0.242009
v 0.037857 -0.017640 -0.247113
v 0.012662 -0.017640 -0.249679
v -0.012662 -0.017640 -0.249679
v -0.037857 -0.017640 -0.247113
v -0.062663 -0.017640 -0.242009
v -0.086826 -0.017640 -0.234418
v -0.110099 -0.017640 -0.224418
v -0.132241 -0.017640 -0.212112
v -0.153026 -0.017640 -0.197627
v -0.172242 -0.017640 -0.181110
v -0.189690 -0.017640 -0.162731
v -0.205191 -0.017640 -0.142679
v -0.218587 -0.017640 -0.121160
v -0.229739 -0.017640 -0.098394
v -0.238535 -0.017640 -0.074616
v -0.244882 -0.017640 -0.050068
v -0.248717 -0.017640 -0.025003
v -0.250000 -0.017640 0.000321
v -0.248717 -0.017640 0.025646
v -0.244882 -0.017640 0.050711
v -0.238535 -0.017640 0.075258
v -0.229739 -0.017640 0.099037
v -0.218587 -0.017640 0.121803
v -0.205191 -0.017640 0.143322
v -0.189690 -0.017640 0.163374
v -0.172242 -0.017640 0.181752
v -0.153026 -0.017640 0.198269
v 0.250000 -0.129360 0.000321
v 0.248717 -0.129360 0.025646
v 0.244882 -0.129360 0.050711
v 0.238535 -0.129360 0.075258
v 0.229739 -0.129360 0.099037
v 0.218587 -0.129360 0.121803
v 0.205191 -0.129360 0.143322
v 0.189690 -0.129360 0.163374
v 0.172242 -0.129360 0.181752
v 0.153027 -0.129360 0.198269
v 0.132241 -0.129360 0.212755
v 0.110099 -0.129360 0.225061
v 0.086826 -0.129360 0.235061
v 0.062663 -0.129360 0.242652
v 0.037857 -0.129360 0.247756
v 0.012662 -0.129360 0.250321
v -0.012662 -0.129360 0.250321
v -0.037857 -0.129360 0.247756
v -0.062663 -0.129360 0.242652
v -0.086826 -0.129360 0.235061
v -0.110099 -0.129360 0.225061
v -0.132241 -0.129360 0.212755
v -0.153026 -0.129360 0.198269
v -0.172242 -0.129360 0.181752
v -0.189690 -0.129360 0.163374
v -0.205191 -0.129360 0.143322
v -0.218587 -0.129360 0.121803
v -0.229739 -0.129360 0.099037
v -0.238535 -0.129360 0.075258
v -0.244882 -0.129360 0.050711
v -0.248717 -0.129360 0.025646
v -0.250000 -0.129360 0.000321
v -0.248717 -0.129360 -0.025003
v -0.244882 -0.129360 -0.050068
v -0.238535 -0.129360 -0.074616
v -0.229739 -0.129360 -0.098394
v -0.218587 -0.129360 -0.121160
v -0.205191 -0.129360 -0.142679
v -0.189690 -0.129360 -0.162731
v -0.172242 -0.129360 -0.181110
v -0.153026 -0.129360 -0.197627
v -0.132241 -0.129360 -0.212112
v -0.110099 -0.129360 -0.224418
v -0.086826 -0.129360 -0.234418
v -0.062663 -0.129360 -0.242009
v -0.037857 -0.129360 -0.247113
v -0.012662 -0.129360 -0.249679
v 0.012662 -0.129360 -0.249679
v 0.037857 -0.129360 -0.247113
v 0.062663 -0.129360 -0.242009
v 0.086826 -0.129360 -0.234418
v 0.110099 -0.129360 -0.224418
v 0.132241 -0.129360 -0.212112
v 0.153027 -0.129360 -0.197627
v 0.172242 -0.129360 -0.181110
v 0.189690 -0.129360 -0.162731
v 0.205191 -0.129360 -0.142679
v 0.218587 -0.129360 -0.121160
v 0.229739 -0.129360 -0.098394
v 0.238535 -0.129360 -0.074616
v 0.244882 -0.129360 -0.050068
v 0.248717 -0.129360 -0.025003
vn 0.0924 0.1140 -0.9892
vn 0.0916 -0.0905 -0.9917
vn 0.9482 0.1330 -0.2885
vn 0.9694 0.1139 -0.2177
vn 0.9715 -0.0904 -0.2192
vn 0.5073 0.1140 0.8542
vn 0.5094 -0.0904 0.8558
vn -0.5978 0.1331 0.7905
vn -0.6566 0.1140 0.7456
vn -0.6574 -0.0904 0.7481
vn -0.9369 0.1330 -0.3233
vn -0.9124 0.1139 -0.3930
vn -0.9151 -0.0904 -0.3930
vn -0.9205 -0.1120 -0.3744
vn -0.9142 -0.0687 -0.3994
vn -0.9167 -0.0266 -0.3987
vn -0.9178 -0.0476 -0.3943
vn -0.9174 0.0095 -0.3978
vn -0.9180 -0.0086 -0.3966
vn -0.9160 0.0305 -0.4000
vn -0.9210 0.0946 -0.3780
vn -0.9142 0.0728 -0.3987
vn -0.9190 0.0516 -0.3910
vn -0.9108 0.1306 -0.3916
vn -0.9595 0.1228 -0.2536
vn -0.9507 0.1366 -0.2784
vn -0.9348 0.1224 -0.3335
vn -0.9694 0.0478 -0.2408
vn -0.9721 0.0078 -0.2344
vn -0.9685 -0.0535 -0.2432
vn -0.9682 -0.0965 -0.2309
vn -0.9574 -0.1182 -0.2635
vn -0.9591 -0.1261 -0.2535
vn -0.9503 -0.1318 -0.2822
vn -0.9455 -0.1314 -0.2979
vn -0.9108 -0.1305 -0.3916
vn -0.9278 -0.1321 -0.3490
vn -0.9380 -0.1243 -0.3236
vn -0.9364 -0.1199 -0.3298
vn -0.9409 -0.1275 -0.3139
vn -0.6413 -0.1120 0.7590
vn -0.6632 -0.0688 0.7453
vn -0.6633 -0.0266 0.7479
vn -0.6594 -0.0476 0.7503
vn -0.6627 0.0095 0.7488
vn -0.6617 -0.0086 0.7497
vn -0.6643 0.0305 0.7468
vn -0.6449 0.0947 0.7584
vn -0.6625 0.0728 0.7455
vn -0.6566 0.0516 0.7524
vn -0.6547 0.1307 0.7445
vn -0.5384 0.1229 0.8337
vn -0.5593 0.1367 0.8176
vn -0.6069 0.1225 0.7853
vn -0.5293 0.0478 0.8471
vn -0.5241 0.0078 0.8516
vn -0.5313 -0.0536 0.8455
vn -0.5195 -0.0966 0.8490
vn -0.5472 -0.1183 0.8286
vn -0.5382 -0.1262 0.8333
vn -0.5628 -0.1319 0.8160
vn -0.5763 -0.1315 0.8066
vn -0.6547 -0.1306 0.7445
vn -0.6194 -0.1322 0.7738
vn -0.5984 -0.1243 0.7915
vn -0.6039 -0.1200 0.7880
vn -0.5901 -0.1275 0.7972
vn 0.6274 0.1229 0.7689
vn 0.6430 0.0478 0.7644
vn 0.6489 0.0078 0.7608
vn 0.6408 -0.0536 0.7658
vn 0.6478 -0.0966 0.7557
vn 0.6199 -0.1183 0.7757
vn 0.6271 -0.1262 0.7686
vn 0.5768 -0.1275 0.8068
vn 0.5900 -0.1315 0.7966
vn 0.6031 -0.1319 0.7867
vn 0.5638 -0.1200 0.8171
vn 0.5688 -0.1243 0.8130
vn 0.5456 -0.1322 0.8276
vn 0.5067 -0.1306 0.8521
vn 0.5247 -0.1120 0.8439
vn 0.5049 -0.0688 0.8604
vn 0.5074 -0.0266 0.8613
vn 0.5108 -0.0476 0.8584
vn 0.5084 0.0095 0.8610
vn 0.5096 -0.0086 0.8604
vn 0.5060 0.0305 0.8620
vn 0.5230 0.0947 0.8471
vn 0.5053 0.0729 0.8598
vn 0.5137 0.0516 0.8564
vn 0.6057 0.1367 0.7838
vn 0.5603 0.1225 0.8191
vn 0.5681 0.1331 0.8121
vn 0.5067 0.1307 0.8521
vn 0.9649 -0.1119 -0.2374
vn 0.9745 -0.0687 -0.2135
vn 0.9761 -0.0266 -0.2156
vn 0.9744 -0.0476 -0.2198
vn 0.9762 0.0095 -0.2167
vn 0.9759 -0.0086 -0.2180
vn 0.9763 0.0305 -0.2140
vn 0.9674 0.0946 -0.2348
vn 0.9741 0.0728 -0.2141
vn 0.9734 0.0516 -0.2231
vn 0.9672 0.1306 -0.2178
vn 0.9256 0.1229 -0.3581
vn 0.9330 0.1366 -0.3329
vn 0.9525 0.1224 -0.2789
vn 0.9261 0.0478 -0.3743
vn 0.9245 0.0078 -0.3810
vn 0.9268 -0.0536 -0.3718
vn 0.9193 -0.0965 -0.3816
vn 0.9297 -0.1182 -0.3489
vn 0.9252 -0.1261 -0.3580
vn 0.9349 -0.1318 -0.3295
vn 0.9403 -0.1314 -0.3140
vn 0.9672 -0.1305 -0.2178
vn 0.9559 -0.1321 -0.2623
vn 0.9493 -0.1243 -0.2888
vn 0.9517 -0.1199 -0.2828
vn 0.9459 -0.1274 -0.2984
vn -0.0551 0.1230 -0.9909
vn -0.0704 0.0478 -0.9964
vn -0.0772 0.0078 -0.9970
vn -0.0678 -0.0536 -0.9963
vn -0.0794 -0.0966 -0.9921
vn -0.0450 -0.1184 -0.9920
vn -0.0550 -0.1262 -0.9905
vn 0.0082 -0.1276 -0.9918
vn -0.0085 -0.1315 -0.9913
vn -0.0249 -0.1319 -0.9909
vn 0.0248 -0.1200 -0.9925
vn 0.0184 -0.1244 -0.9921
vn 0.0457 -0.1323 -0.9902
vn 0.0916 -0.1307 -0.9872
vn 0.0722 -0.1121 -0.9911
vn 0.0979 -0.0688 -0.9928
vn 0.0965 -0.0266 -0.9950
vn 0.0920 -0.0476 -0.9946
vn 0.0955 0.0095 -0.9954
vn 0.0941 -0.0086 -0.9955
vn 0.0980 0.0305 -0.9947
vn 0.0755 0.0947 -0.9926
vn 0.0973 0.0729 -0.9926
vn 0.0884 0.0516 -0.9947
vn -0.0287 0.1368 -0.9902
vn 0.0288 0.1226 -0.9920
vn 0.0183 0.1332 -0.9909
vn 0.0916 0.1308 -0.9872
vn 0.5148 0.1224 0.8485
vn 0.4428 0.1224 0.8882
vn 0.3760 0.1224 0.9185
vn 0.3070 0.1224 0.9438
vn 0.2364 0.1224 0.9639
vn 0.1645 0.1224 0.9787
vn 0.0917 0.1224 0.9882
vn 0.0184 0.1224 0.9923
vn -0.0551 0.1224 0.9909
vn -0.1282 0.1224 0.9842
vn -0.2006 0.1224 0.9720
vn -0.2719 0.1224 0.9545
vn -0.3417 0.1224 0.9318
vn -0.4097 0.1224 0.9040
vn -0.4754 0.1224 0.8712
vn -0.5165 0.1225 0.8475
vn -0.5580 0.1124 0.8222
vn 0.9663 0.1223 -0.2266
vn 0.9817 0.1223 -0.1460
vn 0.9898 0.1223 -0.0732
vn 0.9925 0.1223 -0.0000
vn 0.9898 0.1223 0.0732
vn 0.9817 0.1223 0.1460
vn 0.9682 0.1223 0.2180
vn 0.9495 0.1223 0.2889
vn 0.9256 0.1223 0.3581
vn 0.8967 0.1223 0.4255
vn 0.8628 0.1223 0.4905
vn 0.8243 0.1223 0.5528
vn 0.7812 0.1224 0.6122
vn 0.7339 0.1224 0.6682
vn 0.6825 0.1224 0.7205
vn 0.6473 0.1225 0.7523
vn 0.6105 0.1124 0.7840
vn 0.0829 0.1224 -0.9890
vn 0.1645 0.1224 -0.9787
vn 0.2364 0.1224 -0.9639
vn 0.3070 0.1224 -0.9438
vn 0.3071 0.1224 -0.9438
vn 0.3760 0.1224 -0.9185
vn 0.4428 0.1224 -0.8882
vn 0.5073 0.1224 -0.8530
vn 0.5689 0.1224 -0.8132
vn 0.6274 0.1224 -0.7690
vn 0.6825 0.1224 -0.7205
vn 0.7339 0.1224 -0.6682
vn 0.7812 0.1224 -0.6122
vn 0.8243 0.1223 -0.5528
vn 0.8628 0.1223 -0.4905
vn 0.8967 0.1223 -0.4255
vn 0.9159 0.1224 -0.3822
vn 0.9347 0.1123 -0.3373
vn -0.9152 0.1223 -0.3840
vn -0.8804 0.1223 -0.4583
vn -0.8441 0.1223 -0.5220
vn -0.8033 0.1223 -0.5829
vn -0.7581 0.1224 -0.6406
vn -0.7087 0.1224 -0.6948
vn -0.6554 0.1224 -0.7453
vn -0.5986 0.1224 -0.7916
vn -0.5385 0.1224 -0.8337
vn -0.4754 0.1224 -0.8712
vn -0.4097 0.1224 -0.9040
vn -0.3417 0.1224 -0.9318
vn -0.2719 0.1224 -0.9545
vn -0.2006 0.1224 -0.9720
vn -0.1282 0.1224 -0.9842
vn -0.0810 0.1225 -0.9892
vn -0.0325 0.1125 -0.9931
vn -0.6488 0.1223 0.7510
vn -0.7087 0.1224 0.6948
vn -0.7581 0.1224 0.6406
vn -0.8033 0.1223 0.5829
vn -0.8441 0.1223 0.5220
vn -0.8804 0.1223 0.4583
vn -0.9118 0.1223 0.3921
vn -0.9382 0.1223 0.3237
vn -0.9595 0.1223 0.2536
vn -0.9756 0.1223 0.1821
vn -0.9864 0.1223 0.1097
vn -0.9918 0.1223 0.0366
vn -0.9918 0.1223 -0.0366
vn -0.9864 0.1223 -0.1097
vn -0.9756 0.1223 -0.1821
vn -0.9756 0.1223 -0.1822
vn -0.9658 0.1224 -0.2285
vn -0.9546 0.1123 -0.2758
vn 0.5063 0.0863 0.8580
vn 0.4445 0.0863 0.8916
vn 0.3774 0.0863 0.9220
vn 0.3082 0.0863 0.9474
vn 0.2373 0.0863 0.9676
vn 0.1651 0.0863 0.9825
vn 0.0920 0.0863 0.9920
vn 0.0184 0.0863 0.9961
vn -0.0553 0.0863 0.9947
vn -0.1287 0.0863 0.9879
vn -0.2014 0.0863 0.9757
vn -0.2730 0.0863 0.9581
vn -0.3431 0.0863 0.9353
vn -0.4113 0.0863 0.9074
vn -0.4772 0.0863 0.8746
vn -0.5392 0.0863 0.8378
vn -0.5267 0.0907 0.8452
vn 0.9727 0.0862 -0.2156
vn 0.9854 0.0862 -0.1466
vn 0.9936 0.0862 -0.0735
vn 0.9963 0.0862 -0.0000
vn 0.9936 0.0862 0.0735
vn 0.9854 0.0862 0.1466
vn 0.9719 0.0862 0.2189
vn 0.9531 0.0862 0.2900
vn 0.9292 0.0862 0.3595
vn 0.9001 0.0862 0.4271
vn 0.8661 0.0862 0.4923
vn 0.8274 0.0862 0.5549
vn 0.7842 0.0862 0.6145
vn 0.7367 0.0862 0.6707
vn 0.6851 0.0862 0.7233
vn 0.6311 0.0863 0.7709
vn 0.6420 0.0907 0.7613
vn 0.0954 0.0863 -0.9917
vn 0.1651 0.0863 -0.9825
vn 0.2373 0.0863 -0.9676
vn 0.3082 0.0863 -0.9474
vn 0.3774 0.0863 -0.9220
vn 0.4445 0.0863 -0.8916
vn 0.5092 0.0863 -0.8563
vn 0.5711 0.0863 -0.8163
vn 0.6298 0.0862 -0.7719
vn 0.6851 0.0862 -0.7233
vn 0.7367 0.0862 -0.6707
vn 0.7842 0.0862 -0.6145
vn 0.8274 0.0862 -0.5549
vn 0.8661 0.0862 -0.4923
vn 0.9001 0.0862 -0.4271
vn 0.9286 0.0862 -0.3610
vn 0.9228 0.0907 -0.3744
vn -0.9139 0.0862 -0.3966
vn -0.8837 0.0862 -0.4600
vn -0.8474 0.0862 -0.5240
vn -0.8064 0.0862 -0.5851
vn -0.7610 0.0862 -0.6430
vn -0.7114 0.0862 -0.6975
vn -0.6579 0.0862 -0.7481
vn -0.6009 0.0863 -0.7947
vn -0.6009 0.0862 -0.7947
vn -0.5405 0.0863 -0.8369
vn -0.4772 0.0863 -0.8746
vn -0.4113 0.0863 -0.9074
vn -0.3431 0.0863 -0.9353
vn -0.2730 0.0863 -0.9581
vn -0.2014 0.0863 -0.9757
vn -0.1287 0.0863 -0.9879
vn -0.0569 0.0863 -0.9946
vn -0.0714 0.0908 -0.9933
vn -0.6605 0.0863 0.7459
vn -0.7114 0.0862 0.6975
vn -0.7610 0.0862 0.6430
vn -0.8064 0.0862 0.5851
vn -0.8474 0.0862 0.5240
vn -0.8837 0.0862 0.4600
vn -0.9153 0.0862 0.3936
vn -0.9153 0.0862 0.3935
vn -0.9418 0.0862 0.3250
vn -0.9418 0.0862 0.3249
vn -0.9632 0.0862 0.2546
vn -0.9794 0.0862 0.1828
vn -0.9902 0.0862 0.1101
vn -0.9956 0.0862 0.0368
vn -0.9956 0.0862 -0.0368
vn -0.9902 0.0862 -0.1101
vn -0.9794 0.0862 -0.1828
vn -0.9636 0.0862 -0.2530
vn -0.9668 0.0906 -0.2388
vn 0.5143 0.0513 0.8561
vn 0.4456 0.0513 0.8938
vn 0.3783 0.0513 0.9242
vn 0.3090 0.0513 0.9497
vn 0.2379 0.0513 0.9699
vn 0.1655 0.0513 0.9849
vn 0.0923 0.0513 0.9944
vn 0.0185 0.0513 0.9985
vn -0.0554 0.0513 0.9971
vn -0.1290 0.0513 0.9903
vn -0.2019 0.0513 0.9781
vn -0.2736 0.0513 0.9605
vn -0.3439 0.0513 0.9376
vn -0.4123 0.0513 0.9096
vn -0.4784 0.0513 0.8767
vn -0.5397 0.0513 0.8403
vn -0.5171 0.0690 0.8531
vn 0.9733 0.0512 -0.2237
vn 0.9878 0.0513 -0.1469
vn 0.9960 0.0513 -0.0737
vn 0.9987 0.0513 -0.0000
vn 0.9960 0.0513 0.0737
vn 0.9878 0.0513 0.1469
vn 0.9743 0.0513 0.2194
vn 0.9555 0.0513 0.2907
vn 0.9314 0.0513 0.3604
vn 0.9023 0.0513 0.4281
vn 0.8682 0.0513 0.4935
vn 0.8294 0.0513 0.5563
vn 0.7861 0.0513 0.6160
vn 0.7385 0.0513 0.6723
vn 0.6868 0.0513 0.7250
vn 0.6334 0.0513 0.7722
vn 0.6525 0.0690 0.7546
vn 0.0878 0.0513 -0.9948
vn 0.1655 0.0513 -0.9849
vn 0.2379 0.0513 -0.9699
vn 0.3090 0.0513 -0.9497
vn 0.3783 0.0513 -0.9242
vn 0.4456 0.0513 -0.8938
vn 0.5104 0.0513 -0.8584
vn 0.5725 0.0513 -0.8183
vn 0.6314 0.0513 -0.7738
vn 0.6868 0.0513 -0.7250
vn 0.7385 0.0513 -0.6723
vn 0.7861 0.0513 -0.6160
vn 0.8294 0.0513 -0.5563
vn 0.8682 0.0513 -0.4935
vn 0.9023 0.0513 -0.4281
vn 0.9305 0.0513 -0.3628
vn 0.9198 0.0689 -0.3864
vn -0.9192 0.0513 -0.3904
vn -0.8859 0.0513 -0.4611
vn -0.8858 0.0513 -0.4611
vn -0.8494 0.0513 -0.5253
vn -0.8083 0.0513 -0.5865
vn -0.7628 0.0513 -0.6446
vn -0.7131 0.0513 -0.6992
vn -0.6595 0.0513 -0.7499
vn -0.6023 0.0513 -0.7966
vn -0.5418 0.0513 -0.8389
vn -0.4784 0.0513 -0.8767
vn -0.4123 0.0513 -0.9096
vn -0.3439 0.0513 -0.9376
vn -0.2736 0.0513 -0.9605
vn -0.2019 0.0513 -0.9781
vn -0.1290 0.0513 -0.9903
vn -0.0580 0.0513 -0.9970
vn -0.0838 0.0690 -0.9941
vn -0.6562 0.0513 0.7529
vn -0.7131 0.0513 0.6992
vn -0.7628 0.0513 0.6446
vn -0.8083 0.0513 0.5865
vn -0.8494 0.0513 0.5253
vn -0.8494 0.0513 0.5252
vn -0.8859 0.0513 0.4611
vn -0.8858 0.0513 0.4611
vn -0.9175 0.0513 0.3945
vn -0.9441 0.0513 0.3257
vn -0.9655 0.0513 0.2552
vn -0.9817 0.0513 0.1833
vn -0.9926 0.0513 0.1104
vn -0.9980 0.0513 0.0368
vn -0.9980 0.0513 0.0369
vn -0.9980 0.0513 -0.0369
vn -0.9926 0.0513 -0.1104
vn -0.9817 0.0513 -0.1833
vn -0.9662 0.0513 -0.2527
vn -0.9714 0.0689 -0.2273
vn 0.5176 0.0170 0.8555
vn 0.4461 0.0170 0.8948
vn 0.3788 0.0170 0.9253
vn 0.3093 0.0170 0.9508
vn 0.2382 0.0170 0.9711
vn 0.1657 0.0170 0.9860
vn 0.0924 0.0170 0.9956
vn 0.0185 0.0170 0.9997
vn -0.0555 0.0170 0.9983
vn -0.1291 0.0170 0.9915
vn -0.2021 0.0170 0.9792
vn -0.2739 0.0170 0.9616
vn -0.3443 0.0170 0.9387
vn -0.4127 0.0170 0.9107
vn -0.4789 0.0170 0.8777
vn -0.5434 0.0170 0.8393
vn -0.5212 0.0268 0.8530
vn 0.9737 0.0170 -0.2270
vn 0.9890 0.0170 -0.1471
vn 0.9971 0.0170 -0.0737
vn 0.9999 0.0170 -0.0000
vn 0.9971 0.0170 0.0737
vn 0.9890 0.0170 0.1471
vn 0.9754 0.0170 0.2196
vn 0.9566 0.0170 0.2910
vn 0.9325 0.0170 0.3608
vn 0.9033 0.0170 0.4286
vn 0.8692 0.0170 0.4941
vn 0.8304 0.0170 0.5569
vn 0.7870 0.0170 0.6167
vn 0.7393 0.0170 0.6731
vn 0.6876 0.0170 0.7259
vn 0.6313 0.0170 0.7754
vn 0.6511 0.0268 0.7585
vn 0.0848 0.0170 -0.9963
vn 0.1657 0.0170 -0.9860
vn 0.2382 0.0170 -0.9711
vn 0.3093 0.0170 -0.9508
vn 0.3788 0.0170 -0.9253
vn 0.4461 0.0170 -0.8948
vn 0.5110 0.0170 -0.8594
vn 0.5731 0.0170 -0.8193
vn 0.6321 0.0170 -0.7747
vn 0.6876 0.0170 -0.7259
vn 0.7393 0.0170 -0.6731
vn 0.7870 0.0170 -0.6167
vn 0.8304 0.0170 -0.5569
vn 0.8692 0.0170 -0.4941
vn 0.9033 0.0170 -0.4286
vn 0.9329 0.0170 -0.3598
vn 0.9230 0.0268 -0.3838
vn -0.9215 0.0170 -0.3880
vn -0.8869 0.0170 -0.4617
vn -0.8504 0.0170 -0.5259
vn -0.8093 0.0170 -0.5872
vn -0.7637 0.0170 -0.6454
vn -0.7637 0.0170 -0.6453
vn -0.7140 0.0170 -0.7000
vn -0.6603 0.0170 -0.7508
vn -0.6030 0.0170 -0.7975
vn -0.5425 0.0170 -0.8399
vn -0.4789 0.0170 -0.8777
vn -0.4127 0.0170 -0.9107
vn -0.3443 0.0170 -0.9387
vn -0.2739 0.0170 -0.9616
vn -0.2021 0.0170 -0.9792
vn -0.1291 0.0170 -0.9915
vn -0.0544 0.0170 -0.9984
vn -0.0804 0.0268 -0.9964
vn -0.6546 0.0170 0.7558
vn -0.7140 0.0170 0.7000
vn -0.7637 0.0170 0.6453
vn -0.7637 0.0170 0.6454
vn -0.8093 0.0170 0.5872
vn -0.8504 0.0170 0.5259
vn -0.8869 0.0170 0.4617
vn -0.9185 0.0170 0.3950
vn -0.9452 0.0170 0.3261
vn -0.9667 0.0170 0.2555
vn -0.9829 0.0170 0.1835
vn -0.9937 0.0170 0.1105
vn -0.9992 0.0170 0.0369
vn -0.9992 0.0170 -0.0369
vn -0.9937 0.0170 -0.1105
vn -0.9829 0.0170 -0.1835
vn -0.9664 0.0170 -0.2566
vn -0.9725 0.0268 -0.2313
vn 0.5178 -0.0170 0.8553
vn 0.4461 -0.0170 0.8948
vn 0.3788 -0.0170 0.9253
vn 0.3093 -0.0170 0.9508
vn 0.2382 -0.0170 0.9711
vn 0.1657 -0.0170 0.9860
vn 0.0924 -0.0170 0.9956
vn 0.0185 -0.0170 0.9997
vn -0.0555 -0.0170 0.9983
vn -0.1291 -0.0170 0.9915
vn -0.2021 -0.0170 0.9792
vn -0.2739 -0.0170 0.9616
vn -0.3443 -0.0170 0.9387
vn -0.4127 -0.0170 0.9107
vn -0.4789 -0.0170 0.8777
vn -0.5419 -0.0170 0.8403
vn -0.5260 -0.0113 0.8504
vn 0.9737 -0.0170 -0.2273
vn 0.9890 -0.0170 -0.1471
vn 0.9971 -0.0170 -0.0737
vn 0.9999 -0.0170 -0.0000
vn 0.9971 -0.0170 0.0737
vn 0.9890 -0.0170 0.1471
vn 0.9754 -0.0170 0.2196
vn 0.9566 -0.0170 0.2910
vn 0.9325 -0.0170 0.3608
vn 0.9033 -0.0170 0.4286
vn 0.8692 -0.0170 0.4941
vn 0.8304 -0.0170 0.5569
vn 0.7870 -0.0170 0.6167
vn 0.7393 -0.0170 0.6731
vn 0.6876 -0.0170 0.7259
vn 0.6326 -0.0170 0.7743
vn 0.6472 -0.0113 0.7623
vn 0.0845 -0.0170 -0.9963
vn 0.1657 -0.0170 -0.9860
vn 0.2382 -0.0170 -0.9711
vn 0.3093 -0.0170 -0.9508
vn 0.3788 -0.0170 -0.9253
vn 0.4461 -0.0170 -0.8948
vn 0.5110 -0.0170 -0.8594
vn 0.5731 -0.0170 -0.8193
vn 0.6321 -0.0170 -0.7747
vn 0.6876 -0.0170 -0.7259
vn 0.7393 -0.0170 -0.6731
vn 0.7870 -0.0170 -0.6167
vn 0.8304 -0.0170 -0.5569
vn 0.8692 -0.0170 -0.4941
vn 0.9033 -0.0170 -0.4286
vn 0.9322 -0.0170 -0.3614
vn 0.9254 -0.0113 -0.3789
vn -0.9216 -0.0170 -0.3877
vn -0.8869 -0.0170 -0.4617
vn -0.8504 -0.0170 -0.5259
vn -0.8093 -0.0170 -0.5872
vn -0.7637 -0.0170 -0.6454
vn -0.7637 -0.0170 -0.6453
vn -0.7140 -0.0170 -0.7000
vn -0.6603 -0.0170 -0.7508
vn -0.6030 -0.0170 -0.7975
vn -0.5425 -0.0170 -0.8399
vn -0.4789 -0.0170 -0.8777
vn -0.4127 -0.0170 -0.9107
vn -0.3443 -0.0170 -0.9387
vn -0.2739 -0.0170 -0.9616
vn -0.2021 -0.0170 -0.9792
vn -0.1291 -0.0170 -0.9915
vn -0.0562 -0.0170 -0.9983
vn -0.0750 -0.0113 -0.9971
vn -0.6544 -0.0170 0.7560
vn -0.7140 -0.0170 0.7000
vn -0.7637 -0.0170 0.6454
vn -0.7637 -0.0170 0.6453
vn -0.8093 -0.0170 0.5872
vn -0.8504 -0.0170 0.5259
vn -0.8869 -0.0170 0.4617
vn -0.9185 -0.0170 0.3950
vn -0.9452 -0.0170 0.3261
vn -0.9667 -0.0170 0.2555
vn -0.9829 -0.0170 0.1835
vn -0.9937 -0.0170 0.1105
vn -0.9992 -0.0170 0.0369
vn -0.9992 -0.0170 -0.0369
vn -0.9937 -0.0170 -0.1105
vn -0.9829 -0.0170 -0.1835
vn -0.9668 -0.0170 -0.2548
vn -0.9715 -0.0113 -0.2366
vn 0.5160 -0.0513 0.8551
vn 0.4456 -0.0513 0.8938
vn 0.3783 -0.0513 0.9242
vn 0.3090 -0.0513 0.9497
vn 0.2379 -0.0513 0.9699
vn 0.1655 -0.0513 0.9849
vn 0.0923 -0.0513 0.9944
vn 0.0185 -0.0513 0.9985
vn -0.0554 -0.0513 0.9971
vn -0.1290 -0.0513 0.9903
vn -0.2019 -0.0513 0.9781
vn -0.2736 -0.0513 0.9605
vn -0.3439 -0.0513 0.9376
vn -0.4123 -0.0513 0.9096
vn -0.4784 -0.0513 0.8767
vn -0.5386 -0.0513 0.8410
vn -0.5178 -0.0324 0.8549
vn 0.9729 -0.0512 -0.2256
vn 0.9878 -0.0513 -0.1469
vn 0.9960 -0.0513 -0.0737
vn 0.9987 -0.0513 -0.0000
vn 0.9960 -0.0513 0.0737
vn 0.9878 -0.0513 0.1469
vn 0.9743 -0.0513 0.2194
vn 0.9555 -0.0513 0.2907
vn 0.9314 -0.0513 0.3604
vn 0.9023 -0.0513 0.4281
vn 0.8682 -0.0513 0.4935
vn 0.8294 -0.0513 0.5563
vn 0.7861 -0.0513 0.6160
vn 0.7385 -0.0513 0.6723
vn 0.6868 -0.0513 0.7250
vn 0.6344 -0.0513 0.7713
vn 0.6539 -0.0324 0.7559
vn 0.0859 -0.0513 -0.9950
vn 0.1655 -0.0513 -0.9849
vn 0.2379 -0.0513 -0.9699
vn 0.3090 -0.0513 -0.9497
vn 0.3783 -0.0513 -0.9242
vn 0.4456 -0.0513 -0.8938
vn 0.5104 -0.0513 -0.8584
vn 0.5725 -0.0513 -0.8183
vn 0.6314 -0.0513 -0.7738
vn 0.6868 -0.0513 -0.7250
vn 0.7385 -0.0513 -0.6723
vn 0.7861 -0.0513 -0.6160
vn 0.8294 -0.0513 -0.5563
vn 0.8682 -0.0513 -0.4935
vn 0.9023 -0.0513 -0.4281
vn 0.9300 -0.0513 -0.3640
vn 0.9214 -0.0324 -0.3873
vn -0.9200 -0.0512 -0.3886
vn -0.8859 -0.0513 -0.4611
vn -0.8494 -0.0513 -0.5253
vn -0.8083 -0.0513 -0.5865
vn -0.7628 -0.0513 -0.6446
vn -0.7131 -0.0513 -0.6992
vn -0.6595 -0.0513 -0.7499
vn -0.6023 -0.0513 -0.7966
vn -0.5418 -0.0513 -0.8389
vn -0.4784 -0.0513 -0.8767
vn -0.4123 -0.0513 -0.9096
vn -0.3439 -0.0513 -0.9376
vn -0.2736 -0.0513 -0.9605
vn -0.2019 -0.0513 -0.9781
vn -0.1290 -0.0513 -0.9903
vn -0.0593 -0.0513 -0.9969
vn -0.0842 -0.0324 -0.9959
vn -0.6547 -0.0513 0.7542
vn -0.7131 -0.0513 0.6992
vn -0.7628 -0.0513 0.6446
vn -0.8083 -0.0513 0.5865
vn -0.8494 -0.0513 0.5253
vn -0.8858 -0.0513 0.4611
vn -0.8859 -0.0513 0.4611
vn -0.9175 -0.0513 0.3945
vn -0.9441 -0.0513 0.3257
vn -0.9655 -0.0513 0.2552
vn -0.9817 -0.0513 0.1833
vn -0.9926 -0.0513 0.1104
vn -0.9980 -0.0513 0.0369
vn -0.9980 -0.0513 -0.0369
vn -0.9926 -0.0513 -0.1104
vn -0.9817 -0.0513 -0.1833
vn -0.9665 -0.0513 -0.2515
vn -0.9732 -0.0324 -0.2275
vn 0.5152 -0.0862 0.8527
vn 0.4445 -0.0863 0.8916
vn 0.3774 -0.0863 0.9220
vn 0.3082 -0.0863 0.9474
vn 0.2373 -0.0863 0.9676
vn 0.1651 -0.0863 0.9825
vn 0.0920 -0.0863 0.9920
vn 0.0184 -0.0863 0.9961
vn -0.0553 -0.0863 0.9947
vn -0.1287 -0.0863 0.9879
vn -0.2014 -0.0863 0.9757
vn -0.2730 -0.0863 0.9581
vn -0.3431 -0.0863 0.9353
vn -0.4113 -0.0863 0.9074
vn -0.4772 -0.0863 0.8745
vn -0.4772 -0.0863 0.8746
vn -0.5415 -0.0863 0.8363
vn -0.5192 -0.0749 0.8513
vn 0.9704 -0.0862 -0.2256
vn 0.9854 -0.0862 -0.1466
vn 0.9936 -0.0862 -0.0735
vn 0.9963 -0.0862 -0.0000
vn 0.9936 -0.0862 0.0735
vn 0.9854 -0.0862 0.1466
vn 0.9719 -0.0862 0.2189
vn 0.9531 -0.0862 0.2900
vn 0.9292 -0.0862 0.3595
vn 0.9001 -0.0862 0.4271
vn 0.8661 -0.0862 0.4923
vn 0.8274 -0.0862 0.5549
vn 0.7842 -0.0862 0.6145
vn 0.7367 -0.0862 0.6707
vn 0.6851 -0.0862 0.7233
vn 0.6290 -0.0862 0.7726
vn 0.6501 -0.0749 0.7561
vn 0.0851 -0.0863 -0.9926
vn 0.1651 -0.0863 -0.9825
vn 0.2373 -0.0863 -0.9676
vn 0.3082 -0.0863 -0.9474
vn 0.3774 -0.0863 -0.9220
vn 0.4445 -0.0863 -0.8916
vn 0.5092 -0.0863 -0.8563
vn 0.5711 -0.0863 -0.8163
vn 0.6298 -0.0862 -0.7719
vn 0.6851 -0.0862 -0.7233
vn 0.7367 -0.0862 -0.6707
vn 0.7842 -0.0862 -0.6145
vn 0.8274 -0.0862 -0.5549
vn 0.8661 -0.0862 -0.4923
vn 0.9001 -0.0862 -0.4271
vn 0.9296 -0.0862 -0.3585
vn 0.9204 -0.0748 -0.3837
vn -0.9180 -0.0862 -0.3872
vn -0.8837 -0.0862 -0.4600
vn -0.8474 -0.0862 -0.5240
vn -0.8064 -0.0862 -0.5851
vn -0.7610 -0.0862 -0.6430
vn -0.7114 -0.0862 -0.6975
vn -0.6579 -0.0862 -0.7481
vn -0.6009 -0.0863 -0.7947
vn -0.5405 -0.0863 -0.8369
vn -0.4772 -0.0863 -0.8746
vn -0.4113 -0.0863 -0.9074
vn -0.3431 -0.0863 -0.9353
vn -0.2730 -0.0863 -0.9581
vn -0.2014 -0.0863 -0.9757
vn -0.1287 -0.0863 -0.9879
vn -0.0542 -0.0863 -0.9948
vn -0.0810 -0.0749 -0.9939
vn -0.6527 -0.0862 0.7527
vn -0.7114 -0.0862 0.6975
vn -0.7610 -0.0862 0.6430
vn -0.8064 -0.0862 0.5851
vn -0.8474 -0.0862 0.5240
vn -0.8837 -0.0862 0.4600
vn -0.9153 -0.0862 0.3936
vn -0.9418 -0.0862 0.3249
vn -0.9632 -0.0862 0.2546
vn -0.9794 -0.0862 0.1828
vn -0.9902 -0.0862 0.1101
vn -0.9956 -0.0862 0.0368
vn -0.9956 -0.0862 -0.0368
vn -0.9902 -0.0862 -0.1101
vn -0.9794 -0.0862 -0.1828
vn -0.9629 -0.0862 -0.2557
vn -0.9703 -0.0748 -0.2299
vn 0.5033 -0.1224 0.8554
vn 0.4428 -0.1224 0.8882
vn 0.3760 -0.1224 0.9185
vn 0.3070 -0.1224 0.9438
vn 0.2364 -0.1224 0.9639
vn 0.1645 -0.1224 0.9787
vn 0.0917 -0.1224 0.9882
vn 0.0184 -0.1224 0.9923
vn -0.0551 -0.1224 0.9909
vn -0.1282 -0.1224 0.9842
vn -0.2006 -0.1224 0.9720
vn -0.2719 -0.1224 0.9545
vn -0.3417 -0.1224 0.9318
vn -0.4097 -0.1224 0.9040
vn -0.4754 -0.1224 0.8712
vn -0.5395 -0.1224 0.8331
vn -0.5257 -0.1151 0.8428
vn 0.9693 -0.1223 -0.2135
vn 0.9817 -0.1223 -0.1460
vn 0.9898 -0.1223 -0.0732
vn 0.9925 -0.1223 -0.0000
vn 0.9898 -0.1223 0.0732
vn 0.9817 -0.1223 0.1460
vn 0.9682 -0.1223 0.2180
vn 0.9495 -0.1223 0.2889
vn 0.9256 -0.1223 0.3581
vn 0.8967 -0.1223 0.4255
vn 0.8628 -0.1223 0.4905
vn 0.8243 -0.1223 0.5528
vn 0.7812 -0.1224 0.6122
vn 0.7339 -0.1224 0.6682
vn 0.6825 -0.1224 0.7205
vn 0.6265 -0.1224 0.7697
vn 0.6400 -0.1151 0.7597
vn 0.0963 -0.1225 -0.9878
vn 0.1645 -0.1224 -0.9787
vn 0.2364 -0.1224 -0.9639
vn 0.3071 -0.1224 -0.9438
vn 0.3070 -0.1224 -0.9438
vn 0.3760 -0.1224 -0.9185
vn 0.4428 -0.1224 -0.8882
vn 0.5073 -0.1224 -0.8530
vn 0.5689 -0.1224 -0.8132
vn 0.6274 -0.1224 -0.7690
vn 0.6825 -0.1224 -0.7205
vn 0.7339 -0.1224 -0.6682
vn 0.7812 -0.1224 -0.6122
vn 0.8243 -0.1223 -0.5528
vn 0.8628 -0.1223 -0.4905
vn 0.8967 -0.1223 -0.4255
vn 0.9261 -0.1223 -0.3570
vn 0.9207 -0.1150 -0.3730
vn -0.9099 -0.1223 -0.3963
vn -0.8804 -0.1223 -0.4583
vn -0.8441 -0.1223 -0.5220
vn -0.8033 -0.1223 -0.5829
vn -0.7581 -0.1224 -0.6406
vn -0.7087 -0.1224 -0.6948
vn -0.6554 -0.1224 -0.7453
vn -0.5986 -0.1224 -0.7916
vn -0.5385 -0.1224 -0.8337
vn -0.4754 -0.1224 -0.8712
vn -0.4097 -0.1224 -0.9040
vn -0.3417 -0.1224 -0.9318
vn -0.2719 -0.1224 -0.9545
vn -0.2006 -0.1224 -0.9720
vn -0.1282 -0.1224 -0.9842
vn -0.0539 -0.1224 -0.9910
vn -0.0707 -0.1152 -0.9908
vn -0.6589 -0.1224 0.7422
vn -0.7087 -0.1224 0.6948
vn -0.7581 -0.1224 0.6406
vn -0.8033 -0.1223 0.5829
vn -0.8441 -0.1223 0.5220
vn -0.8804 -0.1223 0.4583
vn -0.9118 -0.1223 0.3921
vn -0.9382 -0.1223 0.3237
vn -0.9595 -0.1223 0.2536
vn -0.9756 -0.1223 0.1821
vn -0.9864 -0.1223 0.1097
vn -0.9918 -0.1223 0.0366
vn -0.9918 -0.1223 -0.0366
vn -0.9864 -0.1223 -0.1097
vn -0.9756 -0.1223 -0.1821
vn -0.9592 -0.1223 -0.2548
vn -0.9643 -0.1150 -0.2387
vn -0.0000 1.0000 -0.0000
vn 0.9987 -0.0000 0.0506
vn 0.9885 -0.0000 0.1512
vn 0.9682 -0.0000 0.2504
vn 0.9379 -0.0000 0.3469
vn 0.8980 -0.0000 0.4399
vn 0.8489 -0.0000 0.5285
vn 0.7912 -0.0000 0.6116
vn 0.7252 -0.0000 0.6885
vn 0.6519 -0.0000 0.7583
vn 0.5718 -0.0000 0.8204
vn 0.4858 -0.0000 0.8741
vn 0.3948 -0.0000 0.9188
vn 0.2997 -0.0000 0.9540
vn 0.2015 -0.0000 0.9795
vn 0.1013 -0.0000 0.9949
vn -0.0000 -0.0000 1.0000
vn -0.1013 -0.0000 0.9949
vn -0.2015 -0.0000 0.9795
vn -0.2997 -0.0000 0.9540
vn -0.3948 -0.0000 0.9188
vn -0.4858 -0.0000 0.8741
vn -0.5718 -0.0000 0.8204
vn -0.6519 -0.0000 0.7583
vn -0.7252 -0.0000 0.6885
vn -0.7912 -0.0000 0.6116
vn -0.8489 -0.0000 0.5285
vn -0.8980 -0.0000 0.4399
vn -0.9379 -0.0000 0.3469
vn -0.9682 -0.0000 0.2504
vn -0.9885 -0.0000 0.1512
vn -0.9987 -0.0000 0.0506
vn -0.9987 -0.0000 -0.0506
vn -0.9885 -0.0000 -0.1512
vn -0.9682 -0.0000 -0.2504
vn -0.9379 -0.0000 -0.3469
vn -0.8980 -0.0000 -0.4399
vn -0.8489 -0.0000 -0.5285
vn -0.7912 -0.0000 -0.6116
vn -0.7252 -0.0000 -0.6885
vn -0.6519 -0.0000 -0.7583
vn -0.5718 -0.0000 -0.8204
vn -0.4858 -0.0000 -0.8741
vn -0.3948 -0.0000 -0.9188
vn -0.2997 -0.0000 -0.9540
vn -0.2015 -0.0000 -0.9795
vn -0.1013 -0.0000 -0.9949
vn -0.0000 -0.0000 -1.0000
vn 0.1013 -0.0000 -0.9949
vn 0.2015 -0.0000 -0.9795
vn 0.2997 -0.0000 -0.9540
vn 0.3948 -0.0000 -0.9188
vn 0.4858 -0.0000 -0.8741
vn 0.5718 -0.0000 -0.8204
vn 0.6519 -0.0000 -0.7583
vn 0.7252 -0.0000 -0.6885
vn 0.7912 -0.0000 -0.6116
vn 0.8489 -0.0000 -0.5285
vn 0.8980 -0.0000 -0.4399
vn 0.9379 -0.0000 -0.3469
vn 0.9682 -0.0000 -0.2504
vn 0.9885 -0.0000 -0.1512
vn 0.9987 -0.0000 -0.0506
vn -0.0000 -1.0000 -0.0000
vn 0.0001 1.0000 -0.0000
vn -0.0001 1.0000 -0.0000
vn 0.9682 -0.0000 -0.2503
vn -0.4222 -0.9027 -0.0828
vn -0.4227 -0.9025 -0.0829
vn -0.4223 -0.9027 -0.0828
vn -0.4224 -0.9026 -0.0828
vn -0.4093 -0.9074 -0.0953
vn -0.4310 -0.8959 -0.1079
vn -0.4225 -0.9026 -0.0827
vn -0.4105 -0.9068 -0.0963
vn -0.4114 -0.9062 -0.0972
vn -0.4122 -0.9058 -0.0982
vn -0.4132 -0.9052 -0.0993
vn -0.4141 -0.9046 -0.1007
vn -0.4150 -0.9041 -0.1022
vn -0.4208 -0.9028 -0.0890
vn -0.4214 -0.9025 -0.0885
vn -0.4216 -0.9024 -0.0885
vn -0.4223 -0.9021 -0.0884
vn -0.4224 -0.9021 -0.0884
vn -0.4229 -0.9018 -0.0885
vn -0.3942 -0.9019 -0.1766
vn -0.3938 -0.9021 -0.1765
vn -0.3933 -0.9024 -0.1762
vn -0.3933 -0.9024 -0.1759
vn -0.3930 -0.9026 -0.1755
vn -0.3928 -0.9028 -0.1750
vn -0.3927 -0.9030 -0.1744
vn -0.4016 -0.9038 -0.1476
vn -0.4021 -0.9039 -0.1461
vn -0.4120 -0.9038 -0.1159
vn -0.4157 -0.9036 -0.1038
vn -0.4203 -0.9030 -0.0895
vn -0.3928 -0.9030 -0.1740
vn -0.3920 -0.9031 -0.1752
vn -0.3908 -0.9034 -0.1766
vn -0.3910 -0.9033 -0.1764
vn -0.3906 -0.9034 -0.1769
vn -0.3903 -0.9035 -0.1770
vn -0.3902 -0.9035 -0.1773
vn -0.3898 -0.9037 -0.1773
vn -0.3973 -0.9007 -0.1760
vn -0.3904 -0.9027 -0.1810
vn -0.3904 -0.9027 -0.1809
vn -0.3094 -0.0000 0.9509
vn -0.0001 -1.0000 -0.0000
vn 0.0001 -1.0000 -0.0000
vn 0.0002 -1.0000 -0.0000
vn -0.0002 -1.0000 -0.0000
vn 0.3094 -0.0000 -0.9509
vn 0.9265 -0.0000 0.3763
vn -0.2791 -0.0000 0.9603
vn -0.2591 0.0128 0.9658
vn -0.8627 0.0681 0.5011
vn -0.8195 -0.0000 0.5731
vn -0.8902 -0.0000 0.4556
vn -0.9064 0.0173 0.4221
vn -0.9821 -0.0000 0.1883
vn -0.9665 0.0099 0.2563
vn -0.9659 0.0113 0.2585
vn -0.9456 -0.0000 0.3252
vn -0.9265 -0.0000 0.3763
vn -0.9907 -0.0000 0.1358
vn -0.9961 0.0174 0.0870
vn -0.9988 -0.0000 0.0490
vn -0.7114 0.0089 -0.7027
vn -0.7075 0.0124 -0.7066
vn -0.6583 -0.0000 -0.7528
vn -0.3720 -0.0000 -0.9282
vn -0.4230 0.0164 -0.9060
vn -0.4495 0.0012 -0.8933
vn -0.4985 -0.0000 -0.8669
vn -0.5741 -0.0000 -0.8188
vn -0.5449 0.0283 -0.8380
vn -0.6162 -0.0000 -0.7876
vn 0.4494 0.0250 -0.8930
vn 0.4231 0.0018 -0.9061
vn 0.5740 0.0170 -0.8187
vn 0.5451 -0.0000 -0.8383
vn 0.4985 -0.0000 -0.8669
vn 0.7573 -0.0000 -0.6531
vn 0.7114 0.0089 -0.7027
vn 0.7075 0.0124 -0.7066
vn 0.6583 -0.0000 -0.7528
vn 0.6162 -0.0000 -0.7876
vn 0.9900 0.0398 0.1357
vn 0.9962 -0.0000 0.0870
vn 0.9821 -0.0000 0.1884
vn 0.9660 0.0102 0.2585
vn 0.9665 0.0117 0.2563
vn 0.9456 -0.0000 0.3252
vn 0.8898 0.0302 0.4553
vn 0.9065 -0.0000 0.4222
vn 0.8647 -0.0000 0.5023
vn 0.8195 0.0026 0.5731
vn 0.8176 -0.0000 0.5757
vn 0.2591 -0.0000 0.9658
vn 0.1940 0.0540 0.9795
vn -0.1943 -0.0000 0.9810
vn -0.1416 -0.0000 0.9899
vn -0.0873 0.0166 0.9960
vn -0.0547 -0.0000 0.9985
vn 0.0873 -0.0000 0.9962
vn 0.0547 0.0265 0.9982
vn 0.1416 -0.0000 0.9899
vn 0.8195 -0.0000 -0.5731
vn 0.9065 -0.0000 -0.4222
vn 0.9660 -0.0000 -0.2585
vn 0.9962 -0.0000 -0.0870
vn 0.9988 -0.0000 0.0490
vn -0.2591 -0.0000 -0.9658
vn -0.0873 -0.0000 -0.9962
vn 0.0873 -0.0000 -0.9962
vn 0.2591 -0.0000 -0.9658
vn 0.3720 -0.0000 -0.9282
vn -0.9962 -0.0000 -0.0870
vn -0.9660 -0.0000 -0.2585
vn -0.9065 -0.0000 -0.4222
vn -0.8195 -0.0000 -0.5731
vn -0.7573 -0.0000 -0.6531
vn -0.4111 -0.0000 0.9116
vn -0.4231 0.0006 0.9061
vn -0.4891 -0.0000 0.8722
vn -0.5741 -0.0000 0.8188
vn -0.7076 -0.0000 0.7067
vn -0.8176 -0.0000 0.5757
vn 0.8176 -0.0000 0.5758
vn 0.7076 -0.0000 0.7067
vn 0.5741 -0.0000 0.8188
vn 0.4231 -0.0000 0.9061
vn 0.2791 -0.0000 0.9603
vn -0.0517 -0.9028 -0.4269
vn -0.0517 -0.9029 -0.4268
vn -0.0517 -0.9028 -0.4268
vn -0.0517 -0.9027 -0.4271
vn -0.0357 -0.9076 -0.4183
vn -0.0305 -0.8961 -0.4429
vn -0.0517 -0.9028 -0.4270
vn -0.0351 -0.9070 -0.4197
vn -0.0346 -0.9064 -0.4209
vn -0.0338 -0.9060 -0.4219
vn -0.0332 -0.9054 -0.4233
vn -0.0321 -0.9049 -0.4244
vn -0.0309 -0.9043 -0.4259
vn -0.0453 -0.9030 -0.4273
vn -0.0457 -0.9028 -0.4277
vn -0.0460 -0.9026 -0.4280
vn -0.0463 -0.9025 -0.4283
vn -0.0463 -0.9023 -0.4286
vn -0.0464 -0.9021 -0.4291
vn 0.0464 -0.9021 -0.4290
vn 0.0464 -0.9023 -0.4286
vn 0.0461 -0.9024 -0.4285
vn 0.0460 -0.9026 -0.4279
vn 0.0453 -0.9030 -0.4273
vn 0.0447 -0.9032 -0.4269
vn 0.0164 -0.9040 -0.4272
vn 0.0148 -0.9041 -0.4272
vn -0.0169 -0.9040 -0.4273
vn -0.0296 -0.9038 -0.4270
vn -0.0447 -0.9032 -0.4269
vn 0.0444 -0.9032 -0.4269
vn 0.0457 -0.9033 -0.4265
vn 0.0474 -0.9036 -0.4258
vn 0.0471 -0.9035 -0.4260
vn 0.0478 -0.9035 -0.4258
vn 0.0480 -0.9037 -0.4255
vn 0.0478 -0.9038 -0.4253
vn 0.0484 -0.9039 -0.4251
vn 0.0447 -0.9008 -0.4320
vn 0.0518 -0.9028 -0.4270
vn 0.0517 -0.9028 -0.4269
vn 0.0517 -0.9027 -0.4270
vn -1.0000 -0.0000 -0.0000
vn 1.0000 -0.0000 -0.0000
vn -0.2094 -0.9028 0.3756
vn -0.2097 -0.9027 0.3757
vn -0.2095 -0.9028 0.3756
vn -0.2173 -0.9076 0.3593
vn -0.2359 -0.8960 0.3761
vn -0.2092 -0.9028 0.3757
vn -0.2187 -0.9069 0.3601
vn -0.2197 -0.9064 0.3608
vn -0.2209 -0.9059 0.3612
vn -0.2223 -0.9053 0.3619
vn -0.2241 -0.9048 0.3622
vn -0.2256 -0.9042 0.3626
vn -0.2148 -0.9029 0.3723
vn -0.2147 -0.9028 0.3727
vn -0.2146 -0.9026 0.3732
vn -0.2147 -0.9024 0.3736
vn -0.2148 -0.9022 0.3739
vn -0.2150 -0.9020 0.3743
vn -0.2900 -0.9020 0.3198
vn -0.2898 -0.9022 0.3195
vn -0.2893 -0.9024 0.3193
vn -0.2891 -0.9025 0.3192
vn -0.2882 -0.9029 0.3190
vn -0.2874 -0.9031 0.3191
vn -0.2647 -0.9039 0.3359
vn -0.2634 -0.9040 0.3368
vn -0.2378 -0.9039 0.3556
vn -0.2273 -0.9037 0.3628
vn -0.2151 -0.9031 0.3716
vn -0.2871 -0.9031 0.3194
vn -0.2880 -0.9032 0.3182
vn -0.2887 -0.9034 0.3171
vn -0.2888 -0.9034 0.3169
vn -0.2891 -0.9035 0.3165
vn -0.2892 -0.9036 0.3160
vn -0.2891 -0.9038 0.3155
vn -0.2893 -0.9038 0.3155
vn -0.2904 -0.9007 0.3230
vn -0.2929 -0.9029 0.3147
vn -0.2930 -0.9028 0.3149
vn -0.2930 -0.9027 0.3150
vn -0.2929 -0.9028 0.3149
vn 0.8093 -0.0000 0.5873
vn 0.8094 -0.0000 0.5873
vn -0.8094 -0.0000 -0.5873
vn 0.2930 -0.9028 0.3150
vn 0.2932 -0.9027 0.3149
vn 0.2930 -0.9028 0.3149
vn 0.2750 -0.9075 0.3174
vn 0.2853 -0.8960 0.3404
vn 0.2930 -0.9027 0.3150
vn 0.2755 -0.9069 0.3188
vn 0.2757 -0.9064 0.3202
vn 0.2759 -0.9058 0.3215
vn 0.2759 -0.9053 0.3229
vn 0.2758 -0.9047 0.3247
vn 0.2756 -0.9042 0.3264
vn 0.2881 -0.9029 0.3191
vn 0.2887 -0.9027 0.3191
vn 0.2891 -0.9025 0.3192
vn 0.2895 -0.9023 0.3193
vn 0.2897 -0.9022 0.3195
vn 0.2899 -0.9020 0.3199
vn 0.2148 -0.9021 0.3743
vn 0.2148 -0.9022 0.3740
vn 0.2146 -0.9024 0.3736
vn 0.2146 -0.9026 0.3732
vn 0.2148 -0.9029 0.3723
vn 0.2151 -0.9031 0.3716
vn 0.2381 -0.9040 0.3552
vn 0.2394 -0.9040 0.3543
vn 0.2651 -0.9039 0.3357
vn 0.2752 -0.9037 0.3280
vn 0.2874 -0.9031 0.3191
vn 0.2154 -0.9031 0.3714
vn 0.2140 -0.9033 0.3719
vn 0.2127 -0.9037 0.3716
vn 0.2125 -0.9035 0.3723
vn 0.2121 -0.9035 0.3724
vn 0.2116 -0.9036 0.3724
vn 0.2114 -0.9037 0.3723
vn 0.2110 -0.9038 0.3723
vn 0.2179 -0.9007 0.3757
vn 0.2094 -0.9028 0.3756
vn 0.2092 -0.9028 0.3757
vn 0.8094 -0.0000 -0.5873
vn -0.8094 -0.0000 0.5873
vn 0.3904 -0.9027 -0.1809
vn 0.3907 -0.9026 -0.1809
vn 0.3903 -0.9027 -0.1810
vn 0.3872 -0.9074 -0.1631
vn 0.4122 -0.8959 -0.1658
vn 0.3904 -0.9027 -0.1810
vn 0.3886 -0.9068 -0.1630
vn 0.3901 -0.9063 -0.1629
vn 0.3912 -0.9058 -0.1627
vn 0.3928 -0.9052 -0.1623
vn 0.3943 -0.9047 -0.1616
vn 0.3959 -0.9041 -0.1609
vn 0.3928 -0.9028 -0.1751
vn 0.3930 -0.9026 -0.1755
vn 0.3932 -0.9024 -0.1759
vn 0.3938 -0.9022 -0.1762
vn 0.3938 -0.9021 -0.1764
vn 0.3941 -0.9019 -0.1766
vn 0.4226 -0.9020 -0.0885
vn 0.4224 -0.9021 -0.0884
vn 0.4220 -0.9023 -0.0884
vn 0.4217 -0.9024 -0.0885
vn 0.4209 -0.9028 -0.0890
vn 0.4203 -0.9030 -0.0894
vn 0.4118 -0.9038 -0.1164
vn 0.4113 -0.9039 -0.1179
vn 0.4016 -0.9038 -0.1481
vn 0.3974 -0.9036 -0.1601
vn 0.3927 -0.9030 -0.1743
vn 0.4202 -0.9030 -0.0898
vn 0.4202 -0.9031 -0.0884
vn 0.4198 -0.9034 -0.0876
vn 0.4201 -0.9033 -0.0868
vn 0.4200 -0.9034 -0.0862
vn 0.4199 -0.9035 -0.0859
vn 0.4198 -0.9036 -0.0853
vn 0.4197 -0.9037 -0.0854
vn 0.4250 -0.9006 -0.0908
vn 0.4223 -0.9027 -0.0828
vn 0.4226 -0.9025 -0.0828
vn 0.4222 -0.9027 -0.0828
vn -0.3094 -0.0000 -0.9509
vn 0.3094 -0.0000 0.9509
vn -0.9660 -0.0010 0.2585
vn -0.9761 -0.0000 0.2174
vn -0.9962 -0.0000 0.0871
vn -0.9962 -0.0000 0.0870
vn -0.9962 -0.0000 -0.0871
vn -0.7076 -0.0000 -0.7067
vn -0.4231 -0.0000 -0.9061
vn 0.2180 -0.0000 -0.9760
vn 0.2591 -0.0010 -0.9658
vn 0.3023 -0.0000 -0.9532
vn 0.4231 -0.0000 -0.9061
vn 0.5741 -0.0000 -0.8188
vn 0.7076 -0.0000 -0.7067
vn 0.9660 -0.0000 0.2585
vn 0.8195 -0.0000 0.5731
vn -0.0873 -0.0000 0.9962
vn -0.2591 -0.0000 0.9658
vn -0.4231 -0.0000 0.9061
vn -0.9065 -0.0000 0.4222
vn -0.9534 -0.0000 0.3016
vn 0.9634 0.0740 -0.2578
vn 0.9040 0.0741 -0.4210
vn 0.8172 0.0741 -0.5715
vn 0.8173 0.0741 -0.5715
vn 0.7056 0.0741 -0.7047
vn 0.5725 0.0741 -0.8165
vn 0.5725 0.0741 -0.8166
vn 0.4219 0.0741 -0.9036
vn 0.2584 0.0741 -0.9632
vn 0.0870 0.0741 -0.9934
vn -0.0870 0.0741 -0.9934
vn -0.2584 0.0741 -0.9632
vn -0.4219 0.0741 -0.9036
vn -0.5725 0.0741 -0.8166
vn -0.7056 0.0741 -0.7047
vn -0.8172 0.0741 -0.5715
vn -0.8173 0.0741 -0.5715
vn -0.9040 0.0741 -0.4210
vn -0.9634 0.0740 -0.2578
vn -0.9935 0.0740 -0.0868
vn -0.9935 0.0740 0.0868
vn -0.9634 0.0740 0.2578
vn -0.9040 0.0741 0.4210
vn -0.8172 0.0741 0.5715
vn -0.7056 0.0741 0.7047
vn -0.5725 0.0741 0.8166
vn -0.4219 0.0741 0.9036
vn -0.2584 0.0741 0.9632
vn -0.0870 0.0741 0.9934
vn 0.0870 0.0741 0.9934
vn 0.2584 0.0741 0.9632
vn 0.4219 0.0741 0.9036
vn 0.5725 0.0741 0.8165
vn 0.5725 0.0741 0.8166
vn 0.7056 0.0741 0.7047
vn 0.8173 0.0741 0.5715
vn 0.8172 0.0741 0.5715
vn 0.9040 0.0741 0.4210
vn 0.9634 0.0740 0.2578
vn 0.9935 0.0740 0.0868
vn 0.9935 0.0740 -0.0868
vn -0.1295 0.9742 0.1848
vn -0.0955 0.9742 0.2044
vn -0.0954 0.9742 0.2044
vn -0.0585 0.9742 0.2179
vn -0.0197 0.9742 0.2247
vn 0.0197 0.9742 0.2247
vn 0.0585 0.9742 0.2178
vn 0.0585 0.9742 0.2179
vn 0.0955 0.9742 0.2044
vn 0.0954 0.9742 0.2044
vn 0.1296 0.9742 0.1848
vn 0.1295 0.9742 0.1847
vn 0.1508 0.9744 0.1670
vn 0.1426 0.9795 0.1424
vn 0.1427 0.9795 0.1424
vn 0.1850 0.9742 -0.1294
vn 0.2046 0.9742 -0.0953
vn 0.2047 0.9742 -0.0953
vn 0.2181 0.9742 -0.0584
vn 0.2182 0.9742 -0.0584
vn 0.2249 0.9742 -0.0197
vn 0.2250 0.9742 -0.0197
vn 0.2250 0.9742 0.0197
vn 0.2181 0.9742 0.0584
vn 0.2047 0.9742 0.0953
vn 0.1849 0.9742 0.1294
vn 0.1850 0.9742 0.1293
vn 0.1672 0.9744 0.1506
vn 0.1378 0.9821 -0.1281
vn 0.1596 0.9742 -0.1595
vn 0.1849 0.9742 -0.1294
vn 0.1508 0.9744 -0.1670
vn 0.1295 0.9742 -0.1848
vn 0.1295 0.9742 -0.1847
vn 0.0955 0.9742 -0.2044
vn 0.0954 0.9742 -0.2044
vn 0.0585 0.9742 -0.2178
vn 0.0585 0.9742 -0.2179
vn 0.0197 0.9742 -0.2247
vn -0.0197 0.9742 -0.2247
vn -0.0585 0.9742 -0.2179
vn -0.0585 0.9742 -0.2178
vn -0.0955 0.9742 -0.2044
vn -0.0954 0.9742 -0.2044
vn -0.1295 0.9742 -0.1848
vn -0.1597 0.9742 -0.1595
vn -0.1596 0.9742 -0.1595
vn -0.1850 0.9742 -0.1294
vn -0.1849 0.9742 -0.1294
vn -0.2047 0.9742 -0.0953
vn -0.2046 0.9742 -0.0953
vn -0.2181 0.9742 -0.0584
vn -0.2250 0.9742 -0.0197
vn -0.2249 0.9742 -0.0197
vn -0.2250 0.9742 0.0197
vn -0.2249 0.9742 0.0197
vn -0.2182 0.9742 0.0584
vn -0.2181 0.9742 0.0584
vn -0.2047 0.9742 0.0953
vn -0.2046 0.9742 0.0953
vn -0.1850 0.9742 0.1294
vn -0.1849 0.9742 0.1294
vn -0.1672 0.9744 0.1506
vn -0.1426 0.9795 0.1424
vn -0.1535 0.9743 0.1647
vn -0.1295 0.9742 0.1847
vn -0.5764 0.8156 -0.0504
vn -0.5589 0.8156 -0.1496
vn -0.5245 0.8156 -0.2442
vn -0.5244 0.8157 -0.2443
vn -0.4741 0.8157 -0.3315
vn -0.4093 0.8157 -0.4087
vn -0.3320 0.8158 -0.4735
vn -0.2446 0.8159 -0.5239
vn -0.1498 0.8159 -0.5585
vn -0.1498 0.8159 -0.5584
vn -0.0504 0.8159 -0.5760
vn -0.0504 0.8159 -0.5759
vn 0.0504 0.8159 -0.5759
vn 0.0505 0.8159 -0.5760
vn 0.1498 0.8159 -0.5584
vn 0.1498 0.8159 -0.5585
vn 0.2446 0.8159 -0.5239
vn 0.3320 0.8159 -0.4735
vn 0.3320 0.8158 -0.4735
vn 0.4093 0.8157 -0.4087
vn 0.4093 0.8158 -0.4087
vn 0.4741 0.8157 -0.3315
vn 0.4740 0.8157 -0.3315
vn 0.5244 0.8157 -0.2442
vn 0.5589 0.8156 -0.1496
vn 0.5764 0.8156 -0.0504
vn 0.5764 0.8156 0.0504
vn 0.5589 0.8156 0.1496
vn 0.5245 0.8156 0.2443
vn 0.5244 0.8157 0.2442
vn 0.4741 0.8157 0.3315
vn 0.4740 0.8157 0.3315
vn 0.4093 0.8158 0.4087
vn 0.3320 0.8158 0.4735
vn 0.2446 0.8159 0.5239
vn 0.1498 0.8159 0.5584
vn 0.0504 0.8159 0.5759
vn 0.0505 0.8159 0.5760
vn -0.0505 0.8159 0.5759
vn -0.0504 0.8159 0.5760
vn -0.1498 0.8159 0.5584
vn -0.2446 0.8159 0.5240
vn -0.2446 0.8159 0.5239
vn -0.3320 0.8158 0.4735
vn -0.4093 0.8157 0.4087
vn -0.4092 0.8158 0.4087
vn -0.4741 0.8157 0.3315
vn -0.5244 0.8157 0.2442
vn -0.5245 0.8156 0.2443
vn -0.5590 0.8156 0.1496
vn -0.5589 0.8156 0.1496
vn -0.5764 0.8156 0.0504
vn -0.5765 0.8156 -0.0504
vn -0.7737 0.6300 -0.0676
vn -0.7502 0.6300 -0.2008
vn -0.7040 0.6300 -0.3278
vn -0.7040 0.6300 -0.3279
vn -0.6364 0.6301 -0.4450
vn -0.6363 0.6301 -0.4450
vn -0.5494 0.6302 -0.5487
vn -0.4457 0.6303 -0.6357
vn -0.3285 0.6303 -0.7034
vn -0.3284 0.6303 -0.7034
vn -0.2012 0.6304 -0.7498
vn -0.2011 0.6304 -0.7497
vn -0.0677 0.6305 -0.7733
vn 0.0677 0.6304 -0.7733
vn 0.0677 0.6305 -0.7733
vn 0.2011 0.6304 -0.7498
vn 0.2012 0.6304 -0.7497
vn 0.3285 0.6303 -0.7034
vn 0.3284 0.6303 -0.7034
vn 0.4457 0.6303 -0.6357
vn 0.5494 0.6302 -0.5486
vn 0.5494 0.6302 -0.5487
vn 0.6363 0.6301 -0.4450
vn 0.7040 0.6300 -0.3278
vn 0.7502 0.6300 -0.2007
vn 0.7502 0.6300 -0.2008
vn 0.7737 0.6300 -0.0676
vn 0.7737 0.6299 0.0676
vn 0.7737 0.6300 0.0676
vn 0.7502 0.6300 0.2007
vn 0.7502 0.6300 0.2008
vn 0.7040 0.6300 0.3278
vn 0.7039 0.6301 0.3279
vn 0.6364 0.6301 0.4450
vn 0.6363 0.6302 0.4450
vn 0.5494 0.6302 0.5487
vn 0.5493 0.6302 0.5487
vn 0.4457 0.6302 0.6357
vn 0.4456 0.6303 0.6357
vn 0.3284 0.6304 0.7034
vn 0.2012 0.6304 0.7497
vn 0.2011 0.6304 0.7497
vn 0.0677 0.6304 0.7733
vn -0.0678 0.6304 0.7733
vn -0.0677 0.6305 0.7733
vn -0.2011 0.6304 0.7497
vn -0.2012 0.6304 0.7498
vn -0.3284 0.6304 0.7034
vn -0.4457 0.6303 0.6357
vn -0.5494 0.6302 0.5487
vn -0.5493 0.6302 0.5487
vn -0.6363 0.6301 0.4450
vn -0.7040 0.6300 0.3278
vn -0.7502 0.6300 0.2008
vn -0.7737 0.6300 0.0676
vn -0.8760 0.4762 -0.0765
vn -0.8494 0.4763 -0.2273
vn -0.7971 0.4763 -0.3712
vn -0.7205 0.4764 -0.5039
vn -0.6221 0.4764 -0.6213
vn -0.6221 0.4765 -0.6213
vn -0.5047 0.4766 -0.7198
vn -0.3719 0.4767 -0.7965
vn -0.3719 0.4766 -0.7966
vn -0.2278 0.4767 -0.8491
vn -0.0767 0.4767 -0.8757
vn -0.0767 0.4766 -0.8757
vn 0.0767 0.4767 -0.8757
vn 0.2278 0.4767 -0.8490
vn 0.2278 0.4767 -0.8491
vn 0.3719 0.4766 -0.7966
vn 0.3719 0.4767 -0.7965
vn 0.5047 0.4766 -0.7198
vn 0.6221 0.4765 -0.6213
vn 0.6221 0.4764 -0.6213
vn 0.7205 0.4764 -0.5039
vn 0.7971 0.4763 -0.3712
vn 0.8494 0.4763 -0.2273
vn 0.8760 0.4762 -0.0765
vn 0.8760 0.4763 -0.0766
vn 0.8760 0.4762 0.0765
vn 0.8760 0.4763 0.0766
vn 0.8494 0.4763 0.2273
vn 0.7971 0.4763 0.3712
vn 0.7205 0.4764 0.5039
vn 0.6221 0.4765 0.6213
vn 0.5047 0.4766 0.7198
vn 0.5047 0.4765 0.7199
vn 0.3719 0.4766 0.7966
vn 0.2278 0.4767 0.8490
vn 0.2278 0.4767 0.8491
vn 0.0767 0.4767 0.8757
vn -0.0767 0.4767 0.8757
vn -0.2278 0.4767 0.8490
vn -0.3719 0.4766 0.7965
vn -0.3719 0.4766 0.7966
vn -0.5047 0.4766 0.7198
vn -0.5047 0.4765 0.7199
vn -0.6221 0.4765 0.6213
vn -0.7205 0.4764 0.5039
vn -0.7971 0.4763 0.3712
vn -0.8494 0.4763 0.2273
vn -0.8760 0.4762 0.0765
vn -0.8760 0.4762 0.0766
vn -0.8760 0.4762 -0.0766
vn -0.9310 0.3559 -0.0813
vn -0.9027 0.3560 -0.2416
vn -0.8471 0.3560 -0.3945
vn -0.7658 0.3560 -0.5355
vn -0.7658 0.3561 -0.5355
vn -0.6612 0.3561 -0.6603
vn -0.6612 0.3562 -0.6603
vn -0.5364 0.3563 -0.7651
vn -0.5364 0.3561 -0.7651
vn -0.3953 0.3563 -0.8466
vn -0.2421 0.3563 -0.9024
vn -0.2421 0.3564 -0.9024
vn -0.0815 0.3563 -0.9308
vn -0.0815 0.3564 -0.9308
vn 0.0815 0.3563 -0.9308
vn 0.0815 0.3564 -0.9308
vn 0.2421 0.3564 -0.9024
vn 0.2421 0.3563 -0.9025
vn 0.3953 0.3563 -0.8466
vn 0.3953 0.3562 -0.8467
vn 0.5364 0.3562 -0.7651
vn 0.6612 0.3561 -0.6603
vn 0.6612 0.3562 -0.6603
vn 0.7658 0.3561 -0.5355
vn 0.7658 0.3560 -0.5355
vn 0.8471 0.3560 -0.3945
vn 0.9027 0.3560 -0.2416
vn 0.9027 0.3560 -0.2415
vn 0.9310 0.3559 -0.0814
vn 0.9310 0.3560 -0.0813
vn 0.9310 0.3559 0.0813
vn 0.9310 0.3559 0.0814
vn 0.9027 0.3560 0.2416
vn 0.8471 0.3560 0.3945
vn 0.7658 0.3560 0.5355
vn 0.7658 0.3561 0.5355
vn 0.6612 0.3561 0.6603
vn 0.6612 0.3562 0.6603
vn 0.5364 0.3563 0.7651
vn 0.5364 0.3562 0.7651
vn 0.3953 0.3563 0.8466
vn 0.3953 0.3562 0.8467
vn 0.2421 0.3563 0.9025
vn 0.0815 0.3563 0.9308
vn 0.0815 0.3564 0.9308
vn -0.0815 0.3563 0.9308
vn -0.2421 0.3563 0.9025
vn -0.3953 0.3563 0.8466
vn -0.5364 0.3562 0.7651
vn -0.6612 0.3561 0.6603
vn -0.7658 0.3560 0.5356
vn -0.7658 0.3561 0.5355
vn -0.8471 0.3560 0.3945
vn -0.9027 0.3560 0.2416
vn -0.9310 0.3559 0.0813
vn -0.9310 0.3560 0.0814
vn -0.9310 0.3559 -0.0814
vn -0.9621 0.2595 -0.0841
vn -0.9329 0.2595 -0.2497
vn -0.9329 0.2595 -0.2496
vn -0.8754 0.2596 -0.4077
vn -0.8755 0.2596 -0.4077
vn -0.7914 0.2596 -0.5534
vn -0.7914 0.2596 -0.5535
vn -0.6833 0.2597 -0.6824
vn -0.5544 0.2597 -0.7907
vn -0.4085 0.2598 -0.8750
vn -0.2502 0.2598 -0.9327
vn -0.2502 0.2597 -0.9327
vn -0.0843 0.2599 -0.9620
vn -0.0843 0.2598 -0.9620
vn 0.0843 0.2599 -0.9620
vn 0.0843 0.2598 -0.9620
vn 0.2502 0.2598 -0.9327
vn 0.4085 0.2598 -0.8750
vn 0.5544 0.2598 -0.7907
vn 0.5544 0.2597 -0.7907
vn 0.6833 0.2597 -0.6824
vn 0.7914 0.2596 -0.5534
vn 0.8754 0.2596 -0.4077
vn 0.9329 0.2595 -0.2496
vn 0.9621 0.2595 -0.0841
vn 0.9621 0.2595 0.0841
vn 0.9329 0.2595 0.2496
vn 0.9329 0.2595 0.2497
vn 0.8754 0.2595 0.4077
vn 0.8754 0.2596 0.4077
vn 0.7914 0.2596 0.5534
vn 0.6833 0.2597 0.6824
vn 0.6833 0.2596 0.6824
vn 0.5544 0.2598 0.7907
vn 0.5544 0.2597 0.7907
vn 0.4085 0.2598 0.8750
vn 0.2502 0.2598 0.9327
vn 0.0843 0.2598 0.9620
vn -0.0843 0.2598 0.9620
vn -0.0843 0.2599 0.9620
vn -0.2502 0.2598 0.9327
vn -0.4085 0.2598 0.8750
vn -0.4086 0.2598 0.8750
vn -0.5544 0.2597 0.7907
vn -0.6833 0.2597 0.6824
vn -0.7914 0.2596 0.5534
vn -0.8755 0.2595 0.4077
vn -0.8754 0.2596 0.4077
vn -0.9329 0.2595 0.2497
vn -0.9329 0.2595 0.2496
vn -0.9621 0.2595 0.0841
vn -0.9621 0.2595 0.0840
vn -0.9621 0.2595 -0.0840
vn -0.9802 0.1787 -0.0856
vn -0.9505 0.1787 -0.2544
vn -0.9505 0.1787 -0.2543
vn -0.8919 0.1787 -0.4154
vn -0.8063 0.1787 -0.5639
vn -0.6962 0.1788 -0.6953
vn -0.5648 0.1788 -0.8056
vn -0.4162 0.1788 -0.8915
vn -0.2550 0.1788 -0.9503
vn -0.2550 0.1789 -0.9503
vn -0.0859 0.1789 -0.9801
vn -0.0859 0.1788 -0.9801
vn 0.0859 0.1788 -0.9801
vn 0.0859 0.1789 -0.9801
vn 0.2549 0.1789 -0.9503
vn 0.2550 0.1788 -0.9503
vn 0.4162 0.1788 -0.8915
vn 0.5648 0.1788 -0.8056
vn 0.6962 0.1788 -0.6953
vn 0.6962 0.1787 -0.6953
vn 0.8063 0.1787 -0.5639
vn 0.8919 0.1787 -0.4154
vn 0.9505 0.1787 -0.2544
vn 0.9505 0.1787 -0.2543
vn 0.9802 0.1787 -0.0856
vn 0.9802 0.1787 -0.0857
vn 0.9802 0.1787 0.0856
vn 0.9802 0.1787 0.0857
vn 0.9505 0.1787 0.2543
vn 0.9505 0.1787 0.2544
vn 0.8919 0.1787 0.4154
vn 0.8063 0.1788 0.5639
vn 0.8063 0.1787 0.5639
vn 0.6962 0.1788 0.6953
vn 0.5648 0.1788 0.8056
vn 0.4162 0.1788 0.8915
vn 0.2550 0.1789 0.9503
vn 0.2550 0.1788 0.9503
vn 0.0859 0.1789 0.9801
vn -0.0859 0.1789 0.9801
vn -0.0859 0.1788 0.9801
vn -0.2549 0.1789 0.9503
vn -0.2550 0.1788 0.9503
vn -0.4162 0.1789 0.8915
vn -0.4162 0.1788 0.8915
vn -0.5648 0.1788 0.8056
vn -0.6962 0.1788 0.6953
vn -0.6961 0.1788 0.6953
vn -0.8063 0.1787 0.5639
vn -0.8063 0.1788 0.5638
vn -0.8919 0.1787 0.4154
vn -0.9505 0.1787 0.2543
vn -0.9505 0.1787 0.2544
vn -0.9802 0.1787 0.0856
vn -0.9802 0.1786 0.0856
vn -0.9802 0.1786 -0.0856
vn -0.9904 0.1074 -0.0865
vn -0.9604 0.1074 -0.2570
vn -0.9013 0.1074 -0.4197
vn -0.9013 0.1075 -0.4197
vn -0.8147 0.1074 -0.5698
vn -0.8148 0.1075 -0.5698
vn -0.7035 0.1075 -0.7026
vn -0.7035 0.1075 -0.7025
vn -0.5707 0.1075 -0.8141
vn -0.4206 0.1075 -0.9009
vn -0.4206 0.1076 -0.9008
vn -0.2576 0.1075 -0.9602
vn -0.2576 0.1076 -0.9602
vn -0.0868 0.1076 -0.9904
vn 0.0868 0.1076 -0.9904
vn 0.2576 0.1075 -0.9602
vn 0.2576 0.1076 -0.9602
vn 0.4206 0.1075 -0.9009
vn 0.4206 0.1075 -0.9008
vn 0.5707 0.1075 -0.8141
vn 0.5708 0.1075 -0.8141
vn 0.7035 0.1075 -0.7026
vn 0.8148 0.1075 -0.5698
vn 0.9013 0.1074 -0.4197
vn 0.9013 0.1075 -0.4197
vn 0.9604 0.1074 -0.2570
vn 0.9904 0.1074 -0.0865
vn 0.9904 0.1074 0.0865
vn 0.9604 0.1074 0.2570
vn 0.9013 0.1075 0.4197
vn 0.9013 0.1074 0.4197
vn 0.8147 0.1075 0.5698
vn 0.8148 0.1075 0.5698
vn 0.7035 0.1075 0.7026
vn 0.5707 0.1075 0.8141
vn 0.4206 0.1075 0.9009
vn 0.4206 0.1075 0.9008
vn 0.2576 0.1076 0.9602
vn 0.2576 0.1075 0.9602
vn 0.0868 0.1076 0.9904
vn 0.0868 0.1075 0.9904
vn -0.0868 0.1076 0.9904
vn -0.0868 0.1075 0.9904
vn -0.2576 0.1076 0.9602
vn -0.2576 0.1075 0.9602
vn -0.4206 0.1075 0.9008
vn -0.5707 0.1076 0.8141
vn -0.5707 0.1075 0.8141
vn -0.7035 0.1075 0.7026
vn -0.7035 0.1075 0.7025
vn -0.8147 0.1074 0.5698
vn -0.8148 0.1075 0.5698
vn -0.9013 0.1074 0.4197
vn -0.9604 0.1074 0.2570
vn -0.9904 0.1074 0.0865
vn -0.9953 0.0436 -0.0869
vn -0.9651 0.0436 -0.2583
vn -0.9057 0.0436 -0.4218
vn -0.8187 0.0436 -0.5726
vn -0.8187 0.0436 -0.5725
vn -0.7069 0.0437 -0.7060
vn -0.7069 0.0436 -0.7060
vn -0.5735 0.0437 -0.8180
vn -0.5735 0.0436 -0.8180
vn -0.4227 0.0437 -0.9052
vn -0.2589 0.0436 -0.9649
vn -0.2589 0.0437 -0.9649
vn -0.0872 0.0436 -0.9952
vn -0.0872 0.0437 -0.9952
vn 0.0872 0.0436 -0.9952
vn 0.0872 0.0437 -0.9952
vn 0.2589 0.0436 -0.9649
vn 0.2589 0.0437 -0.9649
vn 0.4226 0.0437 -0.9052
vn 0.4227 0.0436 -0.9052
vn 0.5735 0.0436 -0.8180
vn 0.5735 0.0437 -0.8180
vn 0.7069 0.0436 -0.7060
vn 0.8187 0.0436 -0.5726
vn 0.8187 0.0436 -0.5725
vn 0.9057 0.0436 -0.4218
vn 0.9056 0.0436 -0.4218
vn 0.9651 0.0436 -0.2583
vn 0.9651 0.0436 -0.2582
vn 0.9953 0.0436 -0.0869
vn 0.9953 0.0436 -0.0870
vn 0.9953 0.0436 0.0870
vn 0.9651 0.0436 0.2583
vn 0.9651 0.0436 0.2582
vn 0.9056 0.0436 0.4218
vn 0.9057 0.0436 0.4218
vn 0.8187 0.0436 0.5725
vn 0.8187 0.0436 0.5726
vn 0.7069 0.0436 0.7060
vn 0.5735 0.0436 0.8180
vn 0.4226 0.0437 0.9052
vn 0.4227 0.0437 0.9052
vn 0.2589 0.0437 0.9649
vn 0.2589 0.0436 0.9649
vn 0.0872 0.0437 0.9952
vn 0.0872 0.0436 0.9952
vn -0.0872 0.0437 0.9952
vn -0.0872 0.0436 0.9952
vn -0.2589 0.0436 0.9649
vn -0.4227 0.0437 0.9052
vn -0.4227 0.0436 0.9052
vn -0.5735 0.0436 0.8180
vn -0.7069 0.0437 0.7060
vn -0.7069 0.0436 0.7060
vn -0.8187 0.0435 0.5725
vn -0.8187 0.0437 0.5726
vn -0.9056 0.0436 0.4218
vn -0.9057 0.0436 0.4217
vn -0.9651 0.0436 0.2583
vn -0.9953 0.0436 0.0870
vn -0.9961 -0.0162 -0.0870
vn -0.9659 -0.0163 -0.2584
vn -0.9659 -0.0163 -0.2585
vn -0.9064 -0.0162 -0.4222
vn -0.9064 -0.0163 -0.4221
vn -0.8194 -0.0163 -0.5730
vn -0.7075 -0.0163 -0.7065
vn -0.7074 -0.0163 -0.7066
vn -0.5740 -0.0163 -0.8187
vn -0.4230 -0.0162 -0.9060
vn -0.4230 -0.0163 -0.9060
vn -0.2591 -0.0162 -0.9657
vn -0.2591 -0.0163 -0.9657
vn -0.0872 -0.0162 -0.9961
vn -0.0872 -0.0163 -0.9961
vn 0.0873 -0.0163 -0.9961
vn 0.0872 -0.0162 -0.9961
vn 0.2591 -0.0162 -0.9657
vn 0.2591 -0.0163 -0.9657
vn 0.4230 -0.0163 -0.9060
vn 0.4230 -0.0162 -0.9060
vn 0.5740 -0.0163 -0.8187
vn 0.7075 -0.0163 -0.7065
vn 0.7075 -0.0162 -0.7066
vn 0.8194 -0.0163 -0.5730
vn 0.9064 -0.0162 -0.4221
vn 0.9064 -0.0163 -0.4221
vn 0.9659 -0.0163 -0.2585
vn 0.9961 -0.0162 -0.0870
vn 0.9961 -0.0162 -0.0871
vn 0.9961 -0.0162 0.0870
vn 0.9961 -0.0162 0.0871
vn 0.9659 -0.0162 0.2585
vn 0.9659 -0.0163 0.2585
vn 0.9064 -0.0163 0.4221
vn 0.9064 -0.0162 0.4221
vn 0.8194 -0.0162 0.5730
vn 0.7075 -0.0163 0.7065
vn 0.7074 -0.0162 0.7066
vn 0.5740 -0.0162 0.8187
vn 0.4230 -0.0163 0.9060
vn 0.2591 -0.0164 0.9657
vn 0.2591 -0.0162 0.9657
vn 0.0873 -0.0163 0.9961
vn -0.0873 -0.0162 0.9961
vn -0.0873 -0.0163 0.9961
vn -0.2591 -0.0163 0.9657
vn -0.2591 -0.0162 0.9657
vn -0.4230 -0.0163 0.9060
vn -0.5740 -0.0162 0.8187
vn -0.7075 -0.0163 0.7065
vn -0.7074 -0.0162 0.7066
vn -0.8194 -0.0162 0.5730
vn -0.9064 -0.0163 0.4221
vn -0.9064 -0.0162 0.4221
vn -0.9659 -0.0163 0.2584
vn -0.9659 -0.0162 0.2585
vn -0.9961 -0.0162 0.0870
vn -0.9961 -0.0162 -0.0871
vn -0.9933 -0.0767 -0.0868
vn -0.9632 -0.0767 -0.2578
vn -0.9038 -0.0767 -0.4209
vn -0.8171 -0.0767 -0.5714
vn -0.8171 -0.0768 -0.5714
vn -0.7055 -0.0768 -0.7046
vn -0.5724 -0.0769 -0.8164
vn -0.5724 -0.0768 -0.8164
vn -0.4218 -0.0769 -0.9034
vn -0.4218 -0.0768 -0.9034
vn -0.2584 -0.0768 -0.9630
vn -0.2584 -0.0769 -0.9630
vn -0.0870 -0.0769 -0.9932
vn -0.0870 -0.0768 -0.9932
vn 0.0870 -0.0768 -0.9932
vn 0.0870 -0.0769 -0.9932
vn 0.2584 -0.0768 -0.9630
vn 0.2583 -0.0768 -0.9630
vn 0.4218 -0.0768 -0.9034
vn 0.5724 -0.0769 -0.8164
vn 0.5724 -0.0768 -0.8164
vn 0.7055 -0.0768 -0.7046
vn 0.8171 -0.0768 -0.5714
vn 0.9038 -0.0768 -0.4210
vn 0.9038 -0.0768 -0.4209
vn 0.9632 -0.0767 -0.2577
vn 0.9632 -0.0767 -0.2578
vn 0.9933 -0.0767 -0.0868
vn 0.9933 -0.0767 0.0868
vn 0.9632 -0.0768 0.2578
vn 0.9632 -0.0767 0.2577
vn 0.9039 -0.0767 0.4209
vn 0.9038 -0.0768 0.4210
vn 0.8171 -0.0768 0.5714
vn 0.8171 -0.0769 0.5714
vn 0.7055 -0.0768 0.7045
vn 0.7054 -0.0768 0.7046
vn 0.5724 -0.0768 0.8164
vn 0.5724 -0.0769 0.8164
vn 0.4218 -0.0768 0.9034
vn 0.2584 -0.0767 0.9630
vn 0.2584 -0.0768 0.9630
vn 0.0870 -0.0769 0.9932
vn 0.0870 -0.0768 0.9932
vn -0.0870 -0.0768 0.9932
vn -0.0870 -0.0769 0.9932
vn -0.2584 -0.0768 0.9630
vn -0.4218 -0.0768 0.9034
vn -0.4218 -0.0769 0.9034
vn -0.5724 -0.0768 0.8164
vn -0.5724 -0.0769 0.8164
vn -0.7055 -0.0768 0.7046
vn -0.8171 -0.0769 0.5713
vn -0.8171 -0.0767 0.5714
vn -0.9038 -0.0767 0.4209
vn -0.9038 -0.0767 0.4210
vn -0.9632 -0.0767 0.2577
vn -0.9933 -0.0767 0.0868
vn -0.9933 -0.0768 0.0868
vn -0.9933 -0.0768 -0.0868
vn -0.9863 -0.1405 -0.0862
vn -0.9564 -0.1405 -0.2560
vn -0.9564 -0.1406 -0.2559
vn -0.8975 -0.1406 -0.4180
vn -0.8975 -0.1405 -0.4180
vn -0.8114 -0.1406 -0.5674
vn -0.7005 -0.1406 -0.6997
vn -0.7005 -0.1406 -0.6996
vn -0.5684 -0.1407 -0.8107
vn -0.5684 -0.1406 -0.8107
vn -0.4188 -0.1407 -0.8971
vn -0.4189 -0.1407 -0.8971
vn -0.2565 -0.1407 -0.9562
vn -0.2566 -0.1407 -0.9562
vn -0.0864 -0.1406 -0.9863
vn -0.0864 -0.1408 -0.9863
vn 0.0864 -0.1406 -0.9863
vn 0.0864 -0.1408 -0.9863
vn 0.2566 -0.1406 -0.9562
vn 0.2565 -0.1407 -0.9562
vn 0.4189 -0.1407 -0.8971
vn 0.4189 -0.1406 -0.8971
vn 0.5683 -0.1407 -0.8107
vn 0.5684 -0.1406 -0.8107
vn 0.7005 -0.1406 -0.6997
vn 0.7005 -0.1407 -0.6996
vn 0.8113 -0.1406 -0.5674
vn 0.8114 -0.1406 -0.5674
vn 0.8975 -0.1405 -0.4180
vn 0.9564 -0.1405 -0.2560
vn 0.9564 -0.1406 -0.2559
vn 0.9863 -0.1406 -0.0862
vn 0.9863 -0.1405 -0.0862
vn 0.9863 -0.1406 0.0862
vn 0.9564 -0.1406 0.2560
vn 0.9564 -0.1405 0.2559
vn 0.8975 -0.1406 0.4180
vn 0.8975 -0.1405 0.4180
vn 0.8113 -0.1406 0.5674
vn 0.8114 -0.1406 0.5674
vn 0.7005 -0.1407 0.6996
vn 0.7005 -0.1406 0.6996
vn 0.5684 -0.1406 0.8107
vn 0.5684 -0.1407 0.8107
vn 0.4189 -0.1406 0.8971
vn 0.4188 -0.1407 0.8971
vn 0.2565 -0.1407 0.9562
vn 0.2565 -0.1408 0.9562
vn 0.0864 -0.1407 0.9863
vn -0.0864 -0.1408 0.9863
vn -0.0864 -0.1406 0.9863
vn -0.2565 -0.1408 0.9562
vn -0.2566 -0.1408 0.9562
vn -0.4189 -0.1407 0.8971
vn -0.4188 -0.1406 0.8971
vn -0.5683 -0.1406 0.8107
vn -0.5684 -0.1406 0.8107
vn -0.7005 -0.1405 0.6997
vn -0.7005 -0.1406 0.6996
vn -0.8114 -0.1406 0.5674
vn -0.8975 -0.1406 0.4180
vn -0.9564 -0.1406 0.2559
vn -0.9564 -0.1405 0.2560
vn -0.9863 -0.1405 0.0862
vn -0.9739 -0.2106 -0.0851
vn -0.9443 -0.2106 -0.2527
vn -0.9443 -0.2107 -0.2527
vn -0.8862 -0.2107 -0.4127
vn -0.8861 -0.2107 -0.4127
vn -0.8011 -0.2107 -0.5602
vn -0.8011 -0.2108 -0.5602
vn -0.6917 -0.2108 -0.6908
vn -0.6916 -0.2108 -0.6908
vn -0.5612 -0.2108 -0.8004
vn -0.5612 -0.2109 -0.8004
vn -0.4135 -0.2109 -0.8857
vn -0.4136 -0.2108 -0.8857
vn -0.2533 -0.2108 -0.9441
vn -0.2533 -0.2110 -0.9441
vn -0.0853 -0.2109 -0.9738
vn -0.0853 -0.2111 -0.9737
vn 0.0853 -0.2110 -0.9738
vn 0.2533 -0.2109 -0.9441
vn 0.4135 -0.2108 -0.8857
vn 0.4136 -0.2109 -0.8857
vn 0.5611 -0.2109 -0.8004
vn 0.5612 -0.2108 -0.8004
vn 0.6917 -0.2108 -0.6908
vn 0.8011 -0.2108 -0.5602
vn 0.8011 -0.2107 -0.5602
vn 0.8862 -0.2107 -0.4127
vn 0.8862 -0.2108 -0.4127
vn 0.9443 -0.2107 -0.2527
vn 0.9739 -0.2106 -0.0851
vn 0.9739 -0.2107 0.0851
vn 0.9738 -0.2107 0.0851
vn 0.9443 -0.2107 0.2527
vn 0.8862 -0.2107 0.4127
vn 0.8011 -0.2108 0.5602
vn 0.8011 -0.2107 0.5602
vn 0.6917 -0.2108 0.6908
vn 0.6917 -0.2107 0.6908
vn 0.5612 -0.2108 0.8004
vn 0.4135 -0.2109 0.8857
vn 0.4136 -0.2108 0.8857
vn 0.2533 -0.2110 0.9441
vn 0.2533 -0.2108 0.9441
vn 0.0853 -0.2109 0.9738
vn -0.0853 -0.2109 0.9738
vn -0.2533 -0.2109 0.9441
vn -0.4135 -0.2108 0.8857
vn -0.4136 -0.2109 0.8857
vn -0.5612 -0.2108 0.8004
vn -0.6916 -0.2107 0.6908
vn -0.6917 -0.2108 0.6908
vn -0.8011 -0.2107 0.5602
vn -0.8862 -0.2107 0.4127
vn -0.9443 -0.2107 0.2528
vn -0.9443 -0.2106 0.2527
vn -0.9739 -0.2106 0.0851
vn -0.9738 -0.2107 0.0851
vn -0.9738 -0.2107 -0.0851
vn -0.9530 -0.2912 -0.0833
vn -0.9241 -0.2912 -0.2473
vn -0.9242 -0.2912 -0.2473
vn -0.8672 -0.2912 -0.4039
vn -0.7840 -0.2912 -0.5482
vn -0.7840 -0.2913 -0.5482
vn -0.6769 -0.2914 -0.6760
vn -0.6769 -0.2912 -0.6760
vn -0.5491 -0.2915 -0.7833
vn -0.5492 -0.2913 -0.7833
vn -0.4047 -0.2913 -0.8668
vn -0.4047 -0.2915 -0.8667
vn -0.2479 -0.2915 -0.9239
vn -0.0835 -0.2914 -0.9530
vn -0.0835 -0.2915 -0.9529
vn 0.0835 -0.2914 -0.9530
vn 0.0835 -0.2915 -0.9529
vn 0.2479 -0.2915 -0.9239
vn 0.2479 -0.2914 -0.9239
vn 0.4047 -0.2913 -0.8668
vn 0.4047 -0.2914 -0.8668
vn 0.5491 -0.2914 -0.7833
vn 0.5492 -0.2913 -0.7833
vn 0.6769 -0.2913 -0.6760
vn 0.7839 -0.2913 -0.5483
vn 0.7840 -0.2913 -0.5482
vn 0.8672 -0.2912 -0.4039
vn 0.9242 -0.2911 -0.2473
vn 0.9241 -0.2912 -0.2473
vn 0.9530 -0.2912 -0.0832
vn 0.9531 -0.2911 -0.0833
vn 0.9531 -0.2911 0.0833
vn 0.9242 -0.2911 0.2473
vn 0.8672 -0.2912 0.4039
vn 0.7840 -0.2912 0.5482
vn 0.7840 -0.2912 0.5483
vn 0.6769 -0.2912 0.6760
vn 0.6769 -0.2914 0.6760
vn 0.5492 -0.2913 0.7833
vn 0.5491 -0.2914 0.7833
vn 0.4047 -0.2915 0.8668
vn 0.2479 -0.2914 0.9239
vn 0.0835 -0.2915 0.9529
vn -0.0835 -0.2915 0.9529
vn -0.2479 -0.2915 0.9239
vn -0.2479 -0.2914 0.9239
vn -0.4047 -0.2913 0.8668
vn -0.4047 -0.2915 0.8667
vn -0.5492 -0.2914 0.7833
vn -0.6769 -0.2914 0.6760
vn -0.6769 -0.2913 0.6760
vn -0.7840 -0.2913 0.5482
vn -0.7840 -0.2912 0.5483
vn -0.8672 -0.2912 0.4039
vn -0.9242 -0.2912 0.2473
vn -0.9241 -0.2912 0.2473
vn -0.9530 -0.2912 0.0833
vn -0.9531 -0.2911 0.0833
vn -0.9531 -0.2911 -0.0833
vn -0.9184 -0.3875 -0.0802
vn -0.8905 -0.3876 -0.2383
vn -0.8357 -0.3876 -0.3892
vn -0.8356 -0.3876 -0.3892
vn -0.7554 -0.3877 -0.5283
vn -0.7554 -0.3876 -0.5283
vn -0.6522 -0.3878 -0.6513
vn -0.6522 -0.3877 -0.6514
vn -0.5292 -0.3878 -0.7547
vn -0.5291 -0.3878 -0.7547
vn -0.3900 -0.3879 -0.8352
vn -0.3899 -0.3879 -0.8351
vn -0.2388 -0.3879 -0.8902
vn -0.2389 -0.3879 -0.8902
vn -0.0804 -0.3879 -0.9182
vn -0.0804 -0.3880 -0.9181
vn 0.0804 -0.3879 -0.9182
vn 0.2388 -0.3879 -0.8902
vn 0.3899 -0.3878 -0.8352
vn 0.3899 -0.3880 -0.8351
vn 0.5291 -0.3878 -0.7547
vn 0.5292 -0.3878 -0.7547
vn 0.6522 -0.3877 -0.6514
vn 0.6522 -0.3878 -0.6514
vn 0.7554 -0.3877 -0.5283
vn 0.7554 -0.3876 -0.5283
vn 0.8356 -0.3876 -0.3892
vn 0.8905 -0.3876 -0.2383
vn 0.8905 -0.3875 -0.2383
vn 0.9184 -0.3875 -0.0803
vn 0.9184 -0.3875 -0.0802
vn 0.9184 -0.3876 0.0802
vn 0.9184 -0.3875 0.0803
vn 0.8905 -0.3876 0.2383
vn 0.8356 -0.3876 0.3892
vn 0.8357 -0.3876 0.3892
vn 0.7554 -0.3876 0.5283
vn 0.7554 -0.3877 0.5282
vn 0.6522 -0.3877 0.6514
vn 0.6522 -0.3878 0.6514
vn 0.5292 -0.3878 0.7547
vn 0.5291 -0.3878 0.7547
vn 0.3900 -0.3879 0.8352
vn 0.3899 -0.3878 0.8352
vn 0.2388 -0.3879 0.8902
vn 0.0804 -0.3879 0.9182
vn 0.0804 -0.3880 0.9182
vn -0.0804 -0.3879 0.9182
vn -0.2388 -0.3880 0.8902
vn -0.2388 -0.3879 0.8902
vn -0.3899 -0.3879 0.8352
vn -0.3899 -0.3879 0.8351
vn -0.5291 -0.3878 0.7547
vn -0.5292 -0.3878 0.7547
vn -0.6522 -0.3877 0.6514
vn -0.6522 -0.3878 0.6514
vn -0.7554 -0.3877 0.5283
vn -0.8356 -0.3876 0.3892
vn -0.8357 -0.3876 0.3892
vn -0.8905 -0.3876 0.2383
vn -0.8905 -0.3875 0.2383
vn -0.9184 -0.3875 0.0802
vn -0.9183 -0.3876 0.0802
vn -0.8585 -0.5073 -0.0750
vn -0.8324 -0.5073 -0.2228
vn -0.8324 -0.5074 -0.2227
vn -0.7811 -0.5075 -0.3638
vn -0.7812 -0.5073 -0.3638
vn -0.7062 -0.5074 -0.4938
vn -0.7062 -0.5075 -0.4938
vn -0.6096 -0.5076 -0.6088
vn -0.6097 -0.5075 -0.6089
vn -0.4945 -0.5077 -0.7055
vn -0.4947 -0.5076 -0.7054
vn -0.3645 -0.5076 -0.7807
vn -0.3645 -0.5079 -0.7805
vn -0.2232 -0.5078 -0.8320
vn -0.2233 -0.5077 -0.8321
vn -0.0752 -0.5077 -0.8582
vn -0.0752 -0.5079 -0.8581
vn 0.0752 -0.5077 -0.8582
vn 0.0752 -0.5079 -0.8581
vn 0.2232 -0.5078 -0.8320
vn 0.2233 -0.5077 -0.8321
vn 0.3645 -0.5078 -0.7806
vn 0.4946 -0.5076 -0.7055
vn 0.4947 -0.5076 -0.7054
vn 0.6096 -0.5077 -0.6088
vn 0.6097 -0.5075 -0.6089
vn 0.7061 -0.5075 -0.4938
vn 0.7811 -0.5075 -0.3638
vn 0.7812 -0.5074 -0.3638
vn 0.8324 -0.5074 -0.2228
vn 0.8325 -0.5073 -0.2228
vn 0.8585 -0.5073 -0.0750
vn 0.8584 -0.5074 -0.0750
vn 0.8584 -0.5074 0.0750
vn 0.8585 -0.5073 0.0750
vn 0.8325 -0.5073 0.2228
vn 0.8324 -0.5074 0.2228
vn 0.7811 -0.5075 0.3638
vn 0.7812 -0.5074 0.3637
vn 0.7061 -0.5075 0.4938
vn 0.6096 -0.5077 0.6088
vn 0.6096 -0.5076 0.6089
vn 0.4946 -0.5077 0.7054
vn 0.4947 -0.5076 0.7054
vn 0.3644 -0.5078 0.7806
vn 0.3645 -0.5077 0.7806
vn 0.2232 -0.5078 0.8321
vn 0.2233 -0.5078 0.8320
vn 0.0752 -0.5078 0.8582
vn -0.0752 -0.5078 0.8582
vn -0.0752 -0.5077 0.8582
vn -0.2232 -0.5078 0.8321
vn -0.3645 -0.5077 0.7806
vn -0.4946 -0.5076 0.7055
vn -0.4946 -0.5077 0.7054
vn -0.6096 -0.5076 0.6089
vn -0.6096 -0.5076 0.6088
vn -0.7061 -0.5075 0.4938
vn -0.7062 -0.5075 0.4938
vn -0.7811 -0.5074 0.3638
vn -0.7812 -0.5074 0.3638
vn -0.8324 -0.5074 0.2227
vn -0.8325 -0.5073 0.2228
vn -0.8584 -0.5074 0.0750
vn -0.8585 -0.5073 0.0750
vn -0.7503 -0.6579 -0.0656
vn -0.7275 -0.6579 -0.1947
vn -0.7276 -0.6578 -0.1947
vn -0.6827 -0.6579 -0.3179
vn -0.6828 -0.6578 -0.3179
vn -0.6170 -0.6581 -0.4315
vn -0.6172 -0.6579 -0.4315
vn -0.5328 -0.6581 -0.5321
vn -0.5328 -0.6580 -0.5321
vn -0.4322 -0.6582 -0.6164
vn -0.4322 -0.6582 -0.6165
vn -0.3185 -0.6582 -0.6821
vn -0.1950 -0.6583 -0.7270
vn -0.1951 -0.6583 -0.7271
vn -0.0657 -0.6583 -0.7498
vn -0.0657 -0.6584 -0.7498
vn 0.0657 -0.6582 -0.7500
vn 0.0657 -0.6584 -0.7498
vn 0.1951 -0.6582 -0.7271
vn 0.1951 -0.6583 -0.7271
vn 0.3185 -0.6581 -0.6822
vn 0.3185 -0.6583 -0.6821
vn 0.4322 -0.6581 -0.6165
vn 0.4322 -0.6582 -0.6164
vn 0.5328 -0.6581 -0.5321
vn 0.5328 -0.6580 -0.5321
vn 0.6171 -0.6580 -0.4316
vn 0.6171 -0.6580 -0.4315
vn 0.6827 -0.6579 -0.3179
vn 0.6828 -0.6578 -0.3179
vn 0.7275 -0.6579 -0.1947
vn 0.7276 -0.6579 -0.1947
vn 0.7503 -0.6578 -0.0656
vn 0.7503 -0.6578 0.0656
vn 0.7275 -0.6580 0.1947
vn 0.7275 -0.6579 0.1947
vn 0.6826 -0.6579 0.3180
vn 0.6828 -0.6578 0.3179
vn 0.6171 -0.6580 0.4316
vn 0.6172 -0.6579 0.4315
vn 0.5328 -0.6581 0.5321
vn 0.5328 -0.6580 0.5321
vn 0.4322 -0.6581 0.6165
vn 0.4322 -0.6582 0.6164
vn 0.3185 -0.6581 0.6822
vn 0.3185 -0.6582 0.6821
vn 0.1950 -0.6583 0.7270
vn 0.1951 -0.6583 0.7270
vn 0.0657 -0.6584 0.7498
vn 0.0657 -0.6582 0.7499
vn -0.0657 -0.6583 0.7498
vn -0.0657 -0.6583 0.7499
vn -0.1950 -0.6583 0.7270
vn -0.1951 -0.6583 0.7271
vn -0.3185 -0.6582 0.6822
vn -0.3185 -0.6582 0.6821
vn -0.4322 -0.6581 0.6165
vn -0.4322 -0.6582 0.6165
vn -0.5328 -0.6581 0.5321
vn -0.5328 -0.6580 0.5321
vn -0.6171 -0.6580 0.4316
vn -0.6172 -0.6579 0.4315
vn -0.6827 -0.6579 0.3180
vn -0.6827 -0.6579 0.3179
vn -0.7275 -0.6579 0.1947
vn -0.7503 -0.6578 0.0655
vn -0.7503 -0.6578 0.0656
vn -0.7504 -0.6578 -0.0655
vn -0.5502 -0.8336 -0.0481
vn -0.5335 -0.8337 -0.1427
vn -0.5334 -0.8337 -0.1427
vn -0.5006 -0.8337 -0.2331
vn -0.4523 -0.8338 -0.3164
vn -0.4526 -0.8337 -0.3164
vn -0.3906 -0.8339 -0.3901
vn -0.3906 -0.8338 -0.3901
vn -0.3168 -0.8339 -0.4519
vn -0.3169 -0.8338 -0.4520
vn -0.2335 -0.8340 -0.5000
vn -0.2334 -0.8339 -0.5000
vn -0.1430 -0.8340 -0.5329
vn -0.0482 -0.8339 -0.5498
vn -0.0481 -0.8340 -0.5496
vn 0.0482 -0.8339 -0.5498
vn 0.0481 -0.8340 -0.5496
vn 0.1430 -0.8339 -0.5330
vn 0.1430 -0.8341 -0.5328
vn 0.2335 -0.8339 -0.5001
vn 0.2334 -0.8340 -0.5000
vn 0.3169 -0.8338 -0.4520
vn 0.3168 -0.8339 -0.4519
vn 0.3906 -0.8339 -0.3901
vn 0.3906 -0.8338 -0.3901
vn 0.4523 -0.8338 -0.3164
vn 0.4525 -0.8338 -0.3164
vn 0.5006 -0.8337 -0.2331
vn 0.5335 -0.8337 -0.1428
vn 0.5335 -0.8337 -0.1427
vn 0.5502 -0.8336 -0.0480
vn 0.5501 -0.8337 -0.0481
vn 0.5501 -0.8337 0.0481
vn 0.5502 -0.8336 0.0481
vn 0.5333 -0.8338 0.1428
vn 0.5336 -0.8336 0.1427
vn 0.5006 -0.8337 0.2331
vn 0.4524 -0.8338 0.3164
vn 0.4525 -0.8338 0.3164
vn 0.3906 -0.8339 0.3901
vn 0.3906 -0.8338 0.3901
vn 0.3168 -0.8339 0.4519
vn 0.3169 -0.8339 0.4519
vn 0.2335 -0.8339 0.5001
vn 0.2334 -0.8340 0.5000
vn 0.1430 -0.8339 0.5330
vn 0.1430 -0.8340 0.5330
vn 0.0482 -0.8340 0.5496
vn 0.0481 -0.8340 0.5497
vn -0.0481 -0.8341 0.5495
vn -0.0482 -0.8339 0.5498
vn -0.1430 -0.8339 0.5330
vn -0.1430 -0.8340 0.5329
vn -0.2335 -0.8339 0.5000
vn -0.2335 -0.8340 0.5000
vn -0.3168 -0.8339 0.4519
vn -0.3169 -0.8339 0.4519
vn -0.3906 -0.8339 0.3901
vn -0.4524 -0.8338 0.3164
vn -0.4525 -0.8338 0.3163
vn -0.5006 -0.8337 0.2331
vn -0.5334 -0.8337 0.1427
vn -0.5335 -0.8336 0.1428
vn -0.5502 -0.8336 0.0481
vn -0.5501 -0.8337 0.0481
vn -0.5501 -0.8337 -0.0481
vn -0.2112 -0.9773 -0.0185
vn -0.2050 -0.9772 -0.0548
vn -0.2046 -0.9773 -0.0548
vn -0.1922 -0.9773 -0.0895
vn -0.1920 -0.9773 -0.0895
vn -0.1738 -0.9773 -0.1215
vn -0.1736 -0.9773 -0.1215
vn -0.1500 -0.9773 -0.1497
vn -0.1498 -0.9773 -0.1497
vn -0.1216 -0.9773 -0.1734
vn -0.0896 -0.9773 -0.1919
vn -0.0548 -0.9773 -0.2045
vn -0.0549 -0.9773 -0.2046
vn -0.0185 -0.9773 -0.2109
vn 0.0185 -0.9773 -0.2110
vn 0.0185 -0.9773 -0.2109
vn 0.0549 -0.9773 -0.2046
vn 0.0548 -0.9773 -0.2045
vn 0.0896 -0.9773 -0.1919
vn 0.1216 -0.9773 -0.1734
vn 0.1215 -0.9773 -0.1735
vn 0.1500 -0.9773 -0.1498
vn 0.1498 -0.9773 -0.1497
vn 0.1737 -0.9773 -0.1215
vn 0.1736 -0.9773 -0.1214
vn 0.1922 -0.9773 -0.0895
vn 0.1921 -0.9773 -0.0895
vn 0.2048 -0.9773 -0.0548
vn 0.2047 -0.9773 -0.0548
vn 0.2112 -0.9773 -0.0185
vn 0.2111 -0.9773 -0.0185
vn 0.2112 -0.9773 0.0185
vn 0.2050 -0.9772 0.0548
vn 0.2046 -0.9773 0.0548
vn 0.1923 -0.9773 0.0895
vn 0.1921 -0.9773 0.0895
vn 0.1738 -0.9773 0.1214
vn 0.1736 -0.9773 0.1215
vn 0.1500 -0.9773 0.1498
vn 0.1498 -0.9773 0.1497
vn 0.1216 -0.9773 0.1734
vn 0.0897 -0.9773 0.1919
vn 0.0895 -0.9773 0.1919
vn 0.0548 -0.9773 0.2045
vn 0.0185 -0.9773 0.2109
vn -0.0185 -0.9773 0.2109
vn -0.0185 -0.9773 0.2110
vn -0.0549 -0.9773 0.2045
vn -0.0548 -0.9773 0.2045
vn -0.0896 -0.9773 0.1919
vn -0.1216 -0.9773 0.1734
vn -0.1215 -0.9773 0.1734
vn -0.1500 -0.9773 0.1497
vn -0.1498 -0.9773 0.1498
vn -0.1737 -0.9773 0.1214
vn -0.1736 -0.9773 0.1214
vn -0.1923 -0.9773 0.0895
vn -0.1921 -0.9773 0.0895
vn -0.2048 -0.9773 0.0548
vn -0.2047 -0.9773 0.0548
vn -0.2112 -0.9773 0.0185
vn -0.2111 -0.9773 0.0185
vn -0.9660 -0.0000 -0.2584
vn -0.7076 -0.0000 -0.7066
vn 0.4230 -0.0000 -0.9061
vn 0.7076 -0.0000 -0.7066
vn 0.9962 -0.0000 -0.0871
vn 0.9962 -0.0000 0.0871
vn 0.7076 -0.0000 0.7066
vn 0.4230 -0.0000 0.9061
vn -0.7076 -0.0000 0.7066
vn -0.9660 -0.0000 0.2584
vn -0.9660 -0.0000 0.2585
vn -0.9056 -0.3481 -0.2424
vn -0.9057 -0.3480 -0.2423
vn -0.8498 -0.3481 -0.3958
vn -0.8499 -0.3481 -0.3957
vn -0.7682 -0.3483 -0.5372
vn -0.7682 -0.3481 -0.5373
vn -0.6632 -0.3484 -0.6624
vn -0.6633 -0.3482 -0.6624
vn -0.5381 -0.3484 -0.7675
vn -0.3965 -0.3481 -0.8495
vn -0.3966 -0.3486 -0.8493
vn -0.2429 -0.3484 -0.9053
vn -0.2429 -0.3481 -0.9054
vn -0.0818 -0.3487 -0.9337
vn -0.0818 -0.3484 -0.9338
vn 0.0818 -0.3487 -0.9337
vn 0.0818 -0.3484 -0.9338
vn 0.2429 -0.3484 -0.9053
vn 0.2429 -0.3481 -0.9054
vn 0.3966 -0.3481 -0.8495
vn 0.3965 -0.3483 -0.8494
vn 0.5381 -0.3484 -0.7675
vn 0.5382 -0.3482 -0.7676
vn 0.6632 -0.3484 -0.6624
vn 0.6633 -0.3482 -0.6624
vn 0.7681 -0.3483 -0.5373
vn 0.7683 -0.3481 -0.5372
vn 0.8498 -0.3481 -0.3958
vn 0.8499 -0.3481 -0.3957
vn 0.9056 -0.3481 -0.2424
vn 0.9056 -0.3480 -0.2423
vn 0.9339 -0.3481 -0.0816
vn 0.9340 -0.3479 -0.0816
vn 0.9340 -0.3479 0.0816
vn 0.9339 -0.3480 0.0816
vn 0.9056 -0.3480 0.2424
vn 0.9057 -0.3480 0.2423
vn 0.8498 -0.3481 0.3958
vn 0.8499 -0.3480 0.3957
vn 0.7683 -0.3480 0.5373
vn 0.7682 -0.3483 0.5372
vn 0.6632 -0.3484 0.6625
vn 0.6633 -0.3483 0.6624
vn 0.5381 -0.3484 0.7675
vn 0.5382 -0.3482 0.7675
vn 0.3964 -0.3486 0.8493
vn 0.3967 -0.3482 0.8494
vn 0.2429 -0.3484 0.9053
vn 0.2429 -0.3486 0.9053
vn 0.0818 -0.3484 0.9338
vn -0.0818 -0.3484 0.9338
vn -0.2428 -0.3486 0.9052
vn -0.2429 -0.3483 0.9053
vn -0.3965 -0.3485 0.8493
vn -0.3965 -0.3483 0.8494
vn -0.5382 -0.3481 0.7676
vn -0.5381 -0.3485 0.7674
vn -0.6632 -0.3482 0.6625
vn -0.6633 -0.3484 0.6623
vn -0.7682 -0.3481 0.5374
vn -0.7683 -0.3482 0.5372
vn -0.8498 -0.3481 0.3958
vn -0.8499 -0.3480 0.3957
vn -0.9056 -0.3480 0.2424
vn -0.9056 -0.3480 0.2423
vn -0.9339 -0.3481 0.0816
vn -0.9339 -0.3480 0.0816
vn -0.9339 -0.3480 -0.0816
vn -0.9056 -0.3481 0.2423
vn -0.9309 -0.3488 0.1085
vn -0.8641 -0.4975 0.0755
vn -0.9368 -0.3489 0.0270
vn -0.9340 -0.3479 -0.0816
vn -0.9339 -0.3481 -0.0816
vn -0.9056 -0.3480 -0.2423
vn -0.8499 -0.3480 -0.3957
vn -0.7682 -0.3480 -0.5373
vn -0.5381 -0.3485 -0.7675
vn -0.5382 -0.3482 -0.7675
vn -0.3965 -0.3484 -0.8494
vn -0.3966 -0.3483 -0.8493
vn 0.5382 -0.3483 -0.7675
vn 0.5381 -0.3485 -0.7675
vn 0.8499 -0.3480 -0.3957
vn 0.7681 -0.3484 0.5372
vn 0.6632 -0.3482 0.6625
vn 0.5381 -0.3483 0.7675
vn 0.3966 -0.3483 0.8493
vn -0.2428 -0.3486 0.9053
vn -0.3966 -0.3483 0.8494
vn -0.3965 -0.3486 0.8493
vn -0.6633 -0.3483 0.6624
vn -0.7681 -0.3482 0.5373
vn -0.7683 -0.3481 0.5372
vn -0.8498 -0.3482 -0.3959
vn -0.6632 -0.3482 -0.6625
vn -0.5382 -0.3480 -0.7676
vn -0.2429 -0.3483 -0.9053
vn -0.0818 -0.3492 -0.9335
vn -0.0818 -0.3478 -0.9340
vn 0.0818 -0.3489 -0.9336
vn 0.0818 -0.3481 -0.9339
vn 0.2429 -0.3483 -0.9053
vn 0.6632 -0.3482 -0.6625
vn 0.8497 -0.3483 -0.3958
vn 0.8499 -0.3479 -0.3958
vn 0.5382 -0.3480 0.7676
vn -0.5381 -0.3483 0.7675
vn -0.5382 -0.3482 0.7675
vn 0.3828 0.7451 0.5461
vn 0.5610 0.1121 0.8202
vn 0.3213 0.8421 0.4331
vn 0.2988 0.8695 0.3932
vn 0.1084 0.9828 0.1496
vn 0.5423 0.4428 0.7141
vn 0.5196 0.5118 0.6841
vn 0.5141 0.5222 0.6805
vn 0.4890 0.5861 0.6461
vn 0.4467 0.6711 0.5916
vn 0.4459 0.6732 0.5899
vn 0.3799 0.7758 0.5039
vn 0.5928 0.2252 0.7732
vn 0.5929 0.2212 0.7743
vn 0.5843 0.2762 0.7631
vn 0.6008 0.1088 0.7920
vn 0.6033 0.1442 0.7844
vn 0.5992 0.1849 0.7790
vn 0.6041 0.1551 0.7817
vn 0.5596 0.1551 0.8141
vn 0.5587 0.1450 0.8166
vn 0.5427 0.3059 0.7823
vn 0.5761 0.3059 0.7580
vn 0.5744 0.3202 0.7534
vn 0.5426 0.3155 0.7785
vn 0.5467 0.2728 0.7917
vn 0.5537 0.2252 0.8017
vn 0.5535 0.2216 0.8028
vn 0.5567 0.1849 0.8099
vn 0.5202 0.4393 0.7324
vn 0.5222 0.4223 0.7410
vn 0.5278 0.3773 0.7610
vn 0.5592 0.3868 0.7333
vn 0.5527 0.4025 0.7297
vn 0.5232 0.4026 0.7511
vn 0.4874 0.5222 0.6998
vn 0.4953 0.5068 0.7056
vn 0.4272 0.6712 0.6058
vn 0.4310 0.6598 0.6155
vn 0.4659 0.5819 0.6666
vn 0.1234 0.9787 0.1643
vn 0.1183 0.9787 0.1680
vn 0.0594 0.9970 0.0501
vn 0.1476 0.9671 0.2072
vn 0.2173 0.9259 0.3090
vn 0.3102 0.8421 0.4412
vn 0.2602 0.9064 0.3329
vn 0.3191 0.8321 0.4537
vn 0.7093 -0.1095 0.6964
vn 0.5604 -0.1123 0.8206
vn 0.7504 0.1091 0.6519
vn 0.9395 0.0903 0.3304
vn 0.9820 0.0782 0.1721
vn 0.9875 0.0495 -0.1494
vn 0.9531 0.0339 -0.3008
vn 0.8533 0.0064 -0.5213
vn 0.8530 0.0075 -0.5218
vn 0.9625 0.0404 -0.2684
vn 0.9977 0.0652 0.0179
vn 0.9966 0.0578 -0.0594
vn 0.8576 0.1016 0.5041
vn 0.9035 0.0966 0.4176
vn 0.6234 0.1130 0.7737
vn 0.5470 0.1190 0.8286
vn 0.7605 -0.1096 0.6400
vn 0.8485 -0.1025 0.5192
vn 0.9265 -0.0941 0.3644
vn 0.9708 -0.0840 0.2248
vn 0.9780 -0.0841 0.1908
vn 0.9967 -0.0718 0.0374
vn 0.9934 -0.0581 -0.0990
vn 0.9888 -0.0595 -0.1366
vn 0.8548 -0.0085 -0.5189
vn 0.8531 0.0075 -0.5217
vn 0.8536 0.0059 -0.5208
vn 0.8537 0.0059 -0.5208
vn 0.8541 0.0042 -0.5201
vn 0.8544 0.0025 -0.5197
vn 0.8545 0.0008 -0.5194
vn 0.8545 -0.0007 -0.5194
vn 0.8545 -0.0007 -0.5195
vn 0.8544 -0.0022 -0.5196
vn 0.8542 -0.0039 -0.5200
vn 0.8541 -0.0039 -0.5200
vn 0.8538 -0.0055 -0.5206
vn 0.8537 -0.0055 -0.5207
vn 0.8532 -0.0072 -0.5215
vn 0.8533 -0.0070 -0.5214
vn 0.9251 -0.0258 -0.3788
vn 0.9237 -0.0244 -0.3824
vn 0.9245 -0.0214 -0.3805
vn 0.9246 -0.0215 -0.3803
vn 0.9258 -0.0165 -0.3778
vn 0.9258 -0.0165 -0.3776
vn 0.9267 -0.0115 -0.3757
vn 0.9272 -0.0065 -0.3745
vn 0.9272 -0.0065 -0.3744
vn 0.9274 -0.0021 -0.3740
vn 0.9275 -0.0021 -0.3739
vn 0.9275 0.0023 -0.3739
vn 0.9272 0.0074 -0.3746
vn 0.9271 0.0074 -0.3746
vn 0.9265 0.0124 -0.3760
vn 0.9265 0.0124 -0.3761
vn 0.9256 0.0174 -0.3781
vn 0.9256 0.0174 -0.3782
vn 0.9244 0.0224 -0.3809
vn 0.9243 0.0224 -0.3811
vn 0.9229 0.0267 -0.3840
vn 0.9239 0.0251 -0.3818
vn 0.9531 -0.0331 -0.3008
vn 0.9714 -0.0418 -0.2336
vn 0.9727 -0.0352 -0.2293
vn 0.9728 -0.0352 -0.2290
vn 0.9740 -0.0270 -0.2249
vn 0.9741 -0.0270 -0.2246
vn 0.9750 -0.0188 -0.2216
vn 0.9750 -0.0188 -0.2214
vn 0.9756 -0.0106 -0.2194
vn 0.9756 -0.0106 -0.2193
vn 0.9758 -0.0034 -0.2186
vn 0.9758 0.0038 -0.2185
vn 0.9755 0.0121 -0.2196
vn 0.9755 0.0121 -0.2197
vn 0.9749 0.0204 -0.2219
vn 0.9748 0.0204 -0.2221
vn 0.9739 0.0286 -0.2253
vn 0.9738 0.0286 -0.2256
vn 0.9725 0.0367 -0.2300
vn 0.9724 0.0367 -0.2303
vn 0.9691 0.0527 -0.2410
vn 0.9787 0.0444 -0.2004
vn 0.9735 -0.0411 -0.2248
vn 0.9956 -0.0552 -0.0758
vn 0.9963 -0.0481 -0.0715
vn 0.9963 -0.0481 -0.0710
vn 0.9972 -0.0369 -0.0656
vn 0.9972 -0.0369 -0.0653
vn 0.9978 -0.0257 -0.0613
vn 0.9978 -0.0257 -0.0611
vn 0.9982 -0.0144 -0.0585
vn 0.9982 -0.0144 -0.0584
vn 0.9983 -0.0047 -0.0575
vn 0.9983 -0.0047 -0.0574
vn 0.9983 0.0051 -0.0574
vn 0.9981 0.0165 -0.0588
vn 0.9981 0.0165 -0.0590
vn 0.9977 0.0278 -0.0617
vn 0.9977 0.0278 -0.0620
vn 0.9970 0.0390 -0.0662
vn 0.9970 0.0390 -0.0666
vn 0.9961 0.0502 -0.0722
vn 0.9961 0.0502 -0.0727
vn 0.9952 0.0591 -0.0784
vn 0.9897 0.0705 -0.1250
vn 0.9975 -0.0589 -0.0379
vn 0.9940 -0.0692 0.0842
vn 0.9942 -0.0598 0.0893
vn 0.9941 -0.0599 0.0899
vn 0.9943 -0.0458 0.0960
vn 0.9943 -0.0459 0.0964
vn 0.9944 -0.0319 0.1008
vn 0.9944 -0.0319 0.1011
vn 0.9944 -0.0179 0.1040
vn 0.9944 -0.0179 0.1041
vn 0.9944 -0.0058 0.1052
vn 0.9944 -0.0058 0.1053
vn 0.9944 0.0064 0.1053
vn 0.9944 0.0064 0.1052
vn 0.9944 0.0205 0.1037
vn 0.9944 0.0205 0.1035
vn 0.9944 0.0345 0.1004
vn 0.9944 0.0345 0.1000
vn 0.9943 0.0485 0.0953
vn 0.9943 0.0485 0.0948
vn 0.9941 0.0625 0.0885
vn 0.9942 0.0625 0.0879
vn 0.9939 0.0739 0.0815
vn 0.9928 0.0721 0.0955
vn 0.9912 -0.0719 0.1111
vn 0.9664 -0.0818 0.2437
vn 0.9659 -0.0701 0.2491
vn 0.9658 -0.0702 0.2498
vn 0.9653 -0.0536 0.2558
vn 0.9651 -0.0537 0.2563
vn 0.9647 -0.0372 0.2607
vn 0.9646 -0.0372 0.2610
vn 0.9644 -0.0209 0.2638
vn 0.9643 -0.0209 0.2640
vn 0.9642 -0.0068 0.2650
vn 0.9642 -0.0068 0.2651
vn 0.9642 0.0074 0.2652
vn 0.9642 0.0074 0.2651
vn 0.9643 0.0239 0.2636
vn 0.9644 0.0239 0.2633
vn 0.9647 0.0403 0.2603
vn 0.9648 0.0403 0.2598
vn 0.9652 0.0568 0.2552
vn 0.9654 0.0568 0.2546
vn 0.9659 0.0733 0.2484
vn 0.9661 0.0732 0.2476
vn 0.9666 0.0856 0.2418
vn 0.9639 0.0846 0.2525
vn 0.9579 -0.0847 0.2743
vn 0.9125 -0.0927 0.3983
vn 0.9116 -0.0786 0.4034
vn 0.9113 -0.0787 0.4042
vn 0.9104 -0.0600 0.4095
vn 0.9101 -0.0600 0.4101
vn 0.9094 -0.0416 0.4139
vn 0.9092 -0.0416 0.4143
vn 0.9087 -0.0233 0.4168
vn 0.9086 -0.0233 0.4170
vn 0.9085 -0.0076 0.4179
vn 0.9084 -0.0076 0.4180
vn 0.9084 0.0083 0.4180
vn 0.9087 0.0267 0.4166
vn 0.9088 0.0267 0.4164
vn 0.9093 0.0451 0.4137
vn 0.9095 0.0451 0.4132
vn 0.9103 0.0635 0.4091
vn 0.9106 0.0635 0.4084
vn 0.9116 0.0821 0.4029
vn 0.9119 0.0821 0.4021
vn 0.9129 0.0963 0.3968
vn 0.9269 0.0984 0.3621
vn 0.8962 -0.0957 0.4332
vn 0.8331 -0.1014 0.5437
vn 0.8322 -0.0850 0.5479
vn 0.8317 -0.0851 0.5487
vn 0.8308 -0.0648 0.5529
vn 0.8303 -0.0648 0.5535
vn 0.8296 -0.0449 0.5565
vn 0.8293 -0.0449 0.5569
vn 0.8289 -0.0251 0.5588
vn 0.8287 -0.0251 0.5591
vn 0.8286 -0.0081 0.5598
vn 0.8285 -0.0082 0.5599
vn 0.8285 0.0089 0.5599
vn 0.8286 0.0089 0.5598
vn 0.8288 0.0288 0.5588
vn 0.8290 0.0288 0.5585
vn 0.8295 0.0486 0.5564
vn 0.8298 0.0487 0.5559
vn 0.8305 0.0686 0.5527
vn 0.8310 0.0686 0.5520
vn 0.8319 0.0889 0.5477
vn 0.8325 0.0889 0.5468
vn 0.8335 0.1061 0.5422
vn 0.8133 0.1059 0.5722
vn 0.8056 -0.1043 0.5833
vn 0.7299 -0.1076 0.6751
vn 0.7295 -0.0891 0.6781
vn 0.7287 -0.0892 0.6790
vn 0.7284 -0.0678 0.6818
vn 0.7278 -0.0679 0.6824
vn 0.7276 -0.0470 0.6844
vn 0.7271 -0.0470 0.6849
vn 0.7270 -0.0263 0.6861
vn 0.7268 -0.0263 0.6864
vn 0.7267 -0.0085 0.6869
vn 0.7266 0.0093 0.6869
vn 0.7267 0.0093 0.6868
vn 0.7268 0.0301 0.6862
vn 0.7271 0.0301 0.6859
vn 0.7273 0.0509 0.6845
vn 0.7277 0.0509 0.6840
vn 0.7280 0.0719 0.6818
vn 0.7286 0.0719 0.6812
vn 0.7289 0.0932 0.6782
vn 0.7297 0.0932 0.6773
vn 0.7301 0.1117 0.6742
vn 0.6932 0.1120 0.7119
vn 0.6053 0.1145 0.7877
vn 0.6063 0.0949 0.7895
vn 0.6052 0.0949 0.7904
vn 0.6061 0.0732 0.7920
vn 0.6053 0.0732 0.7926
vn 0.6059 0.0518 0.7938
vn 0.6053 0.0518 0.7943
vn 0.6057 0.0306 0.7951
vn 0.6054 0.0307 0.7954
vn 0.6056 0.0095 0.7957
vn 0.6055 0.0095 0.7958
vn 0.6055 -0.0087 0.7958
vn 0.6054 -0.0267 0.7955
vn 0.6057 -0.0268 0.7953
vn 0.6053 -0.0478 0.7946
vn 0.6059 -0.0478 0.7941
vn 0.6053 -0.0691 0.7930
vn 0.6061 -0.0691 0.7924
vn 0.6052 -0.0908 0.7908
vn 0.6063 -0.0908 0.7901
vn 0.6053 -0.1109 0.7882
vn 0.6250 -0.1123 0.7725
vn 0.4596 0.1100 0.8813
vn 0.6087 0.1125 0.7854
vn 0.4919 -0.1134 0.8632
vn 0.3319 -0.1082 0.9371
vn -0.1444 -0.0785 0.9864
vn -0.4422 -0.0453 0.8958
vn -0.5805 -0.0307 0.8137
vn -0.5812 0.0459 0.8125
vn -0.7610 0.0082 0.6487
vn -0.7037 -0.0155 0.7103
vn -0.7612 -0.0075 0.6485
vn 0.0187 -0.0908 0.9957
vn -0.0447 -0.0865 0.9953
vn 0.2403 -0.1042 0.9651
vn 0.1407 -0.0984 0.9851
vn 0.5605 -0.1155 0.8200
vn 0.6146 -0.1155 0.7804
vn 0.3893 0.1092 0.9146
vn 0.2125 0.1036 0.9716
vn 0.0311 0.0953 0.9950
vn -0.1366 0.0849 0.9870
vn -0.3954 0.0561 0.9168
vn -0.7605 -0.0075 0.6492
vn -0.7600 -0.0060 0.6499
vn -0.7599 -0.0060 0.6500
vn -0.7594 -0.0043 0.6506
vn -0.7591 -0.0026 0.6510
vn -0.7589 -0.0009 0.6512
vn -0.7589 0.0006 0.6512
vn -0.7590 0.0022 0.6511
vn -0.7593 0.0039 0.6507
vn -0.7598 0.0056 0.6502
vn -0.7598 0.0056 0.6501
vn -0.7604 0.0072 0.6494
vn -0.7609 0.0082 0.6488
vn -0.7025 0.0171 0.7115
vn -0.6507 0.0259 0.7589
vn -0.6484 0.0215 0.7610
vn -0.6482 0.0215 0.7611
vn -0.6462 0.0165 0.7630
vn -0.6461 0.0165 0.7631
vn -0.6445 0.0115 0.7645
vn -0.6444 0.0115 0.7646
vn -0.6435 0.0065 0.7654
vn -0.6434 0.0065 0.7655
vn -0.6431 0.0019 0.7658
vn -0.6430 0.0019 0.7658
vn -0.6431 -0.0028 0.7658
vn -0.6437 -0.0079 0.7653
vn -0.6437 -0.0079 0.7652
vn -0.6448 -0.0129 0.7642
vn -0.6449 -0.0129 0.7641
vn -0.6466 -0.0179 0.7626
vn -0.6467 -0.0179 0.7625
vn -0.6489 -0.0228 0.7605
vn -0.6462 -0.0230 0.7628
vn -0.6446 0.0252 0.7641
vn -0.5222 0.0403 0.8519
vn -0.5194 0.0352 0.8538
vn -0.5191 0.0353 0.8540
vn -0.5156 0.0271 0.8564
vn -0.5154 0.0271 0.8565
vn -0.5127 0.0189 0.8583
vn -0.5126 0.0189 0.8584
vn -0.5109 0.0106 0.8596
vn -0.5108 0.0106 0.8596
vn -0.5101 0.0031 0.8601
vn -0.5101 -0.0045 0.8601
vn -0.5102 -0.0045 0.8601
vn -0.5112 -0.0129 0.8594
vn -0.5113 -0.0129 0.8593
vn -0.5132 -0.0211 0.8580
vn -0.5134 -0.0211 0.8579
vn -0.5163 -0.0293 0.8559
vn -0.5165 -0.0293 0.8558
vn -0.5205 -0.0377 0.8530
vn -0.5148 -0.0380 0.8565
vn -0.5174 0.0414 0.8547
vn -0.3801 0.0550 0.9233
vn -0.3764 0.0482 0.9252
vn -0.3760 0.0483 0.9254
vn -0.3711 0.0370 0.9279
vn -0.3707 0.0370 0.9280
vn -0.3672 0.0258 0.9298
vn -0.3669 0.0258 0.9299
vn -0.3646 0.0145 0.9310
vn -0.3645 0.0145 0.9311
vn -0.3636 0.0042 0.9315
vn -0.3635 0.0042 0.9316
vn -0.3636 -0.0061 0.9315
vn -0.3650 -0.0175 0.9308
vn -0.3652 -0.0175 0.9308
vn -0.3678 -0.0288 0.9294
vn -0.3681 -0.0288 0.9293
vn -0.3720 -0.0401 0.9274
vn -0.3724 -0.0401 0.9272
vn -0.3779 -0.0519 0.9244
vn -0.3627 -0.0526 0.9304
vn -0.3638 -0.0542 0.9299
vn -0.2224 0.0600 0.9731
vn -0.2219 0.0601 0.9732
vn -0.2162 0.0460 0.9753
vn -0.2157 0.0460 0.9754
vn -0.2116 0.0320 0.9768
vn -0.2112 0.0320 0.9769
vn -0.2086 0.0180 0.9778
vn -0.2084 0.0180 0.9779
vn -0.2073 0.0052 0.9783
vn -0.2073 -0.0076 0.9782
vn -0.2074 -0.0076 0.9782
vn -0.2090 -0.0217 0.9777
vn -0.2092 -0.0217 0.9776
vn -0.2123 -0.0358 0.9766
vn -0.2127 -0.0358 0.9765
vn -0.2172 -0.0498 0.9748
vn -0.2177 -0.0498 0.9747
vn -0.2238 -0.0638 0.9725
vn -0.2244 -0.0638 0.9724
vn -0.2310 -0.0759 0.9700
vn -0.2230 -0.0722 0.9721
vn -0.3187 0.0615 0.9459
vn -0.2297 0.0695 0.9708
vn -0.2276 0.0699 0.9713
vn -0.0667 0.0821 0.9944
vn -0.0614 0.0703 0.9956
vn -0.0607 0.0704 0.9957
vn -0.0548 0.0538 0.9970
vn -0.0543 0.0538 0.9971
vn -0.0500 0.0373 0.9981
vn -0.0496 0.0374 0.9981
vn -0.0469 0.0210 0.9987
vn -0.0466 0.0210 0.9987
vn -0.0456 0.0061 0.9989
vn -0.0455 0.0061 0.9989
vn -0.0455 -0.0089 0.9989
vn -0.0457 -0.0089 0.9989
vn -0.0473 -0.0254 0.9986
vn -0.0475 -0.0254 0.9985
vn -0.0507 -0.0418 0.9978
vn -0.0511 -0.0418 0.9978
vn -0.0558 -0.0583 0.9967
vn -0.0565 -0.0583 0.9967
vn -0.0627 -0.0748 0.9952
vn -0.0635 -0.0748 0.9952
vn -0.0690 -0.0863 0.9939
vn -0.1043 -0.0938 0.9901
vn -0.0638 0.0828 0.9945
vn 0.0973 0.0932 0.9909
vn 0.1025 0.0788 0.9916
vn 0.1034 0.0789 0.9915
vn 0.1087 0.0602 0.9923
vn 0.1094 0.0602 0.9922
vn 0.1133 0.0417 0.9927
vn 0.1137 0.0418 0.9926
vn 0.1162 0.0234 0.9930
vn 0.1165 0.0234 0.9929
vn 0.1174 0.0068 0.9931
vn 0.1175 0.0068 0.9930
vn 0.1175 -0.0099 0.9930
vn 0.1173 -0.0099 0.9930
vn 0.1159 -0.0283 0.9929
vn 0.1155 -0.0284 0.9929
vn 0.1127 -0.0468 0.9925
vn 0.1122 -0.0468 0.9926
vn 0.1079 -0.0652 0.9920
vn 0.1072 -0.0653 0.9921
vn 0.1015 -0.0839 0.9913
vn 0.1005 -0.0839 0.9914
vn 0.0955 -0.0970 0.9907
vn 0.0720 -0.0999 0.9924
vn 0.1017 0.0940 0.9904
vn 0.2604 0.1018 0.9601
vn 0.2648 0.0852 0.9605
vn 0.2657 0.0853 0.9603
vn 0.2700 0.0649 0.9607
vn 0.2707 0.0650 0.9605
vn 0.2738 0.0450 0.9607
vn 0.2743 0.0451 0.9606
vn 0.2762 0.0253 0.9608
vn 0.2765 0.0253 0.9607
vn 0.2773 0.0073 0.9608
vn 0.2773 0.0073 0.9607
vn 0.2773 -0.0107 0.9607
vn 0.2772 -0.0107 0.9608
vn 0.2761 -0.0306 0.9607
vn 0.2757 -0.0306 0.9608
vn 0.2734 -0.0504 0.9606
vn 0.2728 -0.0505 0.9607
vn 0.2695 -0.0705 0.9604
vn 0.2687 -0.0705 0.9606
vn 0.2642 -0.0907 0.9602
vn 0.2631 -0.0908 0.9605
vn 0.2586 -0.1068 0.9601
vn 0.3127 -0.1075 0.9438
vn 0.2840 0.1037 0.9532
vn 0.4175 0.1079 0.9023
vn 0.4205 0.0893 0.9029
vn 0.4216 0.0893 0.9024
vn 0.4243 0.0680 0.9030
vn 0.4251 0.0681 0.9026
vn 0.4271 0.0471 0.9030
vn 0.4277 0.0471 0.9027
vn 0.4289 0.0264 0.9030
vn 0.4292 0.0264 0.9028
vn 0.4297 0.0077 0.9029
vn 0.4298 0.0077 0.9029
vn 0.4298 -0.0112 0.9029
vn 0.4296 -0.0112 0.9029
vn 0.4289 -0.0320 0.9028
vn 0.4285 -0.0320 0.9030
vn 0.4271 -0.0528 0.9027
vn 0.4264 -0.0528 0.9030
vn 0.4242 -0.0738 0.9025
vn 0.4234 -0.0738 0.9029
vn 0.4204 -0.0951 0.9023
vn 0.4193 -0.0952 0.9028
vn 0.4166 -0.1111 0.9023
vn 0.4104 -0.1117 0.9051
vn 0.5629 -0.1153 0.8185
vn 0.5643 -0.0968 0.8199
vn 0.5654 -0.0969 0.8191
vn 0.5668 -0.0751 0.8205
vn 0.5676 -0.0751 0.8198
vn 0.5686 -0.0537 0.8208
vn 0.5693 -0.0537 0.8204
vn 0.5699 -0.0325 0.8211
vn 0.5703 -0.0325 0.8208
vn 0.5706 -0.0114 0.8211
vn 0.5708 -0.0114 0.8210
vn 0.5708 0.0078 0.8211
vn 0.5707 0.0078 0.8211
vn 0.5705 0.0269 0.8209
vn 0.5702 0.0269 0.8211
vn 0.5696 0.0479 0.8205
vn 0.5690 0.0479 0.8209
vn 0.5681 0.0692 0.8200
vn 0.5673 0.0692 0.8206
vn 0.5661 0.0909 0.8193
vn 0.5650 0.0910 0.8201
vn 0.5636 0.1111 0.8186
vn 0.5430 0.1125 0.8322
vn 0.5600 -0.1541 0.8140
vn 0.4090 -0.6555 0.6349
vn 0.2438 -0.8772 0.4137
vn 0.3488 -0.8202 0.4534
vn 0.5618 -0.4541 0.6915
vn 0.6066 -0.1739 0.7758
vn 0.6182 -0.1456 0.7724
vn 0.6203 -0.1182 0.7754
vn 0.6040 -0.2595 0.7535
vn 0.6090 -0.2190 0.7623
vn 0.6101 -0.2229 0.7603
vn 0.6163 -0.1542 0.7723
vn 0.6019 -0.1543 0.7836
vn 0.5763 -0.3958 0.7150
vn 0.5568 -0.4136 0.7204
vn 0.5837 -0.3700 0.7228
vn 0.5963 -0.3018 0.7439
vn 0.5914 -0.3078 0.7453
vn 0.6024 -0.2700 0.7511
vn 0.5130 -0.6540 0.5560
vn 0.4644 -0.6652 0.5847
vn 0.5128 -0.5918 0.6220
vn 0.5480 -0.5114 0.6619
vn 0.4846 -0.5449 0.6843
vn 0.5435 -0.5022 0.6726
vn 0.3702 -0.8227 0.4314
vn 0.4559 -0.6554 0.6021
vn 0.4219 -0.6410 0.6411
vn 0.4373 -0.5755 0.6910
vn 0.4807 -0.5118 0.7121
vn 0.4914 -0.5249 0.6950
vn 0.5118 -0.3959 0.7625
vn 0.4910 -0.4256 0.7601
vn 0.4756 -0.4917 0.7294
vn 0.5274 -0.3018 0.7942
vn 0.5197 -0.3141 0.7945
vn 0.5089 -0.3702 0.7772
vn 0.5403 -0.2230 0.8114
vn 0.5341 -0.2371 0.8115
vn 0.5290 -0.2702 0.8045
vn 0.5630 -0.1110 0.8190
vn 0.5449 -0.1511 0.8248
vn 0.5391 -0.1994 0.8183
vn 0.4090 -0.6555 0.6348
vn 0.4736 -0.5116 0.7169
vn 0.4736 -0.5117 0.7168
vn 0.5115 -0.3958 0.7627
vn 0.5116 -0.3959 0.7626
vn 0.5349 -0.3017 0.7892
vn 0.5349 -0.3019 0.7891
vn 0.5499 -0.2228 0.8049
vn 0.5500 -0.2230 0.8048
vn 0.5598 -0.1543 0.8141
vn 0.5432 -0.1542 0.8253
vn 0.3346 -0.7374 0.5867
vn 0.3780 -0.7884 0.4853
vn 0.3191 -0.7948 0.5163
vn 0.3047 -0.8230 0.4794
vn 0.3208 -0.8233 0.4682
vn 0.5743 -0.1542 0.8040
vn 0.5658 -0.2229 0.7939
vn 0.5657 -0.2229 0.7939
vn 0.5523 -0.3019 0.7771
vn 0.5522 -0.3018 0.7771
vn 0.5306 -0.3960 0.7494
vn 0.5306 -0.3959 0.7495
vn 0.4947 -0.5119 0.7023
vn 0.4947 -0.5118 0.7024
vn 0.4321 -0.6559 0.6189
vn 0.3207 -0.8234 0.4681
vn 0.3471 -0.8234 0.4490
vn 0.3472 -0.8233 0.4490
vn 0.4562 -0.6559 0.6014
vn 0.5163 -0.5118 0.6866
vn 0.5500 -0.3960 0.7353
vn 0.5500 -0.3959 0.7354
vn 0.5697 -0.3018 0.7644
vn 0.5696 -0.3018 0.7645
vn 0.5814 -0.2229 0.7825
vn 0.5884 -0.1541 0.7938
vn 0.5743 -0.1541 0.8040
vn 0.3709 -0.8221 0.4319
vn 0.4779 -0.6555 0.5848
vn 0.4779 -0.6554 0.5848
vn 0.5360 -0.5117 0.6715
vn 0.5360 -0.5116 0.6716
vn 0.5679 -0.3959 0.7216
vn 0.5679 -0.3958 0.7217
vn 0.5859 -0.3019 0.7520
vn 0.5859 -0.3017 0.7521
vn 0.5963 -0.2230 0.7712
vn 0.5962 -0.2228 0.7713
vn 0.6020 -0.1541 0.7835
vn 0.5883 -0.1542 0.7938
vn 0.6382 0.7448 -0.1948
vn 0.9537 0.1121 -0.2792
vn 0.5117 0.8419 -0.1713
vn 0.4667 0.8694 -0.1623
vn 0.1760 0.9828 -0.0567
vn 0.8462 0.4444 -0.2940
vn 0.8107 0.5135 -0.2812
vn 0.8065 0.5219 -0.2778
vn 0.7659 0.5859 -0.2646
vn 0.7012 0.6709 -0.2414
vn 0.6993 0.6729 -0.2412
vn 0.5971 0.7755 -0.2051
vn 0.9189 0.2251 -0.3240
vn 0.9199 0.2215 -0.3237
vn 0.9065 0.2765 -0.3189
vn 0.9392 0.1085 -0.3257
vn 0.9327 0.1443 -0.3305
vn 0.9263 0.1849 -0.3282
vn 0.9305 0.1550 -0.3320
vn 0.9475 0.1550 -0.2797
vn 0.9495 0.1449 -0.2781
vn 0.9120 0.3057 -0.2735
vn 0.8993 0.3057 -0.3128
vn 0.8941 0.3209 -0.3125
vn 0.9084 0.3153 -0.2746
vn 0.9222 0.2726 -0.2744
vn 0.9339 0.2250 -0.2779
vn 0.9349 0.2214 -0.2774
vn 0.9426 0.1848 -0.2783
vn 0.8577 0.4391 -0.2676
vn 0.8664 0.4220 -0.2668
vn 0.8872 0.3771 -0.2660
vn 0.8703 0.3875 -0.3041
vn 0.8652 0.4023 -0.2993
vn 0.8764 0.4023 -0.2647
vn 0.8166 0.5219 -0.2465
vn 0.8245 0.5065 -0.2522
vn 0.7086 0.6709 -0.2185
vn 0.7190 0.6596 -0.2191
vn 0.7783 0.5817 -0.2364
vn 0.1946 0.9786 -0.0665
vn 0.1965 0.9786 -0.0605
vn 0.0660 0.9970 -0.0409
vn 0.2429 0.9670 -0.0762
vn 0.3613 0.9258 -0.1108
vn 0.5159 0.8419 -0.1583
vn 0.3974 0.9062 -0.1442
vn 0.5305 0.8319 -0.1629
vn 0.8828 -0.1094 -0.4569
vn 0.9538 -0.1118 -0.2789
vn 0.8525 0.1091 -0.5112
vn 0.6053 0.0904 -0.7909
vn 0.4679 0.0783 -0.8803
vn 0.1631 0.0495 -0.9854
vn 0.0081 0.0339 -0.9994
vn -0.2329 0.0063 -0.9725
vn -0.2336 0.0075 -0.9723
vn 0.0418 0.0404 -0.9983
vn 0.3255 0.0652 -0.9433
vn 0.2517 0.0579 -0.9661
vn 0.7452 0.1017 -0.6590
vn 0.6772 0.0966 -0.7294
vn 0.9288 0.1130 -0.3529
vn 0.9575 0.1188 -0.2627
vn 0.8461 -0.1096 -0.5216
vn 0.7602 -0.1027 -0.6415
vn 0.7231 -0.1043 -0.6828
vn 0.6393 -0.0943 -0.7632
vn 0.6055 -0.0954 -0.7901
vn 0.4728 -0.0847 -0.8771
vn 0.4923 -0.0842 -0.8664
vn 0.5145 -0.0841 -0.8534
vn 0.3440 -0.0718 -0.9362
vn 0.2130 -0.0582 -0.9753
vn 0.1757 -0.0596 -0.9826
vn -0.2303 -0.0085 -0.9731
vn -0.2334 0.0075 -0.9724
vn -0.2324 0.0059 -0.9726
vn -0.2323 0.0059 -0.9726
vn -0.2316 0.0042 -0.9728
vn -0.2311 0.0025 -0.9729
vn -0.2308 0.0008 -0.9730
vn -0.2308 -0.0007 -0.9730
vn -0.2310 -0.0022 -0.9730
vn -0.2314 -0.0039 -0.9728
vn -0.2315 -0.0039 -0.9728
vn -0.2321 -0.0056 -0.9727
vn -0.2322 -0.0055 -0.9726
vn -0.2331 -0.0072 -0.9724
vn -0.2332 -0.0072 -0.9724
vn -0.2331 -0.0070 -0.9724
vn -0.0750 -0.0259 -0.9969
vn -0.0788 -0.0244 -0.9966
vn -0.0767 -0.0215 -0.9968
vn -0.0765 -0.0215 -0.9968
vn -0.0738 -0.0165 -0.9971
vn -0.0736 -0.0165 -0.9972
vn -0.0715 -0.0115 -0.9974
vn -0.0714 -0.0115 -0.9974
vn -0.0701 -0.0065 -0.9975
vn -0.0696 -0.0021 -0.9976
vn -0.0695 0.0023 -0.9976
vn -0.0696 0.0023 -0.9976
vn -0.0703 0.0074 -0.9975
vn -0.0718 0.0125 -0.9973
vn -0.0719 0.0125 -0.9973
vn -0.0741 0.0175 -0.9971
vn -0.0742 0.0175 -0.9971
vn -0.0771 0.0224 -0.9968
vn -0.0773 0.0224 -0.9968
vn -0.0806 0.0267 -0.9964
vn -0.0782 0.0251 -0.9966
vn 0.0079 -0.0331 -0.9994
vn 0.0778 -0.0418 -0.9961
vn 0.0823 -0.0352 -0.9960
vn 0.0826 -0.0352 -0.9960
vn 0.0870 -0.0271 -0.9958
vn 0.0872 -0.0271 -0.9958
vn 0.0904 -0.0188 -0.9957
vn 0.0906 -0.0189 -0.9957
vn 0.0926 -0.0106 -0.9956
vn 0.0927 -0.0106 -0.9956
vn 0.0935 -0.0034 -0.9956
vn 0.0936 0.0038 -0.9956
vn 0.0935 0.0038 -0.9956
vn 0.0924 0.0121 -0.9956
vn 0.0923 0.0121 -0.9957
vn 0.0900 0.0204 -0.9957
vn 0.0899 0.0204 -0.9957
vn 0.0865 0.0286 -0.9958
vn 0.0862 0.0286 -0.9959
vn 0.0816 0.0368 -0.9960
vn 0.0813 0.0367 -0.9960
vn 0.0701 0.0528 -0.9961
vn 0.1117 0.0444 -0.9927
vn 0.0868 -0.0412 -0.9954
vn 0.2358 -0.0552 -0.9702
vn 0.2401 -0.0481 -0.9696
vn 0.2405 -0.0482 -0.9694
vn 0.2459 -0.0369 -0.9686
vn 0.2463 -0.0370 -0.9685
vn 0.2502 -0.0257 -0.9678
vn 0.2505 -0.0257 -0.9678
vn 0.2530 -0.0144 -0.9674
vn 0.2531 -0.0144 -0.9673
vn 0.2541 -0.0047 -0.9672
vn 0.2542 0.0051 -0.9671
vn 0.2542 0.0051 -0.9672
vn 0.2528 0.0165 -0.9674
vn 0.2526 0.0165 -0.9674
vn 0.2498 0.0278 -0.9679
vn 0.2495 0.0278 -0.9680
vn 0.2453 0.0391 -0.9687
vn 0.2450 0.0391 -0.9687
vn 0.2393 0.0503 -0.9696
vn 0.2388 0.0503 -0.9698
vn 0.2332 0.0591 -0.9706
vn 0.1871 0.0705 -0.9798
vn 0.2725 -0.0589 -0.9603
vn 0.3878 -0.0693 -0.9191
vn 0.3927 -0.0599 -0.9177
vn 0.3933 -0.0600 -0.9175
vn 0.3991 -0.0459 -0.9158
vn 0.3995 -0.0459 -0.9156
vn 0.4037 -0.0319 -0.9143
vn 0.4040 -0.0319 -0.9142
vn 0.4067 -0.0179 -0.9134
vn 0.4069 -0.0179 -0.9133
vn 0.4079 -0.0058 -0.9130
vn 0.4080 0.0064 -0.9130
vn 0.4079 0.0064 -0.9130
vn 0.4065 0.0205 -0.9134
vn 0.4063 0.0205 -0.9135
vn 0.4033 0.0346 -0.9144
vn 0.4030 0.0346 -0.9146
vn 0.3985 0.0486 -0.9159
vn 0.3980 0.0486 -0.9161
vn 0.3919 0.0626 -0.9179
vn 0.3914 0.0626 -0.9181
vn 0.3851 0.0740 -0.9199
vn 0.3982 0.0722 -0.9144
vn 0.4125 -0.0719 -0.9081
vn 0.5312 -0.0819 -0.8433
vn 0.5361 -0.0702 -0.8412
vn 0.5368 -0.0702 -0.8408
vn 0.5423 -0.0536 -0.8385
vn 0.5427 -0.0537 -0.8382
vn 0.5467 -0.0372 -0.8365
vn 0.5471 -0.0373 -0.8362
vn 0.5496 -0.0209 -0.8351
vn 0.5498 -0.0209 -0.8350
vn 0.5508 -0.0068 -0.8346
vn 0.5509 0.0074 -0.8345
vn 0.5508 0.0074 -0.8346
vn 0.5495 0.0239 -0.8352
vn 0.5492 0.0239 -0.8353
vn 0.5464 0.0404 -0.8365
vn 0.5460 0.0404 -0.8368
vn 0.5417 0.0568 -0.8386
vn 0.5412 0.0568 -0.8390
vn 0.5354 0.0733 -0.8414
vn 0.5348 0.0733 -0.8418
vn 0.5293 0.0856 -0.8441
vn 0.5387 0.0847 -0.8382
vn 0.5577 -0.0847 -0.8257
vn 0.6617 -0.0928 -0.7440
vn 0.6662 -0.0786 -0.7416
vn 0.6668 -0.0787 -0.7410
vn 0.6716 -0.0600 -0.7385
vn 0.6721 -0.0601 -0.7380
vn 0.6755 -0.0416 -0.7362
vn 0.6759 -0.0416 -0.7359
vn 0.6780 -0.0233 -0.7347
vn 0.6782 -0.0233 -0.7345
vn 0.6791 -0.0076 -0.7341
vn 0.6791 -0.0076 -0.7340
vn 0.6791 0.0083 -0.7340
vn 0.6779 0.0267 -0.7347
vn 0.6776 0.0267 -0.7349
vn 0.6752 0.0451 -0.7362
vn 0.6749 0.0451 -0.7366
vn 0.6712 0.0636 -0.7385
vn 0.6707 0.0636 -0.7390
vn 0.6657 0.0822 -0.7417
vn 0.6650 0.0822 -0.7423
vn 0.6603 0.0963 -0.7448
vn 0.6316 0.0985 -0.7690
vn 0.6897 -0.0957 -0.7177
vn 0.7753 -0.1014 -0.6234
vn 0.7790 -0.0850 -0.6212
vn 0.7796 -0.0851 -0.6204
vn 0.7833 -0.0648 -0.6183
vn 0.7837 -0.0648 -0.6177
vn 0.7864 -0.0449 -0.6161
vn 0.7867 -0.0449 -0.6157
vn 0.7884 -0.0251 -0.6147
vn 0.7885 -0.0251 -0.6145
vn 0.7892 -0.0081 -0.6141
vn 0.7892 -0.0082 -0.6140
vn 0.7893 0.0089 -0.6140
vn 0.7892 0.0089 -0.6141
vn 0.7883 0.0288 -0.6146
vn 0.7881 0.0288 -0.6149
vn 0.7862 0.0486 -0.6160
vn 0.7859 0.0487 -0.6165
vn 0.7831 0.0686 -0.6181
vn 0.7826 0.0687 -0.6188
vn 0.7787 0.0889 -0.6210
vn 0.7781 0.0889 -0.6219
vn 0.7740 0.1061 -0.6243
vn 0.7962 0.1059 -0.5957
vn 0.8064 -0.1044 -0.5821
vn 0.8681 -0.1079 -0.4845
vn 0.8710 -0.0891 -0.4832
vn 0.8715 -0.0891 -0.4822
vn 0.8741 -0.0678 -0.4810
vn 0.8745 -0.0679 -0.4803
vn 0.8763 -0.0469 -0.4794
vn 0.8766 -0.0470 -0.4789
vn 0.8778 -0.0263 -0.4784
vn 0.8779 -0.0263 -0.4781
vn 0.8784 -0.0085 -0.4779
vn 0.8784 -0.0085 -0.4778
vn 0.8784 0.0093 -0.4778
vn 0.8784 0.0093 -0.4779
vn 0.8777 0.0301 -0.4782
vn 0.8776 0.0301 -0.4785
vn 0.8763 0.0509 -0.4791
vn 0.8760 0.0509 -0.4797
vn 0.8740 0.0719 -0.4806
vn 0.8735 0.0719 -0.4814
vn 0.8709 0.0931 -0.4826
vn 0.8703 0.0932 -0.4837
vn 0.8673 0.1117 -0.4850
vn 0.8917 0.1120 -0.4386
vn 0.9366 0.1144 -0.3313
vn 0.9386 0.0948 -0.3317
vn 0.9391 0.0949 -0.3304
vn 0.9409 0.0731 -0.3307
vn 0.9412 0.0732 -0.3297
vn 0.9426 0.0518 -0.3300
vn 0.9428 0.0518 -0.3293
vn 0.9437 0.0306 -0.3294
vn 0.9438 0.0306 -0.3290
vn 0.9443 0.0095 -0.3291
vn 0.9443 0.0095 -0.3289
vn 0.9443 -0.0087 -0.3289
vn 0.9443 -0.0087 -0.3290
vn 0.9440 -0.0267 -0.3290
vn 0.9438 -0.0267 -0.3294
vn 0.9431 -0.0478 -0.3292
vn 0.9428 -0.0478 -0.3299
vn 0.9416 -0.0690 -0.3296
vn 0.9412 -0.0691 -0.3306
vn 0.9395 -0.0907 -0.3303
vn 0.9391 -0.0908 -0.3315
vn 0.9370 -0.1110 -0.3312
vn 0.9288 -0.1122 -0.3531
vn 0.9804 0.1099 -0.1637
vn 0.9356 0.1129 -0.3345
vn 0.9732 -0.1134 -0.2002
vn 0.9938 -0.1082 -0.0259
vn 0.8938 -0.0784 0.4416
vn 0.7161 -0.0453 0.6965
vn 0.5955 -0.0307 0.8028
vn 0.5943 0.0459 0.8029
vn 0.3828 0.0082 0.9238
vn 0.4589 -0.0155 0.8883
vn 0.3825 -0.0075 0.9239
vn 0.9528 -0.0908 0.2897
vn 0.9329 -0.0864 0.3496
vn 0.9921 -0.1041 0.0699
vn 0.9804 -0.0983 0.1706
vn 0.9534 -0.1154 -0.2788
vn 0.9324 -0.1148 -0.3427
vn 0.9903 0.1091 -0.0862
vn 0.9896 0.1034 0.0997
vn 0.9554 0.0953 0.2796
vn 0.8967 0.0848 0.4344
vn 0.7505 0.0561 0.6585
vn 0.3834 -0.0075 0.9235
vn 0.3843 -0.0060 0.9232
vn 0.3851 -0.0043 0.9229
vn 0.3856 -0.0026 0.9227
vn 0.3859 -0.0009 0.9226
vn 0.3859 -0.0009 0.9225
vn 0.3859 0.0006 0.9225
vn 0.3857 0.0022 0.9226
vn 0.3853 0.0039 0.9228
vn 0.3852 0.0039 0.9228
vn 0.3846 0.0056 0.9231
vn 0.3845 0.0056 0.9231
vn 0.3836 0.0072 0.9235
vn 0.3829 0.0082 0.9238
vn 0.4605 0.0171 0.8875
vn 0.5217 0.0259 0.8527
vn 0.5244 0.0215 0.8512
vn 0.5246 0.0215 0.8511
vn 0.5270 0.0165 0.8497
vn 0.5271 0.0165 0.8496
vn 0.5289 0.0115 0.8486
vn 0.5290 0.0115 0.8486
vn 0.5301 0.0065 0.8479
vn 0.5302 0.0065 0.8479
vn 0.5306 0.0019 0.8476
vn 0.5307 0.0019 0.8476
vn 0.5306 -0.0028 0.8476
vn 0.5306 -0.0027 0.8476
vn 0.5300 -0.0079 0.8480
vn 0.5299 -0.0079 0.8480
vn 0.5286 -0.0129 0.8488
vn 0.5285 -0.0129 0.8489
vn 0.5265 -0.0179 0.8500
vn 0.5264 -0.0179 0.8501
vn 0.5238 -0.0228 0.8516
vn 0.5268 -0.0230 0.8497
vn 0.5285 0.0253 0.8486
vn 0.6497 0.0403 0.7591
vn 0.6524 0.0352 0.7571
vn 0.6527 0.0353 0.7568
vn 0.6561 0.0271 0.7542
vn 0.6563 0.0271 0.7540
vn 0.6588 0.0189 0.7521
vn 0.6589 0.0189 0.7520
vn 0.6605 0.0106 0.7507
vn 0.6606 0.0106 0.7506
vn 0.6613 0.0031 0.7501
vn 0.6613 -0.0045 0.7501
vn 0.6612 -0.0045 0.7502
vn 0.6603 -0.0129 0.7509
vn 0.6602 -0.0129 0.7510
vn 0.6583 -0.0211 0.7525
vn 0.6581 -0.0211 0.7526
vn 0.6554 -0.0293 0.7547
vn 0.6552 -0.0293 0.7549
vn 0.6514 -0.0377 0.7578
vn 0.6564 -0.0380 0.7534
vn 0.6539 0.0413 0.7555
vn 0.7614 0.0549 0.6460
vn 0.7643 0.0482 0.6430
vn 0.7646 0.0482 0.6427
vn 0.7685 0.0370 0.6388
vn 0.7687 0.0370 0.6385
vn 0.7715 0.0257 0.6357
vn 0.7717 0.0258 0.6355
vn 0.7735 0.0145 0.6337
vn 0.7736 0.0145 0.6335
vn 0.7743 0.0042 0.6328
vn 0.7743 -0.0061 0.6328
vn 0.7742 -0.0061 0.6329
vn 0.7732 -0.0175 0.6340
vn 0.7731 -0.0175 0.6341
vn 0.7710 -0.0288 0.6362
vn 0.7708 -0.0288 0.6364
vn 0.7677 -0.0401 0.6395
vn 0.7674 -0.0400 0.6399
vn 0.7631 -0.0518 0.6442
vn 0.7735 -0.0526 0.6316
vn 0.7726 -0.0542 0.6326
vn 0.8572 0.0599 0.5115
vn 0.8575 0.0600 0.5110
vn 0.8612 0.0459 0.5063
vn 0.8614 0.0460 0.5059
vn 0.8641 0.0319 0.5024
vn 0.8642 0.0320 0.5021
vn 0.8659 0.0180 0.4998
vn 0.8660 0.0180 0.4997
vn 0.8667 0.0052 0.4988
vn 0.8667 0.0052 0.4987
vn 0.8667 -0.0076 0.4988
vn 0.8667 -0.0076 0.4989
vn 0.8656 -0.0217 0.5002
vn 0.8655 -0.0217 0.5004
vn 0.8636 -0.0358 0.5030
vn 0.8634 -0.0358 0.5033
vn 0.8604 -0.0498 0.5071
vn 0.8602 -0.0498 0.5076
vn 0.8562 -0.0638 0.5127
vn 0.8559 -0.0638 0.5132
vn 0.8516 -0.0758 0.5187
vn 0.8561 -0.0721 0.5117
vn 0.8017 0.0614 0.5945
vn 0.8527 0.0694 0.5177
vn 0.8539 0.0699 0.5158
vn 0.9253 0.0820 0.3702
vn 0.9281 0.0702 0.3656
vn 0.9284 0.0703 0.3649
vn 0.9315 0.0537 0.3598
vn 0.9317 0.0538 0.3592
vn 0.9339 0.0373 0.3555
vn 0.9341 0.0373 0.3551
vn 0.9355 0.0210 0.3527
vn 0.9356 0.0210 0.3525
vn 0.9361 0.0061 0.3516
vn 0.9362 0.0061 0.3515
vn 0.9361 -0.0089 0.3516
vn 0.9353 -0.0254 0.3531
vn 0.9352 -0.0254 0.3533
vn 0.9335 -0.0418 0.3561
vn 0.9334 -0.0418 0.3565
vn 0.9309 -0.0582 0.3606
vn 0.9307 -0.0582 0.3612
vn 0.9273 -0.0747 0.3667
vn 0.9270 -0.0747 0.3674
vn 0.9241 -0.0862 0.3722
vn 0.9097 -0.0937 0.4045
vn 0.9256 0.0828 0.3694
vn 0.9725 0.0928 0.2134
vn 0.9748 0.0787 0.2088
vn 0.9750 0.0788 0.2080
vn 0.9773 0.0601 0.2031
vn 0.9774 0.0601 0.2025
vn 0.9791 0.0417 0.1989
vn 0.9792 0.0417 0.1985
vn 0.9803 0.0234 0.1962
vn 0.9803 0.0234 0.1960
vn 0.9808 0.0068 0.1951
vn 0.9808 0.0068 0.1950
vn 0.9807 -0.0099 0.1951
vn 0.9807 -0.0099 0.1952
vn 0.9801 -0.0283 0.1965
vn 0.9800 -0.0283 0.1968
vn 0.9788 -0.0467 0.1994
vn 0.9787 -0.0467 0.1999
vn 0.9768 -0.0652 0.2038
vn 0.9767 -0.0652 0.2045
vn 0.9742 -0.0838 0.2097
vn 0.9740 -0.0838 0.2106
vn 0.9718 -0.0969 0.2151
vn 0.9661 -0.0997 0.2380
vn 0.9731 0.0939 0.2105
vn 0.9936 0.1016 0.0493
vn 0.9953 0.0851 0.0453
vn 0.9954 0.0852 0.0443
vn 0.9971 0.0649 0.0404
vn 0.9971 0.0649 0.0396
vn 0.9983 0.0450 0.0368
vn 0.9983 0.0450 0.0363
vn 0.9991 0.0252 0.0345
vn 0.9991 0.0252 0.0342
vn 0.9994 0.0073 0.0335
vn 0.9994 0.0073 0.0334
vn 0.9994 -0.0107 0.0334
vn 0.9994 -0.0107 0.0336
vn 0.9989 -0.0305 0.0346
vn 0.9989 -0.0305 0.0350
vn 0.9980 -0.0504 0.0371
vn 0.9980 -0.0504 0.0377
vn 0.9967 -0.0704 0.0408
vn 0.9967 -0.0704 0.0416
vn 0.9948 -0.0906 0.0458
vn 0.9948 -0.0906 0.0469
vn 0.9930 -0.1067 0.0510
vn 0.9942 -0.1074 -0.0053
vn 0.9943 0.1036 0.0256
vn 0.9872 0.1077 -0.1176
vn 0.9887 0.0892 -0.1203
vn 0.9886 0.0893 -0.1214
vn 0.9900 0.0679 -0.1239
vn 0.9899 0.0680 -0.1247
vn 0.9909 0.0470 -0.1265
vn 0.9908 0.0471 -0.1271
vn 0.9914 0.0264 -0.1282
vn 0.9913 0.0264 -0.1286
vn 0.9916 0.0077 -0.1290
vn 0.9916 0.0077 -0.1291
vn 0.9916 -0.0112 -0.1291
vn 0.9916 -0.0112 -0.1289
vn 0.9912 -0.0319 -0.1283
vn 0.9913 -0.0319 -0.1279
vn 0.9906 -0.0527 -0.1266
vn 0.9906 -0.0527 -0.1259
vn 0.9895 -0.0737 -0.1239
vn 0.9897 -0.0737 -0.1230
vn 0.9882 -0.0950 -0.1204
vn 0.9883 -0.0951 -0.1192
vn 0.9869 -0.1110 -0.1167
vn 0.9877 -0.1115 -0.1100
vn 0.9526 -0.1152 -0.2815
vn 0.9544 -0.0968 -0.2824
vn 0.9540 -0.0968 -0.2837
vn 0.9557 -0.0750 -0.2846
vn 0.9554 -0.0751 -0.2856
vn 0.9567 -0.0536 -0.2862
vn 0.9564 -0.0537 -0.2870
vn 0.9573 -0.0325 -0.2874
vn 0.9571 -0.0325 -0.2878
vn 0.9575 -0.0113 -0.2880
vn 0.9575 -0.0114 -0.2882
vn 0.9575 0.0078 -0.2882
vn 0.9576 0.0078 -0.2881
vn 0.9573 0.0268 -0.2880
vn 0.9574 0.0269 -0.2876
vn 0.9567 0.0479 -0.2873
vn 0.9569 0.0479 -0.2866
vn 0.9557 0.0691 -0.2860
vn 0.9560 0.0692 -0.2851
vn 0.9544 0.0908 -0.2843
vn 0.9548 0.0909 -0.2830
vn 0.9529 0.1110 -0.2821
vn 0.9596 0.1124 -0.2580
vn 0.9475 -0.1540 -0.2802
vn 0.7306 -0.6552 -0.1922
vn 0.4692 -0.8770 -0.1037
vn 0.5395 -0.8200 -0.1911
vn 0.8318 -0.4538 -0.3198
vn 0.9256 -0.1737 -0.3362
vn 0.9260 -0.1455 -0.3483
vn 0.9296 -0.1184 -0.3491
vn 0.9037 -0.2593 -0.3407
vn 0.9136 -0.2189 -0.3427
vn 0.9120 -0.2227 -0.3443
vn 0.9253 -0.1541 -0.3465
vn 0.9315 -0.1542 -0.3293
vn 0.8585 -0.3956 -0.3263
vn 0.8575 -0.4134 -0.3061
vn 0.8682 -0.3698 -0.3309
vn 0.8922 -0.3016 -0.3363
vn 0.8920 -0.3077 -0.3313
vn 0.9009 -0.2699 -0.3399
vn 0.6878 -0.6538 -0.3153
vn 0.7000 -0.6650 -0.2603
vn 0.7504 -0.5917 -0.2947
vn 0.7993 -0.5112 -0.3158
vn 0.8009 -0.5447 -0.2487
vn 0.8081 -0.5019 -0.3082
vn 0.5251 -0.8226 -0.2183
vn 0.7376 -0.5996 -0.3104
vn 0.7277 -0.6554 -0.2025
vn 0.8609 -0.4542 -0.2293
vn 0.8410 -0.4914 -0.2262
vn 0.8132 -0.5246 -0.2518
vn 0.8261 -0.5115 -0.2364
vn 0.7987 -0.5648 -0.2077
vn 0.7833 -0.5879 -0.2020
vn 0.8771 -0.4184 -0.2358
vn 0.8836 -0.3957 -0.2503
vn 0.8967 -0.3699 -0.2431
vn 0.9186 -0.3016 -0.2553
vn 0.9173 -0.3098 -0.2503
vn 0.9051 -0.3473 -0.2451
vn 0.9389 -0.2228 -0.2622
vn 0.9374 -0.2349 -0.2572
vn 0.9294 -0.2682 -0.2535
vn 0.9529 -0.1107 -0.2825
vn 0.9531 -0.1501 -0.2629
vn 0.9453 -0.1985 -0.2589
vn 0.8285 -0.5113 -0.2282
vn 0.8285 -0.5114 -0.2282
vn 0.8838 -0.3955 -0.2500
vn 0.8837 -0.3957 -0.2501
vn 0.9162 -0.3015 -0.2640
vn 0.9161 -0.3017 -0.2641
vn 0.9358 -0.2227 -0.2734
vn 0.9357 -0.2229 -0.2735
vn 0.9475 -0.1542 -0.2800
vn 0.9531 -0.1541 -0.2607
vn 0.6619 -0.7371 -0.1363
vn 0.5787 -0.7883 -0.2091
vn 0.5901 -0.7945 -0.1435
vn 0.5505 -0.8228 -0.1412
vn 0.5449 -0.8231 -0.1600
vn 0.9424 -0.1540 -0.2968
vn 0.9302 -0.2228 -0.2919
vn 0.9302 -0.2227 -0.2918
vn 0.9101 -0.3017 -0.2842
vn 0.9101 -0.3016 -0.2842
vn 0.8771 -0.3957 -0.2723
vn 0.8771 -0.3956 -0.2722
vn 0.8212 -0.5116 -0.2527
vn 0.8213 -0.5116 -0.2527
vn 0.7226 -0.6556 -0.2191
vn 0.5447 -0.8232 -0.1599
vn 0.5347 -0.8232 -0.1909
vn 0.7134 -0.6556 -0.2474
vn 0.8130 -0.5116 -0.2781
vn 0.8130 -0.5115 -0.2781
vn 0.8697 -0.3957 -0.2950
vn 0.9034 -0.3016 -0.3046
vn 0.9035 -0.3016 -0.3046
vn 0.9242 -0.2228 -0.3103
vn 0.9242 -0.2227 -0.3102
vn 0.9371 -0.1540 -0.3134
vn 0.9424 -0.1540 -0.2969
vn 0.5258 -0.8220 -0.2188
vn 0.7043 -0.6552 -0.2731
vn 0.7043 -0.6552 -0.2732
vn 0.8047 -0.5114 -0.3015
vn 0.8048 -0.5113 -0.3015
vn 0.8622 -0.3957 -0.3162
vn 0.8623 -0.3955 -0.3162
vn 0.8967 -0.3017 -0.3240
vn 0.8968 -0.3015 -0.3239
vn 0.9181 -0.2229 -0.3279
vn 0.9181 -0.2227 -0.3278
vn 0.9315 -0.1540 -0.3295
vn 0.9371 -0.1540 -0.3133
vn 0.0117 0.7454 -0.6665
vn 0.0288 0.1112 -0.9934
vn -0.0050 0.8422 -0.5391
vn -0.0103 0.8696 -0.4936
vn 0.0003 0.9828 -0.1847
vn -0.0184 0.4434 -0.8961
vn -0.0177 0.5120 -0.8588
vn -0.0154 0.5223 -0.8526
vn -0.0153 0.5858 -0.8103
vn -0.0132 0.6713 -0.7410
vn -0.0136 0.6734 -0.7392
vn -0.0108 0.7760 -0.6306
vn -0.0246 0.2253 -0.9740
vn -0.0239 0.2213 -0.9749
vn -0.0237 0.2764 -0.9608
vn -0.0199 0.1054 -0.9942
vn -0.0265 0.1443 -0.9892
vn -0.0263 0.1849 -0.9824
vn -0.0287 0.1552 -0.9875
vn 0.0264 0.1552 -0.9875
vn 0.0286 0.1451 -0.9890
vn 0.0214 0.3059 -0.9518
vn -0.0200 0.3060 -0.9518
vn -0.0213 0.3203 -0.9471
vn 0.0192 0.3157 -0.9487
vn 0.0237 0.2729 -0.9617
vn 0.0239 0.2253 -0.9740
vn 0.0247 0.2217 -0.9748
vn 0.0263 0.1849 -0.9824
vn 0.0102 0.4395 -0.8982
vn 0.0137 0.4224 -0.9063
vn 0.0209 0.3775 -0.9258
vn -0.0208 0.3869 -0.9219
vn -0.0177 0.4027 -0.9152
vn 0.0188 0.4027 -0.9151
vn 0.0176 0.5223 -0.8526
vn 0.0146 0.5070 -0.8618
vn 0.0110 0.6713 -0.7411
vn 0.0135 0.6600 -0.7511
vn 0.0154 0.5822 -0.8129
vn -0.0032 0.9787 -0.2054
vn 0.0032 0.9787 -0.2054
vn -0.0186 0.9970 -0.0753
vn 0.0025 0.9671 -0.2543
vn 0.0061 0.9260 -0.3775
vn 0.0087 0.8422 -0.5391
vn -0.0145 0.9063 -0.4223
vn 0.0089 0.8322 -0.5544
vn -0.1641 -0.1095 -0.9803
vn 0.0301 -0.1122 -0.9932
vn -0.2235 0.1092 -0.9686
vn -0.5663 0.0904 -0.8192
vn -0.6935 0.0783 -0.7162
vn -0.8871 0.0495 -0.4589
vn -0.9482 0.0339 -0.3159
vn -0.9968 0.0064 -0.0792
vn -0.9969 0.0075 -0.0785
vn -0.9367 0.0404 -0.3479
vn -0.7970 0.0652 -0.6004
vn -0.8415 0.0578 -0.5371
vn -0.3975 0.1017 -0.9119
vn -0.4855 0.0967 -0.8689
vn -0.0491 0.1131 -0.9924
vn 0.0465 0.1187 -0.9918
vn -0.2388 -0.1097 -0.9649
vn -0.3812 -0.1026 -0.9188
vn -0.5355 -0.0942 -0.8393
vn -0.6535 -0.0841 -0.7523
vn -0.6795 -0.0842 -0.7289
vn -0.7847 -0.0718 -0.6157
vn -0.8622 -0.0582 -0.5032
vn -0.8805 -0.0595 -0.4702
vn -0.9966 -0.0085 -0.0819
vn -0.9969 0.0075 -0.0788
vn -0.9968 0.0059 -0.0797
vn -0.9968 0.0059 -0.0798
vn -0.9967 0.0042 -0.0805
vn -0.9967 0.0042 -0.0806
vn -0.9967 0.0025 -0.0811
vn -0.9967 0.0008 -0.0813
vn -0.9967 0.0008 -0.0814
vn -0.9967 -0.0007 -0.0814
vn -0.9967 -0.0007 -0.0813
vn -0.9967 -0.0022 -0.0812
vn -0.9967 -0.0022 -0.0811
vn -0.9967 -0.0039 -0.0807
vn -0.9968 -0.0055 -0.0800
vn -0.9968 -0.0055 -0.0799
vn -0.9969 -0.0072 -0.0789
vn -0.9968 -0.0070 -0.0790
vn -0.9713 -0.0258 -0.2365
vn -0.9722 -0.0244 -0.2328
vn -0.9718 -0.0214 -0.2349
vn -0.9717 -0.0215 -0.2351
vn -0.9712 -0.0165 -0.2378
vn -0.9711 -0.0165 -0.2379
vn -0.9707 -0.0115 -0.2399
vn -0.9707 -0.0115 -0.2401
vn -0.9704 -0.0065 -0.2414
vn -0.9703 -0.0021 -0.2419
vn -0.9703 0.0023 -0.2420
vn -0.9703 0.0023 -0.2419
vn -0.9704 0.0074 -0.2412
vn -0.9705 0.0074 -0.2411
vn -0.9708 0.0124 -0.2397
vn -0.9708 0.0124 -0.2396
vn -0.9712 0.0174 -0.2375
vn -0.9713 0.0174 -0.2373
vn -0.9719 0.0224 -0.2345
vn -0.9719 0.0224 -0.2343
vn -0.9726 0.0268 -0.2310
vn -0.9720 0.0251 -0.2335
vn -0.9481 -0.0331 -0.3162
vn -0.9235 -0.0418 -0.3813
vn -0.9220 -0.0352 -0.3855
vn -0.9219 -0.0352 -0.3859
vn -0.9204 -0.0270 -0.3899
vn -0.9204 -0.0270 -0.3902
vn -0.9193 -0.0188 -0.3931
vn -0.9192 -0.0188 -0.3933
vn -0.9185 -0.0106 -0.3952
vn -0.9185 -0.0106 -0.3953
vn -0.9182 -0.0034 -0.3961
vn -0.9182 -0.0034 -0.3960
vn -0.9182 0.0038 -0.3961
vn -0.9186 0.0121 -0.3950
vn -0.9186 0.0121 -0.3949
vn -0.9194 0.0204 -0.3928
vn -0.9195 0.0204 -0.3926
vn -0.9206 0.0286 -0.3894
vn -0.9207 0.0286 -0.3892
vn -0.9222 0.0367 -0.3849
vn -0.9224 0.0367 -0.3846
vn -0.9260 0.0527 -0.3739
vn -0.9099 0.0444 -0.4124
vn -0.9201 -0.0411 -0.3896
vn -0.8503 -0.0552 -0.5233
vn -0.8484 -0.0481 -0.5272
vn -0.8481 -0.0482 -0.5276
vn -0.8456 -0.0369 -0.5325
vn -0.8454 -0.0369 -0.5328
vn -0.8436 -0.0257 -0.5363
vn -0.8435 -0.0257 -0.5365
vn -0.8423 -0.0144 -0.5388
vn -0.8422 -0.0144 -0.5389
vn -0.8418 -0.0047 -0.5398
vn -0.8417 0.0051 -0.5399
vn -0.8418 0.0051 -0.5398
vn -0.8424 0.0165 -0.5386
vn -0.8425 0.0165 -0.5384
vn -0.8438 0.0278 -0.5359
vn -0.8440 0.0278 -0.5357
vn -0.8459 0.0391 -0.5319
vn -0.8461 0.0390 -0.5316
vn -0.8487 0.0502 -0.5265
vn -0.8489 0.0502 -0.5261
vn -0.8515 0.0591 -0.5210
vn -0.8743 0.0705 -0.4803
vn -0.8297 -0.0589 -0.5551
vn -0.7550 -0.0693 -0.6520
vn -0.7522 -0.0599 -0.6563
vn -0.7518 -0.0599 -0.6567
vn -0.7484 -0.0459 -0.6617
vn -0.7481 -0.0459 -0.6620
vn -0.7456 -0.0319 -0.6657
vn -0.7454 -0.0319 -0.6659
vn -0.7438 -0.0179 -0.6682
vn -0.7436 -0.0179 -0.6684
vn -0.7430 -0.0058 -0.6692
vn -0.7429 0.0064 -0.6693
vn -0.7430 0.0064 -0.6692
vn -0.7439 0.0205 -0.6680
vn -0.7440 0.0205 -0.6679
vn -0.7458 0.0345 -0.6653
vn -0.7460 0.0345 -0.6650
vn -0.7487 0.0485 -0.6611
vn -0.7490 0.0485 -0.6608
vn -0.7526 0.0625 -0.6555
vn -0.7530 0.0625 -0.6551
vn -0.7566 0.0739 -0.6497
vn -0.7474 0.0721 -0.6605
vn -0.7369 -0.0719 -0.6721
vn -0.6388 -0.0819 -0.7650
vn -0.6353 -0.0701 -0.7691
vn -0.6347 -0.0702 -0.7695
vn -0.6308 -0.0536 -0.7741
vn -0.6303 -0.0537 -0.7745
vn -0.6275 -0.0372 -0.7777
vn -0.6272 -0.0373 -0.7780
vn -0.6254 -0.0209 -0.7801
vn -0.6252 -0.0209 -0.7802
vn -0.6245 -0.0068 -0.7810
vn -0.6244 -0.0068 -0.7810
vn -0.6244 0.0074 -0.7811
vn -0.6245 0.0074 -0.7810
vn -0.6255 0.0239 -0.7799
vn -0.6257 0.0239 -0.7797
vn -0.6277 0.0404 -0.7774
vn -0.6280 0.0404 -0.7771
vn -0.6311 0.0568 -0.7736
vn -0.6316 0.0568 -0.7732
vn -0.6357 0.0733 -0.7684
vn -0.6363 0.0733 -0.7679
vn -0.6401 0.0856 -0.7635
vn -0.6316 0.0847 -0.7706
vn -0.6140 -0.0847 -0.7848
vn -0.5042 -0.0928 -0.8586
vn -0.5005 -0.0786 -0.8622
vn -0.4997 -0.0787 -0.8626
vn -0.4958 -0.0600 -0.8663
vn -0.4953 -0.0601 -0.8667
vn -0.4924 -0.0416 -0.8693
vn -0.4920 -0.0417 -0.8696
vn -0.4902 -0.0233 -0.8713
vn -0.4900 -0.0233 -0.8714
vn -0.4893 -0.0076 -0.8721
vn -0.4892 0.0083 -0.8721
vn -0.4893 0.0083 -0.8721
vn -0.4903 0.0267 -0.8711
vn -0.4905 0.0267 -0.8710
vn -0.4925 0.0451 -0.8691
vn -0.4930 0.0451 -0.8688
vn -0.4960 0.0636 -0.8660
vn -0.4966 0.0636 -0.8656
vn -0.5007 0.0822 -0.8617
vn -0.5015 0.0822 -0.8612
vn -0.5053 0.0964 -0.8575
vn -0.5371 0.0985 -0.8377
vn -0.4705 -0.0957 -0.8772
vn -0.3543 -0.1015 -0.9296
vn -0.3511 -0.0851 -0.9325
vn -0.3501 -0.0851 -0.9328
vn -0.3470 -0.0648 -0.9356
vn -0.3462 -0.0649 -0.9359
vn -0.3439 -0.0449 -0.9379
vn -0.3434 -0.0449 -0.9381
vn -0.3420 -0.0251 -0.9394
vn -0.3417 -0.0252 -0.9395
vn -0.3411 -0.0082 -0.9400
vn -0.3410 0.0089 -0.9400
vn -0.3411 0.0089 -0.9400
vn -0.3419 0.0288 -0.9393
vn -0.3422 0.0288 -0.9392
vn -0.3439 0.0487 -0.9378
vn -0.3444 0.0487 -0.9375
vn -0.3469 0.0687 -0.9354
vn -0.3477 0.0687 -0.9351
vn -0.3510 0.0889 -0.9322
vn -0.3520 0.0889 -0.9318
vn -0.3555 0.1062 -0.9286
vn -0.3214 0.1060 -0.9410
vn -0.3086 -0.1044 -0.9454
vn -0.1933 -0.1076 -0.9752
vn -0.1912 -0.0892 -0.9775
vn -0.1901 -0.0892 -0.9777
vn -0.1882 -0.0679 -0.9798
vn -0.1873 -0.0679 -0.9800
vn -0.1859 -0.0470 -0.9814
vn -0.1853 -0.0470 -0.9816
vn -0.1845 -0.0263 -0.9825
vn -0.1841 -0.0263 -0.9826
vn -0.1838 -0.0085 -0.9829
vn -0.1837 -0.0085 -0.9829
vn -0.1837 0.0093 -0.9829
vn -0.1838 0.0094 -0.9829
vn -0.1843 0.0301 -0.9824
vn -0.1847 0.0301 -0.9823
vn -0.1856 0.0509 -0.9813
vn -0.1863 0.0510 -0.9812
vn -0.1878 0.0719 -0.9796
vn -0.1887 0.0719 -0.9794
vn -0.1907 0.0932 -0.9772
vn -0.1919 0.0933 -0.9770
vn -0.1940 0.1118 -0.9746
vn -0.1423 0.1121 -0.9835
vn -0.0262 0.1145 -0.9931
vn -0.0258 0.0949 -0.9951
vn -0.0245 0.0950 -0.9952
vn -0.0242 0.0732 -0.9970
vn -0.0232 0.0732 -0.9970
vn -0.0230 0.0518 -0.9984
vn -0.0223 0.0519 -0.9984
vn -0.0221 0.0306 -0.9993
vn -0.0217 0.0307 -0.9993
vn -0.0216 0.0095 -0.9997
vn -0.0215 0.0095 -0.9997
vn -0.0215 -0.0087 -0.9997
vn -0.0216 -0.0087 -0.9997
vn -0.0216 -0.0267 -0.9994
vn -0.0220 -0.0268 -0.9994
vn -0.0221 -0.0478 -0.9986
vn -0.0228 -0.0478 -0.9986
vn -0.0230 -0.0691 -0.9973
vn -0.0240 -0.0691 -0.9973
vn -0.0242 -0.0908 -0.9956
vn -0.0255 -0.0909 -0.9955
vn -0.0258 -0.1110 -0.9935
vn -0.0510 -0.1123 -0.9924
vn 0.1469 0.1100 -0.9830
vn -0.0302 0.1123 -0.9932
vn 0.1101 -0.1134 -0.9874
vn 0.2832 -0.1082 -0.9529
vn 0.6971 -0.0786 -0.7126
vn 0.8843 -0.0452 -0.4647
vn 0.9478 -0.0307 -0.3175
vn 0.9478 0.0459 -0.3156
vn 0.9969 0.0082 -0.0781
vn 0.9868 -0.0155 -0.1614
vn 0.9969 -0.0075 -0.0778
vn 0.5706 -0.0907 -0.8162
vn 0.6216 -0.0864 -0.7785
vn 0.3736 -0.1042 -0.9217
vn 0.4658 -0.0983 -0.8794
vn 0.0291 -0.1155 -0.9929
vn -0.0377 -0.1155 -0.9926
vn 0.2233 0.1092 -0.9686
vn 0.3998 0.1036 -0.9107
vn 0.5600 0.0953 -0.8230
vn 0.6909 0.0848 -0.7179
vn 0.8588 0.0561 -0.5093
vn 0.9969 -0.0075 -0.0787
vn 0.9968 -0.0060 -0.0797
vn 0.9967 -0.0043 -0.0805
vn 0.9967 -0.0026 -0.0811
vn 0.9967 -0.0009 -0.0814
vn 0.9967 -0.0009 -0.0813
vn 0.9967 0.0006 -0.0814
vn 0.9967 0.0022 -0.0812
vn 0.9967 0.0039 -0.0807
vn 0.9968 0.0056 -0.0800
vn 0.9968 0.0056 -0.0799
vn 0.9969 0.0072 -0.0790
vn 0.9969 0.0072 -0.0789
vn 0.9969 0.0082 -0.0782
vn 0.9865 0.0171 -0.1629
vn 0.9724 0.0259 -0.2318
vn 0.9718 0.0215 -0.2349
vn 0.9717 0.0215 -0.2351
vn 0.9712 0.0165 -0.2378
vn 0.9711 0.0165 -0.2379
vn 0.9707 0.0115 -0.2399
vn 0.9707 0.0115 -0.2400
vn 0.9704 0.0065 -0.2413
vn 0.9704 0.0065 -0.2414
vn 0.9703 0.0019 -0.2419
vn 0.9703 -0.0027 -0.2419
vn 0.9705 -0.0078 -0.2411
vn 0.9705 -0.0078 -0.2410
vn 0.9708 -0.0129 -0.2396
vn 0.9708 -0.0129 -0.2394
vn 0.9713 -0.0179 -0.2372
vn 0.9713 -0.0179 -0.2370
vn 0.9719 -0.0228 -0.2342
vn 0.9711 -0.0230 -0.2376
vn 0.9705 0.0252 -0.2396
vn 0.9232 0.0402 -0.3823
vn 0.9220 0.0352 -0.3855
vn 0.9219 0.0353 -0.3858
vn 0.9205 0.0271 -0.3899
vn 0.9204 0.0271 -0.3901
vn 0.9193 0.0189 -0.3931
vn 0.9192 0.0189 -0.3933
vn 0.9185 0.0106 -0.3953
vn 0.9182 0.0031 -0.3961
vn 0.9182 -0.0045 -0.3961
vn 0.9182 -0.0045 -0.3960
vn 0.9186 -0.0128 -0.3949
vn 0.9187 -0.0128 -0.3948
vn 0.9195 -0.0211 -0.3925
vn 0.9196 -0.0211 -0.3924
vn 0.9207 -0.0293 -0.3891
vn 0.9208 -0.0293 -0.3888
vn 0.9224 -0.0377 -0.3843
vn 0.9198 -0.0380 -0.3905
vn 0.9210 0.0413 -0.3875
vn 0.8503 0.0549 -0.5234
vn 0.8484 0.0482 -0.5272
vn 0.8481 0.0482 -0.5276
vn 0.8457 0.0370 -0.5325
vn 0.8455 0.0370 -0.5327
vn 0.8436 0.0257 -0.5363
vn 0.8435 0.0258 -0.5365
vn 0.8423 0.0145 -0.5388
vn 0.8422 0.0145 -0.5389
vn 0.8418 0.0042 -0.5398
vn 0.8418 -0.0061 -0.5398
vn 0.8425 -0.0175 -0.5384
vn 0.8426 -0.0175 -0.5382
vn 0.8440 -0.0288 -0.5356
vn 0.8441 -0.0288 -0.5354
vn 0.8461 -0.0400 -0.5315
vn 0.8464 -0.0400 -0.5311
vn 0.8491 -0.0518 -0.5257
vn 0.8404 -0.0526 -0.5394
vn 0.8410 -0.0542 -0.5383
vn 0.7522 0.0599 -0.6562
vn 0.7518 0.0600 -0.6567
vn 0.7484 0.0459 -0.6617
vn 0.7481 0.0460 -0.6620
vn 0.7456 0.0319 -0.6657
vn 0.7454 0.0320 -0.6659
vn 0.7437 0.0180 -0.6682
vn 0.7437 0.0180 -0.6683
vn 0.7430 0.0052 -0.6693
vn 0.7429 0.0052 -0.6693
vn 0.7430 -0.0076 -0.6693
vn 0.7431 -0.0076 -0.6692
vn 0.7440 -0.0217 -0.6678
vn 0.7442 -0.0217 -0.6676
vn 0.7460 -0.0358 -0.6650
vn 0.7462 -0.0358 -0.6647
vn 0.7490 -0.0498 -0.6607
vn 0.7493 -0.0498 -0.6603
vn 0.7529 -0.0638 -0.6550
vn 0.7534 -0.0638 -0.6545
vn 0.7572 -0.0758 -0.6487
vn 0.7520 -0.0721 -0.6552
vn 0.8141 0.0614 -0.5775
vn 0.7567 0.0694 -0.6501
vn 0.7552 0.0699 -0.6517
vn 0.6389 0.0820 -0.7649
vn 0.6353 0.0703 -0.7690
vn 0.6348 0.0703 -0.7695
vn 0.6309 0.0537 -0.7740
vn 0.6304 0.0538 -0.7744
vn 0.6275 0.0373 -0.7777
vn 0.6272 0.0374 -0.7779
vn 0.6254 0.0210 -0.7801
vn 0.6252 0.0210 -0.7802
vn 0.6245 0.0061 -0.7810
vn 0.6244 0.0061 -0.7811
vn 0.6244 -0.0089 -0.7810
vn 0.6245 -0.0089 -0.7810
vn 0.6256 -0.0254 -0.7797
vn 0.6259 -0.0254 -0.7795
vn 0.6280 -0.0418 -0.7771
vn 0.6283 -0.0418 -0.7768
vn 0.6315 -0.0583 -0.7732
vn 0.6320 -0.0583 -0.7728
vn 0.6361 -0.0748 -0.7679
vn 0.6368 -0.0748 -0.7674
vn 0.6404 -0.0862 -0.7632
vn 0.6667 -0.0938 -0.7394
vn 0.6366 0.0828 -0.7668
vn 0.5043 0.0932 -0.8585
vn 0.5005 0.0787 -0.8621
vn 0.4998 0.0788 -0.8626
vn 0.4959 0.0601 -0.8663
vn 0.4953 0.0602 -0.8666
vn 0.4924 0.0417 -0.8693
vn 0.4920 0.0418 -0.8696
vn 0.4902 0.0234 -0.8713
vn 0.4900 0.0234 -0.8714
vn 0.4893 0.0068 -0.8721
vn 0.4892 0.0068 -0.8721
vn 0.4893 -0.0099 -0.8721
vn 0.4894 -0.0099 -0.8720
vn 0.4904 -0.0283 -0.8710
vn 0.4907 -0.0283 -0.8709
vn 0.4928 -0.0467 -0.8689
vn 0.4933 -0.0468 -0.8686
vn 0.4964 -0.0652 -0.8656
vn 0.4970 -0.0652 -0.8653
vn 0.5012 -0.0839 -0.8613
vn 0.5020 -0.0839 -0.8608
vn 0.5056 -0.0970 -0.8573
vn 0.5257 -0.0998 -0.8448
vn 0.5004 0.0940 -0.8607
vn 0.3544 0.1018 -0.9295
vn 0.3511 0.0852 -0.9325
vn 0.3501 0.0853 -0.9328
vn 0.3470 0.0649 -0.9356
vn 0.3463 0.0650 -0.9359
vn 0.3439 0.0450 -0.9379
vn 0.3434 0.0450 -0.9381
vn 0.3420 0.0253 -0.9394
vn 0.3417 0.0253 -0.9395
vn 0.3411 0.0073 -0.9400
vn 0.3410 0.0073 -0.9400
vn 0.3410 -0.0107 -0.9400
vn 0.3412 -0.0107 -0.9399
vn 0.3420 -0.0306 -0.9392
vn 0.3424 -0.0306 -0.9391
vn 0.3441 -0.0504 -0.9376
vn 0.3447 -0.0505 -0.9374
vn 0.3472 -0.0705 -0.9351
vn 0.3480 -0.0705 -0.9348
vn 0.3514 -0.0907 -0.9318
vn 0.3524 -0.0908 -0.9314
vn 0.3558 -0.1068 -0.9284
vn 0.3026 -0.1075 -0.9470
vn 0.3312 0.1037 -0.9378
vn 0.1933 0.1079 -0.9752
vn 0.1912 0.0893 -0.9775
vn 0.1901 0.0894 -0.9777
vn 0.1882 0.0680 -0.9798
vn 0.1873 0.0681 -0.9799
vn 0.1859 0.0471 -0.9814
vn 0.1853 0.0471 -0.9815
vn 0.1845 0.0264 -0.9825
vn 0.1841 0.0264 -0.9826
vn 0.1838 0.0077 -0.9829
vn 0.1837 0.0077 -0.9830
vn 0.1837 -0.0112 -0.9829
vn 0.1838 -0.0112 -0.9829
vn 0.1843 -0.0320 -0.9823
vn 0.1848 -0.0320 -0.9823
vn 0.1858 -0.0528 -0.9812
vn 0.1865 -0.0528 -0.9810
vn 0.1880 -0.0738 -0.9794
vn 0.1890 -0.0738 -0.9792
vn 0.1910 -0.0951 -0.9770
vn 0.1922 -0.0952 -0.9767
vn 0.1941 -0.1111 -0.9747
vn 0.2007 -0.1117 -0.9733
vn 0.0263 -0.1153 -0.9930
vn 0.0260 -0.0969 -0.9950
vn 0.0247 -0.0969 -0.9950
vn 0.0244 -0.0751 -0.9969
vn 0.0233 -0.0752 -0.9969
vn 0.0231 -0.0537 -0.9983
vn 0.0223 -0.0537 -0.9983
vn 0.0222 -0.0325 -0.9992
vn 0.0217 -0.0325 -0.9992
vn 0.0216 -0.0114 -0.9997
vn 0.0214 -0.0114 -0.9997
vn 0.0214 0.0078 -0.9997
vn 0.0216 0.0078 -0.9997
vn 0.0216 0.0269 -0.9994
vn 0.0220 0.0269 -0.9994
vn 0.0221 0.0479 -0.9986
vn 0.0228 0.0480 -0.9986
vn 0.0230 0.0692 -0.9973
vn 0.0240 0.0693 -0.9973
vn 0.0243 0.0909 -0.9956
vn 0.0255 0.0910 -0.9955
vn 0.0258 0.1112 -0.9935
vn 0.0505 0.1125 -0.9924
vn 0.0261 -0.1541 -0.9877
vn 0.0428 -0.6556 -0.7539
vn 0.0463 -0.8772 -0.4778
vn -0.0153 -0.8203 -0.5717
vn -0.0475 -0.4540 -0.8897
vn -0.0342 -0.1738 -0.9842
vn -0.0456 -0.1457 -0.9883
vn -0.0450 -0.1198 -0.9918
vn -0.0453 -0.2591 -0.9648
vn -0.0440 -0.2191 -0.9747
vn -0.0461 -0.2230 -0.9737
vn -0.0440 -0.1543 -0.9870
vn -0.0258 -0.1544 -0.9877
vn -0.0455 -0.3959 -0.9171
vn -0.0265 -0.4138 -0.9100
vn -0.0468 -0.3702 -0.9278
vn -0.0446 -0.3019 -0.9523
vn -0.0399 -0.3080 -0.9506
vn -0.0453 -0.2702 -0.9617
vn -0.0877 -0.6542 -0.7512
vn -0.0316 -0.6654 -0.7458
vn -0.0488 -0.5917 -0.8047
vn -0.0538 -0.5116 -0.8575
vn 0.0107 -0.5451 -0.8383
vn -0.0438 -0.5024 -0.8635
vn -0.0456 -0.8229 -0.5664
vn -0.0144 -0.6556 -0.7550
vn 0.0360 -0.6411 -0.7666
vn 0.0529 -0.5758 -0.8159
vn 0.0302 -0.5119 -0.8585
vn 0.0116 -0.5253 -0.8509
vn 0.0347 -0.3961 -0.9176
vn 0.0502 -0.4258 -0.9034
vn 0.0445 -0.4918 -0.8696
vn 0.0408 -0.3019 -0.9525
vn 0.0472 -0.3142 -0.9482
vn 0.0457 -0.3702 -0.9278
vn 0.0405 -0.2230 -0.9740
vn 0.0456 -0.2372 -0.9704
vn 0.0455 -0.2702 -0.9617
vn 0.0255 -0.1125 -0.9933
vn 0.0446 -0.1511 -0.9875
vn 0.0455 -0.1995 -0.9788
vn 0.0427 -0.6557 -0.7538
vn 0.0387 -0.5117 -0.8583
vn 0.0387 -0.5119 -0.8582
vn 0.0350 -0.3959 -0.9176
vn 0.0350 -0.3961 -0.9176
vn 0.0318 -0.3018 -0.9528
vn 0.0316 -0.3021 -0.9528
vn 0.0289 -0.2229 -0.9744
vn 0.0287 -0.2231 -0.9744
vn 0.0262 -0.1544 -0.9877
vn 0.0463 -0.1542 -0.9869
vn 0.0746 -0.7375 -0.6712
vn -0.0201 -0.7886 -0.6145
vn 0.0457 -0.7949 -0.6050
vn 0.0357 -0.8231 -0.5668
vn 0.0160 -0.8234 -0.5672
vn 0.0086 -0.1542 -0.9880
vn 0.0095 -0.2230 -0.9748
vn 0.0096 -0.2229 -0.9748
vn 0.0106 -0.3020 -0.9533
vn 0.0106 -0.3019 -0.9533
vn 0.0118 -0.3961 -0.9181
vn 0.0118 -0.3960 -0.9182
vn 0.0132 -0.5120 -0.8589
vn 0.0147 -0.6561 -0.7546
vn 0.0147 -0.6560 -0.7546
vn 0.0161 -0.8235 -0.5670
vn -0.0165 -0.8235 -0.5671
vn -0.0166 -0.8235 -0.5671
vn -0.0152 -0.6560 -0.7546
vn -0.0136 -0.5120 -0.8589
vn -0.0122 -0.3961 -0.9181
vn -0.0110 -0.3020 -0.9533
vn -0.0109 -0.3019 -0.9533
vn -0.0099 -0.2230 -0.9748
vn -0.0098 -0.2230 -0.9748
vn -0.0089 -0.1541 -0.9880
vn 0.0085 -0.1541 -0.9880
vn -0.0459 -0.8223 -0.5673
vn -0.0425 -0.6557 -0.7538
vn -0.0425 -0.6556 -0.7539
vn -0.0385 -0.5118 -0.8582
vn -0.0384 -0.5118 -0.8583
vn -0.0347 -0.3961 -0.9176
vn -0.0346 -0.3959 -0.9176
vn -0.0315 -0.3020 -0.9528
vn -0.0313 -0.3018 -0.9529
vn -0.0286 -0.2231 -0.9744
vn -0.0284 -0.2229 -0.9744
vn -0.0259 -0.1541 -0.9877
vn -0.0088 -0.1542 -0.9880
vn -0.6310 0.7448 -0.2170
vn -0.9359 0.1121 -0.3340
vn -0.5147 0.8419 -0.1618
vn -0.4731 0.8694 -0.1427
vn -0.1758 0.9828 -0.0574
vn -0.8576 0.4444 -0.2589
vn -0.8214 0.5134 -0.2484
vn -0.8160 0.5219 -0.2486
vn -0.7756 0.5856 -0.2356
vn -0.7093 0.6709 -0.2163
vn -0.7077 0.6729 -0.2154
vn -0.6037 0.7756 -0.1846
vn -0.9341 0.2250 -0.2773
vn -0.9347 0.2215 -0.2781
vn -0.9211 0.2765 -0.2741
vn -0.9515 0.1079 -0.2882
vn -0.9491 0.1443 -0.2801
vn -0.9425 0.1849 -0.2783
vn -0.9481 0.1550 -0.2776
vn -0.9312 0.1550 -0.3299
vn -0.9319 0.1449 -0.3324
vn -0.8988 0.3057 -0.3141
vn -0.9116 0.3057 -0.2748
vn -0.9072 0.3209 -0.2720
vn -0.8966 0.3153 -0.3111
vn -0.9076 0.2726 -0.3193
vn -0.9191 0.2250 -0.3234
vn -0.9196 0.2214 -0.3244
vn -0.9264 0.1848 -0.3282
vn -0.8514 0.4391 -0.2870
vn -0.8580 0.4221 -0.2928
vn -0.8743 0.3771 -0.3056
vn -0.8830 0.3875 -0.2649
vn -0.8761 0.4023 -0.2658
vn -0.8648 0.4023 -0.3004
vn -0.8058 0.5219 -0.2799
vn -0.8155 0.5065 -0.2800
vn -0.7019 0.6709 -0.2393
vn -0.7107 0.6596 -0.2448
vn -0.7688 0.5816 -0.2657
vn -0.1965 0.9786 -0.0605
vn -0.1946 0.9786 -0.0665
vn -0.0775 0.9970 -0.0057
vn -0.2414 0.9670 -0.0810
vn -0.3577 0.9258 -0.1225
vn -0.5105 0.8419 -0.1748
vn -0.4064 0.9062 -0.1166
vn -0.5251 0.8319 -0.1797
vn -0.9828 -0.1094 -0.1487
vn -0.9343 -0.1115 -0.3386
vn -0.9902 0.1090 -0.0869
vn -0.9545 0.0904 0.2843
vn -0.8961 0.0782 0.4368
vn -0.7122 0.0496 0.7003
vn -0.5944 0.0338 0.8035
vn -0.3839 0.0063 0.9234
vn -0.3833 0.0075 0.9236
vn -0.6211 0.0405 0.7827
vn -0.8180 0.0652 0.5715
vn -0.7717 0.0578 0.6334
vn -0.9902 0.1016 0.0956
vn -0.9766 0.0966 0.1924
vn -0.9591 0.1130 -0.2597
vn -0.9269 0.1191 -0.3560
vn -0.9912 -0.1096 -0.0746
vn -0.9921 -0.1026 0.0726
vn -0.9862 -0.1043 0.1286
vn -0.9657 -0.0943 0.2420
vn -0.9543 -0.0953 0.2833
vn -0.8980 -0.0847 0.4317
vn -0.9074 -0.0841 0.4118
vn -0.9180 -0.0841 0.3875
vn -0.8286 -0.0718 0.5551
vn -0.7458 -0.0582 0.6636
vn -0.7200 -0.0595 0.6914
vn -0.3762 -0.0074 0.9265
vn -0.3834 0.0075 0.9235
vn -0.3844 0.0059 0.9232
vn -0.3844 0.0059 0.9231
vn -0.3851 0.0042 0.9229
vn -0.3852 0.0042 0.9228
vn -0.3856 0.0025 0.9226
vn -0.3857 0.0025 0.9226
vn -0.3859 0.0008 0.9226
vn -0.3859 0.0008 0.9225
vn -0.3859 -0.0007 0.9226
vn -0.3857 -0.0022 0.9226
vn -0.3853 -0.0039 0.9228
vn -0.3852 -0.0039 0.9228
vn -0.3846 -0.0055 0.9231
vn -0.3845 -0.0055 0.9231
vn -0.3836 -0.0072 0.9235
vn -0.3816 -0.0101 0.9243
vn -0.4512 -0.0158 0.8923
vn -0.5258 -0.0259 0.8502
vn -0.5226 -0.0244 0.8522
vn -0.5245 -0.0215 0.8511
vn -0.5246 -0.0215 0.8511
vn -0.5270 -0.0165 0.8497
vn -0.5271 -0.0165 0.8496
vn -0.5289 -0.0115 0.8486
vn -0.5290 -0.0115 0.8486
vn -0.5301 -0.0065 0.8479
vn -0.5302 -0.0065 0.8478
vn -0.5306 -0.0021 0.8476
vn -0.5307 -0.0021 0.8476
vn -0.5306 0.0023 0.8476
vn -0.5307 0.0023 0.8476
vn -0.5300 0.0074 0.8479
vn -0.5299 0.0074 0.8480
vn -0.5287 0.0125 0.8487
vn -0.5286 0.0125 0.8488
vn -0.5267 0.0175 0.8498
vn -0.5266 0.0174 0.8500
vn -0.5240 0.0224 0.8514
vn -0.5239 0.0224 0.8515
vn -0.5211 0.0268 0.8531
vn -0.5231 0.0251 0.8519
vn -0.5947 -0.0332 0.8032
vn -0.6488 -0.0418 0.7598
vn -0.6524 -0.0352 0.7571
vn -0.6527 -0.0352 0.7568
vn -0.6561 -0.0270 0.7542
vn -0.6563 -0.0271 0.7540
vn -0.6588 -0.0188 0.7521
vn -0.6590 -0.0189 0.7519
vn -0.6605 -0.0106 0.7507
vn -0.6606 -0.0106 0.7506
vn -0.6612 -0.0034 0.7502
vn -0.6613 0.0038 0.7501
vn -0.6612 0.0038 0.7502
vn -0.6605 0.0121 0.7508
vn -0.6603 0.0121 0.7509
vn -0.6585 0.0204 0.7523
vn -0.6584 0.0204 0.7524
vn -0.6557 0.0286 0.7545
vn -0.6555 0.0286 0.7547
vn -0.6519 0.0367 0.7574
vn -0.6516 0.0367 0.7576
vn -0.6426 0.0527 0.7644
vn -0.6742 0.0444 0.7372
vn -0.6557 -0.0411 0.7539
vn -0.7613 -0.0552 0.6461
vn -0.7643 -0.0481 0.6430
vn -0.7647 -0.0482 0.6426
vn -0.7685 -0.0369 0.6388
vn -0.7687 -0.0369 0.6385
vn -0.7715 -0.0257 0.6357
vn -0.7717 -0.0257 0.6355
vn -0.7735 -0.0144 0.6337
vn -0.7736 -0.0144 0.6336
vn -0.7742 -0.0047 0.6329
vn -0.7743 -0.0047 0.6328
vn -0.7743 0.0051 0.6328
vn -0.7733 0.0165 0.6338
vn -0.7732 0.0165 0.6340
vn -0.7712 0.0278 0.6360
vn -0.7710 0.0278 0.6362
vn -0.7680 0.0391 0.6393
vn -0.7678 0.0391 0.6395
vn -0.7637 0.0502 0.6436
vn -0.7635 0.0502 0.6439
vn -0.7594 0.0591 0.6480
vn -0.7274 0.0705 0.6826
vn -0.7851 -0.0589 0.6165
vn -0.8541 -0.0693 0.5155
vn -0.8572 -0.0598 0.5115
vn -0.8575 -0.0599 0.5110
vn -0.8612 -0.0458 0.5062
vn -0.8614 -0.0459 0.5058
vn -0.8641 -0.0319 0.5023
vn -0.8642 -0.0319 0.5021
vn -0.8660 -0.0179 0.4998
vn -0.8660 -0.0179 0.4996
vn -0.8667 -0.0058 0.4988
vn -0.8667 0.0064 0.4988
vn -0.8668 0.0064 0.4987
vn -0.8658 0.0205 0.5000
vn -0.8657 0.0205 0.5002
vn -0.8638 0.0345 0.5026
vn -0.8636 0.0345 0.5029
vn -0.8608 0.0485 0.5067
vn -0.8605 0.0485 0.5072
vn -0.8566 0.0625 0.5121
vn -0.8563 0.0625 0.5127
vn -0.8523 0.0739 0.5178
vn -0.8597 0.0721 0.5056
vn -0.8676 -0.0719 0.4921
vn -0.9253 -0.0818 0.3703
vn -0.9282 -0.0701 0.3655
vn -0.9284 -0.0702 0.3649
vn -0.9315 -0.0536 0.3598
vn -0.9317 -0.0537 0.3592
vn -0.9339 -0.0372 0.3555
vn -0.9341 -0.0372 0.3552
vn -0.9355 -0.0209 0.3527
vn -0.9356 -0.0209 0.3525
vn -0.9361 -0.0068 0.3517
vn -0.9362 -0.0068 0.3515
vn -0.9362 0.0074 0.3515
vn -0.9361 0.0074 0.3516
vn -0.9353 0.0239 0.3530
vn -0.9353 0.0239 0.3531
vn -0.9337 0.0403 0.3557
vn -0.9336 0.0403 0.3562
vn -0.9312 0.0568 0.3602
vn -0.9309 0.0568 0.3608
vn -0.9277 0.0733 0.3661
vn -0.9274 0.0733 0.3668
vn -0.9243 0.0856 0.3720
vn -0.9285 0.0846 0.3617
vn -0.9364 -0.0847 0.3405
vn -0.9726 -0.0927 0.2134
vn -0.9748 -0.0786 0.2088
vn -0.9750 -0.0786 0.2079
vn -0.9773 -0.0600 0.2031
vn -0.9774 -0.0600 0.2025
vn -0.9792 -0.0416 0.1988
vn -0.9792 -0.0416 0.1985
vn -0.9803 -0.0233 0.1963
vn -0.9803 -0.0233 0.1959
vn -0.9807 -0.0076 0.1952
vn -0.9808 -0.0076 0.1951
vn -0.9808 0.0083 0.1951
vn -0.9807 0.0083 0.1951
vn -0.9802 0.0267 0.1963
vn -0.9801 0.0267 0.1967
vn -0.9789 0.0451 0.1991
vn -0.9788 0.0451 0.1996
vn -0.9770 0.0635 0.2034
vn -0.9769 0.0635 0.2040
vn -0.9744 0.0821 0.2092
vn -0.9743 0.0821 0.2099
vn -0.9719 0.0963 0.2148
vn -0.9629 0.0984 0.2512
vn -0.9798 -0.0957 0.1757
vn -0.9936 -0.1014 0.0492
vn -0.9954 -0.0850 0.0453
vn -0.9954 -0.0850 0.0442
vn -0.9971 -0.0648 0.0404
vn -0.9971 -0.0648 0.0396
vn -0.9983 -0.0449 0.0368
vn -0.9983 -0.0449 0.0363
vn -0.9991 -0.0251 0.0345
vn -0.9991 -0.0251 0.0342
vn -0.9994 -0.0081 0.0335
vn -0.9994 -0.0081 0.0334
vn -0.9994 0.0089 0.0334
vn -0.9990 0.0288 0.0345
vn -0.9990 0.0288 0.0348
vn -0.9981 0.0486 0.0368
vn -0.9981 0.0486 0.0373
vn -0.9968 0.0686 0.0404
vn -0.9968 0.0686 0.0412
vn -0.9950 0.0888 0.0452
vn -0.9950 0.0888 0.0464
vn -0.9931 0.1061 0.0507
vn -0.9943 0.1059 0.0150
vn -0.9945 -0.1044 -0.0026
vn -0.9872 -0.1078 -0.1177
vn -0.9887 -0.0890 -0.1203
vn -0.9886 -0.0891 -0.1214
vn -0.9900 -0.0678 -0.1239
vn -0.9899 -0.0679 -0.1248
vn -0.9909 -0.0469 -0.1265
vn -0.9908 -0.0470 -0.1271
vn -0.9914 -0.0263 -0.1283
vn -0.9914 -0.0263 -0.1286
vn -0.9916 -0.0085 -0.1290
vn -0.9916 -0.0085 -0.1292
vn -0.9916 0.0093 -0.1292
vn -0.9916 0.0093 -0.1290
vn -0.9913 0.0301 -0.1285
vn -0.9913 0.0301 -0.1279
vn -0.9906 0.0509 -0.1268
vn -0.9907 0.0509 -0.1262
vn -0.9897 0.0718 -0.1242
vn -0.9898 0.0719 -0.1232
vn -0.9883 0.0931 -0.1207
vn -0.9884 0.0931 -0.1196
vn -0.9869 0.1117 -0.1167
vn -0.9793 0.1119 -0.1689
vn -0.9527 0.1144 -0.2817
vn -0.9545 0.0948 -0.2826
vn -0.9541 0.0949 -0.2839
vn -0.9558 0.0731 -0.2848
vn -0.9555 0.0732 -0.2857
vn -0.9567 0.0518 -0.2863
vn -0.9565 0.0518 -0.2871
vn -0.9573 0.0306 -0.2875
vn -0.9572 0.0306 -0.2878
vn -0.9576 0.0095 -0.2880
vn -0.9575 0.0095 -0.2882
vn -0.9575 -0.0087 -0.2882
vn -0.9576 -0.0087 -0.2881
vn -0.9573 -0.0267 -0.2880
vn -0.9574 -0.0267 -0.2876
vn -0.9567 -0.0478 -0.2873
vn -0.9569 -0.0478 -0.2866
vn -0.9557 -0.0690 -0.2860
vn -0.9560 -0.0691 -0.2851
vn -0.9544 -0.0907 -0.2844
vn -0.9548 -0.0908 -0.2830
vn -0.9530 -0.1110 -0.2821
vn -0.9592 -0.1122 -0.2596
vn -0.8898 0.1099 -0.4428
vn -0.9541 0.1123 -0.2775
vn -0.9052 -0.1133 -0.4095
vn -0.8196 -0.1081 -0.5627
vn -0.4631 -0.0786 -0.8828
vn -0.1695 -0.0453 -0.9845
vn -0.0091 -0.0307 -0.9995
vn -0.0081 0.0460 -0.9989
vn 0.2340 0.0082 -0.9722
vn 0.1516 -0.0155 -0.9883
vn 0.2343 -0.0075 -0.9721
vn -0.6008 -0.0907 -0.7943
vn -0.5493 -0.0864 -0.8311
vn -0.7619 -0.1042 -0.6393
vn -0.6933 -0.0983 -0.7139
vn -0.9354 -0.1154 -0.3341
vn -0.9565 -0.1156 -0.2679
vn -0.8521 0.1091 -0.5118
vn -0.7424 0.1035 -0.6619
vn -0.6087 0.0953 -0.7876
vn -0.4704 0.0849 -0.8783
vn -0.2198 0.0562 -0.9739
vn 0.2334 -0.0075 -0.9724
vn 0.2324 -0.0060 -0.9726
vn 0.2317 -0.0043 -0.9728
vn 0.2316 -0.0043 -0.9728
vn 0.2311 -0.0026 -0.9729
vn 0.2308 -0.0009 -0.9730
vn 0.2308 0.0006 -0.9730
vn 0.2310 0.0022 -0.9730
vn 0.2314 0.0039 -0.9728
vn 0.2315 0.0039 -0.9728
vn 0.2321 0.0056 -0.9727
vn 0.2322 0.0056 -0.9727
vn 0.2331 0.0072 -0.9724
vn 0.2332 0.0072 -0.9724
vn 0.2339 0.0082 -0.9722
vn 0.1497 0.0171 -0.9886
vn 0.0799 0.0259 -0.9965
vn 0.0767 0.0215 -0.9968
vn 0.0765 0.0215 -0.9968
vn 0.0738 0.0165 -0.9971
vn 0.0736 0.0165 -0.9971
vn 0.0716 0.0115 -0.9974
vn 0.0715 0.0115 -0.9974
vn 0.0702 0.0065 -0.9975
vn 0.0701 0.0065 -0.9975
vn 0.0696 0.0019 -0.9976
vn 0.0695 0.0019 -0.9976
vn 0.0696 -0.0028 -0.9976
vn 0.0704 -0.0079 -0.9975
vn 0.0719 -0.0129 -0.9973
vn 0.0721 -0.0129 -0.9973
vn 0.0743 -0.0179 -0.9971
vn 0.0745 -0.0179 -0.9971
vn 0.0775 -0.0229 -0.9967
vn 0.0739 -0.0230 -0.9970
vn 0.0719 0.0253 -0.9971
vn -0.0789 0.0403 -0.9961
vn -0.0823 0.0353 -0.9960
vn -0.0826 0.0353 -0.9960
vn -0.0869 0.0271 -0.9958
vn -0.0872 0.0271 -0.9958
vn -0.0904 0.0189 -0.9957
vn -0.0906 0.0189 -0.9957
vn -0.0926 0.0106 -0.9956
vn -0.0927 0.0106 -0.9956
vn -0.0935 0.0031 -0.9956
vn -0.0935 -0.0045 -0.9956
vn -0.0922 -0.0129 -0.9957
vn -0.0921 -0.0129 -0.9957
vn -0.0897 -0.0211 -0.9957
vn -0.0896 -0.0211 -0.9958
vn -0.0861 -0.0293 -0.9959
vn -0.0858 -0.0293 -0.9959
vn -0.0810 -0.0378 -0.9960
vn -0.0877 -0.0381 -0.9954
vn -0.0844 0.0414 -0.9956
vn -0.2359 0.0550 -0.9702
vn -0.2401 0.0482 -0.9696
vn -0.2405 0.0483 -0.9694
vn -0.2459 0.0370 -0.9686
vn -0.2463 0.0370 -0.9685
vn -0.2502 0.0258 -0.9678
vn -0.2505 0.0258 -0.9678
vn -0.2530 0.0145 -0.9674
vn -0.2531 0.0145 -0.9673
vn -0.2541 0.0042 -0.9672
vn -0.2542 0.0042 -0.9671
vn -0.2541 -0.0061 -0.9671
vn -0.2541 -0.0061 -0.9672
vn -0.2526 -0.0175 -0.9674
vn -0.2524 -0.0175 -0.9675
vn -0.2495 -0.0288 -0.9679
vn -0.2492 -0.0288 -0.9680
vn -0.2448 -0.0401 -0.9687
vn -0.2445 -0.0401 -0.9688
vn -0.2384 -0.0519 -0.9698
vn -0.2542 -0.0526 -0.9657
vn -0.2530 -0.0542 -0.9659
vn -0.3927 0.0600 -0.9177
vn -0.3932 0.0600 -0.9175
vn -0.3990 0.0460 -0.9158
vn -0.3994 0.0460 -0.9156
vn -0.4037 0.0320 -0.9143
vn -0.4040 0.0320 -0.9142
vn -0.4067 0.0180 -0.9134
vn -0.4068 0.0180 -0.9133
vn -0.4080 0.0052 -0.9130
vn -0.4079 -0.0076 -0.9130
vn -0.4078 -0.0076 -0.9130
vn -0.4062 -0.0217 -0.9135
vn -0.4061 -0.0217 -0.9136
vn -0.4029 -0.0358 -0.9145
vn -0.4026 -0.0358 -0.9147
vn -0.3979 -0.0498 -0.9161
vn -0.3974 -0.0498 -0.9163
vn -0.3913 -0.0638 -0.9181
vn -0.3907 -0.0638 -0.9183
vn -0.3840 -0.0759 -0.9202
vn -0.3917 -0.0721 -0.9173
vn -0.2989 0.0615 -0.9523
vn -0.3855 0.0695 -0.9201
vn -0.3875 0.0699 -0.9192
vn -0.5311 0.0820 -0.8434
vn -0.5361 0.0703 -0.8412
vn -0.5367 0.0703 -0.8408
vn -0.5422 0.0537 -0.8385
vn -0.5427 0.0538 -0.8382
vn -0.5467 0.0373 -0.8365
vn -0.5471 0.0374 -0.8362
vn -0.5496 0.0210 -0.8351
vn -0.5498 0.0210 -0.8350
vn -0.5508 0.0061 -0.8346
vn -0.5509 0.0061 -0.8346
vn -0.5508 -0.0089 -0.8346
vn -0.5492 -0.0254 -0.8353
vn -0.5490 -0.0254 -0.8354
vn -0.5460 -0.0418 -0.8367
vn -0.5457 -0.0418 -0.8369
vn -0.5413 -0.0583 -0.8388
vn -0.5407 -0.0583 -0.8392
vn -0.5348 -0.0748 -0.8417
vn -0.5341 -0.0748 -0.8421
vn -0.5290 -0.0862 -0.8442
vn -0.4985 -0.0938 -0.8618
vn -0.5318 0.0829 -0.8428
vn -0.6616 0.0929 -0.7441
vn -0.6662 0.0787 -0.7416
vn -0.6668 0.0788 -0.7410
vn -0.6715 0.0601 -0.7385
vn -0.6720 0.0602 -0.7381
vn -0.6755 0.0417 -0.7362
vn -0.6758 0.0417 -0.7359
vn -0.6780 0.0234 -0.7347
vn -0.6782 0.0234 -0.7345
vn -0.6791 0.0068 -0.7340
vn -0.6791 -0.0099 -0.7340
vn -0.6790 -0.0099 -0.7341
vn -0.6777 -0.0283 -0.7348
vn -0.6774 -0.0283 -0.7350
vn -0.6749 -0.0467 -0.7364
vn -0.6745 -0.0467 -0.7368
vn -0.6708 -0.0652 -0.7388
vn -0.6702 -0.0652 -0.7393
vn -0.6651 -0.0838 -0.7420
vn -0.6644 -0.0838 -0.7426
vn -0.6600 -0.0970 -0.7450
vn -0.6419 -0.0998 -0.7602
vn -0.6638 0.0940 -0.7420
vn -0.7752 0.1016 -0.6234
vn -0.7790 0.0851 -0.6212
vn -0.7796 0.0852 -0.6204
vn -0.7832 0.0649 -0.6183
vn -0.7838 0.0650 -0.6177
vn -0.7864 0.0450 -0.6161
vn -0.7867 0.0450 -0.6157
vn -0.7884 0.0252 -0.6147
vn -0.7886 0.0253 -0.6145
vn -0.7892 0.0073 -0.6140
vn -0.7893 0.0073 -0.6140
vn -0.7892 -0.0107 -0.6140
vn -0.7892 -0.0107 -0.6141
vn -0.7882 -0.0305 -0.6146
vn -0.7879 -0.0305 -0.6150
vn -0.7860 -0.0504 -0.6162
vn -0.7857 -0.0504 -0.6166
vn -0.7827 -0.0704 -0.6184
vn -0.7822 -0.0704 -0.6191
vn -0.7783 -0.0907 -0.6213
vn -0.7776 -0.0907 -0.6222
vn -0.7737 -0.1068 -0.6244
vn -0.8077 -0.1075 -0.5797
vn -0.7896 0.1036 -0.6048
vn -0.8681 0.1078 -0.4845
vn -0.8710 0.0892 -0.4832
vn -0.8715 0.0893 -0.4823
vn -0.8740 0.0679 -0.4811
vn -0.8745 0.0680 -0.4803
vn -0.8763 0.0471 -0.4794
vn -0.8766 0.0471 -0.4789
vn -0.8777 0.0264 -0.4785
vn -0.8779 0.0264 -0.4780
vn -0.8784 0.0077 -0.4779
vn -0.8784 0.0077 -0.4778
vn -0.8784 -0.0112 -0.4777
vn -0.8783 -0.0112 -0.4779
vn -0.8777 -0.0319 -0.4782
vn -0.8775 -0.0319 -0.4786
vn -0.8761 -0.0527 -0.4793
vn -0.8758 -0.0528 -0.4798
vn -0.8738 -0.0737 -0.4807
vn -0.8733 -0.0738 -0.4816
vn -0.8705 -0.0950 -0.4828
vn -0.8699 -0.0951 -0.4839
vn -0.8674 -0.1110 -0.4851
vn -0.8640 -0.1116 -0.4909
vn -0.9364 -0.1152 -0.3315
vn -0.9384 -0.0968 -0.3318
vn -0.9388 -0.0968 -0.3305
vn -0.9407 -0.0750 -0.3308
vn -0.9410 -0.0751 -0.3298
vn -0.9424 -0.0536 -0.3300
vn -0.9427 -0.0537 -0.3294
vn -0.9436 -0.0325 -0.3294
vn -0.9438 -0.0325 -0.3290
vn -0.9442 -0.0113 -0.3292
vn -0.9443 -0.0113 -0.3290
vn -0.9443 0.0078 -0.3289
vn -0.9443 0.0078 -0.3290
vn -0.9440 0.0268 -0.3289
vn -0.9438 0.0269 -0.3294
vn -0.9430 0.0479 -0.3292
vn -0.9428 0.0479 -0.3298
vn -0.9416 0.0691 -0.3296
vn -0.9413 0.0692 -0.3305
vn -0.9395 0.0908 -0.3303
vn -0.9391 0.0909 -0.3315
vn -0.9371 0.1110 -0.3311
vn -0.9282 0.1124 -0.3547
vn -0.9315 -0.1540 -0.3296
vn -0.7042 -0.6552 -0.2734
vn -0.4405 -0.8771 -0.1915
vn -0.5490 -0.8199 -0.1622
vn -0.8609 -0.4540 -0.2295
vn -0.9467 -0.1738 -0.2714
vn -0.9541 -0.1455 -0.2618
vn -0.9573 -0.1184 -0.2636
vn -0.9315 -0.2594 -0.2549
vn -0.9407 -0.2189 -0.2591
vn -0.9404 -0.2227 -0.2568
vn -0.9524 -0.1541 -0.2629
vn -0.9474 -0.1542 -0.2804
vn -0.8865 -0.3956 -0.2399
vn -0.8739 -0.4134 -0.2558
vn -0.8970 -0.3698 -0.2420
vn -0.9196 -0.3016 -0.2516
vn -0.9165 -0.3076 -0.2556
vn -0.9288 -0.2698 -0.2539
vn -0.7421 -0.6536 -0.1486
vn -0.7195 -0.6650 -0.2004
vn -0.7804 -0.5917 -0.2021
vn -0.8325 -0.5112 -0.2138
vn -0.7944 -0.5446 -0.2690
vn -0.8351 -0.5019 -0.2250
vn -0.5533 -0.8225 -0.1317
vn -0.7795 -0.5994 -0.1818
vn -0.7079 -0.6554 -0.2633
vn -0.8314 -0.4543 -0.3200
vn -0.8136 -0.4914 -0.3107
vn -0.8062 -0.5246 -0.2736
vn -0.8075 -0.5115 -0.2938
vn -0.7684 -0.5648 -0.3009
vn -0.7527 -0.5879 -0.2964
vn -0.8484 -0.4184 -0.3241
vn -0.8622 -0.3957 -0.3162
vn -0.8686 -0.3699 -0.3298
vn -0.8935 -0.3016 -0.3327
vn -0.8894 -0.3099 -0.3360
vn -0.8767 -0.3472 -0.3330
vn -0.9140 -0.2228 -0.3390
vn -0.9098 -0.2349 -0.3422
vn -0.9012 -0.2682 -0.3405
vn -0.9370 -0.1097 -0.3316
vn -0.9259 -0.1501 -0.3468
vn -0.9172 -0.1986 -0.3455
vn -0.8047 -0.5113 -0.3018
vn -0.8046 -0.5115 -0.3017
vn -0.8622 -0.3955 -0.3165
vn -0.8621 -0.3957 -0.3164
vn -0.8966 -0.3015 -0.3243
vn -0.8966 -0.3017 -0.3242
vn -0.9180 -0.2227 -0.3281
vn -0.9180 -0.2229 -0.3280
vn -0.9314 -0.1542 -0.3297
vn -0.9245 -0.1541 -0.3486
vn -0.6157 -0.7372 -0.2783
vn -0.5913 -0.7882 -0.1705
vn -0.5618 -0.7946 -0.2303
vn -0.5285 -0.8228 -0.2089
vn -0.5350 -0.8231 -0.1904
vn -0.9371 -0.1541 -0.3131
vn -0.9243 -0.2228 -0.3099
vn -0.9243 -0.2227 -0.3100
vn -0.9036 -0.3016 -0.3043
vn -0.9036 -0.3016 -0.3044
vn -0.8698 -0.3957 -0.2946
vn -0.8131 -0.5116 -0.2777
vn -0.7135 -0.6556 -0.2470
vn -0.7136 -0.6556 -0.2470
vn -0.5348 -0.8232 -0.1904
vn -0.5449 -0.8232 -0.1595
vn -0.5450 -0.8231 -0.1594
vn -0.7227 -0.6556 -0.2186
vn -0.8214 -0.5115 -0.2523
vn -0.8214 -0.5116 -0.2523
vn -0.8772 -0.3957 -0.2719
vn -0.8772 -0.3956 -0.2719
vn -0.9102 -0.3016 -0.2839
vn -0.9303 -0.2228 -0.2915
vn -0.9303 -0.2227 -0.2916
vn -0.9425 -0.1540 -0.2966
vn -0.9372 -0.1540 -0.3131
vn -0.5541 -0.8220 -0.1316
vn -0.7305 -0.6552 -0.1925
vn -0.8284 -0.5114 -0.2284
vn -0.8285 -0.5113 -0.2285
vn -0.8836 -0.3957 -0.2503
vn -0.8837 -0.3955 -0.2504
vn -0.9160 -0.3017 -0.2643
vn -0.9161 -0.3015 -0.2644
vn -0.9356 -0.2229 -0.2737
vn -0.9357 -0.2227 -0.2738
vn -0.9475 -0.1540 -0.2803
vn -0.4018 0.7450 0.5324
vn -0.6076 0.1121 0.7863
vn -0.3132 0.8421 0.4390
vn -0.2821 0.8695 0.4053
vn -0.1090 0.9828 0.1492
vn -0.5119 0.4447 0.7350
vn -0.4906 0.5137 0.7038
vn -0.4892 0.5222 0.6986
vn -0.4642 0.5862 0.6641
vn -0.4254 0.6711 0.6071
vn -0.4239 0.6732 0.6059
vn -0.3625 0.7758 0.5166
vn -0.5531 0.2252 0.8021
vn -0.5541 0.2217 0.8024
vn -0.5461 0.2767 0.7907
vn -0.5685 0.1085 0.8155
vn -0.5605 0.1444 0.8155
vn -0.5567 0.1851 0.8099
vn -0.5578 0.1551 0.8154
vn -0.6023 0.1551 0.7830
vn -0.6049 0.1450 0.7830
vn -0.5772 0.3059 0.7571
vn -0.5438 0.3059 0.7815
vn -0.5397 0.3211 0.7782
vn -0.5736 0.3155 0.7559
vn -0.5849 0.2728 0.7638
vn -0.5923 0.2252 0.7736
vn -0.5935 0.2215 0.7738
vn -0.5992 0.1849 0.7790
vn -0.5367 0.4393 0.7204
vn -0.5442 0.4223 0.7249
vn -0.5615 0.3773 0.7364
vn -0.5254 0.3877 0.7573
vn -0.5241 0.4026 0.7505
vn -0.5536 0.4025 0.7290
vn -0.5158 0.5222 0.6792
vn -0.5189 0.5068 0.6884
vn -0.4449 0.6712 0.5930
vn -0.4529 0.6598 0.5996
vn -0.4908 0.5819 0.6485
vn -0.1183 0.9787 0.1680
vn -0.1234 0.9787 0.1643
vn -0.0293 0.9970 0.0719
vn -0.1517 0.9671 0.2043
vn -0.2272 0.9259 0.3018
vn -0.3243 0.8421 0.4310
vn -0.2366 0.9063 0.3501
vn -0.3334 0.8321 0.4433
vn -0.4456 -0.1095 0.8885
vn -0.6083 -0.1123 0.7857
vn -0.3891 0.1092 0.9147
vn -0.0242 0.0905 0.9956
vn 0.1398 0.0783 0.9871
vn 0.4470 0.0494 0.8932
vn 0.5817 0.0339 0.8127
vn 0.7602 0.0064 0.6496
vn 0.7607 0.0075 0.6491
vn 0.5535 0.0404 0.8319
vn 0.2919 0.0653 0.9542
vn 0.3649 0.0578 0.9292
vn -0.2152 0.1017 0.9712
vn -0.1186 0.0967 0.9882
vn -0.5442 0.1130 0.8313
vn -0.6196 0.1188 0.7758
vn -0.3778 -0.1097 0.9194
vn -0.2376 -0.1028 0.9659
vn -0.1834 -0.1044 0.9775
vn -0.0680 -0.0944 0.9932
vn -0.0250 -0.0955 0.9951
vn 0.1338 -0.0848 0.9874
vn 0.1117 -0.0842 0.9902
vn 0.0859 -0.0841 0.9927
vn 0.2727 -0.0718 0.9594
vn 0.4016 -0.0582 0.9139
vn 0.4361 -0.0596 0.8979
vn 0.7585 -0.0085 0.6517
vn 0.7605 0.0075 0.6493
vn 0.7599 0.0059 0.6500
vn 0.7598 0.0059 0.6501
vn 0.7594 0.0042 0.6507
vn 0.7590 0.0025 0.6511
vn 0.7591 0.0025 0.6510
vn 0.7588 0.0008 0.6513
vn 0.7589 0.0008 0.6512
vn 0.7588 -0.0007 0.6513
vn 0.7589 -0.0007 0.6512
vn 0.7590 -0.0022 0.6511
vn 0.7593 -0.0039 0.6508
vn 0.7593 -0.0039 0.6507
vn 0.7598 -0.0055 0.6502
vn 0.7597 -0.0055 0.6502
vn 0.7604 -0.0072 0.6495
vn 0.7605 -0.0072 0.6493
vn 0.7604 -0.0070 0.6494
vn 0.6470 -0.0259 0.7621
vn 0.6500 -0.0244 0.7595
vn 0.6484 -0.0214 0.7610
vn 0.6483 -0.0215 0.7611
vn 0.6462 -0.0165 0.7630
vn 0.6461 -0.0165 0.7631
vn 0.6445 -0.0115 0.7645
vn 0.6435 -0.0065 0.7654
vn 0.6434 -0.0065 0.7655
vn 0.6431 -0.0021 0.7658
vn 0.6430 -0.0021 0.7658
vn 0.6430 0.0023 0.7659
vn 0.6431 0.0023 0.7658
vn 0.6436 0.0074 0.7654
vn 0.6437 0.0074 0.7653
vn 0.6447 0.0125 0.7643
vn 0.6448 0.0125 0.7642
vn 0.6464 0.0174 0.7628
vn 0.6466 0.0174 0.7627
vn 0.6487 0.0224 0.7607
vn 0.6489 0.0224 0.7606
vn 0.6513 0.0268 0.7583
vn 0.6494 0.0251 0.7600
vn 0.5811 -0.0332 0.8131
vn 0.5230 -0.0418 0.8513
vn 0.5194 -0.0352 0.8538
vn 0.5191 -0.0352 0.8540
vn 0.5155 -0.0270 0.8565
vn 0.5153 -0.0271 0.8566
vn 0.5127 -0.0188 0.8583
vn 0.5125 -0.0189 0.8585
vn 0.5109 -0.0106 0.8596
vn 0.5108 -0.0106 0.8597
vn 0.5101 -0.0034 0.8601
vn 0.5102 -0.0034 0.8601
vn 0.5101 0.0038 0.8601
vn 0.5110 0.0121 0.8595
vn 0.5111 0.0121 0.8594
vn 0.5130 0.0204 0.8581
vn 0.5132 0.0204 0.8580
vn 0.5160 0.0286 0.8561
vn 0.5162 0.0286 0.8560
vn 0.5200 0.0367 0.8534
vn 0.5203 0.0367 0.8532
vn 0.5294 0.0527 0.8467
vn 0.4938 0.0444 0.8684
vn 0.5155 -0.0411 0.8559
vn 0.3802 -0.0552 0.9233
vn 0.3763 -0.0481 0.9252
vn 0.3759 -0.0482 0.9254
vn 0.3710 -0.0369 0.9279
vn 0.3707 -0.0370 0.9280
vn 0.3672 -0.0257 0.9298
vn 0.3669 -0.0257 0.9299
vn 0.3646 -0.0144 0.9310
vn 0.3645 -0.0144 0.9311
vn 0.3637 -0.0047 0.9315
vn 0.3636 -0.0047 0.9316
vn 0.3635 0.0051 0.9316
vn 0.3636 0.0051 0.9316
vn 0.3648 0.0165 0.9309
vn 0.3650 0.0165 0.9309
vn 0.3675 0.0278 0.9296
vn 0.3678 0.0278 0.9295
vn 0.3716 0.0391 0.9276
vn 0.3719 0.0391 0.9274
vn 0.3770 0.0503 0.9248
vn 0.3775 0.0502 0.9246
vn 0.3826 0.0592 0.9220
vn 0.4252 0.0705 0.9024
vn 0.3447 -0.0589 0.9368
vn 0.2272 -0.0693 0.9714
vn 0.2224 -0.0599 0.9731
vn 0.2218 -0.0600 0.9732
vn 0.2162 -0.0459 0.9753
vn 0.2157 -0.0459 0.9754
vn 0.2115 -0.0319 0.9768
vn 0.2112 -0.0319 0.9769
vn 0.2086 -0.0179 0.9778
vn 0.2084 -0.0179 0.9779
vn 0.2074 -0.0058 0.9782
vn 0.2073 -0.0058 0.9783
vn 0.2073 0.0064 0.9783
vn 0.2074 0.0064 0.9782
vn 0.2088 0.0205 0.9777
vn 0.2090 0.0205 0.9777
vn 0.2119 0.0346 0.9767
vn 0.2123 0.0346 0.9766
vn 0.2167 0.0486 0.9750
vn 0.2172 0.0486 0.9749
vn 0.2231 0.0626 0.9728
vn 0.2238 0.0626 0.9726
vn 0.2298 0.0740 0.9704
vn 0.2161 0.0722 0.9737
vn 0.2008 -0.0719 0.9770
vn 0.0666 -0.0819 0.9944
vn 0.0614 -0.0702 0.9956
vn 0.0606 -0.0703 0.9957
vn 0.0548 -0.0537 0.9971
vn 0.0542 -0.0537 0.9971
vn 0.0500 -0.0373 0.9981
vn 0.0496 -0.0373 0.9981
vn 0.0469 -0.0209 0.9987
vn 0.0466 -0.0209 0.9987
vn 0.0456 -0.0068 0.9989
vn 0.0455 0.0074 0.9989
vn 0.0456 0.0074 0.9989
vn 0.0470 0.0239 0.9986
vn 0.0473 0.0239 0.9986
vn 0.0503 0.0404 0.9979
vn 0.0507 0.0404 0.9979
vn 0.0553 0.0568 0.9969
vn 0.0559 0.0568 0.9968
vn 0.0620 0.0733 0.9954
vn 0.0628 0.0733 0.9953
vn 0.0685 0.0857 0.9940
vn 0.0575 0.0847 0.9947
vn 0.0349 -0.0848 0.9958
vn -0.0974 -0.0928 0.9909
vn -0.1025 -0.0787 0.9916
vn -0.1034 -0.0787 0.9915
vn -0.1087 -0.0600 0.9923
vn -0.1094 -0.0601 0.9922
vn -0.1133 -0.0416 0.9927
vn -0.1138 -0.0417 0.9926
vn -0.1162 -0.0233 0.9930
vn -0.1165 -0.0233 0.9929
vn -0.1174 -0.0076 0.9931
vn -0.1175 -0.0076 0.9930
vn -0.1175 0.0083 0.9930
vn -0.1174 0.0083 0.9930
vn -0.1161 0.0267 0.9929
vn -0.1158 0.0267 0.9929
vn -0.1131 0.0451 0.9926
vn -0.1125 0.0451 0.9926
vn -0.1084 0.0636 0.9921
vn -0.1077 0.0636 0.9921
vn -0.1021 0.0822 0.9914
vn -0.1012 0.0822 0.9915
vn -0.0959 0.0964 0.9907
vn -0.0585 0.0986 0.9934
vn -0.1357 -0.0958 0.9861
vn -0.2605 -0.1015 0.9601
vn -0.2648 -0.0851 0.9605
vn -0.2658 -0.0851 0.9603
vn -0.2700 -0.0648 0.9607
vn -0.2707 -0.0649 0.9605
vn -0.2738 -0.0449 0.9607
vn -0.2743 -0.0449 0.9606
vn -0.2763 -0.0251 0.9608
vn -0.2765 -0.0252 0.9607
vn -0.2772 -0.0082 0.9608
vn -0.2773 -0.0082 0.9607
vn -0.2774 0.0089 0.9607
vn -0.2773 0.0089 0.9608
vn -0.2762 0.0288 0.9607
vn -0.2759 0.0288 0.9608
vn -0.2737 0.0487 0.9606
vn -0.2731 0.0487 0.9607
vn -0.2699 0.0687 0.9604
vn -0.2691 0.0687 0.9607
vn -0.2647 0.0889 0.9602
vn -0.2636 0.0889 0.9605
vn -0.2589 0.1062 0.9600
vn -0.2937 0.1060 0.9500
vn -0.3101 -0.1045 0.9449
vn -0.4175 -0.1079 0.9022
vn -0.4205 -0.0891 0.9029
vn -0.4216 -0.0892 0.9024
vn -0.4243 -0.0679 0.9030
vn -0.4252 -0.0679 0.9026
vn -0.4271 -0.0470 0.9030
vn -0.4277 -0.0470 0.9027
vn -0.4289 -0.0263 0.9030
vn -0.4292 -0.0263 0.9028
vn -0.4297 -0.0085 0.9029
vn -0.4298 -0.0085 0.9029
vn -0.4298 0.0093 0.9029
vn -0.4297 0.0094 0.9029
vn -0.4290 0.0301 0.9028
vn -0.4286 0.0301 0.9030
vn -0.4273 0.0509 0.9027
vn -0.4266 0.0510 0.9030
vn -0.4245 0.0719 0.9026
vn -0.4237 0.0719 0.9029
vn -0.4208 0.0932 0.9023
vn -0.4197 0.0932 0.9029
vn -0.4166 0.1118 0.9022
vn -0.4635 0.1120 0.8790
vn -0.5630 0.1145 0.8185
vn -0.5646 0.0949 0.8199
vn -0.5656 0.0949 0.8192
vn -0.5669 0.0732 0.8205
vn -0.5679 0.0732 0.8199
vn -0.5688 0.0518 0.8209
vn -0.5694 0.0518 0.8204
vn -0.5700 0.0306 0.8211
vn -0.5704 0.0307 0.8208
vn -0.5706 0.0095 0.8211
vn -0.5708 0.0095 0.8211
vn -0.5707 -0.0087 0.8211
vn -0.5705 -0.0267 0.8209
vn -0.5702 -0.0268 0.8211
vn -0.5696 -0.0478 0.8205
vn -0.5690 -0.0478 0.8209
vn -0.5681 -0.0691 0.8201
vn -0.5674 -0.0691 0.8206
vn -0.5661 -0.0908 0.8193
vn -0.5650 -0.0908 0.8201
vn -0.5636 -0.1111 0.8186
vn -0.5440 -0.1123 0.8315
vn -0.6975 0.1100 0.7081
vn -0.5610 0.1125 0.8201
vn -0.6699 -0.1134 0.7337
vn -0.7890 -0.1081 0.6048
vn -0.9826 -0.0785 0.1683
vn -0.9887 -0.0452 -0.1428
vn -0.9536 -0.0307 -0.2995
vn -0.9526 0.0459 -0.3007
vn -0.8527 0.0082 -0.5223
vn -0.8935 -0.0155 -0.4489
vn -0.8526 -0.0075 -0.5225
vn -0.9415 -0.0906 0.3247
vn -0.9604 -0.0864 0.2649
vn -0.8440 -0.1041 0.5261
vn -0.8938 -0.0983 0.4376
vn -0.6076 -0.1155 0.7858
vn -0.5542 -0.1154 0.8244
vn -0.7508 0.1092 0.6515
vn -0.8596 0.1035 0.5004
vn -0.9377 0.0953 0.3340
vn -0.9809 0.0848 0.1749
vn -0.9942 0.0561 -0.0922
vn -0.8531 -0.0075 -0.5217
vn -0.8536 -0.0060 -0.5209
vn -0.8540 -0.0043 -0.5202
vn -0.8541 -0.0043 -0.5201
vn -0.8544 -0.0026 -0.5197
vn -0.8545 -0.0009 -0.5195
vn -0.8545 0.0006 -0.5195
vn -0.8546 0.0006 -0.5194
vn -0.8544 0.0022 -0.5196
vn -0.8544 0.0022 -0.5197
vn -0.8542 0.0039 -0.5200
vn -0.8541 0.0039 -0.5201
vn -0.8537 0.0056 -0.5207
vn -0.8532 0.0072 -0.5215
vn -0.8528 0.0082 -0.5222
vn -0.8941 0.0171 -0.4475
vn -0.9232 0.0259 -0.3834
vn -0.9245 0.0215 -0.3805
vn -0.9246 0.0215 -0.3803
vn -0.9257 0.0165 -0.3778
vn -0.9258 0.0165 -0.3776
vn -0.9266 0.0115 -0.3758
vn -0.9267 0.0115 -0.3756
vn -0.9272 0.0065 -0.3744
vn -0.9275 0.0019 -0.3739
vn -0.9274 0.0019 -0.3739
vn -0.9275 -0.0027 -0.3739
vn -0.9274 -0.0027 -0.3739
vn -0.9271 -0.0078 -0.3746
vn -0.9271 -0.0078 -0.3747
vn -0.9265 -0.0129 -0.3762
vn -0.9264 -0.0129 -0.3763
vn -0.9256 -0.0179 -0.3782
vn -0.9254 -0.0179 -0.3785
vn -0.9242 -0.0228 -0.3812
vn -0.9256 -0.0230 -0.3779
vn -0.9263 0.0252 -0.3759
vn -0.9717 0.0402 -0.2326
vn -0.9727 0.0352 -0.2294
vn -0.9728 0.0353 -0.2289
vn -0.9740 0.0271 -0.2248
vn -0.9741 0.0271 -0.2247
vn -0.9750 0.0189 -0.2216
vn -0.9750 0.0189 -0.2214
vn -0.9756 0.0106 -0.2195
vn -0.9756 0.0106 -0.2193
vn -0.9758 0.0031 -0.2185
vn -0.9758 0.0031 -0.2186
vn -0.9758 -0.0045 -0.2186
vn -0.9755 -0.0128 -0.2198
vn -0.9754 -0.0128 -0.2199
vn -0.9748 -0.0211 -0.2222
vn -0.9747 -0.0211 -0.2224
vn -0.9737 -0.0293 -0.2258
vn -0.9737 -0.0293 -0.2259
vn -0.9723 -0.0377 -0.2305
vn -0.9738 -0.0380 -0.2241
vn -0.9730 0.0413 -0.2271
vn -0.9956 0.0549 -0.0757
vn -0.9963 0.0481 -0.0715
vn -0.9963 0.0482 -0.0710
vn -0.9972 0.0369 -0.0656
vn -0.9972 0.0370 -0.0654
vn -0.9978 0.0257 -0.0614
vn -0.9978 0.0258 -0.0611
vn -0.9982 0.0145 -0.0586
vn -0.9982 0.0145 -0.0585
vn -0.9983 0.0042 -0.0574
vn -0.9983 0.0042 -0.0573
vn -0.9983 -0.0061 -0.0574
vn -0.9983 -0.0061 -0.0575
vn -0.9981 -0.0175 -0.0590
vn -0.9981 -0.0175 -0.0592
vn -0.9977 -0.0288 -0.0621
vn -0.9976 -0.0288 -0.0623
vn -0.9970 -0.0400 -0.0667
vn -0.9969 -0.0400 -0.0671
vn -0.9960 -0.0518 -0.0732
vn -0.9970 -0.0525 -0.0569
vn -0.9968 -0.0542 -0.0582
vn -0.9942 0.0599 0.0893
vn -0.9941 0.0600 0.0898
vn -0.9943 0.0459 0.0960
vn -0.9943 0.0460 0.0963
vn -0.9944 0.0319 0.1008
vn -0.9944 0.0320 0.1012
vn -0.9944 0.0180 0.1040
vn -0.9944 0.0180 0.1041
vn -0.9944 0.0052 0.1053
vn -0.9944 0.0052 0.1052
vn -0.9944 -0.0076 0.1052
vn -0.9944 -0.0217 0.1035
vn -0.9944 -0.0217 0.1033
vn -0.9943 -0.0358 0.1000
vn -0.9944 -0.0358 0.0995
vn -0.9943 -0.0498 0.0947
vn -0.9943 -0.0498 0.0943
vn -0.9941 -0.0637 0.0879
vn -0.9941 -0.0637 0.0872
vn -0.9939 -0.0758 0.0803
vn -0.9935 -0.0721 0.0885
vn -0.9981 0.0614 -0.0100
vn -0.9942 0.0694 0.0818
vn -0.9940 0.0698 0.0839
vn -0.9664 0.0820 0.2436
vn -0.9660 0.0702 0.2490
vn -0.9658 0.0703 0.2497
vn -0.9653 0.0537 0.2557
vn -0.9651 0.0537 0.2562
vn -0.9647 0.0373 0.2606
vn -0.9646 0.0373 0.2610
vn -0.9644 0.0210 0.2638
vn -0.9643 0.0210 0.2640
vn -0.9642 0.0061 0.2651
vn -0.9642 0.0061 0.2652
vn -0.9642 -0.0089 0.2650
vn -0.9644 -0.0253 0.2633
vn -0.9644 -0.0254 0.2631
vn -0.9647 -0.0418 0.2599
vn -0.9649 -0.0418 0.2594
vn -0.9653 -0.0582 0.2546
vn -0.9654 -0.0582 0.2541
vn -0.9659 -0.0747 0.2477
vn -0.9662 -0.0747 0.2468
vn -0.9666 -0.0862 0.2413
vn -0.9739 -0.0937 0.2066
vn -0.9661 0.0828 0.2445
vn -0.9126 0.0929 0.3983
vn -0.9116 0.0787 0.4034
vn -0.9113 0.0788 0.4041
vn -0.9103 0.0601 0.4095
vn -0.9101 0.0601 0.4100
vn -0.9093 0.0417 0.4140
vn -0.9092 0.0417 0.4143
vn -0.9087 0.0234 0.4168
vn -0.9086 0.0234 0.4170
vn -0.9085 0.0068 0.4179
vn -0.9084 0.0068 0.4181
vn -0.9084 -0.0099 0.4180
vn -0.9085 -0.0099 0.4178
vn -0.9087 -0.0283 0.4164
vn -0.9088 -0.0283 0.4162
vn -0.9094 -0.0467 0.4133
vn -0.9096 -0.0467 0.4129
vn -0.9104 -0.0652 0.4087
vn -0.9107 -0.0652 0.4080
vn -0.9116 -0.0838 0.4023
vn -0.9121 -0.0838 0.4013
vn -0.9129 -0.0969 0.3964
vn -0.9218 -0.0997 0.3746
vn -0.9112 0.0940 0.4010
vn -0.8332 0.1016 0.5436
vn -0.8322 0.0851 0.5478
vn -0.8317 0.0852 0.5487
vn -0.8307 0.0649 0.5529
vn -0.8304 0.0650 0.5534
vn -0.8297 0.0450 0.5565
vn -0.8293 0.0450 0.5569
vn -0.8289 0.0252 0.5588
vn -0.8287 0.0253 0.5591
vn -0.8286 0.0073 0.5598
vn -0.8285 0.0073 0.5599
vn -0.8285 -0.0107 0.5599
vn -0.8286 -0.0107 0.5597
vn -0.8289 -0.0305 0.5586
vn -0.8290 -0.0305 0.5584
vn -0.8296 -0.0504 0.5561
vn -0.8299 -0.0504 0.5556
vn -0.8306 -0.0704 0.5524
vn -0.8312 -0.0704 0.5515
vn -0.8320 -0.0907 0.5473
vn -0.8327 -0.0907 0.5462
vn -0.8337 -0.1068 0.5418
vn -0.8014 -0.1074 0.5884
vn -0.8198 0.1036 0.5631
vn -0.7299 0.1078 0.6750
vn -0.7295 0.0892 0.6781
vn -0.7287 0.0893 0.6790
vn -0.7284 0.0680 0.6818
vn -0.7278 0.0680 0.6824
vn -0.7276 0.0471 0.6844
vn -0.7272 0.0471 0.6849
vn -0.7270 0.0264 0.6862
vn -0.7268 0.0264 0.6864
vn -0.7267 0.0077 0.6869
vn -0.7266 -0.0112 0.6869
vn -0.7267 -0.0112 0.6868
vn -0.7268 -0.0319 0.6861
vn -0.7272 -0.0320 0.6857
vn -0.7273 -0.0528 0.6843
vn -0.7278 -0.0528 0.6837
vn -0.7280 -0.0737 0.6816
vn -0.7287 -0.0738 0.6809
vn -0.7290 -0.0951 0.6778
vn -0.7298 -0.0951 0.6770
vn -0.7302 -0.1111 0.6741
vn -0.7347 -0.1116 0.6691
vn -0.6054 -0.1153 0.7875
vn -0.6063 -0.0968 0.7893
vn -0.6052 -0.0969 0.7901
vn -0.6061 -0.0751 0.7918
vn -0.6053 -0.0751 0.7925
vn -0.6059 -0.0537 0.7937
vn -0.6053 -0.0537 0.7942
vn -0.6057 -0.0325 0.7950
vn -0.6054 -0.0325 0.7953
vn -0.6056 -0.0113 0.7957
vn -0.6055 -0.0114 0.7958
vn -0.6054 0.0078 0.7959
vn -0.6055 0.0078 0.7958
vn -0.6054 0.0269 0.7955
vn -0.6057 0.0269 0.7953
vn -0.6053 0.0479 0.7945
vn -0.6059 0.0479 0.7941
vn -0.6053 0.0692 0.7930
vn -0.6061 0.0692 0.7924
vn -0.6053 0.0909 0.7908
vn -0.6063 0.0910 0.7900
vn -0.6053 0.1111 0.7882
vn -0.6249 0.1124 0.7726
vn -0.6021 -0.1541 0.7834
vn -0.4781 -0.6554 0.5846
vn -0.3186 -0.8771 0.3593
vn -0.3242 -0.8202 0.4714
vn -0.4850 -0.4542 0.7473
vn -0.5514 -0.1739 0.8160
vn -0.5445 -0.1456 0.8260
vn -0.5476 -0.1185 0.8283
vn -0.5309 -0.2595 0.8067
vn -0.5378 -0.2190 0.8141
vn -0.5356 -0.2229 0.8145
vn -0.5451 -0.1542 0.8241
vn -0.5602 -0.1543 0.8138
vn -0.5028 -0.3958 0.7684
vn -0.5139 -0.4136 0.7515
vn -0.5080 -0.3700 0.7778
vn -0.5242 -0.3018 0.7963
vn -0.5270 -0.3079 0.7921
vn -0.5292 -0.2700 0.8044
vn -0.3711 -0.6541 0.6591
vn -0.4133 -0.6653 0.6218
vn -0.4339 -0.5918 0.6793
vn -0.4611 -0.5115 0.7251
vn -0.5019 -0.5449 0.6717
vn -0.4726 -0.5022 0.7242
vn -0.2964 -0.8228 0.4850
vn -0.4143 -0.5996 0.6847
vn -0.4697 -0.6556 0.5912
vn -0.5619 -0.4543 0.6913
vn -0.5476 -0.4917 0.6771
vn -0.5099 -0.5249 0.6815
vn -0.5295 -0.5118 0.6765
vn -0.5242 -0.5650 0.6372
vn -0.5152 -0.5881 0.6235
vn -0.5711 -0.4186 0.7061
vn -0.5679 -0.3959 0.7216
vn -0.5827 -0.3701 0.7235
vn -0.5933 -0.3018 0.7463
vn -0.5951 -0.3101 0.7414
vn -0.5885 -0.3475 0.7301
vn -0.6057 -0.2229 0.7638
vn -0.6074 -0.2351 0.7588
vn -0.6031 -0.2683 0.7512
vn -0.6057 -0.1109 0.7879
vn -0.6167 -0.1502 0.7727
vn -0.6128 -0.1987 0.7648
vn -0.4781 -0.6555 0.5846
vn -0.5363 -0.5116 0.6714
vn -0.5362 -0.5117 0.6713
vn -0.5682 -0.3958 0.7215
vn -0.5681 -0.3959 0.7215
vn -0.5862 -0.3017 0.7519
vn -0.5861 -0.3019 0.7519
vn -0.5966 -0.2228 0.7710
vn -0.5964 -0.2230 0.7711
vn -0.6022 -0.1543 0.7833
vn -0.6180 -0.1542 0.7709
vn -0.4554 -0.7374 0.4989
vn -0.3452 -0.7884 0.5092
vn -0.3930 -0.7947 0.4626
vn -0.3623 -0.8230 0.4375
vn -0.3467 -0.8233 0.4494
vn -0.5882 -0.1542 0.7939
vn -0.5811 -0.2229 0.7827
vn -0.5812 -0.2228 0.7827
vn -0.5694 -0.3018 0.7647
vn -0.5497 -0.3960 0.7356
vn -0.5497 -0.3959 0.7356
vn -0.5160 -0.5118 0.6869
vn -0.4559 -0.6559 0.6017
vn -0.3467 -0.8234 0.4492
vn -0.3203 -0.8234 0.4684
vn -0.3203 -0.8233 0.4685
vn -0.4317 -0.6559 0.6192
vn -0.4943 -0.5119 0.7026
vn -0.4943 -0.5118 0.7026
vn -0.5303 -0.3960 0.7497
vn -0.5303 -0.3959 0.7497
vn -0.5520 -0.3018 0.7773
vn -0.5655 -0.2229 0.7941
vn -0.5655 -0.2228 0.7940
vn -0.5741 -0.1541 0.8042
vn -0.5881 -0.1541 0.7939
vn -0.2966 -0.8222 0.4858
vn -0.4092 -0.6555 0.6347
vn -0.4738 -0.5117 0.7167
vn -0.4739 -0.5116 0.7167
vn -0.5117 -0.3959 0.7625
vn -0.5119 -0.3958 0.7625
vn -0.5351 -0.3019 0.7890
vn -0.5352 -0.3017 0.7890
vn -0.5501 -0.2230 0.8047
vn -0.5503 -0.2228 0.8047
vn -0.5601 -0.1541 0.8140
vn -0.5741 -0.1542 0.8041
vn 0.2132 -0.0000 -0.9770
vn 0.1327 0.0002 -0.9912
vn 0.2272 -0.0004 -0.9738
vn 0.0801 0.0004 -0.9968
vn 0.1439 -0.0000 -0.9896
vn 0.0159 -0.0000 -0.9999
vn 0.0652 -0.0002 -0.9979
vn -0.0624 0.0003 -0.9981
vn -0.0879 0.0004 -0.9961
vn -0.0212 -0.0000 -0.9998
vn -0.1575 -0.0000 -0.9875
vn -0.1099 -0.0003 -0.9939
vn -0.2329 0.0003 -0.9725
vn -0.2538 0.0004 -0.9673
vn -0.1920 -0.0000 -0.9814
vn -0.3290 -0.0000 -0.9443
vn -0.2698 -0.0004 -0.9629
vn -0.4074 0.0004 -0.9132
vn -0.3502 -0.0000 -0.9367
vn -0.4574 -0.0000 -0.8892
vn -0.5238 0.0003 -0.8519
vn -0.4306 -0.0004 -0.9025
vn -0.5602 0.0004 -0.8284
vn -0.5053 -0.0000 -0.8629
vn -0.5911 -0.0000 -0.8066
vn -0.6273 0.0001 -0.7788
vn -0.6644 0.0003 -0.7473
vn -0.5737 -0.0005 -0.8190
vn -0.6925 0.0005 -0.7214
vn -0.6404 -0.0000 -0.7681
vn -0.7146 -0.0000 -0.6996
vn -0.7051 -0.0000 -0.7091
vn -0.7714 0.0001 -0.6364
vn -0.7624 -0.0000 -0.6471
vn 0.3222 -0.0000 -0.9467
vn 0.4009 0.0005 -0.9161
vn 0.3234 -0.0000 -0.9463
vn 0.9421 -0.0000 -0.3355
vn 0.8235 0.0005 0.5674
vn 0.8947 -0.0006 0.4467
vn 0.8540 -0.0000 0.5202
vn 0.9000 0.0006 0.4360
vn 0.8668 -0.0000 0.4987
vn 0.8953 -0.0000 0.4454
vn 0.9275 -0.0000 0.3739
vn 0.9561 -0.0005 0.2931
vn 0.9614 0.0005 0.2752
vn 0.9232 0.0002 0.3844
vn 0.9501 -0.0000 0.3120
vn 0.9786 -0.0000 0.2058
vn 0.9921 -0.0006 0.1256
vn 0.9946 0.0005 0.1042
vn 0.9686 0.0004 0.2487
vn 0.9847 -0.0000 0.1740
vn 0.9990 -0.0000 0.0452
vn 0.9991 -0.0005 -0.0420
vn 0.9969 0.0004 0.0790
vn 1.0000 -0.0000 0.0091
vn 0.9911 -0.0000 -0.1333
vn 0.9983 0.0005 -0.0586
vn 0.9967 0.0003 -0.0816
vn 0.9875 -0.0000 -0.1576
vn 0.9581 -0.0000 -0.2865
vn 0.9601 0.0002 -0.2797
vn 0.9296 -0.0005 -0.3686
vn 0.9745 0.0005 -0.2243
vn 0.9685 0.0004 -0.2491
vn 0.9233 0.0005 -0.3841
vn 0.8564 -0.0005 -0.5163
vn 0.8970 -0.0000 -0.4420
vn 0.8996 0.0002 -0.4366
vn 0.8610 -0.0000 -0.5087
vn 0.8013 -0.0000 -0.5982
vn 0.8007 -0.0000 -0.5991
vn 0.7492 -0.0000 -0.6624
vn 0.6579 0.0326 -0.7524
vn 0.3419 0.7232 -0.6001
vn 0.4449 0.4102 -0.7961
vn 0.4494 0.0193 -0.8931
vn 0.1158 0.9771 -0.1786
vn 0.1222 0.9735 -0.1935
vn 0.4644 0.7342 -0.4953
vn 0.4756 0.7903 -0.3862
vn 0.7904 0.5967 0.1387
vn -0.0179 0.8474 -0.5307
vn 0.5653 0.5503 -0.6145
vn 0.5581 0.5821 -0.5913
vn 0.5981 0.6212 -0.5063
vn 0.5057 0.6626 -0.5524
vn 0.4653 0.7236 -0.5098
vn 0.5767 0.5244 -0.6265
vn 0.6253 0.4696 -0.6233
vn 0.6111 0.4584 -0.6453
vn 0.6526 0.3072 -0.6927
vn 0.6468 0.3443 -0.6805
vn 0.6507 0.3492 -0.6742
vn 0.6278 0.3918 -0.6726
vn 0.6205 0.4099 -0.6685
vn 0.6554 0.2943 -0.6956
vn 0.6711 0.2525 -0.6970
vn 0.6706 0.2517 -0.6978
vn 0.6901 0.1472 -0.7085
vn 0.6884 0.1673 -0.7058
vn 0.6941 0.1882 -0.6949
vn 0.6875 0.1712 -0.7058
vn 0.6761 0.2093 -0.7064
vn 0.6743 0.2210 -0.7046
vn 0.6924 0.1245 -0.7107
vn 0.7024 0.0993 -0.7048
vn 0.7016 0.0907 -0.7068
vn 0.7111 0.0326 -0.7024
vn 0.7174 0.0168 -0.6965
vn 0.7036 0.0516 -0.7087
vn 0.4389 0.1996 -0.8761
vn 0.4673 0.1713 -0.8674
vn 0.4627 0.2210 -0.8585
vn 0.4589 0.1725 -0.8716
vn 0.4616 0.1471 -0.8748
vn 0.4641 0.0994 -0.8802
vn 0.4480 0.1207 -0.8859
vn 0.4563 0.0927 -0.8850
vn 0.4497 0.3494 -0.8220
vn 0.4465 0.3513 -0.8230
vn 0.4581 0.3074 -0.8341
vn 0.4655 0.2527 -0.8482
vn 0.4248 0.2825 -0.8601
vn 0.4572 0.2528 -0.8527
vn 0.3844 0.6246 -0.6798
vn 0.2002 0.6342 -0.7468
vn 0.3198 0.6128 -0.7226
vn 0.3909 0.5821 -0.7130
vn 0.4107 0.5501 -0.7272
vn 0.4328 0.4702 -0.7692
vn 0.3581 0.4909 -0.7942
vn 0.4301 0.4478 -0.7839
vn 0.3030 0.7534 -0.5836
vn 0.0432 0.7673 -0.6398
vn 0.4341 0.8467 -0.3075
vn 0.1343 0.9771 -0.1652
vn 0.1465 0.9735 -0.1759
vn 0.2624 0.9096 -0.3221
vn 0.3689 0.8117 -0.4529
vn 0.4935 0.6240 -0.6059
vn 0.4935 0.6240 -0.6058
vn 0.5576 0.4695 -0.6845
vn 0.5919 0.3490 -0.7266
vn 0.5919 0.3489 -0.7266
vn 0.6111 0.2523 -0.7502
vn 0.6223 0.1711 -0.7639
vn 0.6285 0.0993 -0.7715
vn 0.6312 0.0326 -0.7749
vn 0.6161 -0.0060 -0.7876
vn 0.4981 0.0326 -0.8665
vn 0.4580 0.0326 -0.8884
vn 0.4488 0.0482 -0.8923
vn 0.2358 0.9011 -0.3640
vn 0.3194 0.8069 -0.4969
vn 0.3173 0.8117 -0.4904
vn 0.4245 0.6241 -0.6560
vn 0.4245 0.6240 -0.6560
vn 0.4796 0.4696 -0.7413
vn 0.5091 0.3490 -0.7868
vn 0.5256 0.2523 -0.8124
vn 0.5352 0.1711 -0.8272
vn 0.5405 0.0993 -0.8354
vn 0.5430 0.0283 -0.8393
vn 0.5448 0.0326 -0.8379
vn -0.8637 -0.0000 -0.5040
vn -0.9019 0.0002 -0.4319
vn -0.8564 -0.0004 -0.5163
vn -0.9234 0.0004 -0.3837
vn -0.8970 -0.0000 -0.4420
vn -0.9462 -0.0000 -0.3237
vn -0.9291 -0.0002 -0.3698
vn -0.9686 0.0003 -0.2488
vn -0.9745 0.0004 -0.2244
vn -0.9575 -0.0000 -0.2885
vn -0.9878 -0.0000 -0.1554
vn -0.9793 -0.0003 -0.2026
vn -0.9969 0.0003 -0.0788
vn -0.9983 0.0004 -0.0582
vn -0.9927 -0.0000 -0.1208
vn -0.9998 -0.0000 0.0206
vn -0.9992 -0.0004 -0.0408
vn -0.9945 0.0004 0.1048
vn -0.9991 -0.0000 0.0431
vn -0.9872 -0.0000 0.1595
vn -0.9722 0.0003 0.2341
vn -0.9915 -0.0004 0.1301
vn -0.9612 0.0004 0.2760
vn -0.9770 -0.0000 0.2131
vn -0.9501 -0.0000 0.3119
vn -0.9349 0.0001 0.3550
vn -0.9166 0.0003 0.3999
vn -0.9565 -0.0005 0.2917
vn -0.9005 0.0005 0.4348
vn -0.9288 -0.0000 0.3707
vn -0.8867 -0.0000 0.4624
vn -0.8929 -0.0000 0.4503
vn -0.8443 0.0001 0.5359
vn -0.8517 -0.0000 0.5241
vn -0.8014 -0.0000 -0.5982
vn -0.7470 0.0005 -0.6648
vn -0.8007 -0.0000 -0.5991
vn -0.0284 -0.0000 -0.9996
vn 0.7950 0.0004 -0.6066
vn 0.7022 -0.0006 -0.7120
vn 0.7595 -0.0000 -0.6506
vn 0.6930 0.0006 -0.7209
vn 0.7429 -0.0000 -0.6693
vn 0.7014 -0.0000 -0.7127
vn 0.6430 -0.0000 -0.7658
vn 0.5754 -0.0005 -0.8179
vn 0.5605 0.0005 -0.8281
vn 0.6517 0.0002 -0.7585
vn 0.5912 -0.0000 -0.8066
vn 0.4989 -0.0000 -0.8667
vn 0.4252 -0.0006 -0.9051
vn 0.4070 0.0005 -0.9134
vn 0.5363 0.0004 -0.8440
vn 0.4705 -0.0000 -0.8824
vn 0.3522 -0.0000 -0.9359
vn 0.2692 -0.0005 -0.9631
vn 0.3839 0.0004 -0.9234
vn 0.3179 -0.0000 -0.9481
vn 0.1795 -0.0000 -0.9838
vn 0.2533 0.0005 -0.9674
vn 0.2307 0.0003 -0.9730
vn 0.1552 -0.0000 -0.9879
vn 0.0233 -0.0000 -0.9997
vn 0.0301 0.0002 -0.9995
vn -0.0640 -0.0005 -0.9980
vn 0.0878 0.0005 -0.9961
vn 0.0622 0.0004 -0.9981
vn -0.0801 0.0005 -0.9968
vn -0.2273 -0.0005 -0.9738
vn -0.1439 -0.0000 -0.9896
vn -0.1380 0.0002 -0.9904
vn -0.2186 -0.0000 -0.9758
vn -0.3222 -0.0000 -0.9467
vn -0.3233 -0.0000 -0.9463
vn -0.4002 -0.0000 -0.9164
vn -0.4982 0.0326 -0.8664
vn -0.4657 0.7232 -0.5100
vn -0.6205 0.4100 -0.6685
vn -0.7113 0.0193 -0.7026
vn -0.1343 0.9771 -0.1652
vn -0.1465 0.9735 -0.1759
vn -0.3282 0.7344 -0.5941
vn -0.2208 0.7906 -0.5712
vn 0.3765 0.5969 -0.7084
vn -0.5104 0.8473 -0.1470
vn -0.4105 0.5505 -0.7269
vn -0.3907 0.5822 -0.7130
vn -0.2974 0.6215 -0.7248
vn -0.3699 0.6626 -0.6513
vn -0.3416 0.7237 -0.5997
vn -0.4184 0.5246 -0.7415
vn -0.4005 0.4697 -0.7868
vn -0.4258 0.4585 -0.7801
vn -0.4581 0.3074 -0.8341
vn -0.4483 0.3444 -0.8249
vn -0.4411 0.3493 -0.8267
vn -0.4466 0.3918 -0.8044
vn -0.4449 0.4101 -0.7961
vn -0.4599 0.2945 -0.8377
vn -0.4565 0.2526 -0.8531
vn -0.4574 0.2518 -0.8529
vn -0.4616 0.1475 -0.8747
vn -0.4595 0.1674 -0.8723
vn -0.4474 0.1883 -0.8743
vn -0.4598 0.1713 -0.8713
vn -0.4639 0.2094 -0.8608
vn -0.4628 0.2208 -0.8586
vn -0.4630 0.1245 -0.8776
vn -0.4543 0.0994 -0.8853
vn -0.4564 0.0907 -0.8851
vn -0.4493 0.0326 -0.8928
vn -0.4418 0.0170 -0.8970
vn -0.4576 0.0517 -0.8876
vn -0.6984 0.1996 -0.6873
vn -0.6814 0.1713 -0.7116
vn -0.6743 0.2208 -0.7046
vn -0.6879 0.1724 -0.7050
vn -0.6901 0.1471 -0.7086
vn -0.6945 0.0994 -0.7126
vn -0.7049 0.1207 -0.6990
vn -0.7015 0.0926 -0.7066
vn -0.6436 0.3493 -0.6810
vn -0.6456 0.3511 -0.6782
vn -0.6526 0.3072 -0.6927
vn -0.6637 0.2526 -0.7040
vn -0.6875 0.2823 -0.6690
vn -0.6705 0.2528 -0.6975
vn -0.5284 0.6245 -0.5751
vn -0.6491 0.6339 -0.4207
vn -0.5892 0.6125 -0.5270
vn -0.5580 0.5820 -0.5915
vn -0.5654 0.5500 -0.6146
vn -0.5986 0.4700 -0.6486
vn -0.6454 0.4908 -0.5853
vn -0.6134 0.4477 -0.6506
vn -0.4620 0.7533 -0.4681
vn -0.5957 0.7669 -0.2385
vn -0.1587 0.8469 -0.5075
vn -0.1158 0.9771 -0.1786
vn -0.1222 0.9735 -0.1935
vn -0.2257 0.9096 -0.3489
vn -0.3173 0.8117 -0.4904
vn -0.4245 0.6240 -0.6561
vn -0.4245 0.6241 -0.6560
vn -0.4796 0.4696 -0.7413
vn -0.5091 0.3490 -0.7868
vn -0.5256 0.2523 -0.8124
vn -0.5352 0.1711 -0.8272
vn -0.5405 0.0993 -0.8354
vn -0.5429 0.0326 -0.8391
vn -0.5449 0.0281 -0.8380
vn -0.6579 0.0326 -0.7524
vn -0.7042 0.0326 -0.7093
vn -0.7108 0.0481 -0.7017
vn -0.2737 0.9011 -0.3364
vn -0.3745 0.8068 -0.4570
vn -0.3689 0.8117 -0.4529
vn -0.4935 0.6240 -0.6058
vn -0.4935 0.6240 -0.6059
vn -0.5576 0.4695 -0.6845
vn -0.5919 0.3490 -0.7266
vn -0.6111 0.2523 -0.7502
vn -0.6223 0.1711 -0.7639
vn -0.6285 0.0993 -0.7715
vn -0.6316 0.0079 -0.7753
vn -0.6158 0.0326 -0.7872
vn -0.7470 -0.0000 0.6648
vn -0.6903 0.0002 0.7235
vn -0.7564 -0.0004 0.6541
vn -0.6511 0.0004 0.7590
vn -0.6984 -0.0000 0.7157
vn -0.6010 -0.0000 0.7992
vn -0.6397 -0.0002 0.7686
vn -0.5367 0.0003 0.8438
vn -0.5147 0.0004 0.8574
vn -0.5710 -0.0000 0.8209
vn -0.4537 -0.0000 0.8912
vn -0.4960 -0.0003 0.8683
vn -0.3838 0.0003 0.9234
vn -0.3641 0.0004 0.9314
vn -0.4222 -0.0000 0.9065
vn -0.2896 -0.0000 0.9571
vn -0.3485 -0.0004 0.9373
vn -0.2079 0.0004 0.9781
vn -0.2680 -0.0000 0.9634
vn -0.1533 -0.0000 0.9882
vn -0.0776 0.0003 0.9970
vn -0.1827 -0.0004 0.9832
vn -0.0341 0.0004 0.9994
vn -0.0991 -0.0000 0.9951
vn 0.0034 -0.0000 1.0000
vn 0.0492 0.0001 0.9988
vn 0.0978 0.0003 0.9952
vn -0.0184 -0.0005 0.9998
vn 0.1362 0.0005 0.9907
vn 0.0661 -0.0000 0.9978
vn 0.1666 -0.0000 0.9860
vn 0.1531 -0.0000 0.9882
vn 0.2496 0.0001 0.9683
vn 0.2361 -0.0000 0.9717
vn -0.8172 -0.0000 0.5763
vn -0.8628 0.0005 0.5056
vn -0.8179 -0.0000 0.5753
vn -0.9596 -0.0000 -0.2815
vn -0.3323 0.0004 -0.9432
vn -0.4618 -0.0006 -0.8870
vn -0.3850 -0.0000 -0.9229
vn -0.4724 0.0006 -0.8814
vn -0.4080 -0.0000 -0.9130
vn -0.4623 -0.0000 -0.8867
vn -0.5307 -0.0000 -0.8476
vn -0.6014 -0.0006 -0.7990
vn -0.6154 0.0005 -0.7882
vn -0.5210 0.0002 -0.8535
vn -0.5855 -0.0000 -0.8107
vn -0.6709 -0.0000 -0.7415
vn -0.7306 -0.0006 -0.6828
vn -0.7435 0.0005 -0.6687
vn -0.6379 0.0004 -0.7701
vn -0.6947 -0.0000 -0.7193
vn -0.7820 -0.0000 -0.6233
vn -0.8333 -0.0005 -0.5528
vn -0.7604 0.0004 -0.6495
vn -0.8040 -0.0000 -0.5946
vn -0.8805 -0.0000 -0.4741
vn -0.8424 0.0005 -0.5389
vn -0.8545 0.0003 -0.5195
vn -0.8919 -0.0000 -0.4523
vn -0.9438 -0.0000 -0.3306
vn -0.9415 0.0002 -0.3370
vn -0.9690 -0.0005 -0.2472
vn -0.9207 0.0005 -0.3903
vn -0.9301 0.0004 -0.3673
vn -0.9727 0.0005 -0.2322
vn -0.9964 -0.0005 -0.0850
vn -0.9856 -0.0000 -0.1689
vn -0.9846 0.0002 -0.1747
vn -0.9956 -0.0000 -0.0938
vn -0.9999 -0.0000 0.0135
vn -0.9999 -0.0000 0.0146
vn -0.9951 -0.0000 0.0984
vn -0.9451 0.0326 0.3250
vn -0.6293 0.7232 0.2846
vn -0.8280 0.4099 0.3826
vn -0.8647 0.0022 0.5023
vn -0.1988 0.9771 0.0765
vn -0.2127 0.9734 0.0848
vn -0.6676 0.7334 0.1286
vn -0.6120 0.7902 0.0332
vn -0.5583 0.5967 -0.5764
vn -0.2964 0.8496 0.4363
vn -0.8187 0.5500 0.1652
vn -0.7992 0.5819 0.1507
vn -0.7816 0.6210 0.0585
vn -0.7340 0.6624 0.1501
vn -0.6762 0.7235 0.1389
vn -0.8349 0.5242 0.1682
vn -0.8723 0.4693 0.1371
vn -0.8738 0.4582 0.1632
vn -0.9350 0.3071 0.1772
vn -0.9233 0.3441 0.1708
vn -0.9228 0.3490 0.1634
vn -0.9033 0.3915 0.1755
vn -0.8950 0.4098 0.1765
vn -0.9391 0.2942 0.1779
vn -0.9526 0.2524 0.1698
vn -0.9527 0.2515 0.1707
vn -0.9747 0.1472 0.1680
vn -0.9717 0.1672 0.1667
vn -0.9699 0.1881 0.1547
vn -0.9709 0.1711 0.1673
vn -0.9622 0.2092 0.1745
vn -0.9597 0.2208 0.1741
vn -0.9778 0.1244 0.1684
vn -0.9825 0.0993 0.1578
vn -0.9830 0.0906 0.1598
vn -0.9816 0.0326 0.1882
vn -0.9857 0.0516 0.1602
vn -0.9907 0.0036 0.1359
vn -0.9906 0.0140 0.1358
vn -0.8897 0.0326 0.4553
vn -0.8923 0.0442 0.4493
vn -0.8624 0.0293 0.5054
vn -0.8700 0.1995 0.4508
vn -0.8879 0.1712 0.4271
vn -0.8790 0.2209 0.4226
vn -0.8836 0.1723 0.4354
vn -0.8876 0.1473 0.4364
vn -0.8928 0.0993 0.4393
vn -0.8831 0.1206 0.4533
vn -0.8894 0.0926 0.4477
vn -0.8470 0.3492 0.4007
vn -0.8450 0.3510 0.4034
vn -0.8609 0.3072 0.4056
vn -0.8752 0.2525 0.4127
vn -0.8493 0.2823 0.4461
vn -0.8711 0.2527 0.4211
vn -0.7107 0.6244 0.3241
vn -0.6012 0.6339 0.4866
vn -0.6838 0.6124 0.3967
vn -0.7355 0.5818 0.3472
vn -0.7598 0.5498 0.3471
vn -0.8024 0.4698 0.3680
vn -0.7567 0.4907 0.4321
vn -0.8088 0.4475 0.3815
vn -0.5884 0.7532 0.2942
vn -0.4114 0.7671 0.4922
vn -0.5320 0.8467 -0.0063
vn -0.2058 0.9771 0.0548
vn -0.2220 0.9734 0.0563
vn -0.4018 0.9095 0.1066
vn -0.5648 0.8115 0.1498
vn -0.7555 0.6237 0.2003
vn -0.8536 0.4693 0.2263
vn -0.9059 0.3487 0.2402
vn -0.9354 0.2521 0.2480
vn -0.9524 0.1710 0.2525
vn -0.9618 0.0992 0.2550
vn -0.9661 0.0325 0.2562
vn -0.4049 0.9009 0.1560
vn -0.5508 0.8066 0.2144
vn -0.5451 0.8115 0.2104
vn -0.7292 0.6238 0.2815
vn -0.7292 0.6238 0.2814
vn -0.8238 0.4693 0.3180
vn -0.8743 0.3488 0.3375
vn -0.9028 0.2522 0.3485
vn -0.9028 0.2521 0.3485
vn -0.9192 0.1710 0.3548
vn -0.9283 0.0992 0.3583
vn -0.9324 0.0325 0.3599
vn -0.9265 -0.0016 0.3763
vn 0.9951 -0.0000 -0.0993
vn 0.9837 0.0002 -0.1801
vn 0.9964 -0.0004 -0.0849
vn 0.9728 0.0004 -0.2317
vn 0.9856 -0.0000 -0.1689
vn 0.9559 -0.0000 -0.2936
vn 0.9693 -0.0002 -0.2457
vn 0.9300 0.0003 -0.3675
vn 0.9204 0.0004 -0.3910
vn 0.9444 -0.0000 -0.3287
vn 0.8909 -0.0000 -0.4543
vn 0.9117 -0.0003 -0.4109
vn 0.8532 0.0003 -0.5216
vn 0.8421 0.0004 -0.5393
vn 0.8745 -0.0000 -0.4851
vn 0.7970 -0.0000 -0.6039
vn 0.8327 -0.0004 -0.5538
vn 0.7436 0.0004 -0.6686
vn 0.7832 -0.0000 -0.6217
vn 0.7052 -0.0000 -0.7090
vn 0.6492 0.0003 -0.7606
vn 0.7260 -0.0004 -0.6877
vn 0.6151 0.0004 -0.7884
vn 0.6654 -0.0000 -0.7465
vn 0.5857 -0.0000 -0.8106
vn 0.5477 0.0001 -0.8367
vn 0.5064 0.0003 -0.8623
vn 0.6034 -0.0005 -0.7975
vn 0.4725 0.0005 -0.8813
vn 0.5336 -0.0000 -0.8457
vn 0.4455 -0.0000 -0.8953
vn 0.4577 -0.0000 -0.8891
vn 0.3679 0.0001 -0.9299
vn 0.3808 -0.0000 -0.9246
vn 0.9999 -0.0000 0.0135
vn 0.9952 0.0006 0.0979
vn 0.9999 -0.0000 0.0147
vn 0.6110 -0.0000 0.7916
vn -0.2862 0.0004 0.9582
vn -0.1489 -0.0006 0.9889
vn -0.2317 -0.0000 0.9728
vn -0.1365 0.0006 0.9906
vn -0.2073 -0.0000 0.9783
vn -0.1475 -0.0000 0.9891
vn -0.0695 -0.0000 0.9976
vn 0.0160 -0.0005 0.9999
vn 0.0338 0.0005 0.9994
vn -0.0809 0.0002 0.9967
vn -0.0035 -0.0000 1.0000
vn 0.1065 -0.0000 0.9943
vn 0.1891 -0.0006 0.9820
vn 0.2083 0.0005 0.9781
vn 0.0629 0.0004 0.9980
vn 0.1388 -0.0000 0.9903
vn 0.2659 -0.0000 0.9640
vn 0.3490 -0.0005 0.9371
vn 0.2330 0.0004 0.9725
vn 0.3008 -0.0000 0.9537
vn 0.4337 -0.0000 0.9011
vn 0.3643 0.0005 0.9313
vn 0.3861 0.0003 0.9224
vn 0.4557 -0.0000 0.8901
vn 0.5693 -0.0000 0.8221
vn 0.5635 0.0002 0.8261
vn 0.6389 -0.0005 0.7693
vn 0.5153 0.0005 0.8570
vn 0.5369 0.0004 0.8436
vn 0.6513 0.0005 0.7589
vn 0.7564 -0.0005 0.6541
vn 0.6984 -0.0000 0.7157
vn 0.6941 0.0002 0.7199
vn 0.7506 -0.0000 0.6607
vn 0.8173 -0.0000 0.5762
vn 0.8179 -0.0000 0.5754
vn 0.8637 -0.0000 0.5040
vn 0.6765 0.7232 0.1392
vn 0.8949 0.4098 0.1765
vn 0.9906 0.0137 0.1358
vn 0.2058 0.9771 0.0548
vn 0.2220 0.9734 0.0563
vn 0.6152 0.7337 0.2884
vn 0.5146 0.7903 0.3326
vn 0.1123 0.5970 0.7943
vn 0.5012 0.8465 -0.1796
vn 0.7596 0.5501 0.3470
vn 0.7354 0.5819 0.3473
vn 0.6668 0.6212 0.4116
vn 0.6822 0.6623 0.3098
vn 0.6288 0.7236 0.2846
vn 0.7745 0.5242 0.3541
vn 0.7865 0.4694 0.4012
vn 0.8031 0.4582 0.3810
vn 0.8608 0.3073 0.4056
vn 0.8476 0.3441 0.4039
vn 0.8429 0.3491 0.4095
vn 0.8342 0.3916 0.3883
vn 0.8280 0.4099 0.3826
vn 0.8646 0.2941 0.4075
vn 0.8708 0.2524 0.4219
vn 0.8714 0.2516 0.4212
vn 0.8876 0.1471 0.4364
vn 0.8845 0.1673 0.4356
vn 0.8759 0.1882 0.4444
vn 0.8842 0.1711 0.4347
vn 0.8813 0.2092 0.4237
vn 0.8790 0.2208 0.4226
vn 0.8624 0.0293 0.5054
vn 0.8647 0.0016 0.5023
vn 0.8904 0.1244 0.4379
vn 0.8879 0.0993 0.4492
vn 0.8895 0.0906 0.4478
vn 0.8927 0.0326 0.4495
vn 0.8894 0.0427 0.4551
vn 0.9857 0.0516 0.1602
vn 0.9907 0.0037 0.1359
vn 0.9816 0.0326 0.1883
vn 0.9690 0.1995 0.1460
vn 0.9695 0.1712 0.1756
vn 0.9597 0.2208 0.1741
vn 0.9709 0.1723 0.1664
vn 0.9748 0.1469 0.1680
vn 0.9807 0.0993 0.1687
vn 0.9811 0.1206 0.1516
vn 0.9828 0.0926 0.1598
vn 0.9210 0.3491 0.1730
vn 0.9209 0.3510 0.1696
vn 0.9351 0.3070 0.1772
vn 0.9508 0.2524 0.1798
vn 0.9494 0.2822 0.1376
vn 0.9524 0.2526 0.1706
vn 0.7656 0.6244 0.1548
vn 0.7725 0.6337 -0.0406
vn 0.7866 0.6122 0.0804
vn 0.7993 0.5817 0.1510
vn 0.8188 0.5498 0.1652
vn 0.8656 0.4698 0.1733
vn 0.8663 0.4905 0.0947
vn 0.8787 0.4475 0.1662
vn 0.6490 0.7531 0.1076
vn 0.6224 0.7670 -0.1561
vn 0.4269 0.8468 0.3174
vn 0.9451 0.0326 0.3250
vn 0.1988 0.9771 0.0765
vn 0.2127 0.9734 0.0848
vn 0.3879 0.9095 0.1497
vn 0.5451 0.8115 0.2104
vn 0.7292 0.6238 0.2814
vn 0.8238 0.4693 0.3180
vn 0.8743 0.3488 0.3375
vn 0.9028 0.2521 0.3485
vn 0.9028 0.2522 0.3485
vn 0.9192 0.1710 0.3548
vn 0.9283 0.0992 0.3583
vn 0.9329 0.0093 0.3601
vn 0.9260 0.0326 0.3761
vn 0.4195 0.9009 0.1115
vn 0.5718 0.8066 0.1498
vn 0.5648 0.8115 0.1498
vn 0.7555 0.6237 0.2003
vn 0.8536 0.4693 0.2263
vn 0.9059 0.3487 0.2402
vn 0.9354 0.2521 0.2480
vn 0.9524 0.1710 0.2525
vn 0.9618 0.0992 0.2551
vn 0.9618 0.0992 0.2550
vn 0.9661 0.0325 0.2562
vn 0.4024 -0.0000 0.9154
vn 0.4759 0.0002 0.8795
vn 0.3892 -0.0004 0.9212
vn 0.5219 0.0004 0.8530
vn 0.4659 -0.0000 0.8849
vn 0.5753 -0.0000 0.8179
vn 0.5346 -0.0002 0.8451
vn 0.6375 0.0003 0.7704
vn 0.6566 0.0004 0.7542
vn 0.6053 -0.0000 0.7960
vn 0.7082 -0.0000 0.7060
vn 0.6734 -0.0003 0.7392
vn 0.7604 0.0003 0.6495
vn 0.7739 0.0004 0.6333
vn 0.7324 -0.0000 0.6809
vn 0.8214 -0.0000 0.5704
vn 0.7844 -0.0004 0.6202
vn 0.8664 0.0004 0.4994
vn 0.8340 -0.0000 0.5518
vn 0.8928 -0.0000 0.4505
vn 0.9244 0.0003 0.3814
vn 0.8787 -0.0004 0.4773
vn 0.9403 0.0004 0.3403
vn 0.9160 -0.0000 0.4012
vn 0.9522 -0.0000 0.3056
vn 0.9653 0.0001 0.2613
vn 0.9767 0.0003 0.2144
vn 0.9451 -0.0005 0.3267
vn 0.9844 0.0005 0.1760
vn 0.9694 -0.0000 0.2453
vn 0.9893 -0.0000 0.1462
vn 0.9872 -0.0000 0.1594
vn 0.9981 0.0001 0.0621
vn 0.9971 -0.0000 0.0759
vn 0.2965 -0.0000 0.9550
vn 0.2150 0.0006 0.9766
vn 0.2953 -0.0000 0.9554
vn -0.5651 -0.0000 0.8250
vn -0.9997 0.0004 0.0240
vn -0.9864 -0.0006 0.1641
vn -0.9968 -0.0000 0.0804
vn -0.9842 0.0006 0.1771
vn -0.9944 -0.0000 0.1054
vn -0.9863 -0.0000 0.1650
vn -0.9703 -0.0000 0.2419
vn -0.9461 -0.0005 0.3237
vn -0.9403 0.0005 0.3405
vn -0.9730 0.0002 0.2309
vn -0.9522 -0.0000 0.3053
vn -0.9130 -0.0000 0.4079
vn -0.8753 -0.0006 0.4835
vn -0.8663 0.0005 0.4995
vn -0.9300 0.0004 0.3677
vn -0.8992 -0.0000 0.4374
vn -0.8351 -0.0000 0.5500
vn -0.7840 -0.0005 0.6208
vn -0.8531 0.0004 0.5217
vn -0.8146 -0.0000 0.5800
vn -0.7237 -0.0000 0.6901
vn -0.7740 0.0005 0.6331
vn -0.7588 0.0003 0.6513
vn -0.7065 -0.0000 0.7077
vn -0.6069 -0.0000 0.7948
vn -0.6122 0.0002 0.7907
vn -0.5354 -0.0005 0.8446
vn -0.6565 0.0005 0.7543
vn -0.6375 0.0004 0.7704
vn -0.5218 0.0005 0.8531
vn -0.3893 -0.0005 0.9211
vn -0.4659 -0.0000 0.8849
vn -0.4711 0.0002 0.8821
vn -0.3975 -0.0000 0.9176
vn -0.2965 -0.0000 0.9550
vn -0.2954 -0.0000 0.9554
vn -0.2169 -0.0000 0.9762
vn 0.0766 0.7237 0.6859
vn 0.1086 0.4103 0.9055
vn 0.1943 0.0069 0.9809
vn 0.0114 0.9771 0.2125
vn 0.0150 0.9735 0.2283
vn -0.0844 0.7343 0.6735
vn -0.1576 0.7906 0.5917
vn -0.7213 0.5965 0.3521
vn 0.3265 0.8478 0.4179
vn -0.0958 0.5505 0.8293
vn -0.1036 0.5823 0.8063
vn -0.1860 0.6215 0.7610
vn -0.0841 0.6629 0.7440
vn -0.0766 0.7240 0.6855
vn -0.0979 0.5247 0.8457
vn -0.1391 0.4698 0.8717
vn -0.1147 0.4586 0.8812
vn -0.1203 0.3073 0.9440
vn -0.1228 0.3445 0.9307
vn -0.1297 0.3495 0.9279
vn -0.1122 0.3916 0.9133
vn -0.1086 0.4103 0.9055
vn -0.1209 0.2945 0.9480
vn -0.1328 0.2527 0.9584
vn -0.1320 0.2518 0.9587
vn -0.1414 0.1479 0.9788
vn -0.1417 0.1674 0.9757
vn -0.1526 0.1883 0.9702
vn -0.1409 0.1713 0.9751
vn -0.1313 0.2095 0.9690
vn -0.1309 0.2212 0.9664
vn -0.1947 0.0366 0.9802
vn -0.1943 0.0069 0.9809
vn -0.1420 0.1245 0.9820
vn -0.1536 0.0994 0.9831
vn -0.1517 0.0907 0.9843
vn -0.1524 0.0326 0.9878
vn -0.1416 0.0155 0.9898
vn 0.1415 0.0326 0.9894
vn 0.1525 0.0198 0.9881
vn 0.1947 0.0366 0.9802
vn 0.1606 0.1997 0.9666
vn 0.1325 0.1713 0.9763
vn 0.1309 0.2212 0.9664
vn 0.1417 0.1725 0.9748
vn 0.1414 0.1469 0.9790
vn 0.1425 0.0994 0.9848
vn 0.1590 0.1207 0.9799
vn 0.1517 0.0927 0.9841
vn 0.1200 0.3495 0.9292
vn 0.1232 0.3513 0.9281
vn 0.1203 0.3074 0.9439
vn 0.1227 0.2527 0.9597
vn 0.1626 0.2825 0.9454
vn 0.1320 0.2529 0.9584
vn 0.0892 0.6248 0.7757
vn 0.2776 0.6341 0.7217
vn 0.1666 0.6126 0.7726
vn 0.1034 0.5824 0.8063
vn 0.0958 0.5502 0.8295
vn 0.1026 0.4702 0.8766
vn 0.1777 0.4910 0.8528
vn 0.1134 0.4479 0.8868
vn 0.0984 0.7536 0.6499
vn 0.3416 0.7671 0.5430
vn -0.1703 0.8470 0.5035
vn -0.0114 0.9771 0.2125
vn -0.0150 0.9735 0.2283
vn -0.0227 0.9096 0.4148
vn -0.0319 0.8118 0.5830
vn -0.0427 0.6242 0.7801
vn -0.0483 0.4697 0.8815
vn -0.0512 0.3491 0.9357
vn -0.0529 0.2524 0.9662
vn -0.0539 0.1712 0.9838
vn -0.0544 0.0993 0.9936
vn -0.0547 0.0326 0.9980
vn 0.0235 0.9011 0.4330
vn 0.0340 0.8069 0.5896
vn 0.0319 0.8118 0.5830
vn 0.0427 0.6242 0.7801
vn 0.0483 0.4697 0.8815
vn 0.0512 0.3491 0.9357
vn 0.0529 0.2524 0.9662
vn 0.0539 0.1712 0.9838
vn 0.0539 0.1711 0.9838
vn 0.0544 0.0993 0.9936
vn 0.0547 0.0326 0.9980
vn 0.9682 -0.0000 0.2503
s 0
f 1//1 2//1 3//1
f 4//2 5//2 6//2
f 7//3 8//3 9//3
f 7//4 10//4 11//4
f 12//5 13//5 14//5
f 15//6 16//6 17//6
f 18//7 19//7 20//7
f 21//8 22//8 23//8
f 21//9 24//9 25//9
f 26//10 27//10 28//10
f 29//11 30//11 31//11
f 29//12 32//12 33//12
f 34//13 35//13 36//13
f 35//14 37//14 38//14
f 39//15 40//15 34//15
f 41//16 42//16 43//16
f 43//17 42//17 40//17
f 44//18 45//18 46//18
f 46//19 45//19 41//19
f 47//20 48//20 44//20
f 32//21 49//21 50//21
f 50//22 49//22 51//22
f 50//23 51//23 48//23
f 30//24 29//24 52//24
f 53//25 54//25 31//25
f 31//26 54//26 55//26
f 31//27 55//27 29//27
f 56//28 57//28 58//28
f 59//29 60//29 61//29
f 62//30 63//30 64//30
f 65//31 66//31 67//31
f 68//32 69//32 70//32
f 70//33 69//33 71//33
f 70//34 71//34 72//34
f 72//35 71//35 73//35
f 38//36 37//36 74//36
f 74//37 37//37 75//37
f 74//38 75//38 71//38
f 71//39 75//39 76//39
f 71//40 76//40 73//40
f 27//41 77//41 78//41
f 79//42 80//42 26//42
f 81//43 82//43 83//43
f 83//44 82//44 80//44
f 84//45 85//45 86//45
f 86//46 85//46 81//46
f 87//47 88//47 84//47
f 24//48 89//48 90//48
f 90//49 89//49 91//49
f 90//50 91//50 88//50
f 22//51 21//51 92//51
f 93//52 94//52 23//52
f 23//53 94//53 95//53
f 23//54 95//54 21//54
f 96//55 97//55 98//55
f 99//56 100//56 101//56
f 102//57 103//57 104//57
f 105//58 106//58 107//58
f 108//59 109//59 110//59
f 110//60 109//60 111//60
f 110//61 111//61 112//61
f 112//62 111//62 113//62
f 78//63 77//63 114//63
f 114//64 77//64 115//64
f 114//65 115//65 111//65
f 111//66 115//66 116//66
f 111//67 116//67 113//67
f 117//68 118//68 119//68
f 120//69 121//69 122//69
f 123//70 124//70 125//70
f 126//71 127//71 128//71
f 129//72 130//72 131//72
f 132//73 133//73 134//73
f 134//74 133//74 135//74
f 136//75 137//75 135//75
f 135//76 137//76 138//76
f 135//77 138//77 134//77
f 136//78 135//78 139//78
f 139//79 135//79 140//79
f 139//80 140//80 141//80
f 141//81 140//81 142//81
f 141//82 142//82 19//82
f 143//83 144//83 18//83
f 145//84 146//84 147//84
f 147//85 146//85 144//85
f 148//86 149//86 150//86
f 150//87 149//87 145//87
f 151//88 152//88 148//88
f 16//89 153//89 154//89
f 154//90 153//90 155//90
f 154//91 155//91 152//91
f 119//92 156//92 117//92
f 117//93 156//93 15//93
f 117//94 15//94 157//94
f 157//95 15//95 158//95
f 13//96 159//96 160//96
f 161//97 162//97 12//97
f 163//98 164//98 165//98
f 165//99 164//99 162//99
f 166//100 167//100 168//100
f 168//101 167//101 163//101
f 169//102 170//102 166//102
f 10//103 171//103 172//103
f 172//104 171//104 173//104
f 172//105 173//105 170//105
f 8//106 7//106 174//106
f 175//107 176//107 9//107
f 9//108 176//108 177//108
f 9//109 177//109 7//109
f 178//110 179//110 180//110
f 181//111 182//111 183//111
f 184//112 185//112 186//112
f 187//113 188//113 189//113
f 190//114 191//114 192//114
f 192//115 191//115 193//115
f 192//116 193//116 194//116
f 194//117 193//117 195//117
f 160//118 159//118 196//118
f 196//119 159//119 197//119
f 196//120 197//120 193//120
f 193//121 197//121 198//121
f 193//122 198//122 195//122
f 199//123 200//123 201//123
f 202//124 203//124 204//124
f 205//125 206//125 207//125
f 208//126 209//126 210//126
f 211//127 212//127 213//127
f 214//128 215//128 216//128
f 216//129 215//129 217//129
f 218//130 219//130 217//130
f 217//131 219//131 220//131
f 217//132 220//132 216//132
f 218//133 217//133 221//133
f 221//134 217//134 222//134
f 221//135 222//135 223//135
f 223//136 222//136 224//136
f 223//137 224//137 5//137
f 225//138 226//138 4//138
f 227//139 228//139 229//139
f 229//140 228//140 226//140
f 230//141 231//141 232//141
f 232//142 231//142 227//142
f 233//143 234//143 230//143
f 2//144 235//144 236//144
f 236//145 235//145 237//145
f 236//146 237//146 234//146
f 201//147 238//147 199//147
f 199//148 238//148 1//148
f 199//149 1//149 239//149
f 239//150 1//150 240//150
f 15//151 17//151 158//151
f 158//152 17//152 241//152
f 158//152 241//152 242//152
f 242//153 241//153 243//153
f 242//153 243//153 244//153
f 244//154 243//154 245//154
f 244//154 245//154 246//154
f 246//155 245//155 247//155
f 246//155 247//155 248//155
f 248//156 247//156 249//156
f 248//156 249//156 250//156
f 250//157 249//157 251//157
f 250//157 251//157 252//157
f 252//158 251//158 253//158
f 252//158 253//158 254//158
f 254//159 253//159 255//159
f 254//159 255//159 256//159
f 256//160 255//160 257//160
f 256//160 257//160 258//160
f 258//161 257//161 259//161
f 258//161 259//161 260//161
f 260//162 259//162 261//162
f 260//162 261//162 262//162
f 262//163 261//163 263//163
f 262//163 263//163 264//163
f 264//164 263//164 265//164
f 264//164 265//164 266//164
f 266//165 265//165 267//165
f 266//165 267//165 93//165
f 93//166 267//166 268//166
f 93//167 268//167 94//167
f 7//168 11//168 174//168
f 174//169 11//169 269//169
f 174//169 269//169 270//169
f 270//170 269//170 271//170
f 270//170 271//170 272//170
f 272//171 271//171 273//171
f 272//171 273//171 274//171
f 274//172 273//172 275//172
f 274//172 275//172 276//172
f 276//173 275//173 277//173
f 276//173 277//173 278//173
f 278//174 277//174 279//174
f 278//174 279//174 280//174
f 280//175 279//175 281//175
f 280//175 281//175 282//175
f 282//176 281//176 283//176
f 282//176 283//176 284//176
f 284//177 283//177 285//177
f 284//177 285//177 286//177
f 286//178 285//178 287//178
f 286//178 287//178 288//178
f 288//179 287//179 289//179
f 288//179 289//179 290//179
f 290//180 289//180 291//180
f 290//180 291//180 292//180
f 292//181 291//181 293//181
f 292//181 293//181 294//181
f 294//182 293//182 295//182
f 294//182 295//182 118//182
f 118//183 295//183 296//183
f 118//184 296//184 119//184
f 1//185 3//185 240//185
f 240//186 3//186 297//186
f 240//186 297//186 298//186
f 298//187 297//187 299//187
f 298//187 299//187 300//187
f 300//188 299//188 301//188
f 300//189 301//189 302//189
f 302//190 301//190 303//190
f 302//190 303//190 304//190
f 304//191 303//191 305//191
f 304//191 305//191 306//191
f 306//192 305//192 307//192
f 306//192 307//192 308//192
f 308//193 307//193 309//193
f 308//193 309//193 310//193
f 310//194 309//194 311//194
f 310//194 311//194 312//194
f 312//195 311//195 313//195
f 312//195 313//195 314//195
f 314//196 313//196 315//196
f 314//196 315//196 316//196
f 316//197 315//197 317//197
f 316//197 317//197 318//197
f 318//198 317//198 319//198
f 318//198 319//198 320//198
f 320//199 319//199 321//199
f 320//199 321//199 322//199
f 322//200 321//200 323//200
f 322//200 323//200 175//200
f 175//201 323//201 324//201
f 175//202 324//202 176//202
f 29//203 33//203 52//203
f 52//204 33//204 325//204
f 52//204 325//204 326//204
f 326//205 325//205 327//205
f 326//205 327//205 328//205
f 328//206 327//206 329//206
f 328//206 329//206 330//206
f 330//207 329//207 331//207
f 330//207 331//207 332//207
f 332//208 331//208 333//208
f 332//208 333//208 334//208
f 334//209 333//209 335//209
f 334//209 335//209 336//209
f 336//210 335//210 337//210
f 336//210 337//210 338//210
f 338//211 337//211 339//211
f 338//211 339//211 340//211
f 340//212 339//212 341//212
f 340//212 341//212 342//212
f 342//213 341//213 343//213
f 342//213 343//213 344//213
f 344//214 343//214 345//214
f 344//214 345//214 346//214
f 346//215 345//215 347//215
f 346//215 347//215 348//215
f 348//216 347//216 349//216
f 348//216 349//216 350//216
f 350//217 349//217 351//217
f 350//217 351//217 200//217
f 200//218 351//218 352//218
f 200//219 352//219 201//219
f 21//220 25//220 92//220
f 92//221 25//221 353//221
f 92//221 353//221 354//221
f 354//222 353//222 355//222
f 354//222 355//222 356//222
f 356//223 355//223 357//223
f 356//223 357//223 358//223
f 358//224 357//224 359//224
f 358//224 359//224 360//224
f 360//225 359//225 361//225
f 360//225 361//225 362//225
f 362//226 361//226 363//226
f 362//226 363//226 364//226
f 364//227 363//227 365//227
f 364//227 365//227 366//227
f 366//228 365//228 367//228
f 366//228 367//228 368//228
f 368//229 367//229 369//229
f 368//229 369//229 370//229
f 370//230 369//230 371//230
f 370//230 371//230 372//230
f 372//231 371//231 373//231
f 372//231 373//231 374//231
f 374//232 373//232 375//232
f 374//232 375//232 376//232
f 376//233 375//233 377//233
f 376//233 377//233 378//233
f 378//234 377//234 379//234
f 378//235 379//235 53//235
f 53//236 379//236 380//236
f 53//237 380//237 54//237
f 16//238 154//238 17//238
f 17//239 154//239 381//239
f 17//239 381//239 241//239
f 241//240 381//240 382//240
f 241//240 382//240 243//240
f 243//241 382//241 383//241
f 243//241 383//241 245//241
f 245//242 383//242 384//242
f 245//242 384//242 247//242
f 247//243 384//243 385//243
f 247//243 385//243 249//243
f 249//244 385//244 386//244
f 249//244 386//244 251//244
f 251//245 386//245 387//245
f 251//245 387//245 253//245
f 253//246 387//246 388//246
f 253//246 388//246 255//246
f 255//247 388//247 389//247
f 255//247 389//247 257//247
f 257//248 389//248 390//248
f 257//248 390//248 259//248
f 259//249 390//249 391//249
f 259//249 391//249 261//249
f 261//250 391//250 392//250
f 261//250 392//250 263//250
f 263//251 392//251 393//251
f 263//251 393//251 265//251
f 265//252 393//252 394//252
f 265//252 394//252 267//252
f 267//253 394//253 395//253
f 267//254 395//254 268//254
f 10//255 172//255 11//255
f 11//256 172//256 396//256
f 11//256 396//256 269//256
f 269//257 396//257 397//257
f 269//257 397//257 271//257
f 271//258 397//258 398//258
f 271//258 398//258 273//258
f 273//259 398//259 399//259
f 273//259 399//259 275//259
f 275//260 399//260 400//260
f 275//260 400//260 277//260
f 277//261 400//261 401//261
f 277//261 401//261 279//261
f 279//262 401//262 402//262
f 279//262 402//262 281//262
f 281//263 402//263 403//263
f 281//263 403//263 283//263
f 283//264 403//264 404//264
f 283//264 404//264 285//264
f 285//265 404//265 405//265
f 285//265 405//265 287//265
f 287//266 405//266 406//266
f 287//266 406//266 289//266
f 289//267 406//267 407//267
f 289//267 407//267 291//267
f 291//268 407//268 408//268
f 291//268 408//268 293//268
f 293//269 408//269 409//269
f 293//269 409//269 295//269
f 295//270 409//270 410//270
f 295//271 410//271 296//271
f 2//272 236//272 3//272
f 3//273 236//273 411//273
f 3//273 411//273 297//273
f 297//274 411//274 412//274
f 297//274 412//274 299//274
f 299//275 412//275 413//275
f 299//275 413//275 301//275
f 301//276 413//276 414//276
f 301//276 414//276 303//276
f 303//277 414//277 415//277
f 303//277 415//277 305//277
f 305//278 415//278 416//278
f 305//278 416//278 307//278
f 307//279 416//279 417//279
f 307//279 417//279 309//279
f 309//280 417//280 418//280
f 309//280 418//280 311//280
f 311//281 418//281 419//281
f 311//281 419//281 313//281
f 313//282 419//282 420//282
f 313//282 420//282 315//282
f 315//283 420//283 421//283
f 315//283 421//283 317//283
f 317//284 421//284 422//284
f 317//284 422//284 319//284
f 319//285 422//285 423//285
f 319//285 423//285 321//285
f 321//286 423//286 424//286
f 321//286 424//286 323//286
f 323//287 424//287 425//287
f 323//288 425//288 324//288
f 32//289 50//289 33//289
f 33//290 50//290 426//290
f 33//290 426//290 325//290
f 325//291 426//291 427//291
f 325//291 427//291 327//291
f 327//292 427//292 428//292
f 327//292 428//292 329//292
f 329//293 428//293 429//293
f 329//293 429//293 331//293
f 331//294 429//294 430//294
f 331//294 430//294 333//294
f 333//295 430//295 431//295
f 333//295 431//295 335//295
f 335//296 431//296 432//296
f 335//297 432//297 337//297
f 337//298 432//298 433//298
f 337//298 433//298 339//298
f 339//299 433//299 434//299
f 339//299 434//299 341//299
f 341//300 434//300 435//300
f 341//300 435//300 343//300
f 343//301 435//301 436//301
f 343//301 436//301 345//301
f 345//302 436//302 437//302
f 345//302 437//302 347//302
f 347//303 437//303 438//303
f 347//303 438//303 349//303
f 349//304 438//304 439//304
f 349//304 439//304 351//304
f 351//305 439//305 440//305
f 351//306 440//306 352//306
f 24//307 90//307 25//307
f 25//308 90//308 441//308
f 25//308 441//308 353//308
f 353//309 441//309 442//309
f 353//309 442//309 355//309
f 355//310 442//310 443//310
f 355//310 443//310 357//310
f 357//311 443//311 444//311
f 357//311 444//311 359//311
f 359//312 444//312 445//312
f 359//312 445//312 361//312
f 361//313 445//313 446//313
f 361//314 446//314 363//314
f 363//315 446//315 447//315
f 363//316 447//316 365//316
f 365//317 447//317 448//317
f 365//317 448//317 367//317
f 367//318 448//318 449//318
f 367//318 449//318 369//318
f 369//319 449//319 450//319
f 369//319 450//319 371//319
f 371//320 450//320 451//320
f 371//320 451//320 373//320
f 373//321 451//321 452//321
f 373//321 452//321 375//321
f 375//322 452//322 453//322
f 375//322 453//322 377//322
f 377//323 453//323 454//323
f 377//323 454//323 379//323
f 379//324 454//324 455//324
f 379//325 455//325 380//325
f 152//326 151//326 154//326
f 154//327 151//327 456//327
f 154//327 456//327 381//327
f 381//328 456//328 457//328
f 381//328 457//328 382//328
f 382//329 457//329 458//329
f 382//329 458//329 383//329
f 383//330 458//330 459//330
f 383//330 459//330 384//330
f 384//331 459//331 460//331
f 384//331 460//331 385//331
f 385//332 460//332 461//332
f 385//332 461//332 386//332
f 386//333 461//333 462//333
f 386//333 462//333 387//333
f 387//334 462//334 463//334
f 387//334 463//334 388//334
f 388//335 463//335 464//335
f 388//335 464//335 389//335
f 389//336 464//336 465//336
f 389//336 465//336 390//336
f 390//337 465//337 466//337
f 390//337 466//337 391//337
f 391//338 466//338 467//338
f 391//338 467//338 392//338
f 392//339 467//339 468//339
f 392//339 468//339 393//339
f 393//340 468//340 96//340
f 393//340 96//340 394//340
f 394//341 96//341 98//341
f 394//342 98//342 395//342
f 170//343 169//343 172//343
f 172//344 169//344 469//344
f 172//344 469//344 396//344
f 396//345 469//345 470//345
f 396//345 470//345 397//345
f 397//346 470//346 471//346
f 397//346 471//346 398//346
f 398//347 471//347 472//347
f 398//347 472//347 399//347
f 399//348 472//348 473//348
f 399//348 473//348 400//348
f 400//349 473//349 474//349
f 400//349 474//349 401//349
f 401//350 474//350 475//350
f 401//350 475//350 402//350
f 402//351 475//351 476//351
f 402//351 476//351 403//351
f 403//352 476//352 477//352
f 403//352 477//352 404//352
f 404//353 477//353 478//353
f 404//353 478//353 405//353
f 405//354 478//354 479//354
f 405//354 479//354 406//354
f 406//355 479//355 480//355
f 406//355 480//355 407//355
f 407//356 480//356 481//356
f 407//356 481//356 408//356
f 408//357 481//357 120//357
f 408//357 120//357 409//357
f 409//358 120//358 122//358
f 409//359 122//359 410//359
f 234//360 233//360 236//360
f 236//361 233//361 482//361
f 236//361 482//361 411//361
f 411//362 482//362 483//362
f 411//362 483//362 412//362
f 412//363 483//363 484//363
f 412//363 484//363 413//363
f 413//364 484//364 485//364
f 413//364 485//364 414//364
f 414//365 485//365 486//365
f 414//365 486//365 415//365
f 415//366 486//366 487//366
f 415//366 487//366 416//366
f 416//367 487//367 488//367
f 416//367 488//367 417//367
f 417//368 488//368 489//368
f 417//368 489//368 418//368
f 418//369 489//369 490//369
f 418//369 490//369 419//369
f 419//370 490//370 491//370
f 419//370 491//370 420//370
f 420//371 491//371 492//371
f 420//371 492//371 421//371
f 421//372 492//372 493//372
f 421//372 493//372 422//372
f 422//373 493//373 494//373
f 422//373 494//373 423//373
f 423//374 494//374 178//374
f 423//374 178//374 424//374
f 424//375 178//375 180//375
f 424//376 180//376 425//376
f 48//377 47//377 50//377
f 50//378 47//378 495//378
f 50//379 495//379 426//379
f 426//380 495//380 496//380
f 426//380 496//380 427//380
f 427//381 496//381 497//381
f 427//381 497//381 428//381
f 428//382 497//382 498//382
f 428//382 498//382 429//382
f 429//383 498//383 499//383
f 429//383 499//383 430//383
f 430//384 499//384 500//384
f 430//384 500//384 431//384
f 431//385 500//385 501//385
f 431//385 501//385 432//385
f 432//386 501//386 502//386
f 432//386 502//386 433//386
f 433//387 502//387 503//387
f 433//387 503//387 434//387
f 434//388 503//388 504//388
f 434//388 504//388 435//388
f 435//389 504//389 505//389
f 435//389 505//389 436//389
f 436//390 505//390 506//390
f 436//390 506//390 437//390
f 437//391 506//391 507//391
f 437//391 507//391 438//391
f 438//392 507//392 202//392
f 438//392 202//392 439//392
f 439//393 202//393 204//393
f 439//394 204//394 440//394
f 88//395 87//395 90//395
f 90//396 87//396 508//396
f 90//396 508//396 441//396
f 441//397 508//397 509//397
f 441//397 509//397 442//397
f 442//398 509//398 510//398
f 442//398 510//398 443//398
f 443//399 510//399 511//399
f 443//400 511//400 444//400
f 444//401 511//401 512//401
f 444//402 512//402 445//402
f 445//403 512//403 513//403
f 445//403 513//403 446//403
f 446//404 513//404 514//404
f 446//404 514//404 447//404
f 447//405 514//405 515//405
f 447//405 515//405 448//405
f 448//406 515//406 516//406
f 448//406 516//406 449//406
f 449//407 516//407 517//407
f 449//407 517//407 450//407
f 450//408 517//408 518//408
f 450//409 518//409 451//409
f 451//410 518//410 519//410
f 451//410 519//410 452//410
f 452//411 519//411 520//411
f 452//411 520//411 453//411
f 453//412 520//412 56//412
f 453//412 56//412 454//412
f 454//413 56//413 58//413
f 454//414 58//414 455//414
f 148//415 150//415 151//415
f 151//416 150//416 521//416
f 151//416 521//416 456//416
f 456//417 521//417 522//417
f 456//417 522//417 457//417
f 457//418 522//418 523//418
f 457//418 523//418 458//418
f 458//419 523//419 524//419
f 458//419 524//419 459//419
f 459//420 524//420 525//420
f 459//420 525//420 460//420
f 460//421 525//421 526//421
f 460//421 526//421 461//421
f 461//422 526//422 527//422
f 461//422 527//422 462//422
f 462//423 527//423 528//423
f 462//423 528//423 463//423
f 463//424 528//424 529//424
f 463//424 529//424 464//424
f 464//425 529//425 530//425
f 464//425 530//425 465//425
f 465//426 530//426 531//426
f 465//426 531//426 466//426
f 466//427 531//427 532//427
f 466//427 532//427 467//427
f 467//428 532//428 533//428
f 467//428 533//428 468//428
f 468//429 533//429 99//429
f 468//429 99//429 96//429
f 96//430 99//430 101//430
f 96//431 101//431 97//431
f 166//432 168//432 169//432
f 169//433 168//433 534//433
f 169//433 534//433 469//433
f 469//434 534//434 535//434
f 469//434 535//434 470//434
f 470//435 535//435 536//435
f 470//435 536//435 471//435
f 471//436 536//436 537//436
f 471//436 537//436 472//436
f 472//437 537//437 538//437
f 472//437 538//437 473//437
f 473//438 538//438 539//438
f 473//438 539//438 474//438
f 474//439 539//439 540//439
f 474//439 540//439 475//439
f 475//440 540//440 541//440
f 475//440 541//440 476//440
f 476//441 541//441 542//441
f 476//441 542//441 477//441
f 477//442 542//442 543//442
f 477//442 543//442 478//442
f 478//443 543//443 544//443
f 478//443 544//443 479//443
f 479//444 544//444 545//444
f 479//444 545//444 480//444
f 480//445 545//445 546//445
f 480//445 546//445 481//445
f 481//446 546//446 123//446
f 481//446 123//446 120//446
f 120//447 123//447 125//447
f 120//448 125//448 121//448
f 230//449 232//449 233//449
f 233//450 232//450 547//450
f 233//450 547//450 482//450
f 482//451 547//451 548//451
f 482//451 548//451 483//451
f 483//452 548//452 549//452
f 483//452 549//452 484//452
f 484//453 549//453 550//453
f 484//453 550//453 485//453
f 485//454 550//454 551//454
f 485//454 551//454 486//454
f 486//455 551//455 552//455
f 486//455 552//455 487//455
f 487//456 552//456 553//456
f 487//456 553//456 488//456
f 488//457 553//457 554//457
f 488//457 554//457 489//457
f 489//458 554//458 555//458
f 489//458 555//458 490//458
f 490//459 555//459 556//459
f 490//459 556//459 491//459
f 491//460 556//460 557//460
f 491//460 557//460 492//460
f 492//461 557//461 558//461
f 492//461 558//461 493//461
f 493//462 558//462 559//462
f 493//462 559//462 494//462
f 494//463 559//463 181//463
f 494//463 181//463 178//463
f 178//464 181//464 183//464
f 178//465 183//465 179//465
f 44//466 46//466 47//466
f 47//467 46//467 560//467
f 47//467 560//467 495//467
f 495//468 560//468 561//468
f 495//468 561//468 496//468
f 496//469 561//469 562//469
f 496//469 562//469 497//469
f 497//470 562//470 563//470
f 497//471 563//471 498//471
f 498//472 563//472 564//472
f 498//472 564//472 499//472
f 499//473 564//473 565//473
f 499//473 565//473 500//473
f 500//474 565//474 566//474
f 500//474 566//474 501//474
f 501//475 566//475 567//475
f 501//475 567//475 502//475
f 502//476 567//476 568//476
f 502//476 568//476 503//476
f 503//477 568//477 569//477
f 503//477 569//477 504//477
f 504//478 569//478 570//478
f 504//478 570//478 505//478
f 505//479 570//479 571//479
f 505//479 571//479 506//479
f 506//480 571//480 572//480
f 506//480 572//480 507//480
f 507//481 572//481 205//481
f 507//481 205//481 202//481
f 202//482 205//482 207//482
f 202//483 207//483 203//483
f 84//484 86//484 87//484
f 87//485 86//485 573//485
f 87//485 573//485 508//485
f 508//486 573//486 574//486
f 508//487 574//487 509//487
f 509//488 574//488 575//488
f 509//488 575//488 510//488
f 510//489 575//489 576//489
f 510//489 576//489 511//489
f 511//490 576//490 577//490
f 511//490 577//490 512//490
f 512//491 577//491 578//491
f 512//491 578//491 513//491
f 513//492 578//492 579//492
f 513//492 579//492 514//492
f 514//493 579//493 580//493
f 514//493 580//493 515//493
f 515//494 580//494 581//494
f 515//494 581//494 516//494
f 516//495 581//495 582//495
f 516//495 582//495 517//495
f 517//496 582//496 583//496
f 517//496 583//496 518//496
f 518//497 583//497 584//497
f 518//497 584//497 519//497
f 519//498 584//498 585//498
f 519//498 585//498 520//498
f 520//499 585//499 59//499
f 520//499 59//499 56//499
f 56//500 59//500 61//500
f 56//501 61//501 57//501
f 145//502 147//502 150//502
f 150//503 147//503 586//503
f 150//503 586//503 521//503
f 521//504 586//504 587//504
f 521//504 587//504 522//504
f 522//505 587//505 588//505
f 522//505 588//505 523//505
f 523//506 588//506 589//506
f 523//506 589//506 524//506
f 524//507 589//507 590//507
f 524//507 590//507 525//507
f 525//508 590//508 591//508
f 525//508 591//508 526//508
f 526//509 591//509 592//509
f 526//509 592//509 527//509
f 527//510 592//510 593//510
f 527//510 593//510 528//510
f 528//511 593//511 594//511
f 528//511 594//511 529//511
f 529//512 594//512 595//512
f 529//512 595//512 530//512
f 530//513 595//513 596//513
f 530//513 596//513 531//513
f 531//514 596//514 597//514
f 531//514 597//514 532//514
f 532//515 597//515 598//515
f 532//515 598//515 533//515
f 533//516 598//516 599//516
f 533//516 599//516 99//516
f 99//517 599//517 600//517
f 99//518 600//518 100//518
f 163//519 165//519 168//519
f 168//520 165//520 601//520
f 168//520 601//520 534//520
f 534//521 601//521 602//521
f 534//521 602//521 535//521
f 535//522 602//522 603//522
f 535//522 603//522 536//522
f 536//523 603//523 604//523
f 536//523 604//523 537//523
f 537//524 604//524 605//524
f 537//524 605//524 538//524
f 538//525 605//525 606//525
f 538//525 606//525 539//525
f 539//526 606//526 607//526
f 539//526 607//526 540//526
f 540//527 607//527 608//527
f 540//527 608//527 541//527
f 541//528 608//528 609//528
f 541//528 609//528 542//528
f 542//529 609//529 610//529
f 542//529 610//529 543//529
f 543//530 610//530 611//530
f 543//530 611//530 544//530
f 544//531 611//531 612//531
f 544//531 612//531 545//531
f 545//532 612//532 613//532
f 545//532 613//532 546//532
f 546//533 613//533 614//533
f 546//533 614//533 123//533
f 123//534 614//534 615//534
f 123//535 615//535 124//535
f 227//536 229//536 232//536
f 232//537 229//537 616//537
f 232//537 616//537 547//537
f 547//538 616//538 617//538
f 547//538 617//538 548//538
f 548//539 617//539 618//539
f 548//539 618//539 549//539
f 549//540 618//540 619//540
f 549//540 619//540 550//540
f 550//541 619//541 620//541
f 550//541 620//541 551//541
f 551//542 620//542 621//542
f 551//542 621//542 552//542
f 552//543 621//543 622//543
f 552//543 622//543 553//543
f 553//544 622//544 623//544
f 553//544 623//544 554//544
f 554//545 623//545 624//545
f 554//545 624//545 555//545
f 555//546 624//546 625//546
f 555//546 625//546 556//546
f 556//547 625//547 626//547
f 556//547 626//547 557//547
f 557//548 626//548 627//548
f 557//548 627//548 558//548
f 558//549 627//549 628//549
f 558//549 628//549 559//549
f 559//550 628//550 629//550
f 559//550 629//550 181//550
f 181//551 629//551 630//551
f 181//552 630//552 182//552
f 41//553 43//553 46//553
f 46//554 43//554 631//554
f 46//554 631//554 560//554
f 560//555 631//555 632//555
f 560//555 632//555 561//555
f 561//556 632//556 633//556
f 561//556 633//556 562//556
f 562//557 633//557 634//557
f 562//558 634//558 563//558
f 563//559 634//559 635//559
f 563//559 635//559 564//559
f 564//560 635//560 636//560
f 564//560 636//560 565//560
f 565//561 636//561 637//561
f 565//561 637//561 566//561
f 566//562 637//562 638//562
f 566//562 638//562 567//562
f 567//563 638//563 639//563
f 567//563 639//563 568//563
f 568//564 639//564 640//564
f 568//564 640//564 569//564
f 569//565 640//565 641//565
f 569//565 641//565 570//565
f 570//566 641//566 642//566
f 570//566 642//566 571//566
f 571//567 642//567 643//567
f 571//567 643//567 572//567
f 572//568 643//568 644//568
f 572//568 644//568 205//568
f 205//569 644//569 645//569
f 205//570 645//570 206//570
f 81//571 83//571 86//571
f 86//572 83//572 646//572
f 86//572 646//572 573//572
f 573//573 646//573 647//573
f 573//574 647//574 574//574
f 574//575 647//575 648//575
f 574//575 648//575 575//575
f 575//576 648//576 649//576
f 575//576 649//576 576//576
f 576//577 649//577 650//577
f 576//577 650//577 577//577
f 577//578 650//578 651//578
f 577//578 651//578 578//578
f 578//579 651//579 652//579
f 578//579 652//579 579//579
f 579//580 652//580 653//580
f 579//580 653//580 580//580
f 580//581 653//581 654//581
f 580//581 654//581 581//581
f 581//582 654//582 655//582
f 581//582 655//582 582//582
f 582//583 655//583 656//583
f 582//583 656//583 583//583
f 583//584 656//584 657//584
f 583//584 657//584 584//584
f 584//585 657//585 658//585
f 584//585 658//585 585//585
f 585//586 658//586 659//586
f 585//586 659//586 59//586
f 59//587 659//587 660//587
f 59//588 660//588 60//588
f 144//589 143//589 147//589
f 147//590 143//590 661//590
f 147//590 661//590 586//590
f 586//591 661//591 662//591
f 586//591 662//591 587//591
f 587//592 662//592 663//592
f 587//592 663//592 588//592
f 588//593 663//593 664//593
f 588//593 664//593 589//593
f 589//594 664//594 665//594
f 589//594 665//594 590//594
f 590//595 665//595 666//595
f 590//595 666//595 591//595
f 591//596 666//596 667//596
f 591//596 667//596 592//596
f 592//597 667//597 668//597
f 592//597 668//597 593//597
f 593//598 668//598 669//598
f 593//598 669//598 594//598
f 594//599 669//599 670//599
f 594//599 670//599 595//599
f 595//600 670//600 671//600
f 595//600 671//600 596//600
f 596//601 671//601 672//601
f 596//601 672//601 597//601
f 597//602 672//602 673//602
f 597//602 673//602 598//602
f 598//603 673//603 102//603
f 598//603 102//603 599//603
f 599//604 102//604 104//604
f 599//605 104//605 600//605
f 162//606 161//606 165//606
f 165//607 161//607 674//607
f 165//607 674//607 601//607
f 601//608 674//608 675//608
f 601//608 675//608 602//608
f 602//609 675//609 676//609
f 602//609 676//609 603//609
f 603//610 676//610 677//610
f 603//610 677//610 604//610
f 604//611 677//611 678//611
f 604//611 678//611 605//611
f 605//612 678//612 679//612
f 605//612 679//612 606//612
f 606//613 679//613 680//613
f 606//613 680//613 607//613
f 607//614 680//614 681//614
f 607//614 681//614 608//614
f 608//615 681//615 682//615
f 608//615 682//615 609//615
f 609//616 682//616 683//616
f 609//616 683//616 610//616
f 610//617 683//617 684//617
f 610//617 684//617 611//617
f 611//618 684//618 685//618
f 611//618 685//618 612//618
f 612//619 685//619 686//619
f 612//619 686//619 613//619
f 613//620 686//620 126//620
f 613//620 126//620 614//620
f 614//621 126//621 128//621
f 614//622 128//622 615//622
f 226//623 225//623 229//623
f 229//624 225//624 687//624
f 229//624 687//624 616//624
f 616//625 687//625 688//625
f 616//625 688//625 617//625
f 617//626 688//626 689//626
f 617//626 689//626 618//626
f 618//627 689//627 690//627
f 618//627 690//627 619//627
f 619//628 690//628 691//628
f 619//628 691//628 620//628
f 620//629 691//629 692//629
f 620//629 692//629 621//629
f 621//630 692//630 693//630
f 621//630 693//630 622//630
f 622//631 693//631 694//631
f 622//631 694//631 623//631
f 623//632 694//632 695//632
f 623//632 695//632 624//632
f 624//633 695//633 696//633
f 624//633 696//633 625//633
f 625//634 696//634 697//634
f 625//634 697//634 626//634
f 626//635 697//635 698//635
f 626//635 698//635 627//635
f 627//636 698//636 699//636
f 627//636 699//636 628//636
f 628//637 699//637 184//637
f 628//637 184//637 629//637
f 629//638 184//638 186//638
f 629//639 186//639 630//639
f 40//640 39//640 43//640
f 43//641 39//641 700//641
f 43//641 700//641 631//641
f 631//642 700//642 701//642
f 631//642 701//642 632//642
f 632//643 701//643 702//643
f 632//643 702//643 633//643
f 633//644 702//644 703//644
f 633//644 703//644 634//644
f 634//645 703//645 704//645
f 634//645 704//645 635//645
f 635//646 704//646 705//646
f 635//646 705//646 636//646
f 636//647 705//647 706//647
f 636//647 706//647 637//647
f 637//648 706//648 707//648
f 637//648 707//648 638//648
f 638//649 707//649 708//649
f 638//649 708//649 639//649
f 639//650 708//650 709//650
f 639//650 709//650 640//650
f 640//651 709//651 710//651
f 640//651 710//651 641//651
f 641//652 710//652 711//652
f 641//652 711//652 642//652
f 642//653 711//653 712//653
f 642//653 712//653 643//653
f 643//654 712//654 208//654
f 643//654 208//654 644//654
f 644//655 208//655 210//655
f 644//656 210//656 645//656
f 80//657 79//657 83//657
f 83//658 79//658 713//658
f 83//658 713//658 646//658
f 646//659 713//659 714//659
f 646//659 714//659 647//659
f 647//660 714//660 715//660
f 647//660 715//660 648//660
f 648//661 715//661 716//661
f 648//661 716//661 649//661
f 649//662 716//662 717//662
f 649//663 717//663 650//663
f 650//664 717//664 718//664
f 650//664 718//664 651//664
f 651//665 718//665 719//665
f 651//665 719//665 652//665
f 652//666 719//666 720//666
f 652//666 720//666 653//666
f 653//667 720//667 721//667
f 653//667 721//667 654//667
f 654//668 721//668 722//668
f 654//668 722//668 655//668
f 655//669 722//669 723//669
f 655//669 723//669 656//669
f 656//670 723//670 724//670
f 656//670 724//670 657//670
f 657//671 724//671 725//671
f 657//671 725//671 658//671
f 658//672 725//672 62//672
f 658//672 62//672 659//672
f 659//673 62//673 64//673
f 659//674 64//674 660//674
f 18//675 20//675 143//675
f 143//676 20//676 726//676
f 143//676 726//676 661//676
f 661//677 726//677 727//677
f 661//677 727//677 662//677
f 662//678 727//678 728//678
f 662//678 728//678 663//678
f 663//679 728//679 729//679
f 663//679 729//679 664//679
f 664//680 729//680 730//680
f 664//680 730//680 665//680
f 665//681 730//681 731//681
f 665//681 731//681 666//681
f 666//682 731//682 732//682
f 666//682 732//682 667//682
f 667//683 732//683 733//683
f 667//683 733//683 668//683
f 668//684 733//684 734//684
f 668//684 734//684 669//684
f 669//685 734//685 735//685
f 669//685 735//685 670//685
f 670//686 735//686 736//686
f 670//686 736//686 671//686
f 671//687 736//687 737//687
f 671//687 737//687 672//687
f 672//688 737//688 738//688
f 672//688 738//688 673//688
f 673//689 738//689 105//689
f 673//690 105//690 102//690
f 102//691 105//691 107//691
f 102//692 107//692 103//692
f 12//693 14//693 161//693
f 161//694 14//694 739//694
f 161//694 739//694 674//694
f 674//695 739//695 740//695
f 674//695 740//695 675//695
f 675//696 740//696 741//696
f 675//696 741//696 676//696
f 676//697 741//697 742//697
f 676//697 742//697 677//697
f 677//698 742//698 743//698
f 677//698 743//698 678//698
f 678//699 743//699 744//699
f 678//699 744//699 679//699
f 679//700 744//700 745//700
f 679//700 745//700 680//700
f 680//701 745//701 746//701
f 680//701 746//701 681//701
f 681//702 746//702 747//702
f 681//702 747//702 682//702
f 682//703 747//703 748//703
f 682//703 748//703 683//703
f 683//704 748//704 749//704
f 683//704 749//704 684//704
f 684//705 749//705 750//705
f 684//705 750//705 685//705
f 685//706 750//706 751//706
f 685//706 751//706 686//706
f 686//707 751//707 129//707
f 686//707 129//707 126//707
f 126//708 129//708 131//708
f 126//709 131//709 127//709
f 4//710 6//710 225//710
f 225//711 6//711 752//711
f 225//711 752//711 687//711
f 687//712 752//712 753//712
f 687//712 753//712 688//712
f 688//713 753//713 754//713
f 688//713 754//713 689//713
f 689//714 754//714 755//714
f 689//714 755//714 690//714
f 690//715 755//715 756//715
f 690//715 756//715 691//715
f 691//716 756//716 757//716
f 691//716 757//716 692//716
f 692//717 757//717 758//717
f 692//717 758//717 693//717
f 693//718 758//718 759//718
f 693//718 759//718 694//718
f 694//719 759//719 760//719
f 694//719 760//719 695//719
f 695//720 760//720 761//720
f 695//720 761//720 696//720
f 696//721 761//721 762//721
f 696//721 762//721 697//721
f 697//722 762//722 763//722
f 697//722 763//722 698//722
f 698//723 763//723 764//723
f 698//723 764//723 699//723
f 699//724 764//724 187//724
f 699//724 187//724 184//724
f 184//725 187//725 189//725
f 184//726 189//726 185//726
f 34//727 36//727 39//727
f 39//728 36//728 765//728
f 39//728 765//728 700//728
f 700//729 765//729 766//729
f 700//729 766//729 701//729
f 701//730 766//730 767//730
f 701//730 767//730 702//730
f 702//731 767//731 768//731
f 702//731 768//731 703//731
f 703//732 768//732 769//732
f 703//732 769//732 704//732
f 704//733 769//733 770//733
f 704//733 770//733 705//733
f 705//734 770//734 771//734
f 705//734 771//734 706//734
f 706//735 771//735 772//735
f 706//735 772//735 707//735
f 707//736 772//736 773//736
f 707//736 773//736 708//736
f 708//737 773//737 774//737
f 708//737 774//737 709//737
f 709//738 774//738 775//738
f 709//738 775//738 710//738
f 710//739 775//739 776//739
f 710//739 776//739 711//739
f 711//740 776//740 777//740
f 711//740 777//740 712//740
f 712//741 777//741 211//741
f 712//741 211//741 208//741
f 208//742 211//742 213//742
f 208//743 213//743 209//743
f 26//744 28//744 79//744
f 79//745 28//745 778//745
f 79//745 778//745 713//745
f 713//746 778//746 779//746
f 713//746 779//746 714//746
f 714//747 779//747 780//747
f 714//747 780//747 715//747
f 715//748 780//748 781//748
f 715//748 781//748 716//748
f 716//749 781//749 782//749
f 716//749 782//749 717//749
f 717//750 782//750 783//750
f 717//750 783//750 718//750
f 718//751 783//751 784//751
f 718//751 784//751 719//751
f 719//752 784//752 785//752
f 719//752 785//752 720//752
f 720//753 785//753 786//753
f 720//753 786//753 721//753
f 721//754 786//754 787//754
f 721//754 787//754 722//754
f 722//755 787//755 788//755
f 722//755 788//755 723//755
f 723//756 788//756 789//756
f 723//756 789//756 724//756
f 724//757 789//757 790//757
f 724//757 790//757 725//757
f 725//758 790//758 65//758
f 725//758 65//758 62//758
f 62//759 65//759 67//759
f 62//760 67//760 63//760
f 19//761 142//761 20//761
f 20//762 142//762 791//762
f 20//762 791//762 726//762
f 726//763 791//763 792//763
f 726//763 792//763 727//763
f 727//764 792//764 793//764
f 727//764 793//764 728//764
f 728//765 793//765 794//765
f 728//765 794//765 729//765
f 729//766 794//766 795//766
f 729//766 795//766 730//766
f 730//767 795//767 796//767
f 730//767 796//767 731//767
f 731//768 796//768 797//768
f 731//768 797//768 732//768
f 732//769 797//769 798//769
f 732//769 798//769 733//769
f 733//770 798//770 799//770
f 733//770 799//770 734//770
f 734//771 799//771 800//771
f 734//771 800//771 735//771
f 735//772 800//772 801//772
f 735//772 801//772 736//772
f 736//773 801//773 802//773
f 736//773 802//773 737//773
f 737//774 802//774 803//774
f 737//774 803//774 738//774
f 738//775 803//775 109//775
f 738//775 109//775 105//775
f 105//776 109//776 108//776
f 105//777 108//777 106//777
f 13//778 160//778 14//778
f 14//779 160//779 804//779
f 14//779 804//779 739//779
f 739//780 804//780 805//780
f 739//780 805//780 740//780
f 740//781 805//781 806//781
f 740//781 806//781 741//781
f 741//782 806//782 807//782
f 741//782 807//782 742//782
f 742//783 807//783 808//783
f 742//783 808//783 743//783
f 743//784 808//784 809//784
f 743//784 809//784 744//784
f 744//785 809//785 810//785
f 744//785 810//785 745//785
f 745//786 810//786 811//786
f 745//786 811//786 746//786
f 746//787 811//787 812//787
f 746//787 812//787 747//787
f 747//788 812//788 813//788
f 747//788 813//788 748//788
f 748//789 813//789 814//789
f 748//789 814//789 749//789
f 749//790 814//790 815//790
f 749//790 815//790 750//790
f 750//791 815//791 816//791
f 750//791 816//791 751//791
f 751//792 816//792 133//792
f 751//792 133//792 129//792
f 129//793 133//793 132//793
f 129//794 132//794 130//794
f 5//795 224//795 6//795
f 6//796 224//796 817//796
f 6//796 817//796 752//796
f 752//797 817//797 818//797
f 752//797 818//797 753//797
f 753//798 818//798 819//798
f 753//799 819//799 754//799
f 754//800 819//800 820//800
f 754//800 820//800 755//800
f 755//801 820//801 821//801
f 755//801 821//801 756//801
f 756//802 821//802 822//802
f 756//802 822//802 757//802
f 757//803 822//803 823//803
f 757//803 823//803 758//803
f 758//804 823//804 824//804
f 758//804 824//804 759//804
f 759//805 824//805 825//805
f 759//805 825//805 760//805
f 760//806 825//806 826//806
f 760//806 826//806 761//806
f 761//807 826//807 827//807
f 761//807 827//807 762//807
f 762//808 827//808 828//808
f 762//808 828//808 763//808
f 763//809 828//809 829//809
f 763//809 829//809 764//809
f 764//810 829//810 191//810
f 764//810 191//810 187//810
f 187//811 191//811 190//811
f 187//812 190//812 188//812
f 35//813 38//813 36//813
f 36//814 38//814 830//814
f 36//814 830//814 765//814
f 765//815 830//815 831//815
f 765//815 831//815 766//815
f 766//816 831//816 832//816
f 766//816 832//816 767//816
f 767//817 832//817 833//817
f 767//817 833//817 768//817
f 768//818 833//818 834//818
f 768//818 834//818 769//818
f 769//819 834//819 835//819
f 769//819 835//819 770//819
f 770//820 835//820 836//820
f 770//820 836//820 771//820
f 771//821 836//821 837//821
f 771//821 837//821 772//821
f 772//822 837//822 838//822
f 772//822 838//822 773//822
f 773//823 838//823 839//823
f 773//823 839//823 774//823
f 774//824 839//824 840//824
f 774//824 840//824 775//824
f 775//825 840//825 841//825
f 775//825 841//825 776//825
f 776//826 841//826 842//826
f 776//826 842//826 777//826
f 777//827 842//827 215//827
f 777//827 215//827 211//827
f 211//828 215//828 214//828
f 211//829 214//829 212//829
f 27//830 78//830 28//830
f 28//831 78//831 843//831
f 28//831 843//831 778//831
f 778//832 843//832 844//832
f 778//832 844//832 779//832
f 779//833 844//833 845//833
f 779//833 845//833 780//833
f 780//834 845//834 846//834
f 780//834 846//834 781//834
f 781//835 846//835 847//835
f 781//835 847//835 782//835
f 782//836 847//836 848//836
f 782//836 848//836 783//836
f 783//837 848//837 849//837
f 783//837 849//837 784//837
f 784//838 849//838 850//838
f 784//838 850//838 785//838
f 785//839 850//839 851//839
f 785//839 851//839 786//839
f 786//840 851//840 852//840
f 786//840 852//840 787//840
f 787//841 852//841 853//841
f 787//841 853//841 788//841
f 788//842 853//842 854//842
f 788//842 854//842 789//842
f 789//843 854//843 855//843
f 789//843 855//843 790//843
f 790//844 855//844 69//844
f 790//844 69//844 65//844
f 65//845 69//845 68//845
f 65//846 68//846 66//846
f 856//847 274//847 857//847
f 857//847 274//847 276//847
f 857//847 276//847 858//847
f 858//847 276//847 278//847
f 858//847 278//847 859//847
f 860//847 242//847 861//847
f 861//847 242//847 244//847
f 861//847 244//847 862//847
f 863//847 372//847 864//847
f 864//847 372//847 374//847
f 864//847 374//847 865//847
f 278//847 280//847 859//847
f 859//847 280//847 282//847
f 859//847 282//847 866//847
f 866//847 282//847 284//847
f 866//847 284//847 867//847
f 868//847 118//847 869//847
f 869//847 118//847 117//847
f 869//847 117//847 870//847
f 870//847 117//847 157//847
f 870//847 157//847 860//847
f 860//847 157//847 158//847
f 860//847 158//847 242//847
f 244//847 246//847 862//847
f 862//847 246//847 248//847
f 862//847 248//847 871//847
f 871//847 248//847 250//847
f 871//847 250//847 872//847
f 872//847 250//847 252//847
f 872//847 252//847 873//847
f 874//847 52//847 875//847
f 875//847 52//847 326//847
f 875//847 326//847 876//847
f 876//847 326//847 328//847
f 876//847 328//847 877//847
f 878//847 199//847 879//847
f 879//847 199//847 239//847
f 879//847 239//847 880//847
f 880//847 239//847 240//847
f 880//847 240//847 881//847
f 240//847 298//847 881//847
f 881//847 298//847 300//847
f 881//847 300//847 882//847
f 882//847 300//847 302//847
f 882//847 302//847 883//847
f 284//847 286//847 867//847
f 867//847 286//847 288//847
f 867//847 288//847 884//847
f 884//847 288//847 290//847
f 884//847 290//847 885//847
f 885//847 290//847 292//847
f 885//847 292//847 868//847
f 868//847 292//847 294//847
f 868//847 294//847 118//847
f 886//847 22//847 887//847
f 887//847 22//847 92//847
f 887//847 92//847 888//847
f 374//847 376//847 865//847
f 865//847 376//847 378//847
f 865//847 378//847 889//847
f 889//847 378//847 53//847
f 889//847 53//847 890//847
f 890//847 53//847 31//847
f 890//847 31//847 874//847
f 874//847 31//847 30//847
f 874//847 30//847 52//847
f 328//847 330//847 877//847
f 877//847 330//847 332//847
f 877//847 332//847 891//847
f 891//847 332//847 334//847
f 891//847 334//847 892//847
f 893//847 314//847 894//847
f 894//847 314//847 316//847
f 894//847 316//847 895//847
f 895//847 316//847 318//847
f 895//847 318//847 896//847
f 897//847 8//847 898//847
f 898//847 8//847 174//847
f 898//847 174//847 899//847
f 899//847 174//847 270//847
f 899//847 270//847 856//847
f 856//847 270//847 272//847
f 856//847 272//847 274//847
f 900//847 364//847 901//847
f 901//847 364//847 366//847
f 901//847 366//847 902//847
f 902//847 366//847 368//847
f 902//847 368//847 863//847
f 863//847 368//847 370//847
f 863//847 370//847 372//847
f 318//847 320//847 896//847
f 896//847 320//847 322//847
f 896//847 322//847 903//847
f 903//847 322//847 175//847
f 903//847 175//847 897//847
f 897//847 175//847 9//847
f 897//847 9//847 8//847
f 252//847 254//847 873//847
f 873//847 254//847 256//847
f 873//847 256//847 904//847
f 904//847 256//847 258//847
f 904//847 258//847 905//847
f 905//847 258//847 260//847
f 905//847 260//847 906//847
f 92//847 354//847 888//847
f 888//847 354//847 356//847
f 888//847 356//847 907//847
f 907//847 356//847 358//847
f 907//847 358//847 908//847
f 908//847 358//847 360//847
f 908//847 360//847 900//847
f 900//847 360//847 362//847
f 900//847 362//847 364//847
f 909//847 346//847 910//847
f 910//847 346//847 348//847
f 910//847 348//847 911//847
f 911//847 348//847 350//847
f 911//847 350//847 878//847
f 878//847 350//847 200//847
f 878//847 200//847 199//847
f 302//847 304//847 883//847
f 883//847 304//847 306//847
f 883//847 306//847 912//847
f 912//847 306//847 308//847
f 912//847 308//847 913//847
f 913//847 308//847 310//847
f 913//847 310//847 893//847
f 893//847 310//847 312//847
f 893//847 312//847 314//847
f 260//847 262//847 906//847
f 906//847 262//847 264//847
f 906//847 264//847 914//847
f 914//847 264//847 266//847
f 914//847 266//847 915//847
f 915//847 266//847 93//847
f 915//847 93//847 886//847
f 886//847 93//847 23//847
f 886//847 23//847 22//847
f 334//847 336//847 892//847
f 892//847 336//847 338//847
f 892//847 338//847 916//847
f 916//847 338//847 340//847
f 916//847 340//847 917//847
f 917//847 340//847 342//847
f 917//847 342//847 909//847
f 909//847 342//847 344//847
f 909//847 344//847 346//847
f 918//848 865//848 919//848
f 919//849 865//849 889//849
f 919//849 889//849 920//849
f 920//850 889//850 890//850
f 920//850 890//850 921//850
f 921//851 890//851 874//851
f 921//851 874//851 922//851
f 922//852 874//852 875//852
f 922//852 875//852 923//852
f 923//853 875//853 876//853
f 923//853 876//853 924//853
f 924//854 876//854 877//854
f 924//854 877//854 925//854
f 925//855 877//855 891//855
f 925//855 891//855 926//855
f 926//856 891//856 892//856
f 926//856 892//856 927//856
f 927//857 892//857 916//857
f 927//857 916//857 928//857
f 928//858 916//858 917//858
f 928//858 917//858 929//858
f 929//859 917//859 909//859
f 929//859 909//859 930//859
f 930//860 909//860 910//860
f 930//860 910//860 931//860
f 931//861 910//861 911//861
f 931//861 911//861 932//861
f 932//862 911//862 878//862
f 932//862 878//862 933//862
f 933//863 878//863 879//863
f 933//863 879//863 934//863
f 934//864 879//864 880//864
f 934//864 880//864 935//864
f 935//865 880//865 881//865
f 935//865 881//865 936//865
f 936//866 881//866 882//866
f 936//866 882//866 937//866
f 937//867 882//867 883//867
f 937//867 883//867 938//867
f 938//868 883//868 912//868
f 938//868 912//868 939//868
f 939//869 912//869 913//869
f 939//869 913//869 940//869
f 940//870 913//870 893//870
f 940//870 893//870 941//870
f 941//871 893//871 894//871
f 941//871 894//871 942//871
f 942//872 894//872 895//872
f 942//872 895//872 943//872
f 943//873 895//873 896//873
f 943//873 896//873 944//873
f 944//874 896//874 903//874
f 944//874 903//874 945//874
f 945//875 903//875 897//875
f 945//875 897//875 946//875
f 946//876 897//876 898//876
f 946//876 898//876 947//876
f 947//877 898//877 899//877
f 947//877 899//877 948//877
f 948//878 899//878 856//878
f 948//878 856//878 949//878
f 949//879 856//879 857//879
f 949//879 857//879 950//879
f 950//880 857//880 858//880
f 950//880 858//880 951//880
f 951//881 858//881 859//881
f 951//881 859//881 952//881
f 952//882 859//882 866//882
f 952//882 866//882 953//882
f 953//883 866//883 867//883
f 953//883 867//883 954//883
f 954//884 867//884 884//884
f 954//884 884//884 955//884
f 955//885 884//885 885//885
f 955//885 885//885 956//885
f 956//886 885//886 868//886
f 956//886 868//886 957//886
f 957//887 868//887 869//887
f 957//887 869//887 958//887
f 958//888 869//888 870//888
f 958//888 870//888 959//888
f 959//889 870//889 860//889
f 959//889 860//889 960//889
f 960//890 860//890 861//890
f 960//890 861//890 961//890
f 961//891 861//891 862//891
f 961//891 862//891 962//891
f 962//892 862//892 871//892
f 962//892 871//892 963//892
f 963//893 871//893 872//893
f 963//893 872//893 964//893
f 964//894 872//894 873//894
f 964//894 873//894 965//894
f 965//895 873//895 904//895
f 965//895 904//895 966//895
f 966//896 904//896 905//896
f 966//896 905//896 967//896
f 967//897 905//897 906//897
f 967//897 906//897 968//897
f 968//898 906//898 914//898
f 968//898 914//898 969//898
f 969//899 914//899 915//899
f 969//899 915//899 970//899
f 970//900 915//900 886//900
f 970//900 886//900 971//900
f 971//901 886//901 887//901
f 971//901 887//901 972//901
f 972//902 887//902 888//902
f 972//902 888//902 973//902
f 973//903 888//903 907//903
f 973//903 907//903 974//903
f 974//904 907//904 908//904
f 974//904 908//904 975//904
f 975//905 908//905 900//905
f 975//905 900//905 976//905
f 976//906 900//906 901//906
f 976//906 901//906 977//906
f 977//907 901//907 902//907
f 977//907 902//907 978//907
f 978//908 902//908 863//908
f 978//908 863//908 979//908
f 979//909 863//909 864//909
f 979//909 864//909 918//909
f 918//848 864//848 865//848
f 980//910 921//910 981//910
f 981//910 921//910 922//910
f 981//910 922//910 982//910
f 982//910 922//910 923//910
f 982//910 923//910 983//910
f 983//910 923//910 924//910
f 983//910 924//910 984//910
f 984//910 924//910 925//910
f 984//910 925//910 985//910
f 985//910 925//910 926//910
f 985//910 926//910 986//910
f 986//910 926//910 927//910
f 986//910 927//910 987//910
f 987//910 927//910 928//910
f 987//910 928//910 988//910
f 988//910 928//910 929//910
f 988//910 929//910 989//910
f 989//910 929//910 930//910
f 989//910 930//910 990//910
f 990//910 930//910 931//910
f 990//910 931//910 991//910
f 991//910 931//910 932//910
f 991//910 932//910 992//910
f 992//910 932//910 933//910
f 992//910 933//910 993//910
f 993//910 933//910 934//910
f 993//910 934//910 994//910
f 994//910 934//910 935//910
f 994//910 935//910 995//910
f 995//910 935//910 936//910
f 995//910 936//910 996//910
f 996//910 936//910 937//910
f 996//910 937//910 997//910
f 997//910 937//910 938//910
f 997//910 938//910 998//910
f 998//910 938//910 939//910
f 998//910 939//910 999//910
f 999//910 939//910 940//910
f 999//910 940//910 1000//910
f 1000//910 940//910 941//910
f 1000//910 941//910 1001//910
f 1001//910 941//910 942//910
f 1001//910 942//910 1002//910
f 1002//910 942//910 943//910
f 1002//910 943//910 1003//910
f 1003//910 943//910 944//910
f 1003//910 944//910 1004//910
f 1004//910 944//910 945//910
f 1004//910 945//910 1005//910
f 1005//910 945//910 946//910
f 1005//910 946//910 1006//910
f 1006//910 946//910 947//910
f 1006//910 947//910 1007//910
f 1007//910 947//910 948//910
f 1007//910 948//910 1008//910
f 1008//910 948//910 949//910
f 1008//910 949//910 1009//910
f 1009//910 949//910 950//910
f 1009//910 950//910 1010//910
f 1010//910 950//910 951//910
f 1010//910 951//910 1011//910
f 1011//910 951//910 952//910
f 1011//910 952//910 1012//910
f 1012//910 952//910 953//910
f 1012//910 953//910 1013//910
f 1013//910 953//910 954//910
f 1013//910 954//910 1014//910
f 1014//910 954//910 955//910
f 1014//910 955//910 1015//910
f 1015//910 955//910 956//910
f 1015//910 956//910 1016//910
f 1016//910 956//910 957//910
f 1016//910 957//910 1017//910
f 1017//910 957//910 958//910
f 1017//910 958//910 1018//910
f 1018//910 958//910 959//910
f 1018//910 959//910 1019//910
f 1019//910 959//910 960//910
f 1019//910 960//910 1020//910
f 1020//910 960//910 961//910
f 1020//910 961//910 1021//910
f 1021//910 961//910 962//910
f 1021//910 962//910 1022//910
f 1022//910 962//910 963//910
f 1022//910 963//910 1023//910
f 1023//910 963//910 964//910
f 1023//910 964//910 1024//910
f 1024//910 964//910 965//910
f 1024//910 965//910 1025//910
f 1025//910 965//910 966//910
f 1025//910 966//910 1026//910
f 1026//910 966//910 967//910
f 1026//910 967//910 1027//910
f 1027//910 967//910 968//910
f 1027//910 968//910 1028//910
f 1028//910 968//910 969//910
f 1028//910 969//910 1029//910
f 1029//910 969//910 970//910
f 1029//910 970//910 1030//910
f 1030//910 970//910 971//910
f 1030//910 971//910 1031//910
f 1031//910 971//910 972//910
f 1031//910 972//910 1032//910
f 1032//910 972//910 973//910
f 1032//910 973//910 1033//910
f 1033//910 973//910 974//910
f 1033//910 974//910 1034//910
f 1034//910 974//910 975//910
f 1034//910 975//910 1035//910
f 1035//910 975//910 976//910
f 1035//910 976//910 1036//910
f 1036//910 976//910 977//910
f 1036//910 977//910 1037//910
f 1037//910 977//910 978//910
f 1037//910 978//910 1038//910
f 1038//910 978//910 979//910
f 1038//910 979//910 1039//910
f 1039//910 979//910 918//910
f 1039//910 918//910 1040//910
f 1040//910 918//910 919//910
f 1040//910 919//910 1041//910
f 1041//910 919//910 920//910
f 1041//910 920//910 980//910
f 980//910 920//910 921//910
f 1042//848 1040//848 1043//848
f 1046//852 981//852 982//852
f 1048//885 984//885 983//885
f 1049//855 985//855 1050//855
f 1052//858 988//858 1053//858
f 1053//890 1054//890 989//890
f 1054//891 990//891 989//891
f 1054//860 990//860 1055//860
f 1055//892 991//892 990//892
f 1055//892 1056//892 991//892
f 1056//862 991//862 992//862
f 1056//862 992//862 1057//862
f 1057//863 992//863 993//863
f 1057//894 1058//894 993//894
f 1058//864 993//864 994//864
f 1059//865 994//865 995//865
f 1060//897 1061//897 996//897
f 1064//870 1000//870 1065//870
f 1065//871 1000//871 1001//871
f 1065//902 1066//902 1001//902
f 1066//872 1001//872 1002//872
f 1068//874 1004//874 1069//874
f 1069//875 1004//875 1005//875
f 1069//906 1070//906 1005//906
f 1070//907 1006//907 1005//907
f 1072//909 1073//909 1008//909
f 1073//848 1074//848 1009//848
f 1074//880 1009//880 1010//880
f 1076//882 1012//882 1077//882
f 1077//852 1078//852 1013//852
f 1078//853 1014//853 1013//853
f 1078//884 1014//884 1079//884
f 1079//854 1015//854 1014//854
f 1081//856 1082//856 1017//856
f 1083//889 1018//889 1019//889
f 1083//858 1084//858 1019//858
f 1085//891 1021//891 1086//891
f 1086//892 1022//892 1087//892
f 1089//895 1024//895 1025//895
f 1089//895 1025//895 1090//895
f 1090//896 1025//896 1026//896
f 1092//867 1093//867 1028//867
f 1093//899 1028//899 1029//899
f 1094//869 1030//869 1029//869
f 1096//902 1031//902 1032//902
f 1096//902 1032//902 1097//902
f 1097//872 1033//872 1032//872
f 1098//904 1033//904 1034//904
f 1098//904 1034//904 1099//904
f 1099//874 1035//874 1034//874
f 1099//874 1100//874 1035//874
f 1100//906 1035//906 1036//906
f 1101//907 1036//907 1037//907
f 1101//876 1102//876 1037//876
f 1103//909 1039//909 1042//909
f 1042//848 1039//848 1040//848
f 1063//847 1104//847 1062//847
f 1062//847 1104//847 1105//847
f 1062//847 1105//847 1061//847
f 1061//847 1105//847 1106//847
f 1061//847 1106//847 1060//847
f 1060//847 1106//847 1107//847
f 1060//847 1107//847 1059//847
f 1059//847 1107//847 1108//847
f 1059//847 1108//847 1058//847
f 1058//847 1108//847 1109//847
f 1058//847 1109//847 1057//847
f 1057//847 1109//847 1110//847
f 1057//847 1110//847 1056//847
f 1056//847 1110//847 1111//847
f 1056//847 1111//847 1055//847
f 1055//847 1111//847 1112//847
f 1055//847 1112//847 1054//847
f 1054//847 1112//847 1113//847
f 1054//847 1113//847 1053//847
f 1053//847 1113//847 1114//847
f 1053//847 1114//847 1052//847
f 1052//847 1114//847 1115//847
f 1052//847 1115//847 1051//847
f 1051//847 1115//847 1116//847
f 1051//847 1116//847 1050//847
f 1050//847 1116//847 1117//847
f 1050//847 1117//847 1049//847
f 1049//847 1117//847 1118//847
f 1049//847 1118//847 1048//847
f 1048//847 1118//847 1119//847
f 1048//847 1119//847 1047//847
f 1047//847 1119//847 1120//847
f 1047//847 1120//847 1046//847
f 1046//847 1120//847 1121//847
f 1046//847 1121//847 1045//847
f 1045//847 1121//847 1122//847
f 1045//847 1122//847 1044//847
f 1044//847 1122//847 1123//847
f 1044//847 1123//847 1043//847
f 1043//847 1123//847 1124//847
f 1043//847 1124//847 1042//847
f 1042//847 1124//847 1125//847
f 1042//847 1125//847 1103//847
f 1103//847 1125//847 1126//847
f 1103//847 1126//847 1102//847
f 1102//847 1126//847 1127//847
f 1102//847 1127//847 1101//847
f 1101//847 1127//847 1128//847
f 1101//847 1128//847 1100//847
f 1100//847 1128//847 1129//847
f 1100//847 1129//847 1099//847
f 1099//847 1129//847 1130//847
f 1099//847 1130//847 1098//847
f 1098//847 1130//847 1131//847
f 1098//847 1131//847 1097//847
f 1097//847 1131//847 1132//847
f 1097//847 1132//847 1096//847
f 1096//847 1132//847 1133//847
f 1096//847 1133//847 1095//847
f 1095//847 1133//847 1134//847
f 1095//847 1134//847 1094//847
f 1094//847 1134//847 1135//847
f 1094//847 1135//847 1093//847
f 1093//847 1135//847 1136//847
f 1093//847 1136//847 1092//847
f 1092//847 1136//847 1137//847
f 1092//847 1137//847 1091//847
f 1091//847 1137//847 1138//847
f 1091//847 1138//847 1090//847
f 1090//847 1138//847 1139//847
f 1090//847 1139//847 1089//847
f 1089//847 1139//847 1140//847
f 1089//847 1140//847 1088//847
f 1088//847 1140//847 1141//847
f 1088//847 1141//847 1087//847
f 1087//847 1141//847 1142//847
f 1087//847 1142//847 1086//847
f 1086//847 1142//847 1143//847
f 1086//847 1143//847 1085//847
f 1085//847 1143//847 1144//847
f 1085//847 1144//847 1084//847
f 1084//847 1144//847 1145//847
f 1084//847 1145//847 1083//847
f 1083//847 1145//847 1146//847
f 1083//847 1146//847 1082//847
f 1082//847 1146//847 1147//847
f 1082//847 1147//847 1081//847
f 1081//847 1147//847 1148//847
f 1081//847 1148//847 1080//847
f 1080//847 1148//847 1149//847
f 1080//847 1149//847 1079//847
f 1079//847 1149//847 1150//847
f 1079//847 1150//847 1078//847
f 1078//847 1150//847 1151//847
f 1078//847 1151//847 1077//847
f 1077//847 1151//847 1152//847
f 1077//847 1152//847 1076//847
f 1076//847 1152//847 1153//847
f 1076//847 1153//847 1075//847
f 1075//847 1153//847 1154//847
f 1075//847 1154//847 1074//847
f 1074//847 1154//847 1155//847
f 1074//847 1155//847 1073//847
f 1073//847 1155//847 1156//847
f 1073//847 1156//847 1072//847
f 1072//847 1156//847 1157//847
f 1072//847 1157//847 1071//847
f 1071//847 1157//847 1158//847
f 1071//847 1158//847 1070//847
f 1070//847 1158//847 1159//847
f 1070//847 1159//847 1069//847
f 1069//847 1159//847 1160//847
f 1069//847 1160//847 1068//847
f 1068//847 1160//847 1161//847
f 1068//847 1161//847 1067//847
f 1067//847 1161//847 1162//847
f 1067//847 1162//847 1066//847
f 1066//847 1162//847 1163//847
f 1066//847 1163//847 1065//847
f 1065//847 1163//847 1164//847
f 1065//847 1164//847 1064//847
f 1064//847 1164//847 1165//847
f 1064//847 1165//847 1063//847
f 1063//847 1165//847 1104//847
f 1166//848 1124//848 1167//848
f 1167//849 1124//849 1123//849
f 1167//849 1123//849 1168//849
f 1168//850 1123//850 1122//850
f 1168//850 1122//850 1169//850
f 1169//851 1122//851 1121//851
f 1169//851 1121//851 1170//851
f 1170//852 1121//852 1120//852
f 1170//852 1120//852 1171//852
f 1171//853 1120//853 1119//853
f 1171//853 1119//853 1172//853
f 1172//854 1119//854 1118//854
f 1172//854 1118//854 1173//854
f 1173//855 1118//855 1117//855
f 1173//855 1117//855 1174//855
f 1174//856 1117//856 1116//856
f 1174//856 1116//856 1175//856
f 1175//857 1116//857 1115//857
f 1175//857 1115//857 1176//857
f 1176//858 1115//858 1114//858
f 1176//858 1114//858 1177//858
f 1177//859 1114//859 1113//859
f 1177//859 1113//859 1178//859
f 1178//860 1113//860 1112//860
f 1178//860 1112//860 1179//860
f 1179//861 1112//861 1111//861
f 1179//861 1111//861 1180//861
f 1180//862 1111//862 1110//862
f 1180//862 1110//862 1181//862
f 1181//863 1110//863 1109//863
f 1181//863 1109//863 1182//863
f 1182//864 1109//864 1108//864
f 1182//864 1108//864 1183//864
f 1183//865 1108//865 1107//865
f 1183//865 1107//865 1184//865
f 1184//866 1107//866 1106//866
f 1184//866 1106//866 1185//866
f 1185//867 1106//867 1105//867
f 1185//867 1105//867 1186//867
f 1186//868 1105//868 1104//868
f 1186//868 1104//868 1187//868
f 1187//869 1104//869 1165//869
f 1187//869 1165//869 1188//869
f 1188//870 1165//870 1164//870
f 1188//870 1164//870 1189//870
f 1189//871 1164//871 1163//871
f 1189//871 1163//871 1190//871
f 1190//872 1163//872 1162//872
f 1190//872 1162//872 1191//872
f 1191//873 1162//873 1161//873
f 1191//873 1161//873 1192//873
f 1192//874 1161//874 1160//874
f 1192//874 1160//874 1193//874
f 1193//875 1160//875 1159//875
f 1193//875 1159//875 1194//875
f 1194//876 1159//876 1158//876
f 1194//876 1158//876 1195//876
f 1195//877 1158//877 1157//877
f 1195//877 1157//877 1196//877
f 1196//878 1157//878 1156//878
f 1196//878 1156//878 1197//878
f 1197//879 1156//879 1155//879
f 1197//879 1155//879 1198//879
f 1198//880 1155//880 1154//880
f 1198//880 1154//880 1199//880
f 1199//881 1154//881 1153//881
f 1199//881 1153//881 1200//881
f 1200//882 1153//882 1152//882
f 1200//882 1152//882 1201//882
f 1201//883 1152//883 1151//883
f 1201//883 1151//883 1202//883
f 1202//884 1151//884 1150//884
f 1202//884 1150//884 1203//884
f 1203//885 1150//885 1149//885
f 1203//885 1149//885 1204//885
f 1204//886 1149//886 1148//886
f 1204//886 1148//886 1205//886
f 1205//887 1148//887 1147//887
f 1205//887 1147//887 1206//887
f 1206//888 1147//888 1146//888
f 1206//888 1146//888 1207//888
f 1207//889 1146//889 1145//889
f 1207//889 1145//889 1208//889
f 1208//890 1145//890 1144//890
f 1208//890 1144//890 1209//890
f 1209//891 1144//891 1143//891
f 1209//891 1143//891 1210//891
f 1210//892 1143//892 1142//892
f 1210//892 1142//892 1211//892
f 1211//893 1142//893 1141//893
f 1211//893 1141//893 1212//893
f 1212//894 1141//894 1140//894
f 1212//894 1140//894 1213//894
f 1213//895 1140//895 1139//895
f 1213//895 1139//895 1214//895
f 1214//896 1139//896 1138//896
f 1214//896 1138//896 1215//896
f 1215//897 1138//897 1137//897
f 1215//897 1137//897 1216//897
f 1216//898 1137//898 1136//898
f 1216//898 1136//898 1217//898
f 1217//899 1136//899 1135//899
f 1217//899 1135//899 1218//899
f 1218//900 1135//900 1134//900
f 1218//900 1134//900 1219//900
f 1219//901 1134//901 1133//901
f 1219//901 1133//901 1220//901
f 1220//902 1133//902 1132//902
f 1220//902 1132//902 1221//902
f 1221//903 1132//903 1131//903
f 1221//903 1131//903 1222//903
f 1222//904 1131//904 1130//904
f 1222//904 1130//904 1223//904
f 1223//905 1130//905 1129//905
f 1223//905 1129//905 1224//905
f 1224//906 1129//906 1128//906
f 1224//906 1128//906 1225//906
f 1225//907 1128//907 1127//907
f 1225//907 1127//907 1226//907
f 1226//908 1127//908 1126//908
f 1226//908 1126//908 1227//908
f 1227//909 1126//909 1125//909
f 1227//909 1125//909 1166//909
f 1166//848 1125//848 1124//848
f 1228//910 1169//910 1229//910
f 1229//910 1169//910 1170//910
f 1229//910 1170//910 1230//910
f 1230//910 1170//910 1171//910
f 1230//910 1171//910 1231//910
f 1231//910 1171//910 1172//910
f 1231//910 1172//910 1232//910
f 1232//910 1172//910 1173//910
f 1232//910 1173//910 1233//910
f 1233//910 1173//910 1174//910
f 1233//910 1174//910 1234//910
f 1234//910 1174//910 1175//910
f 1234//910 1175//910 1235//910
f 1235//910 1175//910 1176//910
f 1235//910 1176//910 1236//910
f 1236//910 1176//910 1177//910
f 1236//910 1177//910 1237//910
f 1237//910 1177//910 1178//910
f 1237//910 1178//910 1238//910
f 1238//910 1178//910 1179//910
f 1238//910 1179//910 1239//910
f 1239//910 1179//910 1180//910
f 1239//910 1180//910 1240//910
f 1240//910 1180//910 1181//910
f 1240//910 1181//910 1241//910
f 1241//910 1181//910 1182//910
f 1241//910 1182//910 1242//910
f 1242//910 1182//910 1183//910
f 1242//910 1183//910 1243//910
f 1243//910 1183//910 1184//910
f 1243//910 1184//910 1244//910
f 1244//910 1184//910 1185//910
f 1244//910 1185//910 1245//910
f 1245//910 1185//910 1186//910
f 1245//910 1186//910 1246//910
f 1246//910 1186//910 1187//910
f 1246//910 1187//910 1247//910
f 1247//910 1187//910 1188//910
f 1247//910 1188//910 1248//910
f 1248//910 1188//910 1189//910
f 1248//910 1189//910 1249//910
f 1249//910 1189//910 1190//910
f 1249//910 1190//910 1250//910
f 1250//910 1190//910 1191//910
f 1250//910 1191//910 1251//910
f 1251//910 1191//910 1192//910
f 1251//910 1192//910 1252//910
f 1252//910 1192//910 1193//910
f 1252//910 1193//910 1253//910
f 1253//910 1193//910 1194//910
f 1253//910 1194//910 1254//910
f 1254//910 1194//910 1195//910
f 1254//910 1195//910 1255//910
f 1255//910 1195//910 1196//910
f 1255//910 1196//910 1256//910
f 1256//910 1196//910 1197//910
f 1256//910 1197//910 1257//910
f 1257//910 1197//910 1198//910
f 1257//910 1198//910 1258//910
f 1258//910 1198//910 1199//910
f 1258//910 1199//910 1259//910
f 1259//910 1199//910 1200//910
f 1259//910 1200//910 1260//910
f 1260//910 1200//910 1201//910
f 1260//910 1201//910 1261//910
f 1261//910 1201//910 1202//910
f 1261//910 1202//910 1262//910
f 1262//910 1202//910 1203//910
f 1262//910 1203//910 1263//910
f 1263//910 1203//910 1204//910
f 1263//910 1204//910 1264//910
f 1264//910 1204//910 1205//910
f 1264//910 1205//910 1265//910
f 1265//910 1205//910 1206//910
f 1265//910 1206//910 1266//910
f 1266//910 1206//910 1207//910
f 1266//910 1207//910 1267//910
f 1267//910 1207//910 1208//910
f 1267//910 1208//910 1268//910
f 1268//910 1208//910 1209//910
f 1268//910 1209//910 1269//910
f 1269//910 1209//910 1210//910
f 1269//910 1210//910 1270//910
f 1270//910 1210//910 1211//910
f 1270//910 1211//910 1271//910
f 1271//910 1211//910 1212//910
f 1271//910 1212//910 1272//910
f 1272//910 1212//910 1213//910
f 1272//910 1213//910 1273//910
f 1273//910 1213//910 1214//910
f 1273//910 1214//910 1274//910
f 1274//910 1214//910 1215//910
f 1274//910 1215//910 1275//910
f 1275//910 1215//910 1216//910
f 1275//910 1216//910 1276//910
f 1276//910 1216//910 1217//910
f 1276//910 1217//910 1277//910
f 1277//910 1217//910 1218//910
f 1277//910 1218//910 1278//910
f 1278//910 1218//910 1219//910
f 1278//910 1219//910 1279//910
f 1279//910 1219//910 1220//910
f 1279//910 1220//910 1280//910
f 1280//910 1220//910 1221//910
f 1280//910 1221//910 1281//910
f 1281//910 1221//910 1222//910
f 1281//910 1222//910 1282//910
f 1282//910 1222//910 1223//910
f 1282//910 1223//910 1283//910
f 1283//910 1223//910 1224//910
f 1283//910 1224//910 1284//910
f 1284//910 1224//910 1225//910
f 1284//910 1225//910 1285//910
f 1285//910 1225//910 1226//910
f 1285//910 1226//910 1286//910
f 1286//910 1226//910 1227//910
f 1286//910 1227//910 1287//910
f 1287//910 1227//910 1166//910
f 1287//910 1166//910 1288//910
f 1288//910 1166//910 1167//910
f 1288//910 1167//910 1289//910
f 1289//910 1167//910 1168//910
f 1289//910 1168//910 1228//910
f 1228//910 1168//910 1169//910
f 1290//848 1288//848 1291//848
f 1291//880 1289//880 1288//880
f 1292//850 1289//850 1228//850
f 1293//882 1229//882 1228//882
f 1295//853 1230//853 1231//853
f 1295//853 1231//853 1296//853
f 1296//885 1232//885 1231//885
f 1296//854 1232//854 1297//854
f 1297//886 1233//886 1232//886
f 1300//858 1236//858 1301//858
f 1301//859 1236//859 1237//859
f 1301//890 1302//890 1237//890
f 1302//891 1238//891 1237//891
f 1303//892 1239//892 1238//892
f 1304//862 1240//862 1305//862
f 1305//863 1240//863 1241//863
f 1306//864 1241//864 1242//864
f 1308//897 1309//897 1244//897
f 1309//867 1244//867 1245//867
f 1309//898 1310//898 1245//898
f 1310//899 1246//899 1245//899
f 1310//899 1311//899 1246//899
f 1311//869 1246//869 1247//869
f 1313//871 1248//871 1249//871
f 1313//902 1314//902 1249//902
f 1314//872 1249//872 1250//872
f 1314//903 1315//903 1250//903
f 1316//874 1251//874 1252//874
f 1317//906 1318//906 1253//906
f 1318//907 1254//907 1253//907
f 1318//907 1319//907 1254//907
f 1319//908 1255//908 1254//908
f 1319//908 1320//908 1255//908
f 1320//909 1256//909 1255//909
f 1320//909 1321//909 1256//909
f 1321//848 1257//848 1256//848
f 1322//849 1323//849 1258//849
f 1323//850 1259//850 1258//850
f 1323//881 1259//881 1324//881
f 1325//852 1261//852 1260//852
f 1326//853 1262//853 1261//853
f 1326//884 1262//884 1327//884
f 1327//854 1263//854 1262//854
f 1327//885 1263//885 1328//885
f 1328//886 1263//886 1264//886
f 1329//856 1330//856 1265//856
f 1330//857 1266//857 1265//857
f 1330//857 1331//857 1266//857
f 1331//858 1332//858 1267//858
f 1332//890 1268//890 1333//890
f 1333//891 1268//891 1269//891
f 1334//892 1269//892 1270//892
f 1336//894 1272//894 1337//894
f 1337//895 1272//895 1273//895
f 1337//895 1273//895 1338//895
f 1338//896 1273//896 1274//896
f 1338//896 1274//896 1339//896
f 1339//897 1274//897 1275//897
f 1341//899 1276//899 1277//899
f 1342//869 1278//869 1277//869
f 1343//901 1279//901 1344//901
f 1344//902 1280//902 1345//902
f 1345//903 1281//903 1346//903
f 1346//904 1281//904 1282//904
f 1346//873 1347//873 1282//873
f 1347//874 1283//874 1282//874
f 1347//874 1348//874 1283//874
f 1348//906 1283//906 1284//906
f 1348//906 1284//906 1349//906
f 1349//907 1284//907 1285//907
f 1349//876 1350//876 1285//876
f 1350//877 1286//877 1285//877
f 1350//877 1351//877 1286//877
f 1351//909 1286//909 1287//909
f 1351//909 1287//909 1290//909
f 1290//848 1287//848 1288//848
f 1311//847 1352//847 1310//847
f 1310//847 1352//847 1353//847
f 1310//847 1353//847 1309//847
f 1309//847 1353//847 1354//847
f 1309//847 1354//847 1308//847
f 1308//847 1354//847 1355//847
f 1308//847 1355//847 1307//847
f 1307//847 1355//847 1356//847
f 1307//847 1356//847 1306//847
f 1306//847 1356//847 1357//847
f 1306//847 1357//847 1305//847
f 1305//847 1357//847 1358//847
f 1305//847 1358//847 1304//847
f 1304//847 1358//847 1359//847
f 1304//847 1359//847 1303//847
f 1303//847 1359//847 1360//847
f 1303//847 1360//847 1302//847
f 1302//847 1360//847 1361//847
f 1302//847 1361//847 1301//847
f 1301//847 1361//847 1362//847
f 1301//847 1362//847 1300//847
f 1300//847 1362//847 1363//847
f 1300//847 1363//847 1299//847
f 1299//847 1363//847 1364//847
f 1299//847 1364//847 1298//847
f 1298//847 1364//847 1365//847
f 1298//847 1365//847 1297//847
f 1297//847 1365//847 1366//847
f 1297//847 1366//847 1296//847
f 1296//847 1366//847 1367//847
f 1296//847 1367//847 1295//847
f 1295//847 1367//847 1368//847
f 1295//847 1368//847 1294//847
f 1294//847 1368//847 1369//847
f 1294//847 1369//847 1293//847
f 1293//847 1369//847 1370//847
f 1293//847 1370//847 1292//847
f 1292//911 1370//911 1371//911
f 1292//847 1371//847 1291//847
f 1291//847 1371//847 1372//847
f 1291//847 1372//847 1290//847
f 1290//847 1372//847 1373//847
f 1290//847 1373//847 1351//847
f 1351//911 1373//911 1374//911
f 1351//847 1374//847 1350//847
f 1350//847 1374//847 1375//847
f 1350//847 1375//847 1349//847
f 1349//912 1375//912 1376//912
f 1349//847 1376//847 1348//847
f 1348//847 1376//847 1377//847
f 1348//847 1377//847 1347//847
f 1347//847 1377//847 1378//847
f 1347//847 1378//847 1346//847
f 1346//847 1378//847 1379//847
f 1346//847 1379//847 1345//847
f 1345//847 1379//847 1380//847
f 1345//847 1380//847 1344//847
f 1344//847 1380//847 1381//847
f 1344//847 1381//847 1343//847
f 1343//847 1381//847 1382//847
f 1343//847 1382//847 1342//847
f 1342//847 1382//847 1383//847
f 1342//847 1383//847 1341//847
f 1341//847 1383//847 1384//847
f 1341//847 1384//847 1340//847
f 1340//847 1384//847 1385//847
f 1340//847 1385//847 1339//847
f 1339//847 1385//847 1386//847
f 1339//847 1386//847 1338//847
f 1338//847 1386//847 1387//847
f 1338//847 1387//847 1337//847
f 1337//847 1387//847 1388//847
f 1337//847 1388//847 1336//847
f 1336//847 1388//847 1389//847
f 1336//847 1389//847 1335//847
f 1335//847 1389//847 1390//847
f 1335//847 1390//847 1334//847
f 1334//847 1390//847 1391//847
f 1334//847 1391//847 1333//847
f 1333//847 1391//847 1392//847
f 1333//847 1392//847 1332//847
f 1332//847 1392//847 1393//847
f 1332//847 1393//847 1331//847
f 1331//847 1393//847 1394//847
f 1331//847 1394//847 1330//847
f 1330//847 1394//847 1395//847
f 1330//847 1395//847 1329//847
f 1329//847 1395//847 1396//847
f 1329//847 1396//847 1328//847
f 1328//847 1396//847 1397//847
f 1328//847 1397//847 1327//847
f 1327//847 1397//847 1398//847
f 1327//847 1398//847 1326//847
f 1326//847 1398//847 1399//847
f 1326//847 1399//847 1325//847
f 1325//847 1399//847 1400//847
f 1325//847 1400//847 1324//847
f 1324//847 1400//847 1401//847
f 1324//847 1401//847 1323//847
f 1323//847 1401//847 1402//847
f 1323//847 1402//847 1322//847
f 1322//847 1402//847 1403//847
f 1322//912 1403//912 1321//912
f 1321//847 1403//847 1404//847
f 1321//847 1404//847 1320//847
f 1320//847 1404//847 1405//847
f 1320//847 1405//847 1319//847
f 1319//847 1405//847 1406//847
f 1319//912 1406//912 1318//912
f 1318//847 1406//847 1407//847
f 1318//847 1407//847 1317//847
f 1317//847 1407//847 1408//847
f 1317//847 1408//847 1316//847
f 1316//847 1408//847 1409//847
f 1316//847 1409//847 1315//847
f 1315//847 1409//847 1410//847
f 1315//847 1410//847 1314//847
f 1314//847 1410//847 1411//847
f 1314//847 1411//847 1313//847
f 1313//847 1411//847 1412//847
f 1313//847 1412//847 1312//847
f 1312//847 1412//847 1413//847
f 1312//847 1413//847 1311//847
f 1311//847 1413//847 1352//847
f 1414//848 1372//848 1415//848
f 1415//849 1372//849 1371//849
f 1415//849 1371//849 1416//849
f 1416//850 1371//850 1370//850
f 1416//850 1370//850 1417//850
f 1417//851 1370//851 1369//851
f 1417//851 1369//851 1418//851
f 1418//852 1369//852 1368//852
f 1418//852 1368//852 1419//852
f 1419//853 1368//853 1367//853
f 1419//853 1367//853 1420//853
f 1420//854 1367//854 1366//854
f 1420//854 1366//854 1421//854
f 1421//855 1366//855 1365//855
f 1421//855 1365//855 1422//855
f 1422//856 1365//856 1364//856
f 1422//856 1364//856 1423//856
f 1423//857 1364//857 1363//857
f 1423//857 1363//857 1424//857
f 1424//858 1363//858 1362//858
f 1424//858 1362//858 1425//858
f 1425//859 1362//859 1361//859
f 1425//859 1361//859 1426//859
f 1426//860 1361//860 1360//860
f 1426//860 1360//860 1427//860
f 1427//861 1360//861 1359//861
f 1427//861 1359//861 1428//861
f 1428//862 1359//862 1358//862
f 1428//862 1358//862 1429//862
f 1429//863 1358//863 1357//863
f 1429//863 1357//863 1430//863
f 1430//864 1357//864 1356//864
f 1430//864 1356//864 1431//864
f 1431//865 1356//865 1355//865
f 1431//865 1355//865 1432//865
f 1432//866 1355//866 1354//866
f 1432//866 1354//866 1433//866
f 1433//867 1354//867 1353//867
f 1433//867 1353//867 1434//867
f 1434//868 1353//868 1352//868
f 1434//868 1352//868 1435//868
f 1435//869 1352//869 1413//869
f 1435//869 1413//869 1436//869
f 1436//870 1413//870 1412//870
f 1436//870 1412//870 1437//870
f 1437//871 1412//871 1411//871
f 1437//871 1411//871 1438//871
f 1438//872 1411//872 1410//872
f 1438//872 1410//872 1439//872
f 1439//873 1410//873 1409//873
f 1439//873 1409//873 1440//873
f 1440//874 1409//874 1408//874
f 1440//874 1408//874 1441//874
f 1441//875 1408//875 1407//875
f 1441//875 1407//875 1442//875
f 1442//876 1407//876 1406//876
f 1442//876 1406//876 1443//876
f 1443//877 1406//877 1405//877
f 1443//877 1405//877 1444//877
f 1444//878 1405//878 1404//878
f 1444//878 1404//878 1445//878
f 1445//879 1404//879 1403//879
f 1445//879 1403//879 1446//879
f 1446//880 1403//880 1402//880
f 1446//880 1402//880 1447//880
f 1447//881 1402//881 1401//881
f 1447//881 1401//881 1448//881
f 1448//882 1401//882 1400//882
f 1448//882 1400//882 1449//882
f 1449//883 1400//883 1399//883
f 1449//883 1399//883 1450//883
f 1450//884 1399//884 1398//884
f 1450//884 1398//884 1451//884
f 1451//885 1398//885 1397//885
f 1451//885 1397//885 1452//885
f 1452//886 1397//886 1396//886
f 1452//886 1396//886 1453//886
f 1453//887 1396//887 1395//887
f 1453//887 1395//887 1454//887
f 1454//888 1395//888 1394//888
f 1454//888 1394//888 1455//888
f 1455//889 1394//889 1393//889
f 1455//889 1393//889 1456//889
f 1456//890 1393//890 1392//890
f 1456//890 1392//890 1457//890
f 1457//891 1392//891 1391//891
f 1457//891 1391//891 1458//891
f 1458//892 1391//892 1390//892
f 1458//892 1390//892 1459//892
f 1459//893 1390//893 1389//893
f 1459//893 1389//893 1460//893
f 1460//894 1389//894 1388//894
f 1460//894 1388//894 1461//894
f 1461//895 1388//895 1387//895
f 1461//895 1387//895 1462//895
f 1462//896 1387//896 1386//896
f 1462//896 1386//896 1463//896
f 1463//897 1386//897 1385//897
f 1463//897 1385//897 1464//897
f 1464//898 1385//898 1384//898
f 1464//898 1384//898 1465//898
f 1465//899 1384//899 1383//899
f 1465//899 1383//899 1466//899
f 1466//900 1383//900 1382//900
f 1466//900 1382//900 1467//900
f 1467//901 1382//901 1381//901
f 1467//901 1381//901 1468//901
f 1468//902 1381//902 1380//902
f 1468//902 1380//902 1469//902
f 1469//903 1380//903 1379//903
f 1469//903 1379//903 1470//903
f 1470//904 1379//904 1378//904
f 1470//904 1378//904 1471//904
f 1471//905 1378//905 1377//905
f 1471//905 1377//905 1472//905
f 1472//906 1377//906 1376//906
f 1472//906 1376//906 1473//906
f 1473//907 1376//907 1375//907
f 1473//913 1375//913 1474//913
f 1474//908 1375//908 1374//908
f 1474//908 1374//908 1475//908
f 1475//909 1374//909 1373//909
f 1475//909 1373//909 1414//909
f 1414//848 1373//848 1372//848
f 1458//910 793//910 1457//910
f 1457//910 793//910 792//910
f 1457//910 792//910 1456//910
f 792//910 791//910 1456//910
f 1456//910 791//910 142//910
f 1456//910 142//910 1455//910
f 1455//910 142//910 140//910
f 1455//910 140//910 1454//910
f 1454//910 140//910 135//910
f 1454//910 135//910 1453//910
f 1475//910 851//910 1474//910
f 1474//910 851//910 850//910
f 1474//910 850//910 1473//910
f 1473//910 850//910 849//910
f 1473//910 849//910 1472//910
f 1421//910 832//910 1420//910
f 1420//910 832//910 831//910
f 1420//910 831//910 1419//910
f 1419//910 831//910 830//910
f 1419//910 830//910 1418//910
f 1415//910 854//910 1414//910
f 1414//910 854//910 853//910
f 1414//910 853//910 1475//910
f 1475//910 853//910 852//910
f 1475//910 852//910 851//910
f 849//910 848//910 1472//910
f 1472//910 848//910 847//910
f 1472//910 847//910 1471//910
f 1471//910 847//910 846//910
f 1471//910 846//910 1470//910
f 1470//910 846//910 845//910
f 1470//910 845//910 1469//910
f 135//910 133//910 1453//910
f 1453//910 133//910 816//910
f 1453//910 816//910 1452//910
f 1452//910 816//910 815//910
f 1452//910 815//910 1451//910
f 1451//910 815//910 814//910
f 1451//910 814//910 1450//910
f 1440//910 828//910 1439//910
f 1439//910 828//910 827//910
f 1439//910 827//910 1438//910
f 1438//910 827//910 826//910
f 1438//910 826//910 1437//910
f 1434//910 820//910 1433//910
f 1433//910 820//910 819//910
f 1433//910 819//910 1432//910
f 819//910 818//910 1432//910
f 1432//910 818//910 817//910
f 1432//910 817//910 1431//910
f 1431//910 817//910 224//910
f 1431//910 224//910 1430//910
f 1430//910 224//910 222//910
f 1430//910 222//910 1429//910
f 222//910 217//910 1429//910
f 1429//910 217//910 215//910
f 1429//910 215//910 1428//910
f 1428//910 215//910 842//910
f 1428//910 842//910 1427//910
f 1427//910 842//910 841//910
f 1427//910 841//910 1426//910
f 830//910 38//910 1418//910
f 1418//910 38//910 74//910
f 1418//910 74//910 1417//910
f 1417//910 74//910 71//910
f 1417//910 71//910 1416//910
f 1416//910 71//910 69//910
f 1416//910 69//910 1415//910
f 1415//910 69//910 855//910
f 1415//910 855//910 854//910
f 845//910 844//910 1469//910
f 1469//910 844//910 843//910
f 1469//910 843//910 1468//910
f 1468//910 843//910 78//910
f 1468//910 78//910 1467//910
f 814//910 813//910 1450//910
f 1450//910 813//910 812//910
f 1450//910 812//910 1449//910
f 1449//910 812//910 811//910
f 1449//910 811//910 1448//910
f 811//910 810//910 1448//910
f 1448//910 810//910 809//910
f 1448//910 809//910 1447//910
f 1447//910 809//910 808//910
f 1447//910 808//910 1446//910
f 1446//910 808//910 807//910
f 1446//910 807//910 1445//910
f 807//910 806//910 1445//910
f 1445//910 806//910 805//910
f 1445//910 805//910 1444//910
f 1444//910 805//910 804//910
f 1444//910 804//910 1443//910
f 1443//910 804//910 160//910
f 1443//910 160//910 1442//910
f 1423//910 835//910 1422//910
f 1422//910 835//910 834//910
f 1422//910 834//910 1421//910
f 1421//910 834//910 833//910
f 1421//910 833//910 832//910
f 78//910 114//910 1467//910
f 1467//910 114//910 111//910
f 1467//910 111//910 1466//910
f 1466//910 111//910 109//910
f 1466//910 109//910 1465//910
f 1465//910 109//910 803//910
f 1465//910 803//910 1464//910
f 1461//910 797//910 1460//910
f 1460//910 797//910 796//910
f 1460//910 796//910 1459//910
f 1459//910 796//910 795//910
f 1459//910 795//910 1458//910
f 1458//910 795//910 794//910
f 1458//910 794//910 793//910
f 160//910 196//910 1442//910
f 1442//910 196//910 193//910
f 1442//910 193//910 1441//910
f 1441//910 193//910 191//910
f 1441//910 191//910 1440//910
f 1440//910 191//910 829//910
f 1440//910 829//910 828//910
f 826//910 825//910 1437//910
f 1437//910 825//910 824//910
f 1437//910 824//910 1436//910
f 1436//910 824//910 823//910
f 1436//910 823//910 1435//910
f 1435//910 823//910 822//910
f 1435//910 822//910 1434//910
f 1434//910 822//910 821//910
f 1434//910 821//910 820//910
f 841//910 840//910 1426//910
f 1426//910 840//910 839//910
f 1426//910 839//910 1425//910
f 1425//910 839//910 838//910
f 1425//910 838//910 1424//910
f 1424//910 838//910 837//910
f 1424//910 837//910 1423//910
f 1423//910 837//910 836//910
f 1423//910 836//910 835//910
f 803//910 802//910 1464//910
f 1464//910 802//910 801//910
f 1464//910 801//910 1463//910
f 1463//910 801//910 800//910
f 1463//910 800//910 1462//910
f 1462//910 800//910 799//910
f 1462//910 799//910 1461//910
f 1461//910 799//910 798//910
f 1461//910 798//910 797//910
f 1476//914 1477//914 1478//914
f 1478//915 1479//915 1476//915
f 1476//916 1479//916 1480//916
f 1476//917 1480//917 1481//917
f 1482//918 1483//918 1484//918
f 1484//919 1483//919 1476//919
f 1484//920 1476//920 1485//920
f 1485//916 1476//916 1481//916
f 1482//921 1486//921 1483//921
f 1483//922 1486//922 1487//922
f 1483//923 1487//923 1488//923
f 1488//924 1489//924 1483//924
f 1483//925 1489//925 1490//925
f 1483//926 1490//926 1491//926
f 1492//927 1493//927 1494//927
f 1494//928 1493//928 1495//928
f 1494//929 1495//929 1496//929
f 1496//930 1497//930 1494//930
f 1494//931 1497//931 1498//931
f 1494//932 1498//932 1499//932
f 1500//933 1501//933 1502//933
f 1502//934 1501//934 1503//934
f 1503//935 1504//935 1502//935
f 1502//936 1504//936 1505//936
f 1502//937 1505//937 1506//937
f 1506//938 1507//938 1502//938
f 1502//939 1507//939 1508//939
f 1502//940 1508//940 1509//940
f 1509//941 1508//941 1483//941
f 1509//942 1483//942 1494//942
f 1494//943 1483//943 1491//943
f 1494//944 1491//944 1492//944
f 1507//945 1510//945 1508//945
f 1508//946 1510//946 1511//946
f 1508//947 1511//947 1512//947
f 1512//948 1513//948 1508//948
f 1508//949 1513//949 1514//949
f 1508//950 1514//950 1515//950
f 1515//951 1516//951 1508//951
f 1508//952 1516//952 1517//952
f 1508//953 1517//953 1518//953
f 1518//954 1517//954 1519//954
f 1518//955 1519//955 1520//955
f 1520//955 1521//955 1518//955
f 1518//955 1521//955 1522//955
f 1518//955 1522//955 1523//955
f 1524//956 1525//956 1510//956
f 1510//956 1507//956 1526//956
f 1526//956 1527//956 1510//956
f 1510//956 1527//956 1528//956
f 1510//956 1528//956 1529//956
f 1530//956 1531//956 1524//956
f 1524//956 1531//956 1532//956
f 1524//956 1532//956 1533//956
f 1529//956 1534//956 1510//956
f 1510//956 1534//956 1535//956
f 1510//956 1535//956 1524//956
f 1524//956 1535//956 1536//956
f 1524//956 1536//956 1530//956
f 1537//910 1538//910 1539//910
f 1540//910 1541//910 1542//910
f 1543//957 1544//957 1545//957
f 1546//910 1547//910 1548//910
f 1544//910 1549//910 1545//910
f 1545//910 1549//910 1550//910
f 1545//910 1550//910 1551//910
f 1551//910 1550//910 1552//910
f 1551//910 1552//910 1539//910
f 1539//910 1552//910 1553//910
f 1539//910 1553//910 1537//910
f 1538//910 1554//910 1539//910
f 1539//910 1554//910 1555//910
f 1539//910 1555//910 1556//910
f 1541//910 1557//910 1542//910
f 1542//910 1557//910 1558//910
f 1542//910 1558//910 1559//910
f 1560//910 1561//910 1562//910
f 1562//910 1561//910 1563//910
f 1562//910 1563//910 1564//910
f 1564//910 1563//910 1565//910
f 1564//910 1565//910 1566//910
f 1566//910 1565//910 1567//910
f 1566//910 1567//910 1545//910
f 1545//910 1567//910 1568//910
f 1545//910 1568//910 1543//910
f 1548//910 1547//910 1562//910
f 1562//910 1547//910 1569//910
f 1562//910 1569//910 1560//910
f 1570//910 1571//910 1553//910
f 1553//910 1571//910 1572//910
f 1553//910 1572//910 1537//910
f 1558//910 1573//910 1559//910
f 1559//910 1573//910 1574//910
f 1559//910 1574//910 1575//910
f 1575//910 1574//910 1576//910
f 1575//910 1576//910 1556//910
f 1556//910 1576//910 1577//910
f 1556//910 1577//910 1539//910
f 1578//910 1579//910 1580//910
f 1580//910 1579//910 1581//910
f 1580//910 1581//910 1542//910
f 1542//910 1581//910 1582//910
f 1542//910 1582//910 1540//910
f 1583//910 1584//910 1585//910
f 1585//910 1584//910 1586//910
f 1585//910 1586//910 1587//910
f 1587//910 1586//910 1588//910
f 1587//910 1588//910 1553//910
f 1553//910 1588//910 1589//910
f 1553//910 1589//910 1570//910
f 1590//910 1591//910 1592//910
f 1591//910 1593//910 1592//910
f 1592//910 1593//910 1594//910
f 1592//910 1594//910 1580//910
f 1580//910 1594//910 1595//910
f 1580//910 1595//910 1578//910
f 1548//910 1596//910 1546//910
f 1546//910 1596//910 1597//910
f 1546//910 1597//910 1598//910
f 1598//910 1597//910 1599//910
f 1598//910 1599//910 1600//910
f 1601//910 1602//910 1603//910
f 1603//958 1604//958 1601//958
f 1601//910 1604//910 1605//910
f 1601//910 1605//910 1606//910
f 1606//910 1605//910 1607//910
f 1606//910 1607//910 1608//910
f 1609//910 1610//910 1611//910
f 1611//910 1610//910 1608//910
f 1611//910 1608//910 1612//910
f 1612//910 1608//910 1607//910
f 1602//910 1601//910 1613//910
f 1613//910 1601//910 1614//910
f 1613//910 1614//910 1592//910
f 1592//910 1614//910 1615//910
f 1592//910 1615//910 1590//910
f 1599//910 1616//910 1600//910
f 1600//910 1616//910 1617//910
f 1600//910 1617//910 1618//910
f 1618//910 1617//910 1619//910
f 1618//910 1619//910 1620//910
f 1620//910 1619//910 1610//910
f 1620//910 1610//910 1621//910
f 1621//910 1610//910 1609//910
f 1622//910 1623//910 1477//910
f 1477//910 1623//910 1624//910
f 1583//910 1625//910 1584//910
f 1584//910 1625//910 1477//910
f 1584//910 1477//910 1626//910
f 1626//910 1477//910 1624//910
f 1627//910 1628//910 1580//910
f 1628//910 1629//910 1580//910
f 1580//910 1629//910 1630//910
f 1580//910 1630//910 1631//910
f 1631//910 1632//910 1580//910
f 1580//910 1632//910 1633//910
f 1580//910 1633//910 1634//910
f 1634//910 1635//910 1580//910
f 1580//957 1635//957 1636//957
f 1580//910 1636//910 1637//910
f 1637//957 1636//957 1638//957
f 1638//910 1639//910 1637//910
f 1637//910 1639//910 1640//910
f 1637//910 1640//910 1641//910
f 1627//910 1580//910 1642//910
f 1642//910 1580//910 1542//910
f 1642//910 1542//910 1643//910
f 1643//910 1542//910 1644//910
f 1643//910 1644//910 1645//910
f 1645//910 1644//910 1646//910
f 1645//910 1646//910 1647//910
f 1508//910 1648//910 1649//910
f 1650//910 1651//910 1652//910
f 1652//910 1651//910 1653//910
f 1654//959 1655//959 1656//959
f 1656//910 1655//910 1657//910
f 1656//910 1657//910 1653//910
f 1653//910 1657//910 1658//910
f 1653//910 1658//910 1652//910
f 1654//910 1656//910 1659//910
f 1659//910 1656//910 1660//910
f 1659//910 1660//910 1661//910
f 1661//910 1660//910 1662//910
f 1661//910 1662//910 1663//910
f 1664//910 1665//910 1666//910
f 1667//910 1668//910 1669//910
f 1641//910 1670//910 1671//910
f 1672//910 1673//910 1508//910
f 1508//910 1673//910 1674//910
f 1675//910 1508//910 1518//910
f 1676//910 1677//910 1678//910
f 1678//910 1677//910 1679//910
f 1678//910 1679//910 1646//910
f 1646//910 1679//910 1680//910
f 1646//910 1680//910 1647//910
f 1667//910 1669//910 1681//910
f 1675//910 1682//910 1508//910
f 1508//910 1682//910 1683//910
f 1508//910 1683//910 1684//910
f 1685//910 1686//910 1687//910
f 1688//910 1689//910 1637//910
f 1637//910 1689//910 1690//910
f 1637//910 1690//910 1691//910
f 1674//910 1692//910 1508//910
f 1508//910 1692//910 1693//910
f 1508//910 1693//910 1648//910
f 1691//910 1694//910 1637//910
f 1637//910 1694//910 1695//910
f 1637//910 1695//910 1696//910
f 1696//910 1695//910 1697//910
f 1696//910 1697//910 1698//910
f 1698//910 1697//910 1699//910
f 1698//910 1699//910 1700//910
f 1700//910 1699//910 1651//910
f 1700//960 1651//960 1701//960
f 1701//910 1651//910 1650//910
f 1662//910 1702//910 1663//910
f 1663//910 1702//910 1703//910
f 1663//910 1703//910 1704//910
f 1704//910 1703//910 1705//910
f 1704//910 1705//910 1706//910
f 1706//910 1705//910 1707//910
f 1706//910 1707//910 1708//910
f 1708//910 1707//910 1709//910
f 1708//910 1709//910 1710//910
f 1710//910 1709//910 1675//910
f 1710//910 1675//910 1523//910
f 1523//910 1675//910 1518//910
f 1664//910 1666//910 1711//910
f 1711//910 1666//910 1712//910
f 1711//910 1712//910 1668//910
f 1668//910 1712//910 1713//910
f 1668//910 1713//910 1669//910
f 1671//910 1714//910 1641//910
f 1641//910 1714//910 1715//910
f 1641//910 1715//910 1637//910
f 1637//910 1715//910 1716//910
f 1637//910 1716//910 1688//910
f 1678//910 1717//910 1676//910
f 1676//910 1717//910 1718//910
f 1676//910 1718//910 1719//910
f 1719//910 1718//910 1720//910
f 1719//910 1720//910 1721//910
f 1721//910 1720//910 1722//910
f 1721//910 1722//910 1723//910
f 1723//910 1722//910 1724//910
f 1723//910 1724//910 1725//910
f 1725//910 1724//910 1726//910
f 1725//910 1726//910 1727//910
f 1622//910 1477//910 1728//910
f 1728//910 1477//910 1476//910
f 1728//910 1476//910 1649//910
f 1649//910 1476//910 1483//910
f 1649//910 1483//910 1508//910
f 1670//910 1641//910 1729//910
f 1729//910 1641//910 1730//910
f 1729//910 1730//910 1669//910
f 1669//910 1730//910 1731//910
f 1669//910 1731//910 1681//910
f 1727//910 1672//910 1725//910
f 1725//910 1672//910 1508//910
f 1725//910 1508//910 1732//910
f 1732//910 1508//910 1684//910
f 1732//910 1684//910 1687//910
f 1687//910 1684//910 1733//910
f 1687//910 1733//910 1685//910
f 1665//910 1664//910 1686//910
f 1686//910 1664//910 1734//910
f 1686//910 1734//910 1687//910
f 1735//910 1736//910 1592//910
f 1592//910 1736//910 1737//910
f 1738//910 1739//910 1580//910
f 1580//910 1739//910 1740//910
f 1580//910 1740//910 1741//910
f 1737//910 1742//910 1592//910
f 1592//910 1742//910 1743//910
f 1592//910 1743//910 1744//910
f 1744//910 1743//910 1745//910
f 1744//910 1745//910 1746//910
f 1741//910 1747//910 1580//910
f 1580//910 1747//910 1748//910
f 1580//910 1748//910 1749//910
f 1637//910 1750//910 1751//910
f 1745//910 1752//910 1746//910
f 1746//910 1752//910 1753//910
f 1746//910 1753//910 1754//910
f 1754//910 1753//910 1755//910
f 1754//910 1755//910 1756//910
f 1756//910 1755//910 1757//910
f 1756//910 1757//910 1758//910
f 1758//910 1757//910 1759//910
f 1758//910 1759//910 1760//910
f 1760//910 1759//910 1761//910
f 1751//910 1762//910 1637//910
f 1637//910 1762//910 1763//910
f 1637//910 1763//910 1764//910
f 1764//910 1765//910 1637//910
f 1637//958 1765//958 1766//958
f 1637//910 1766//910 1580//910
f 1580//910 1766//910 1767//910
f 1580//910 1767//910 1738//910
f 1749//910 1768//910 1580//910
f 1580//910 1768//910 1769//910
f 1580//910 1769//910 1592//910
f 1592//910 1769//910 1770//910
f 1592//910 1770//910 1735//910
f 1771//910 1772//910 1773//910
f 1773//910 1772//910 1774//910
f 1773//910 1774//910 1775//910
f 1775//910 1774//910 1776//910
f 1775//910 1776//910 1777//910
f 1777//910 1776//910 1778//910
f 1777//910 1778//910 1637//910
f 1637//910 1778//910 1779//910
f 1637//910 1779//910 1750//910
f 1771//910 1780//910 1772//910
f 1772//958 1780//958 1781//958
f 1772//910 1781//910 1782//910
f 1782//910 1781//910 1783//910
f 1782//910 1783//910 1784//910
f 1784//910 1783//910 1785//910
f 1784//910 1785//910 1759//910
f 1759//910 1785//910 1786//910
f 1759//910 1786//910 1761//910
f 1491//961 1787//961 1788//961
f 1789//961 1790//961 1491//961
f 1491//961 1790//961 1791//961
f 1792//961 1788//961 1793//961
f 1793//961 1788//961 1794//961
f 1791//961 1795//961 1491//961
f 1491//961 1795//961 1796//961
f 1491//961 1796//961 1492//961
f 1792//961 1797//961 1788//961
f 1788//961 1797//961 1798//961
f 1788//961 1798//961 1491//961
f 1491//961 1798//961 1799//961
f 1491//961 1799//961 1789//961
f 1800//847 1801//847 1802//847
f 1802//847 1801//847 1803//847
f 1804//847 1524//847 1801//847
f 1801//847 1524//847 1533//847
f 1801//847 1533//847 1803//847
f 1805//847 1806//847 1801//847
f 1801//847 1806//847 1807//847
f 1788//847 1804//847 1794//847
f 1794//847 1804//847 1801//847
f 1794//847 1801//847 1808//847
f 1808//847 1801//847 1807//847
f 1809//962 1810//962 1811//962
f 1696//963 1698//963 1812//963
f 1812//963 1698//963 1813//963
f 1812//964 1813//964 1814//964
f 1815//965 1816//965 1817//965
f 1817//966 1816//966 1818//966
f 1817//967 1818//967 1819//967
f 1819//968 1818//968 1820//968
f 1821//969 1822//969 1823//969
f 1823//970 1822//970 1824//970
f 1823//971 1824//971 1820//971
f 1820//972 1824//972 1825//972
f 1820//973 1825//973 1819//973
f 1821//974 1823//974 1826//974
f 1826//975 1823//975 1827//975
f 1826//976 1827//976 1756//976
f 1828//977 1829//977 1830//977
f 1830//978 1829//978 1831//978
f 1830//979 1831//979 1832//979
f 1620//980 1833//980 1834//980
f 1834//981 1833//981 1835//981
f 1833//982 1836//982 1835//982
f 1835//983 1836//983 1837//983
f 1835//984 1837//984 1831//984
f 1831//985 1837//985 1838//985
f 1831//986 1838//986 1832//986
f 1839//987 1840//987 1841//987
f 1841//988 1840//988 1842//988
f 1843//989 1844//989 1842//989
f 1842//990 1844//990 1845//990
f 1842//991 1845//991 1841//991
f 1549//992 1846//992 1847//992
f 1847//993 1846//993 1848//993
f 1847//994 1848//994 1843//994
f 1843//995 1848//995 1849//995
f 1843//996 1849//996 1844//996
f 1850//997 1851//997 1852//997
f 1852//998 1851//998 1853//998
f 1852//999 1853//999 1854//999
f 1854//1000 1853//1000 1811//1000
f 1854//1001 1811//1001 1855//1001
f 1855//1002 1811//1002 1810//1002
f 1809//1003 1811//1003 1856//1003
f 1856//1004 1811//1004 1857//1004
f 1856//1005 1857//1005 1858//1005
f 1858//1006 1857//1006 1859//1006
f 1858//1007 1859//1007 1708//1007
f 1860//1008 1861//1008 1862//1008
f 1862//1009 1861//1009 1863//1009
f 1813//1010 1864//1010 1814//1010
f 1814//1011 1864//1011 1865//1011
f 1814//1012 1865//1012 1866//1012
f 1866//1013 1865//1013 1867//1013
f 1866//1014 1867//1014 1860//1014
f 1860//1015 1867//1015 1868//1015
f 1860//1016 1868//1016 1861//1016
f 1549//992 1847//992 1550//992
f 1550//1017 1847//1017 1869//1017
f 1550//1017 1869//1017 1552//1017
f 1552//1018 1869//1018 1870//1018
f 1552//1018 1870//1018 1553//1018
f 1553//1019 1870//1019 1871//1019
f 1553//1019 1871//1019 1587//1019
f 1587//1020 1871//1020 1851//1020
f 1587//1020 1851//1020 1585//1020
f 1585//1021 1851//1021 1850//1021
f 1585//1021 1850//1021 1583//1021
f 1620//980 1834//980 1618//980
f 1618//1022 1834//1022 1872//1022
f 1618//1022 1872//1022 1600//1022
f 1600//1023 1872//1023 1873//1023
f 1600//1023 1873//1023 1598//1023
f 1598//1024 1873//1024 1874//1024
f 1598//1024 1874//1024 1546//1024
f 1546//1025 1874//1025 1840//1025
f 1546//1025 1840//1025 1547//1025
f 1547//1026 1840//1026 1839//1026
f 1547//1026 1839//1026 1569//1026
f 1756//976 1827//976 1754//976
f 1754//1027 1827//1027 1875//1027
f 1754//1027 1875//1027 1746//1027
f 1746//1028 1875//1028 1876//1028
f 1746//1028 1876//1028 1744//1028
f 1744//1029 1876//1029 1877//1029
f 1744//1029 1877//1029 1592//1029
f 1592//1030 1877//1030 1829//1030
f 1592//1030 1829//1030 1613//1030
f 1613//1031 1829//1031 1828//1031
f 1613//1031 1828//1031 1602//1031
f 1696//1032 1812//1032 1637//1032
f 1637//1033 1812//1033 1878//1033
f 1637//1034 1878//1034 1777//1034
f 1777//1035 1878//1035 1879//1035
f 1777//1035 1879//1035 1775//1035
f 1775//1036 1879//1036 1816//1036
f 1775//1036 1816//1036 1773//1036
f 1773//1037 1816//1037 1815//1037
f 1773//1037 1815//1037 1771//1037
f 1708//1038 1859//1038 1706//1038
f 1706//1039 1859//1039 1880//1039
f 1706//1039 1880//1039 1704//1039
f 1704//1040 1880//1040 1881//1040
f 1704//1040 1881//1040 1663//1040
f 1663//1041 1881//1041 1862//1041
f 1663//1041 1862//1041 1661//1041
f 1661//1042 1862//1042 1863//1042
f 1661//1042 1863//1042 1659//1042
f 1657//1043 1655//1043 1882//1043
f 1882//1044 1883//1044 1657//1044
f 1657//1045 1883//1045 1884//1045
f 1657//1046 1884//1046 1885//1046
f 1886//1047 1658//1047 1887//1047
f 1887//1048 1658//1048 1657//1048
f 1887//1049 1657//1049 1888//1049
f 1888//1044 1657//1044 1885//1044
f 1886//1050 1889//1050 1658//1050
f 1658//1051 1889//1051 1890//1051
f 1658//1052 1890//1052 1891//1052
f 1891//1053 1892//1053 1658//1053
f 1658//1054 1892//1054 1893//1054
f 1658//1055 1893//1055 1894//1055
f 1895//1056 1896//1056 1897//1056
f 1897//1057 1896//1057 1898//1057
f 1897//1058 1898//1058 1899//1058
f 1899//1059 1900//1059 1897//1059
f 1897//1060 1900//1060 1901//1060
f 1897//1061 1901//1061 1902//1061
f 1903//1062 1904//1062 1905//1062
f 1905//1063 1906//1063 1903//1063
f 1903//1064 1906//1064 1907//1064
f 1903//1065 1907//1065 1908//1065
f 1908//1066 1909//1066 1903//1066
f 1903//1067 1909//1067 1652//1067
f 1903//1068 1652//1068 1910//1068
f 1910//1069 1652//1069 1658//1069
f 1910//1070 1658//1070 1897//1070
f 1897//1071 1658//1071 1894//1071
f 1897//1072 1894//1072 1895//1072
f 1909//1073 1911//1073 1652//1073
f 1652//1074 1911//1074 1912//1074
f 1652//1075 1912//1075 1913//1075
f 1913//1076 1914//1076 1652//1076
f 1652//1077 1914//1077 1915//1077
f 1652//1078 1915//1078 1916//1078
f 1916//1079 1917//1079 1652//1079
f 1652//1080 1917//1080 1918//1080
f 1652//1081 1918//1081 1650//1081
f 1650//1082 1918//1082 1919//1082
f 1650//1083 1919//1083 1920//1083
f 1920//1083 1921//1083 1650//1083
f 1650//1084 1921//1084 1922//1084
f 1650//1083 1922//1083 1701//1083
f 1923//1085 1924//1085 1911//1085
f 1911//1085 1909//1085 1925//1085
f 1925//1085 1926//1085 1911//1085
f 1911//1085 1926//1085 1927//1085
f 1911//1085 1927//1085 1928//1085
f 1929//1085 1930//1085 1923//1085
f 1923//1085 1930//1085 1931//1085
f 1923//1085 1931//1085 1932//1085
f 1928//1085 1933//1085 1911//1085
f 1911//1085 1933//1085 1934//1085
f 1911//1085 1934//1085 1923//1085
f 1923//1085 1934//1085 1935//1085
f 1923//1085 1935//1085 1929//1085
f 1894//1086 1936//1086 1937//1086
f 1938//1086 1939//1086 1894//1086
f 1894//1086 1939//1086 1940//1086
f 1941//1086 1937//1086 1942//1086
f 1942//1086 1937//1086 1943//1086
f 1940//1086 1944//1086 1894//1086
f 1894//1086 1944//1086 1945//1086
f 1894//1086 1945//1086 1895//1086
f 1941//1086 1946//1086 1937//1086
f 1937//1086 1946//1086 1947//1086
f 1937//1086 1947//1086 1894//1086
f 1894//1086 1947//1086 1948//1086
f 1894//1086 1948//1086 1938//1086
f 1949//847 1950//847 1951//847
f 1951//847 1950//847 1952//847
f 1953//847 1923//847 1950//847
f 1950//847 1923//847 1932//847
f 1950//847 1932//847 1952//847
f 1954//847 1955//847 1950//847
f 1950//847 1955//847 1956//847
f 1937//847 1953//847 1943//847
f 1943//847 1953//847 1950//847
f 1943//847 1950//847 1957//847
f 1957//847 1950//847 1956//847
f 1563//1087 1561//1087 1958//1087
f 1958//1088 1959//1088 1563//1088
f 1563//1087 1959//1087 1960//1087
f 1563//1089 1960//1089 1961//1089
f 1962//1090 1565//1090 1963//1090
f 1963//1091 1565//1091 1563//1091
f 1963//1092 1563//1092 1964//1092
f 1964//1087 1563//1087 1961//1087
f 1962//1093 1965//1093 1565//1093
f 1565//1094 1965//1094 1966//1094
f 1565//1095 1966//1095 1967//1095
f 1967//1096 1968//1096 1565//1096
f 1565//1097 1968//1097 1969//1097
f 1565//1098 1969//1098 1970//1098
f 1971//1099 1972//1099 1973//1099
f 1973//1100 1972//1100 1974//1100
f 1973//1101 1974//1101 1975//1101
f 1975//1102 1976//1102 1973//1102
f 1973//1103 1976//1103 1977//1103
f 1973//1104 1977//1104 1978//1104
f 1979//1105 1980//1105 1981//1105
f 1981//1106 1982//1106 1979//1106
f 1979//1107 1982//1107 1983//1107
f 1979//1108 1983//1108 1984//1108
f 1984//1109 1985//1109 1979//1109
f 1979//1110 1985//1110 1567//1110
f 1979//1111 1567//1111 1986//1111
f 1986//1112 1567//1112 1565//1112
f 1986//1113 1565//1113 1973//1113
f 1973//1114 1565//1114 1970//1114
f 1973//1115 1970//1115 1971//1115
f 1985//1116 1987//1116 1567//1116
f 1567//1117 1987//1117 1988//1117
f 1567//1118 1988//1118 1989//1118
f 1989//1119 1990//1119 1567//1119
f 1567//1120 1990//1120 1991//1120
f 1567//1121 1991//1121 1992//1121
f 1992//1122 1993//1122 1567//1122
f 1567//1123 1993//1123 1994//1123
f 1567//1124 1994//1124 1568//1124
f 1568//1125 1994//1125 1995//1125
f 1568//1126 1995//1126 1996//1126
f 1996//1126 1997//1126 1568//1126
f 1568//1127 1997//1127 1998//1127
f 1568//1128 1998//1128 1543//1128
f 1999//1129 2000//1129 1987//1129
f 1987//1130 1985//1130 2001//1130
f 2001//1130 2002//1130 1987//1130
f 1987//1130 2002//1130 2003//1130
f 1987//1130 2003//1130 2004//1130
f 2005//1130 2006//1130 1999//1130
f 1999//1130 2006//1130 2007//1130
f 1999//1130 2007//1130 2008//1130
f 2004//1130 2009//1130 1987//1130
f 1987//1130 2009//1130 2010//1130
f 1987//1130 2010//1130 1999//1130
f 1999//1130 2010//1130 2011//1130
f 1999//1130 2011//1130 2005//1130
f 1970//1131 2012//1131 2013//1131
f 2014//1131 2015//1131 1970//1131
f 1970//1131 2015//1131 2016//1131
f 2017//1131 2013//1131 2018//1131
f 2018//1131 2013//1131 2019//1131
f 2016//1131 2020//1131 1970//1131
f 1970//1131 2020//1131 2021//1131
f 1970//1131 2021//1131 1971//1131
f 2017//1131 2022//1131 2013//1131
f 2013//1131 2022//1131 2023//1131
f 2013//1131 2023//1131 1970//1131
f 1970//1131 2023//1131 2024//1131
f 1970//1131 2024//1131 2014//1131
f 2025//847 2026//847 2027//847
f 2027//847 2026//847 2028//847
f 2029//847 1999//847 2026//847
f 2026//847 1999//847 2008//847
f 2026//847 2008//847 2028//847
f 2030//847 2031//847 2026//847
f 2026//847 2031//847 2032//847
f 2013//847 2029//847 2019//847
f 2019//847 2029//847 2026//847
f 2019//847 2026//847 2033//847
f 2033//847 2026//847 2032//847
f 1605//1132 1604//1132 2034//1132
f 2034//1133 2035//1133 1605//1133
f 1605//1134 2035//1134 2036//1134
f 1605//1134 2036//1134 2037//1134
f 2038//1135 1607//1135 2039//1135
f 2039//1136 1607//1136 1605//1136
f 2039//1137 1605//1137 2040//1137
f 2040//1134 1605//1134 2037//1134
f 2038//1138 2041//1138 1607//1138
f 1607//1139 2041//1139 2042//1139
f 1607//1140 2042//1140 2043//1140
f 2043//1141 2044//1141 1607//1141
f 1607//1142 2044//1142 2045//1142
f 1607//1143 2045//1143 2046//1143
f 2047//1144 2048//1144 2049//1144
f 2049//1145 2048//1145 2050//1145
f 2049//1146 2050//1146 2051//1146
f 2051//1147 2052//1147 2049//1147
f 2049//1148 2052//1148 2053//1148
f 2049//1149 2053//1149 2054//1149
f 2055//1150 2056//1150 2057//1150
f 2057//1151 2058//1151 2055//1151
f 2055//1152 2058//1152 2059//1152
f 2055//1153 2059//1153 2060//1153
f 2060//1154 2061//1154 2055//1154
f 2055//1155 2061//1155 1612//1155
f 2055//1156 1612//1156 2062//1156
f 2062//1157 1612//1157 1607//1157
f 2062//1158 1607//1158 2049//1158
f 2049//1159 1607//1159 2046//1159
f 2049//1160 2046//1160 2047//1160
f 2061//1161 2063//1161 1612//1161
f 1612//1162 2063//1162 2064//1162
f 1612//1163 2064//1163 2065//1163
f 2065//1164 2066//1164 1612//1164
f 1612//1165 2066//1165 2067//1165
f 1612//1166 2067//1166 2068//1166
f 2068//1167 2069//1167 1612//1167
f 1612//1168 2069//1168 2070//1168
f 1612//1169 2070//1169 1611//1169
f 1611//1170 2070//1170 2071//1170
f 1611//1170 2071//1170 2072//1170
f 2072//1170 2073//1170 1611//1170
f 1611//1171 2073//1171 2074//1171
f 1611//1170 2074//1170 1609//1170
f 2075//1172 2076//1172 2063//1172
f 2063//1172 2061//1172 2077//1172
f 2077//1172 2078//1172 2063//1172
f 2063//1172 2078//1172 2079//1172
f 2063//1172 2079//1172 2080//1172
f 2081//1172 2082//1172 2075//1172
f 2075//1172 2082//1172 2083//1172
f 2075//1172 2083//1172 2084//1172
f 2080//1172 2085//1172 2063//1172
f 2063//1172 2085//1172 2086//1172
f 2063//1172 2086//1172 2075//1172
f 2075//1172 2086//1172 2087//1172
f 2075//1172 2087//1172 2081//1172
f 2046//1173 2088//1173 2089//1173
f 2090//1173 2091//1173 2046//1173
f 2046//1173 2091//1173 2092//1173
f 2093//1173 2089//1173 2094//1173
f 2094//1173 2089//1173 2095//1173
f 2092//1173 2096//1173 2046//1173
f 2046//1173 2096//1173 2097//1173
f 2046//1173 2097//1173 2047//1173
f 2093//1173 2098//1173 2089//1173
f 2089//1173 2098//1173 2099//1173
f 2089//1173 2099//1173 2046//1173
f 2046//1173 2099//1173 2100//1173
f 2046//1173 2100//1173 2090//1173
f 2101//847 2102//847 2103//847
f 2103//847 2102//847 2104//847
f 2105//847 2075//847 2102//847
f 2102//847 2075//847 2084//847
f 2102//847 2084//847 2104//847
f 2106//847 2107//847 2102//847
f 2102//847 2107//847 2108//847
f 2089//847 2105//847 2095//847
f 2095//847 2105//847 2102//847
f 2095//847 2102//847 2109//847
f 2109//847 2102//847 2108//847
f 1783//1174 1781//1174 2110//1174
f 2110//1175 2111//1175 1783//1175
f 1783//1174 2111//1174 2112//1174
f 1783//1176 2112//1176 2113//1176
f 2114//1177 1785//1177 2115//1177
f 2115//1178 1785//1178 1783//1178
f 2115//1179 1783//1179 2116//1179
f 2116//1174 1783//1174 2113//1174
f 2114//1180 2117//1180 1785//1180
f 1785//1181 2117//1181 2118//1181
f 1785//1182 2118//1182 2119//1182
f 2119//1183 2120//1183 1785//1183
f 1785//1184 2120//1184 2121//1184
f 1785//1185 2121//1185 2122//1185
f 2123//1186 2124//1186 2125//1186
f 2125//1187 2124//1187 2126//1187
f 2125//1188 2126//1188 2127//1188
f 2127//1189 2128//1189 2125//1189
f 2125//1190 2128//1190 2129//1190
f 2125//1191 2129//1191 2130//1191
f 2131//1192 2132//1192 2133//1192
f 2133//1193 2134//1193 2131//1193
f 2131//1194 2134//1194 2135//1194
f 2131//1195 2135//1195 2136//1195
f 2136//1196 2137//1196 2131//1196
f 2131//1197 2137//1197 1786//1197
f 2131//1198 1786//1198 2138//1198
f 2138//1199 1786//1199 1785//1199
f 2138//1200 1785//1200 2125//1200
f 2125//1201 1785//1201 2122//1201
f 2125//1202 2122//1202 2123//1202
f 2137//1203 2139//1203 1786//1203
f 1786//1204 2139//1204 2140//1204
f 1786//1205 2140//1205 2141//1205
f 2141//1206 2142//1206 1786//1206
f 1786//1207 2142//1207 2143//1207
f 1786//1208 2143//1208 2144//1208
f 2144//1209 2145//1209 1786//1209
f 1786//1210 2145//1210 2146//1210
f 1786//1211 2146//1211 1761//1211
f 1761//1212 2146//1212 2147//1212
f 1761//1212 2147//1212 2148//1212
f 2148//1212 2149//1212 1761//1212
f 1761//1213 2149//1213 2150//1213
f 1761//1214 2150//1214 1760//1214
f 2151//1215 2152//1215 2139//1215
f 2139//1215 2137//1215 2153//1215
f 2153//1215 2154//1215 2139//1215
f 2139//1215 2154//1215 2155//1215
f 2139//1215 2155//1215 2156//1215
f 2157//1215 2158//1215 2151//1215
f 2151//1215 2158//1215 2159//1215
f 2151//1215 2159//1215 2160//1215
f 2156//1215 2161//1215 2139//1215
f 2139//1215 2161//1215 2162//1215
f 2139//1215 2162//1215 2151//1215
f 2151//1215 2162//1215 2163//1215
f 2151//1215 2163//1215 2157//1215
f 2122//1216 2164//1216 2165//1216
f 2166//1216 2167//1216 2122//1216
f 2122//1216 2167//1216 2168//1216
f 2169//1216 2165//1216 2170//1216
f 2170//1216 2165//1216 2171//1216
f 2168//1216 2172//1216 2122//1216
f 2122//1216 2172//1216 2173//1216
f 2122//1216 2173//1216 2123//1216
f 2169//1216 2174//1216 2165//1216
f 2165//1216 2174//1216 2175//1216
f 2165//1216 2175//1216 2122//1216
f 2122//1216 2175//1216 2176//1216
f 2122//1216 2176//1216 2166//1216
f 2177//847 2178//847 2179//847
f 2179//847 2178//847 2180//847
f 2181//847 2151//847 2178//847
f 2178//847 2151//847 2160//847
f 2178//847 2160//847 2180//847
f 2182//847 2183//847 2178//847
f 2178//847 2183//847 2184//847
f 2165//847 2181//847 2171//847
f 2171//847 2181//847 2178//847
f 2171//847 2178//847 2185//847
f 2185//847 2178//847 2184//847
f 2186//847 1881//847 2187//847
f 2187//847 1881//847 1880//847
f 2187//847 1880//847 2188//847
f 2188//847 1880//847 1859//847
f 2188//847 1859//847 2189//847
f 2189//847 1859//847 1857//847
f 2189//847 1857//847 2190//847
f 2190//847 1857//847 1811//847
f 2190//847 1811//847 2191//847
f 2191//847 1811//847 1853//847
f 2191//847 1853//847 2192//847
f 2192//847 1853//847 1851//847
f 2192//847 1851//847 2193//847
f 2193//847 1851//847 1871//847
f 2193//847 1871//847 2194//847
f 2194//847 1871//847 1870//847
f 2194//847 1870//847 2195//847
f 2195//847 1870//847 1869//847
f 2195//847 1869//847 2196//847
f 2196//847 1869//847 1847//847
f 2196//847 1847//847 2197//847
f 2197//847 1847//847 1843//847
f 2197//847 1843//847 2198//847
f 2198//847 1843//847 1842//847
f 2198//847 1842//847 2199//847
f 2199//847 1842//847 1840//847
f 2199//847 1840//847 2200//847
f 2200//847 1840//847 1874//847
f 2200//847 1874//847 2201//847
f 2201//847 1874//847 1873//847
f 2201//847 1873//847 2202//847
f 2202//847 1873//847 1872//847
f 2202//847 1872//847 2203//847
f 2203//847 1872//847 1834//847
f 2203//847 1834//847 2204//847
f 2204//847 1834//847 1835//847
f 2204//847 1835//847 2205//847
f 2205//847 1835//847 1831//847
f 2205//847 1831//847 2206//847
f 2206//847 1831//847 1829//847
f 2206//847 1829//847 2207//847
f 2207//847 1829//847 1877//847
f 2207//847 1877//847 2208//847
f 2208//847 1877//847 1876//847
f 2208//847 1876//847 2209//847
f 2209//847 1876//847 1875//847
f 2209//847 1875//847 2210//847
f 2210//847 1875//847 1827//847
f 2210//847 1827//847 2211//847
f 2211//847 1827//847 1823//847
f 2211//847 1823//847 2212//847
f 2212//847 1823//847 1820//847
f 2212//847 1820//847 2213//847
f 2213//847 1820//847 1818//847
f 2213//847 1818//847 2214//847
f 2214//847 1818//847 1816//847
f 2214//847 1816//847 2215//847
f 2215//847 1816//847 1879//847
f 2215//847 1879//847 2216//847
f 2216//847 1879//847 1878//847
f 2216//847 1878//847 2217//847
f 2217//847 1878//847 1812//847
f 2217//847 1812//847 2218//847
f 2218//847 1812//847 1814//847
f 2218//847 1814//847 2219//847
f 2219//847 1814//847 1866//847
f 2219//847 1866//847 2220//847
f 2220//847 1866//847 1860//847
f 2220//847 1860//847 2221//847
f 2221//847 1860//847 1862//847
f 2221//847 1862//847 2186//847
f 2186//847 1862//847 1881//847
f 2222//847 2223//847 2224//847
f 2225//847 2226//847 2227//847
f 2228//847 2229//847 2230//847
f 2225//847 2227//847 2231//847
f 2231//847 2227//847 2232//847
f 2231//847 2232//847 2233//847
f 2234//847 2235//847 2236//847
f 2228//847 2230//847 2237//847
f 2238//847 2239//847 2240//847
f 2240//847 2239//847 2241//847
f 2240//847 2241//847 2242//847
f 2242//847 2241//847 2243//847
f 2244//847 2245//847 2246//847
f 2234//847 2236//847 2247//847
f 2236//847 2248//847 2247//847
f 2247//847 2248//847 2249//847
f 2247//847 2249//847 2230//847
f 2230//847 2249//847 2250//847
f 2230//847 2250//847 2237//847
f 2238//847 2240//847 2251//847
f 2251//847 2240//847 2252//847
f 2251//847 2252//847 2253//847
f 2245//847 2254//847 2246//847
f 2246//847 2254//847 2255//847
f 2246//847 2255//847 2256//847
f 2257//847 2258//847 2259//847
f 2260//847 2261//847 2262//847
f 2263//847 2264//847 2234//847
f 2234//847 2264//847 2265//847
f 2234//847 2265//847 2235//847
f 2252//847 2266//847 2253//847
f 2253//847 2266//847 2267//847
f 2253//847 2267//847 2268//847
f 2255//847 2269//847 2256//847
f 2256//847 2269//847 2270//847
f 2256//847 2270//847 2225//847
f 2225//847 2270//847 2271//847
f 2225//847 2271//847 2226//847
f 2258//847 2272//847 2259//847
f 2259//847 2272//847 2273//847
f 2259//847 2273//847 2274//847
f 2229//847 2275//847 2230//847
f 2230//847 2275//847 2276//847
f 2230//847 2276//847 2259//847
f 2259//847 2276//847 2277//847
f 2259//847 2277//847 2257//847
f 2274//847 2273//847 2278//847
f 2278//847 2273//847 2279//847
f 2278//847 2279//847 2280//847
f 2280//847 2279//847 2281//847
f 2280//847 2281//847 2282//847
f 2282//847 2281//847 2283//847
f 2282//847 2283//847 2284//847
f 2284//847 2283//847 2285//847
f 2284//847 2285//847 2286//847
f 2286//847 2285//847 2287//847
f 2286//847 2287//847 2262//847
f 2262//847 2287//847 2288//847
f 2262//847 2288//847 2260//847
f 2289//847 2290//847 2291//847
f 2291//847 2290//847 2292//847
f 2291//847 2292//847 2293//847
f 2293//847 2294//847 2291//847
f 2291//847 2294//847 2295//847
f 2291//847 2295//847 2296//847
f 2297//847 2298//847 2299//847
f 2299//847 2298//847 2300//847
f 2299//847 2300//847 2260//847
f 2260//847 2300//847 2301//847
f 2260//847 2301//847 2261//847
f 2243//847 2241//847 2302//847
f 2302//847 2241//847 2303//847
f 2302//847 2303//847 2304//847
f 2304//847 2303//847 2305//847
f 2304//847 2305//847 2306//847
f 2306//847 2305//847 2307//847
f 2306//847 2307//847 2298//847
f 2298//847 2307//847 2308//847
f 2298//847 2308//847 2300//847
f 2268//847 2309//847 2253//847
f 2253//847 2309//847 2310//847
f 2253//847 2310//847 2246//847
f 2246//847 2310//847 2311//847
f 2246//847 2311//847 2244//847
f 2233//847 2312//847 2231//847
f 2231//847 2312//847 2313//847
f 2231//847 2313//847 2314//847
f 2314//847 2289//847 2231//847
f 2231//847 2289//847 2291//847
f 2231//847 2291//847 2315//847
f 2315//847 2291//847 2316//847
f 2315//847 2316//847 2317//847
f 2317//847 2316//847 2318//847
f 2317//847 2318//847 2319//847
f 2319//847 2318//847 2320//847
f 2319//847 2320//847 2321//847
f 2321//847 2320//847 2322//847
f 2321//847 2322//847 2323//847
f 2322//847 2324//847 2323//847
f 2323//847 2324//847 2325//847
f 2323//847 2325//847 2326//847
f 2325//847 2327//847 2326//847
f 2326//847 2327//847 2328//847
f 2326//847 2328//847 2263//847
f 2263//847 2328//847 2329//847
f 2263//847 2329//847 2264//847
f 2297//847 2299//847 2296//847
f 2296//847 2299//847 2330//847
f 2296//847 2330//847 2291//847
f 2331//847 2332//847 2333//847
f 2334//847 2335//847 2336//847
f 2336//847 2335//847 2331//847
f 2336//847 2331//847 2337//847
f 2337//847 2331//847 2333//847
f 2334//847 2338//847 2335//847
f 2335//847 2338//847 2339//847
f 2335//847 2339//847 2340//847
f 2341//847 2342//847 2343//847
f 2343//847 2342//847 2344//847
f 2343//847 2344//847 2345//847
f 2345//847 2344//847 2346//847
f 2345//847 2346//847 2347//847
f 2348//847 2349//847 2350//847
f 2348//847 2351//847 2349//847
f 2349//847 2351//847 2352//847
f 2349//847 2352//847 2353//847
f 2353//847 2354//847 2349//847
f 2349//847 2354//847 2342//847
f 2349//847 2342//847 2355//847
f 2355//847 2342//847 2341//847
f 2355//847 2341//847 2259//847
f 2259//847 2341//847 2356//847
f 2259//847 2356//847 2230//847
f 2346//847 2357//847 2347//847
f 2347//847 2357//847 2358//847
f 2347//847 2358//847 2332//847
f 2332//847 2358//847 2359//847
f 2332//847 2359//847 2333//847
f 2339//847 2360//847 2340//847
f 2340//847 2360//847 2361//847
f 2340//847 2361//847 2223//847
f 2223//847 2361//847 2362//847
f 2224//847 2363//847 2364//847
f 2364//847 2365//847 2224//847
f 2224//847 2365//847 2366//847
f 2224//847 2366//847 2367//847
f 2367//847 2366//847 2368//847
f 2368//847 2366//847 2369//847
f 2368//847 2369//847 2370//847
f 2370//847 2369//847 2371//847
f 2370//847 2371//847 2372//847
f 2372//847 2371//847 2373//847
f 2372//847 2373//847 2374//847
f 2374//847 2373//847 2375//847
f 2374//847 2375//847 2376//847
f 2376//847 2375//847 2377//847
f 2376//847 2377//847 2350//847
f 2350//847 2377//847 2378//847
f 2350//847 2378//847 2348//847
f 2362//847 2379//847 2223//847
f 2223//847 2379//847 2380//847
f 2223//847 2380//847 2381//847
f 2381//847 2382//847 2223//847
f 2223//847 2382//847 2383//847
f 2223//847 2383//847 2224//847
f 2224//847 2383//847 2384//847
f 2224//847 2384//847 2363//847
f 2385//847 2386//847 2387//847
f 2387//847 2386//847 2388//847
f 2387//847 2388//847 2224//847
f 2224//847 2388//847 2389//847
f 2224//847 2389//847 2222//847
f 2390//847 2391//847 2385//847
f 2392//847 2393//847 2394//847
f 2395//847 2396//847 2397//847
f 2385//847 2391//847 2398//847
f 2394//847 2393//847 2396//847
f 2396//847 2393//847 2399//847
f 2396//847 2399//847 2397//847
f 2397//847 2400//847 2395//847
f 2395//847 2400//847 2401//847
f 2395//847 2401//847 2402//847
f 2403//847 2404//847 2387//847
f 2405//847 2406//847 2385//847
f 2385//847 2406//847 2407//847
f 2385//847 2407//847 2390//847
f 2391//847 2408//847 2398//847
f 2398//847 2408//847 2409//847
f 2398//847 2409//847 2394//847
f 2394//847 2409//847 2410//847
f 2394//847 2410//847 2392//847
f 2404//847 2411//847 2387//847
f 2387//847 2411//847 2412//847
f 2387//847 2412//847 2385//847
f 2385//847 2412//847 2413//847
f 2385//847 2413//847 2405//847
f 2403//847 2387//847 2414//847
f 2414//847 2387//847 2415//847
f 2414//847 2415//847 2416//847
f 2417//847 2418//847 2419//847
f 2416//847 2420//847 2414//847
f 2414//847 2420//847 2417//847
f 2414//847 2417//847 2421//847
f 2421//847 2417//847 2419//847
f 2401//847 2422//847 2402//847
f 2402//847 2422//847 2423//847
f 2402//847 2423//847 2424//847
f 2424//847 2423//847 2425//847
f 2424//847 2425//847 2426//847
f 2426//847 2425//847 2427//847
f 2426//847 2427//847 2428//847
f 2428//847 2427//847 2429//847
f 2428//847 2429//847 2430//847
f 2430//847 2429//847 2431//847
f 2430//847 2431//847 2246//847
f 2431//847 2432//847 2246//847
f 2246//847 2432//847 2433//847
f 2246//847 2433//847 2253//847
f 2253//847 2433//847 2434//847
f 2418//847 2417//847 2435//847
f 2435//847 2417//847 2436//847
f 2435//847 2436//847 2437//847
f 2437//847 2436//847 2438//847
f 2437//847 2438//847 2439//847
f 2439//847 2438//847 2440//847
f 2439//847 2440//847 2441//847
f 2441//847 2440//847 2442//847
f 2441//847 2442//847 2434//847
f 2434//847 2442//847 2443//847
f 2434//847 2443//847 2253//847
f 2194//1217 2246//1217 2193//1217
f 2193//1218 2246//1218 2256//1218
f 2193//1219 2256//1219 2192//1219
f 2192//1220 2256//1220 2225//1220
f 2192//1027 2225//1027 2191//1027
f 2191//1221 2225//1221 2231//1221
f 2191//1028 2231//1028 2190//1028
f 2190//1028 2231//1028 2315//1028
f 2190//1029 2315//1029 2189//1029
f 2189//1029 2315//1029 2317//1029
f 2189//1030 2317//1030 2188//1030
f 2188//1030 2317//1030 2319//1030
f 2188//1222 2319//1222 2187//1222
f 2187//1222 2319//1222 2321//1222
f 2187//984 2321//984 2186//984
f 2186//984 2321//984 2323//984
f 2186//1223 2323//1223 2221//1223
f 2221//1223 2323//1223 2326//1223
f 2221//1022 2326//1022 2220//1022
f 2220//1022 2326//1022 2263//1022
f 2220//1023 2263//1023 2219//1023
f 2219//1023 2263//1023 2234//1023
f 2219//1024 2234//1024 2218//1024
f 2234//1024 2247//1024 2218//1024
f 2218//1224 2247//1224 2230//1224
f 2218//1225 2230//1225 2217//1225
f 2217//1226 2230//1226 2356//1226
f 2217//1227 2356//1227 2216//1227
f 2216//1227 2356//1227 2341//1227
f 2216//1228 2341//1228 2215//1228
f 2215//1228 2341//1228 2343//1228
f 2215//1229 2343//1229 2214//1229
f 2214//1229 2343//1229 2345//1229
f 2214//1017 2345//1017 2213//1017
f 2213//1017 2345//1017 2347//1017
f 2213//1018 2347//1018 2212//1018
f 2212//1018 2347//1018 2332//1018
f 2212//1019 2332//1019 2211//1019
f 2211//1019 2332//1019 2331//1019
f 2211//1020 2331//1020 2210//1020
f 2210//1020 2331//1020 2335//1020
f 2210//998 2335//998 2209//998
f 2209//998 2335//998 2340//998
f 2209//1230 2340//1230 2208//1230
f 2208//1230 2340//1230 2223//1230
f 2208//1004 2223//1004 2207//1004
f 2207//1004 2223//1004 2222//1004
f 2207//1231 2222//1231 2206//1231
f 2206//1231 2222//1231 2389//1231
f 2206//1039 2389//1039 2205//1039
f 2205//1039 2389//1039 2388//1039
f 2205//1040 2388//1040 2204//1040
f 2204//1040 2388//1040 2386//1040
f 2204//1041 2386//1041 2203//1041
f 2203//1041 2386//1041 2385//1041
f 2203//1008 2385//1008 2202//1008
f 2202//1008 2385//1008 2398//1008
f 2202//1014 2398//1014 2201//1014
f 2201//1014 2398//1014 2394//1014
f 2201//1232 2394//1232 2200//1232
f 2200//1232 2394//1232 2396//1232
f 2200//1233 2396//1233 2199//1233
f 2199//1233 2396//1233 2395//1233
f 2199//1234 2395//1234 2198//1234
f 2198//1234 2395//1234 2402//1234
f 2198//1035 2402//1035 2197//1035
f 2197//1035 2402//1035 2424//1035
f 2197//1036 2424//1036 2196//1036
f 2196//1036 2424//1036 2426//1036
f 2196//966 2426//966 2195//966
f 2195//966 2426//966 2428//966
f 2195//1235 2428//1235 2194//1235
f 2194//1235 2428//1235 2430//1235
f 2194//1236 2430//1236 2246//1236
f 2444//1237 2445//1237 2446//1237
f 2446//1237 2445//1237 2447//1237
f 2446//1238 2447//1238 2448//1238
f 2448//1238 2447//1238 2449//1238
f 2448//1239 2449//1239 2450//1239
f 2450//1240 2449//1240 2451//1240
f 2450//1241 2451//1241 2452//1241
f 2452//1241 2451//1241 2453//1241
f 2452//1242 2453//1242 2454//1242
f 2454//1243 2453//1243 2455//1243
f 2454//1244 2455//1244 2456//1244
f 2456//1244 2455//1244 2457//1244
f 2456//1245 2457//1245 2458//1245
f 2458//1245 2457//1245 2459//1245
f 2458//1246 2459//1246 2460//1246
f 2460//1246 2459//1246 2461//1246
f 2460//1247 2461//1247 2462//1247
f 2462//1247 2461//1247 2463//1247
f 2462//1248 2463//1248 2464//1248
f 2464//1248 2463//1248 2465//1248
f 2464//1249 2465//1249 2466//1249
f 2466//1249 2465//1249 2467//1249
f 2466//1250 2467//1250 2468//1250
f 2468//1250 2467//1250 2469//1250
f 2468//1251 2469//1251 2470//1251
f 2470//1251 2469//1251 2471//1251
f 2470//1252 2471//1252 2472//1252
f 2472//1253 2471//1253 2473//1253
f 2472//1254 2473//1254 2474//1254
f 2474//1254 2473//1254 2475//1254
f 2474//1255 2475//1255 2476//1255
f 2476//1255 2475//1255 2477//1255
f 2476//1256 2477//1256 2478//1256
f 2478//1256 2477//1256 2479//1256
f 2478//1257 2479//1257 2480//1257
f 2480//1257 2479//1257 2481//1257
f 2480//1258 2481//1258 2482//1258
f 2482//1258 2481//1258 2483//1258
f 2482//1259 2483//1259 2484//1259
f 2484//1259 2483//1259 2485//1259
f 2484//1260 2485//1260 2486//1260
f 2486//1260 2485//1260 2487//1260
f 2486//1261 2487//1261 2488//1261
f 2488//1261 2487//1261 2489//1261
f 2488//1262 2489//1262 2490//1262
f 2490//1262 2489//1262 2491//1262
f 2490//1263 2491//1263 2492//1263
f 2492//1263 2491//1263 2493//1263
f 2492//1264 2493//1264 2494//1264
f 2494//1264 2493//1264 2495//1264
f 2494//1265 2495//1265 2496//1265
f 2496//1265 2495//1265 2497//1265
f 2496//1266 2497//1266 2498//1266
f 2498//1266 2497//1266 2499//1266
f 2498//1267 2499//1267 2500//1267
f 2500//1267 2499//1267 2501//1267
f 2500//1268 2501//1268 2502//1268
f 2502//1268 2501//1268 2503//1268
f 2502//1269 2503//1269 2504//1269
f 2504//1270 2503//1270 2505//1270
f 2504//1271 2505//1271 2506//1271
f 2506//1271 2505//1271 2507//1271
f 2506//1272 2507//1272 2508//1272
f 2508//1273 2507//1273 2509//1273
f 2508//1274 2509//1274 2510//1274
f 2510//1274 2509//1274 2511//1274
f 2510//1275 2511//1275 2512//1275
f 2512//1275 2511//1275 2513//1275
f 2512//1276 2513//1276 2514//1276
f 2514//1276 2513//1276 2515//1276
f 2514//1277 2515//1277 2444//1277
f 2444//1277 2515//1277 2445//1277
f 2516//1278 2442//1278 2517//1278
f 2517//1279 2442//1279 2440//1279
f 2517//1280 2440//1280 2518//1280
f 2518//1281 2440//1281 2438//1281
f 2518//1281 2438//1281 2519//1281
f 2519//1282 2438//1282 2436//1282
f 2519//1282 2436//1282 2520//1282
f 2520//1283 2436//1283 2417//1283
f 2520//1283 2417//1283 2521//1283
f 2521//1284 2417//1284 2420//1284
f 2521//1285 2420//1285 2522//1285
f 2522//1286 2420//1286 2416//1286
f 2522//1287 2416//1287 2523//1287
f 2523//1288 2416//1288 2415//1288
f 2523//1289 2415//1289 2524//1289
f 2524//1290 2415//1290 2387//1290
f 2524//1291 2387//1291 2525//1291
f 2525//1292 2387//1292 2224//1292
f 2355//1293 2526//1293 2349//1293
f 2349//1294 2526//1294 2527//1294
f 2349//1295 2527//1295 2350//1295
f 2350//1296 2527//1296 2528//1296
f 2350//1297 2528//1297 2376//1297
f 2376//1298 2528//1298 2529//1298
f 2376//1299 2529//1299 2374//1299
f 2374//1300 2529//1300 2530//1300
f 2374//1300 2530//1300 2372//1300
f 2372//1301 2530//1301 2531//1301
f 2372//1301 2531//1301 2370//1301
f 2370//1302 2531//1302 2532//1302
f 2370//1302 2532//1302 2368//1302
f 2368//1303 2532//1303 2525//1303
f 2368//1304 2525//1304 2367//1304
f 2367//1305 2525//1305 2224//1305
f 2259//1306 2533//1306 2355//1306
f 2355//1307 2533//1307 2534//1307
f 2355//1308 2534//1308 2526//1308
f 2259//1309 2274//1309 2533//1309
f 2533//1310 2274//1310 2278//1310
f 2533//1311 2278//1311 2535//1311
f 2535//1312 2278//1312 2280//1312
f 2535//1313 2280//1313 2536//1313
f 2536//1314 2280//1314 2282//1314
f 2536//1315 2282//1315 2537//1315
f 2537//1316 2282//1316 2284//1316
f 2537//1316 2284//1316 2538//1316
f 2538//1317 2284//1317 2286//1317
f 2538//1317 2286//1317 2539//1317
f 2539//1318 2286//1318 2262//1318
f 2539//1319 2262//1319 2540//1319
f 2540//1320 2262//1320 2261//1320
f 2540//1321 2261//1321 2541//1321
f 2541//1322 2261//1322 2301//1322
f 2541//1322 2301//1322 2542//1322
f 2542//1323 2301//1323 2300//1323
f 2542//1324 2300//1324 2543//1324
f 2543//1325 2300//1325 2308//1325
f 2543//1326 2308//1326 2544//1326
f 2544//1327 2308//1327 2307//1327
f 2544//1328 2307//1328 2545//1328
f 2545//1329 2307//1329 2305//1329
f 2545//1329 2305//1329 2546//1329
f 2546//1330 2305//1330 2303//1330
f 2546//1331 2303//1331 2547//1331
f 2547//1332 2303//1332 2241//1332
f 2547//1333 2241//1333 2548//1333
f 2548//1334 2241//1334 2239//1334
f 2548//1335 2239//1335 2549//1335
f 2549//1336 2239//1336 2238//1336
f 2549//1337 2238//1337 2550//1337
f 2550//1338 2238//1338 2251//1338
f 2550//1339 2251//1339 2551//1339
f 2551//1340 2251//1340 2253//1340
f 2551//1341 2253//1341 2516//1341
f 2516//1342 2253//1342 2443//1342
f 2516//1343 2443//1343 2442//1343
f 2547//1344 2552//1344 2546//1344
f 2546//1345 2552//1345 2553//1345
f 2546//1345 2553//1345 2545//1345
f 2545//1346 2553//1346 2554//1346
f 2545//1347 2554//1347 2544//1347
f 2544//1348 2554//1348 2555//1348
f 2544//1348 2555//1348 2543//1348
f 2543//1349 2555//1349 2556//1349
f 2543//1349 2556//1349 2542//1349
f 2542//1350 2556//1350 2557//1350
f 2542//1350 2557//1350 2541//1350
f 2541//1351 2557//1351 2558//1351
f 2541//1351 2558//1351 2540//1351
f 2540//1352 2558//1352 2559//1352
f 2540//1353 2559//1353 2539//1353
f 2539//1354 2559//1354 2560//1354
f 2539//1355 2560//1355 2538//1355
f 2538//1356 2560//1356 2561//1356
f 2538//1357 2561//1357 2537//1357
f 2537//1358 2561//1358 2562//1358
f 2537//1359 2562//1359 2536//1359
f 2536//1360 2562//1360 2563//1360
f 2536//1360 2563//1360 2535//1360
f 2535//1361 2563//1361 2564//1361
f 2535//1362 2564//1362 2533//1362
f 2533//1363 2564//1363 2565//1363
f 2533//1364 2565//1364 2534//1364
f 2534//1365 2565//1365 2566//1365
f 2534//1366 2566//1366 2526//1366
f 2526//1367 2566//1367 2567//1367
f 2526//1367 2567//1367 2527//1367
f 2527//1368 2567//1368 2568//1368
f 2527//1368 2568//1368 2528//1368
f 2528//1369 2568//1369 2569//1369
f 2528//1369 2569//1369 2529//1369
f 2529//1370 2569//1370 2570//1370
f 2529//1370 2570//1370 2530//1370
f 2530//1371 2570//1371 2571//1371
f 2530//1371 2571//1371 2531//1371
f 2531//1372 2571//1372 2572//1372
f 2531//1373 2572//1373 2532//1373
f 2532//1374 2572//1374 2573//1374
f 2532//1375 2573//1375 2525//1375
f 2525//1376 2573//1376 2574//1376
f 2525//1376 2574//1376 2524//1376
f 2524//1377 2574//1377 2575//1377
f 2524//1377 2575//1377 2523//1377
f 2523//1378 2575//1378 2576//1378
f 2523//1378 2576//1378 2522//1378
f 2522//1379 2576//1379 2577//1379
f 2522//1379 2577//1379 2521//1379
f 2521//1380 2577//1380 2578//1380
f 2521//1381 2578//1381 2520//1381
f 2520//1382 2578//1382 2579//1382
f 2520//1383 2579//1383 2519//1383
f 2519//1384 2579//1384 2580//1384
f 2519//1384 2580//1384 2518//1384
f 2518//1385 2580//1385 2581//1385
f 2518//1386 2581//1386 2517//1386
f 2517//1387 2581//1387 2582//1387
f 2517//1387 2582//1387 2516//1387
f 2516//1388 2582//1388 2583//1388
f 2516//1389 2583//1389 2551//1389
f 2551//1390 2583//1390 2584//1390
f 2551//1390 2584//1390 2550//1390
f 2550//1391 2584//1391 2585//1391
f 2550//1392 2585//1392 2549//1392
f 2549//1393 2585//1393 2586//1393
f 2549//1394 2586//1394 2548//1394
f 2548//1395 2586//1395 2587//1395
f 2548//1395 2587//1395 2547//1395
f 2547//1396 2587//1396 2552//1396
f 2587//1397 2588//1397 2552//1397
f 2552//1398 2588//1398 2589//1398
f 2552//1398 2589//1398 2553//1398
f 2553//1399 2589//1399 2590//1399
f 2553//1400 2590//1400 2554//1400
f 2554//1401 2590//1401 2591//1401
f 2554//1402 2591//1402 2555//1402
f 2555//1403 2591//1403 2592//1403
f 2555//1403 2592//1403 2556//1403
f 2556//1404 2592//1404 2593//1404
f 2556//1404 2593//1404 2557//1404
f 2557//1405 2593//1405 2594//1405
f 2557//1406 2594//1406 2558//1406
f 2558//1407 2594//1407 2595//1407
f 2558//1408 2595//1408 2559//1408
f 2559//1409 2595//1409 2596//1409
f 2559//1409 2596//1409 2560//1409
f 2560//1410 2596//1410 2597//1410
f 2560//1411 2597//1411 2561//1411
f 2561//1412 2597//1412 2598//1412
f 2561//1413 2598//1413 2562//1413
f 2562//1414 2598//1414 2599//1414
f 2562//1415 2599//1415 2563//1415
f 2563//1416 2599//1416 2600//1416
f 2563//1416 2600//1416 2564//1416
f 2564//1417 2600//1417 2601//1417
f 2564//1418 2601//1418 2565//1418
f 2565//1419 2601//1419 2602//1419
f 2565//1419 2602//1419 2566//1419
f 2566//1420 2602//1420 2603//1420
f 2566//1420 2603//1420 2567//1420
f 2567//1421 2603//1421 2604//1421
f 2567//1422 2604//1422 2568//1422
f 2568//1423 2604//1423 2605//1423
f 2568//1423 2605//1423 2569//1423
f 2569//1424 2605//1424 2606//1424
f 2569//1425 2606//1425 2570//1425
f 2570//1426 2606//1426 2607//1426
f 2570//1427 2607//1427 2571//1427
f 2571//1428 2607//1428 2608//1428
f 2571//1429 2608//1429 2572//1429
f 2572//1430 2608//1430 2609//1430
f 2572//1431 2609//1431 2573//1431
f 2573//1432 2609//1432 2610//1432
f 2573//1433 2610//1433 2574//1433
f 2574//1434 2610//1434 2611//1434
f 2574//1435 2611//1435 2575//1435
f 2575//1436 2611//1436 2612//1436
f 2575//1436 2612//1436 2576//1436
f 2576//1437 2612//1437 2613//1437
f 2576//1438 2613//1438 2577//1438
f 2577//1439 2613//1439 2614//1439
f 2577//1439 2614//1439 2578//1439
f 2578//1440 2614//1440 2615//1440
f 2578//1441 2615//1441 2579//1441
f 2579//1442 2615//1442 2616//1442
f 2579//1443 2616//1443 2580//1443
f 2580//1444 2616//1444 2617//1444
f 2580//1444 2617//1444 2581//1444
f 2581//1445 2617//1445 2618//1445
f 2581//1445 2618//1445 2582//1445
f 2582//1446 2618//1446 2619//1446
f 2582//1447 2619//1447 2583//1447
f 2583//1448 2619//1448 2620//1448
f 2583//1448 2620//1448 2584//1448
f 2584//1449 2620//1449 2621//1449
f 2584//1449 2621//1449 2585//1449
f 2585//1450 2621//1450 2622//1450
f 2585//1450 2622//1450 2586//1450
f 2586//1451 2622//1451 2623//1451
f 2586//1451 2623//1451 2587//1451
f 2587//1397 2623//1397 2588//1397
f 2623//1452 2624//1452 2588//1452
f 2588//1453 2624//1453 2625//1453
f 2588//1453 2625//1453 2589//1453
f 2589//1454 2625//1454 2626//1454
f 2589//1454 2626//1454 2590//1454
f 2590//1455 2626//1455 2627//1455
f 2590//1455 2627//1455 2591//1455
f 2591//1456 2627//1456 2628//1456
f 2591//1457 2628//1457 2592//1457
f 2592//1458 2628//1458 2629//1458
f 2592//1458 2629//1458 2593//1458
f 2593//1459 2629//1459 2630//1459
f 2593//1460 2630//1460 2594//1460
f 2594//1461 2630//1461 2631//1461
f 2594//1461 2631//1461 2595//1461
f 2595//1462 2631//1462 2632//1462
f 2595//1463 2632//1463 2596//1463
f 2596//1464 2632//1464 2633//1464
f 2596//1464 2633//1464 2597//1464
f 2597//1465 2633//1465 2634//1465
f 2597//1466 2634//1466 2598//1466
f 2598//1467 2634//1467 2635//1467
f 2598//1468 2635//1468 2599//1468
f 2599//1469 2635//1469 2636//1469
f 2599//1469 2636//1469 2600//1469
f 2600//1470 2636//1470 2637//1470
f 2600//1471 2637//1471 2601//1471
f 2601//1472 2637//1472 2638//1472
f 2601//1472 2638//1472 2602//1472
f 2602//1473 2638//1473 2639//1473
f 2602//1473 2639//1473 2603//1473
f 2603//1474 2639//1474 2640//1474
f 2603//1474 2640//1474 2604//1474
f 2604//1475 2640//1475 2641//1475
f 2604//1476 2641//1476 2605//1476
f 2605//1477 2641//1477 2642//1477
f 2605//1478 2642//1478 2606//1478
f 2606//1479 2642//1479 2643//1479
f 2606//1479 2643//1479 2607//1479
f 2607//1480 2643//1480 2644//1480
f 2607//1480 2644//1480 2608//1480
f 2608//1481 2644//1481 2645//1481
f 2608//1481 2645//1481 2609//1481
f 2609//1482 2645//1482 2646//1482
f 2609//1482 2646//1482 2610//1482
f 2610//1483 2646//1483 2647//1483
f 2610//1484 2647//1484 2611//1484
f 2611//1485 2647//1485 2648//1485
f 2611//1485 2648//1485 2612//1485
f 2612//1486 2648//1486 2649//1486
f 2612//1487 2649//1487 2613//1487
f 2613//1488 2649//1488 2650//1488
f 2613//1488 2650//1488 2614//1488
f 2614//1489 2650//1489 2651//1489
f 2614//1489 2651//1489 2615//1489
f 2615//1490 2651//1490 2652//1490
f 2615//1490 2652//1490 2616//1490
f 2616//1491 2652//1491 2653//1491
f 2616//1492 2653//1492 2617//1492
f 2617//1493 2653//1493 2654//1493
f 2617//1494 2654//1494 2618//1494
f 2618//1495 2654//1495 2655//1495
f 2618//1495 2655//1495 2619//1495
f 2619//1496 2655//1496 2656//1496
f 2619//1496 2656//1496 2620//1496
f 2620//1497 2656//1497 2657//1497
f 2620//1497 2657//1497 2621//1497
f 2621//1498 2657//1498 2658//1498
f 2621//1498 2658//1498 2622//1498
f 2622//1499 2658//1499 2659//1499
f 2622//1500 2659//1500 2623//1500
f 2623//1501 2659//1501 2624//1501
f 2659//1502 2660//1502 2624//1502
f 2624//1503 2660//1503 2661//1503
f 2624//1503 2661//1503 2625//1503
f 2625//1504 2661//1504 2662//1504
f 2625//1504 2662//1504 2626//1504
f 2626//1505 2662//1505 2663//1505
f 2626//1506 2663//1506 2627//1506
f 2627//1507 2663//1507 2664//1507
f 2627//1508 2664//1508 2628//1508
f 2628//1509 2664//1509 2665//1509
f 2628//1510 2665//1510 2629//1510
f 2629//1511 2665//1511 2666//1511
f 2629//1511 2666//1511 2630//1511
f 2630//1512 2666//1512 2667//1512
f 2630//1513 2667//1513 2631//1513
f 2631//1514 2667//1514 2668//1514
f 2631//1515 2668//1515 2632//1515
f 2632//1516 2668//1516 2669//1516
f 2632//1517 2669//1517 2633//1517
f 2633//1518 2669//1518 2670//1518
f 2633//1519 2670//1519 2634//1519
f 2634//1520 2670//1520 2671//1520
f 2634//1521 2671//1521 2635//1521
f 2635//1522 2671//1522 2672//1522
f 2635//1522 2672//1522 2636//1522
f 2636//1523 2672//1523 2673//1523
f 2636//1524 2673//1524 2637//1524
f 2637//1525 2673//1525 2674//1525
f 2637//1526 2674//1526 2638//1526
f 2638//1527 2674//1527 2675//1527
f 2638//1527 2675//1527 2639//1527
f 2639//1528 2675//1528 2676//1528
f 2639//1529 2676//1529 2640//1529
f 2640//1530 2676//1530 2677//1530
f 2640//1531 2677//1531 2641//1531
f 2641//1532 2677//1532 2678//1532
f 2641//1533 2678//1533 2642//1533
f 2642//1534 2678//1534 2679//1534
f 2642//1534 2679//1534 2643//1534
f 2643//1535 2679//1535 2680//1535
f 2643//1535 2680//1535 2644//1535
f 2644//1536 2680//1536 2681//1536
f 2644//1537 2681//1537 2645//1537
f 2645//1538 2681//1538 2682//1538
f 2645//1539 2682//1539 2646//1539
f 2646//1540 2682//1540 2683//1540
f 2646//1541 2683//1541 2647//1541
f 2647//1542 2683//1542 2684//1542
f 2647//1543 2684//1543 2648//1543
f 2648//1544 2684//1544 2685//1544
f 2648//1544 2685//1544 2649//1544
f 2649//1545 2685//1545 2686//1545
f 2649//1546 2686//1546 2650//1546
f 2650//1547 2686//1547 2687//1547
f 2650//1547 2687//1547 2651//1547
f 2651//1548 2687//1548 2688//1548
f 2651//1548 2688//1548 2652//1548
f 2652//1549 2688//1549 2689//1549
f 2652//1549 2689//1549 2653//1549
f 2653//1550 2689//1550 2690//1550
f 2653//1550 2690//1550 2654//1550
f 2654//1551 2690//1551 2691//1551
f 2654//1551 2691//1551 2655//1551
f 2655//1552 2691//1552 2692//1552
f 2655//1553 2692//1553 2656//1553
f 2656//1554 2692//1554 2693//1554
f 2656//1554 2693//1554 2657//1554
f 2657//1555 2693//1555 2694//1555
f 2657//1555 2694//1555 2658//1555
f 2658//1556 2694//1556 2695//1556
f 2658//1557 2695//1557 2659//1557
f 2659//1558 2695//1558 2660//1558
f 2695//1559 2696//1559 2660//1559
f 2660//1560 2696//1560 2697//1560
f 2660//1561 2697//1561 2661//1561
f 2661//1562 2697//1562 2698//1562
f 2661//1563 2698//1563 2662//1563
f 2662//1564 2698//1564 2699//1564
f 2662//1565 2699//1565 2663//1565
f 2663//1566 2699//1566 2700//1566
f 2663//1566 2700//1566 2664//1566
f 2664//1567 2700//1567 2701//1567
f 2664//1567 2701//1567 2665//1567
f 2665//1568 2701//1568 2702//1568
f 2665//1568 2702//1568 2666//1568
f 2666//1569 2702//1569 2703//1569
f 2666//1570 2703//1570 2667//1570
f 2667//1571 2703//1571 2704//1571
f 2667//1572 2704//1572 2668//1572
f 2668//1573 2704//1573 2705//1573
f 2668//1574 2705//1574 2669//1574
f 2669//1575 2705//1575 2706//1575
f 2669//1575 2706//1575 2670//1575
f 2670//1576 2706//1576 2707//1576
f 2670//1576 2707//1576 2671//1576
f 2671//1577 2707//1577 2708//1577
f 2671//1578 2708//1578 2672//1578
f 2672//1579 2708//1579 2709//1579
f 2672//1579 2709//1579 2673//1579
f 2673//1580 2709//1580 2710//1580
f 2673//1580 2710//1580 2674//1580
f 2674//1581 2710//1581 2711//1581
f 2674//1581 2711//1581 2675//1581
f 2675//1582 2711//1582 2712//1582
f 2675//1582 2712//1582 2676//1582
f 2676//1583 2712//1583 2713//1583
f 2676//1583 2713//1583 2677//1583
f 2677//1584 2713//1584 2714//1584
f 2677//1584 2714//1584 2678//1584
f 2678//1585 2714//1585 2715//1585
f 2678//1586 2715//1586 2679//1586
f 2679//1587 2715//1587 2716//1587
f 2679//1588 2716//1588 2680//1588
f 2680//1589 2716//1589 2717//1589
f 2680//1589 2717//1589 2681//1589
f 2681//1590 2717//1590 2718//1590
f 2681//1591 2718//1591 2682//1591
f 2682//1592 2718//1592 2719//1592
f 2682//1593 2719//1593 2683//1593
f 2683//1594 2719//1594 2720//1594
f 2683//1594 2720//1594 2684//1594
f 2684//1595 2720//1595 2721//1595
f 2684//1595 2721//1595 2685//1595
f 2685//1596 2721//1596 2722//1596
f 2685//1596 2722//1596 2686//1596
f 2686//1597 2722//1597 2723//1597
f 2686//1598 2723//1598 2687//1598
f 2687//1599 2723//1599 2724//1599
f 2687//1599 2724//1599 2688//1599
f 2688//1600 2724//1600 2725//1600
f 2688//1601 2725//1601 2689//1601
f 2689//1602 2725//1602 2726//1602
f 2689//1602 2726//1602 2690//1602
f 2690//1603 2726//1603 2727//1603
f 2690//1603 2727//1603 2691//1603
f 2691//1604 2727//1604 2728//1604
f 2691//1604 2728//1604 2692//1604
f 2692//1605 2728//1605 2729//1605
f 2692//1606 2729//1606 2693//1606
f 2693//1607 2729//1607 2730//1607
f 2693//1608 2730//1608 2694//1608
f 2694//1609 2730//1609 2731//1609
f 2694//1610 2731//1610 2695//1610
f 2695//1611 2731//1611 2696//1611
f 2731//1612 2732//1612 2696//1612
f 2696//1613 2732//1613 2733//1613
f 2696//1614 2733//1614 2697//1614
f 2697//1615 2733//1615 2734//1615
f 2697//1615 2734//1615 2698//1615
f 2698//1616 2734//1616 2735//1616
f 2698//1616 2735//1616 2699//1616
f 2699//1617 2735//1617 2736//1617
f 2699//1617 2736//1617 2700//1617
f 2700//1618 2736//1618 2737//1618
f 2700//1618 2737//1618 2701//1618
f 2701//1619 2737//1619 2738//1619
f 2701//1619 2738//1619 2702//1619
f 2702//1620 2738//1620 2739//1620
f 2702//1621 2739//1621 2703//1621
f 2703//1622 2739//1622 2740//1622
f 2703//1623 2740//1623 2704//1623
f 2704//1624 2740//1624 2741//1624
f 2704//1625 2741//1625 2705//1625
f 2705//1626 2741//1626 2742//1626
f 2705//1627 2742//1627 2706//1627
f 2706//1628 2742//1628 2743//1628
f 2706//1628 2743//1628 2707//1628
f 2707//1629 2743//1629 2744//1629
f 2707//1629 2744//1629 2708//1629
f 2708//1630 2744//1630 2745//1630
f 2708//1631 2745//1631 2709//1631
f 2709//1632 2745//1632 2746//1632
f 2709//1632 2746//1632 2710//1632
f 2710//1633 2746//1633 2747//1633
f 2710//1633 2747//1633 2711//1633
f 2711//1634 2747//1634 2748//1634
f 2711//1635 2748//1635 2712//1635
f 2712//1636 2748//1636 2749//1636
f 2712//1637 2749//1637 2713//1637
f 2713//1638 2749//1638 2750//1638
f 2713//1639 2750//1639 2714//1639
f 2714//1640 2750//1640 2751//1640
f 2714//1641 2751//1641 2715//1641
f 2715//1642 2751//1642 2752//1642
f 2715//1642 2752//1642 2716//1642
f 2716//1643 2752//1643 2753//1643
f 2716//1644 2753//1644 2717//1644
f 2717//1645 2753//1645 2754//1645
f 2717//1645 2754//1645 2718//1645
f 2718//1646 2754//1646 2755//1646
f 2718//1646 2755//1646 2719//1646
f 2719//1647 2755//1647 2756//1647
f 2719//1647 2756//1647 2720//1647
f 2720//1648 2756//1648 2757//1648
f 2720//1649 2757//1649 2721//1649
f 2721//1650 2757//1650 2758//1650
f 2721//1650 2758//1650 2722//1650
f 2722//1651 2758//1651 2759//1651
f 2722//1652 2759//1652 2723//1652
f 2723//1653 2759//1653 2760//1653
f 2723//1654 2760//1654 2724//1654
f 2724//1655 2760//1655 2761//1655
f 2724//1656 2761//1656 2725//1656
f 2725//1657 2761//1657 2762//1657
f 2725//1657 2762//1657 2726//1657
f 2726//1658 2762//1658 2763//1658
f 2726//1659 2763//1659 2727//1659
f 2727//1660 2763//1660 2764//1660
f 2727//1661 2764//1661 2728//1661
f 2728//1662 2764//1662 2765//1662
f 2728//1662 2765//1662 2729//1662
f 2729//1663 2765//1663 2766//1663
f 2729//1664 2766//1664 2730//1664
f 2730//1665 2766//1665 2767//1665
f 2730//1666 2767//1666 2731//1666
f 2731//1667 2767//1667 2732//1667
f 2767//1668 2477//1668 2732//1668
f 2732//1669 2477//1669 2475//1669
f 2732//1669 2475//1669 2733//1669
f 2733//1670 2475//1670 2473//1670
f 2733//1671 2473//1671 2734//1671
f 2734//1672 2473//1672 2471//1672
f 2734//1673 2471//1673 2735//1673
f 2735//1674 2471//1674 2469//1674
f 2735//1675 2469//1675 2736//1675
f 2736//1676 2469//1676 2467//1676
f 2736//1676 2467//1676 2737//1676
f 2737//1677 2467//1677 2465//1677
f 2737//1678 2465//1678 2738//1678
f 2738//1679 2465//1679 2463//1679
f 2738//1680 2463//1680 2739//1680
f 2739//1681 2463//1681 2461//1681
f 2739//1681 2461//1681 2740//1681
f 2740//1682 2461//1682 2459//1682
f 2740//1682 2459//1682 2741//1682
f 2741//1683 2459//1683 2457//1683
f 2741//1684 2457//1684 2742//1684
f 2742//1685 2457//1685 2455//1685
f 2742//1686 2455//1686 2743//1686
f 2743//1687 2455//1687 2453//1687
f 2743//1688 2453//1688 2744//1688
f 2744//1689 2453//1689 2451//1689
f 2744//1689 2451//1689 2745//1689
f 2745//1690 2451//1690 2449//1690
f 2745//1690 2449//1690 2746//1690
f 2746//1691 2449//1691 2447//1691
f 2746//1692 2447//1692 2747//1692
f 2747//1693 2447//1693 2445//1693
f 2747//1693 2445//1693 2748//1693
f 2748//1694 2445//1694 2515//1694
f 2748//1694 2515//1694 2749//1694
f 2749//1695 2515//1695 2513//1695
f 2749//1695 2513//1695 2750//1695
f 2750//1696 2513//1696 2511//1696
f 2750//1696 2511//1696 2751//1696
f 2751//1697 2511//1697 2509//1697
f 2751//1698 2509//1698 2752//1698
f 2752//1699 2509//1699 2507//1699
f 2752//1700 2507//1700 2753//1700
f 2753//1701 2507//1701 2505//1701
f 2753//1701 2505//1701 2754//1701
f 2754//1702 2505//1702 2503//1702
f 2754//1702 2503//1702 2755//1702
f 2755//1703 2503//1703 2501//1703
f 2755//1704 2501//1704 2756//1704
f 2756//1705 2501//1705 2499//1705
f 2756//1706 2499//1706 2757//1706
f 2757//1707 2499//1707 2497//1707
f 2757//1708 2497//1708 2758//1708
f 2758//1709 2497//1709 2495//1709
f 2758//1710 2495//1710 2759//1710
f 2759//1711 2495//1711 2493//1711
f 2759//1712 2493//1712 2760//1712
f 2760//1713 2493//1713 2491//1713
f 2760//1713 2491//1713 2761//1713
f 2761//1714 2491//1714 2489//1714
f 2761//1715 2489//1715 2762//1715
f 2762//1716 2489//1716 2487//1716
f 2762//1717 2487//1717 2763//1717
f 2763//1718 2487//1718 2485//1718
f 2763//1719 2485//1719 2764//1719
f 2764//1720 2485//1720 2483//1720
f 2764//1720 2483//1720 2765//1720
f 2765//1721 2483//1721 2481//1721
f 2765//1721 2481//1721 2766//1721
f 2766//1722 2481//1722 2479//1722
f 2766//1722 2479//1722 2767//1722
f 2767//1668 2479//1668 2477//1668
f 2478//1723 2768//1723 2476//1723
f 2476//1724 2768//1724 2769//1724
f 2476//1724 2769//1724 2474//1724
f 2474//1725 2769//1725 2770//1725
f 2474//1725 2770//1725 2472//1725
f 2472//1726 2770//1726 2771//1726
f 2472//1727 2771//1727 2470//1727
f 2470//1728 2771//1728 2772//1728
f 2470//1729 2772//1729 2468//1729
f 2468//1730 2772//1730 2773//1730
f 2468//1731 2773//1731 2466//1731
f 2466//1732 2773//1732 2774//1732
f 2466//1732 2774//1732 2464//1732
f 2464//1733 2774//1733 2775//1733
f 2464//1734 2775//1734 2462//1734
f 2462//1735 2775//1735 2776//1735
f 2462//1736 2776//1736 2460//1736
f 2460//1737 2776//1737 2777//1737
f 2460//1738 2777//1738 2458//1738
f 2458//1739 2777//1739 2778//1739
f 2458//1740 2778//1740 2456//1740
f 2456//1741 2778//1741 2779//1741
f 2456//1742 2779//1742 2454//1742
f 2454//1743 2779//1743 2780//1743
f 2454//1744 2780//1744 2452//1744
f 2452//1745 2780//1745 2781//1745
f 2452//1745 2781//1745 2450//1745
f 2450//1746 2781//1746 2782//1746
f 2450//1747 2782//1747 2448//1747
f 2448//1748 2782//1748 2783//1748
f 2448//1749 2783//1749 2446//1749
f 2446//1750 2783//1750 2784//1750
f 2446//1751 2784//1751 2444//1751
f 2444//1752 2784//1752 2785//1752
f 2444//1753 2785//1753 2514//1753
f 2514//1754 2785//1754 2786//1754
f 2514//1754 2786//1754 2512//1754
f 2512//1755 2786//1755 2787//1755
f 2512//1756 2787//1756 2510//1756
f 2510//1757 2787//1757 2788//1757
f 2510//1758 2788//1758 2508//1758
f 2508//1759 2788//1759 2789//1759
f 2508//1760 2789//1760 2506//1760
f 2506//1761 2789//1761 2790//1761
f 2506//1761 2790//1761 2504//1761
f 2504//1762 2790//1762 2791//1762
f 2504//1762 2791//1762 2502//1762
f 2502//1763 2791//1763 2792//1763
f 2502//1764 2792//1764 2500//1764
f 2500//1765 2792//1765 2793//1765
f 2500//1766 2793//1766 2498//1766
f 2498//1767 2793//1767 2794//1767
f 2498//1768 2794//1768 2496//1768
f 2496//1769 2794//1769 2795//1769
f 2496//1770 2795//1770 2494//1770
f 2494//1771 2795//1771 2796//1771
f 2494//1771 2796//1771 2492//1771
f 2492//1772 2796//1772 2797//1772
f 2492//1773 2797//1773 2490//1773
f 2490//1774 2797//1774 2798//1774
f 2490//1774 2798//1774 2488//1774
f 2488//1775 2798//1775 2799//1775
f 2488//1776 2799//1776 2486//1776
f 2486//1777 2799//1777 2800//1777
f 2486//1778 2800//1778 2484//1778
f 2484//1779 2800//1779 2801//1779
f 2484//1780 2801//1780 2482//1780
f 2482//1781 2801//1781 2802//1781
f 2482//1781 2802//1781 2480//1781
f 2480//1782 2802//1782 2803//1782
f 2480//1782 2803//1782 2478//1782
f 2478//1723 2803//1723 2768//1723
f 2803//1783 2804//1783 2768//1783
f 2768//1784 2804//1784 2805//1784
f 2768//1785 2805//1785 2769//1785
f 2769//1786 2805//1786 2806//1786
f 2769//1787 2806//1787 2770//1787
f 2770//1788 2806//1788 2807//1788
f 2770//1788 2807//1788 2771//1788
f 2771//1789 2807//1789 2808//1789
f 2771//1790 2808//1790 2772//1790
f 2772//1791 2808//1791 2809//1791
f 2772//1791 2809//1791 2773//1791
f 2773//1792 2809//1792 2810//1792
f 2773//1793 2810//1793 2774//1793
f 2774//1794 2810//1794 2811//1794
f 2774//1795 2811//1795 2775//1795
f 2775//1796 2811//1796 2812//1796
f 2775//1797 2812//1797 2776//1797
f 2776//1798 2812//1798 2813//1798
f 2776//1799 2813//1799 2777//1799
f 2777//1800 2813//1800 2814//1800
f 2777//1801 2814//1801 2778//1801
f 2778//1802 2814//1802 2815//1802
f 2778//1803 2815//1803 2779//1803
f 2779//1804 2815//1804 2816//1804
f 2779//1804 2816//1804 2780//1804
f 2780//1805 2816//1805 2817//1805
f 2780//1806 2817//1806 2781//1806
f 2781//1807 2817//1807 2818//1807
f 2781//1807 2818//1807 2782//1807
f 2782//1808 2818//1808 2819//1808
f 2782//1809 2819//1809 2783//1809
f 2783//1810 2819//1810 2820//1810
f 2783//1810 2820//1810 2784//1810
f 2784//1811 2820//1811 2821//1811
f 2784//1812 2821//1812 2785//1812
f 2785//1813 2821//1813 2822//1813
f 2785//1814 2822//1814 2786//1814
f 2786//1815 2822//1815 2823//1815
f 2786//1816 2823//1816 2787//1816
f 2787//1817 2823//1817 2824//1817
f 2787//1818 2824//1818 2788//1818
f 2788//1819 2824//1819 2825//1819
f 2788//1819 2825//1819 2789//1819
f 2789//1820 2825//1820 2826//1820
f 2789//1821 2826//1821 2790//1821
f 2790//1822 2826//1822 2827//1822
f 2790//1822 2827//1822 2791//1822
f 2791//1823 2827//1823 2828//1823
f 2791//1823 2828//1823 2792//1823
f 2792//1824 2828//1824 2829//1824
f 2792//1825 2829//1825 2793//1825
f 2793//1826 2829//1826 2830//1826
f 2793//1826 2830//1826 2794//1826
f 2794//1827 2830//1827 2831//1827
f 2794//1828 2831//1828 2795//1828
f 2795//1829 2831//1829 2832//1829
f 2795//1830 2832//1830 2796//1830
f 2796//1831 2832//1831 2833//1831
f 2796//1831 2833//1831 2797//1831
f 2797//1832 2833//1832 2834//1832
f 2797//1832 2834//1832 2798//1832
f 2798//1833 2834//1833 2835//1833
f 2798//1834 2835//1834 2799//1834
f 2799//1835 2835//1835 2836//1835
f 2799//1835 2836//1835 2800//1835
f 2800//1836 2836//1836 2837//1836
f 2800//1837 2837//1837 2801//1837
f 2801//1838 2837//1838 2838//1838
f 2801//1839 2838//1839 2802//1839
f 2802//1840 2838//1840 2839//1840
f 2802//1840 2839//1840 2803//1840
f 2803//1841 2839//1841 2804//1841
f 2839//1842 2840//1842 2804//1842
f 2804//1843 2840//1843 2841//1843
f 2804//1843 2841//1843 2805//1843
f 2805//1844 2841//1844 2842//1844
f 2805//1844 2842//1844 2806//1844
f 2806//1845 2842//1845 2843//1845
f 2806//1846 2843//1846 2807//1846
f 2807//1847 2843//1847 2844//1847
f 2807//1847 2844//1847 2808//1847
f 2808//1848 2844//1848 2845//1848
f 2808//1849 2845//1849 2809//1849
f 2809//1850 2845//1850 2846//1850
f 2809//1851 2846//1851 2810//1851
f 2810//1852 2846//1852 2847//1852
f 2810//1853 2847//1853 2811//1853
f 2811//1854 2847//1854 2848//1854
f 2811//1855 2848//1855 2812//1855
f 2812//1856 2848//1856 2849//1856
f 2812//1857 2849//1857 2813//1857
f 2813//1858 2849//1858 2850//1858
f 2813//1859 2850//1859 2814//1859
f 2814//1860 2850//1860 2851//1860
f 2814//1860 2851//1860 2815//1860
f 2815//1861 2851//1861 2852//1861
f 2815//1862 2852//1862 2816//1862
f 2816//1863 2852//1863 2853//1863
f 2816//1863 2853//1863 2817//1863
f 2817//1864 2853//1864 2854//1864
f 2817//1864 2854//1864 2818//1864
f 2818//1865 2854//1865 2855//1865
f 2818//1866 2855//1866 2819//1866
f 2819//1867 2855//1867 2856//1867
f 2819//1868 2856//1868 2820//1868
f 2820//1869 2856//1869 2857//1869
f 2820//1869 2857//1869 2821//1869
f 2821//1870 2857//1870 2858//1870
f 2821//1870 2858//1870 2822//1870
f 2822//1871 2858//1871 2859//1871
f 2822//1872 2859//1872 2823//1872
f 2823//1873 2859//1873 2860//1873
f 2823//1874 2860//1874 2824//1874
f 2824//1875 2860//1875 2861//1875
f 2824//1876 2861//1876 2825//1876
f 2825//1877 2861//1877 2862//1877
f 2825//1878 2862//1878 2826//1878
f 2826//1879 2862//1879 2863//1879
f 2826//1880 2863//1880 2827//1880
f 2827//1881 2863//1881 2864//1881
f 2827//1881 2864//1881 2828//1881
f 2828//1882 2864//1882 2865//1882
f 2828//1883 2865//1883 2829//1883
f 2829//1884 2865//1884 2866//1884
f 2829//1885 2866//1885 2830//1885
f 2830//1886 2866//1886 2867//1886
f 2830//1887 2867//1887 2831//1887
f 2831//1888 2867//1888 2868//1888
f 2831//1888 2868//1888 2832//1888
f 2832//1889 2868//1889 2869//1889
f 2832//1890 2869//1890 2833//1890
f 2833//1891 2869//1891 2870//1891
f 2833//1892 2870//1892 2834//1892
f 2834//1893 2870//1893 2871//1893
f 2834//1893 2871//1893 2835//1893
f 2835//1894 2871//1894 2872//1894
f 2835//1895 2872//1895 2836//1895
f 2836//1896 2872//1896 2873//1896
f 2836//1897 2873//1897 2837//1897
f 2837//1898 2873//1898 2874//1898
f 2837//1898 2874//1898 2838//1898
f 2838//1899 2874//1899 2875//1899
f 2838//1900 2875//1900 2839//1900
f 2839//1901 2875//1901 2840//1901
f 2875//1902 2876//1902 2840//1902
f 2840//1903 2876//1903 2877//1903
f 2840//1904 2877//1904 2841//1904
f 2841//1905 2877//1905 2878//1905
f 2841//1906 2878//1906 2842//1906
f 2842//1907 2878//1907 2879//1907
f 2842//1907 2879//1907 2843//1907
f 2843//1908 2879//1908 2880//1908
f 2843//1909 2880//1909 2844//1909
f 2844//1910 2880//1910 2881//1910
f 2844//1911 2881//1911 2845//1911
f 2845//1912 2881//1912 2882//1912
f 2845//1913 2882//1913 2846//1913
f 2846//1914 2882//1914 2883//1914
f 2846//1915 2883//1915 2847//1915
f 2847//1916 2883//1916 2884//1916
f 2847//1917 2884//1917 2848//1917
f 2848//1918 2884//1918 2885//1918
f 2848//1919 2885//1919 2849//1919
f 2849//1920 2885//1920 2886//1920
f 2849//1921 2886//1921 2850//1921
f 2850//1922 2886//1922 2887//1922
f 2850//1923 2887//1923 2851//1923
f 2851//1924 2887//1924 2888//1924
f 2851//1925 2888//1925 2852//1925
f 2852//1926 2888//1926 2889//1926
f 2852//1927 2889//1927 2853//1927
f 2853//1928 2889//1928 2890//1928
f 2853//1929 2890//1929 2854//1929
f 2854//1930 2890//1930 2891//1930
f 2854//1930 2891//1930 2855//1930
f 2855//1931 2891//1931 2892//1931
f 2855//1932 2892//1932 2856//1932
f 2856//1933 2892//1933 2893//1933
f 2856//1934 2893//1934 2857//1934
f 2857//1935 2893//1935 2894//1935
f 2857//1935 2894//1935 2858//1935
f 2858//1936 2894//1936 2895//1936
f 2858//1937 2895//1937 2859//1937
f 2859//1938 2895//1938 2896//1938
f 2859//1939 2896//1939 2860//1939
f 2860//1940 2896//1940 2897//1940
f 2860//1941 2897//1941 2861//1941
f 2861//1942 2897//1942 2898//1942
f 2861//1943 2898//1943 2862//1943
f 2862//1944 2898//1944 2899//1944
f 2862//1945 2899//1945 2863//1945
f 2863//1946 2899//1946 2900//1946
f 2863//1947 2900//1947 2864//1947
f 2864//1948 2900//1948 2901//1948
f 2864//1949 2901//1949 2865//1949
f 2865//1950 2901//1950 2902//1950
f 2865//1950 2902//1950 2866//1950
f 2866//1951 2902//1951 2903//1951
f 2866//1952 2903//1952 2867//1952
f 2867//1953 2903//1953 2904//1953
f 2867//1954 2904//1954 2868//1954
f 2868//1955 2904//1955 2905//1955
f 2868//1956 2905//1956 2869//1956
f 2869//1957 2905//1957 2906//1957
f 2869//1958 2906//1958 2870//1958
f 2870//1959 2906//1959 2907//1959
f 2870//1960 2907//1960 2871//1960
f 2871//1961 2907//1961 2908//1961
f 2871//1961 2908//1961 2872//1961
f 2872//1962 2908//1962 2909//1962
f 2872//1962 2909//1962 2873//1962
f 2873//1963 2909//1963 2910//1963
f 2873//1964 2910//1964 2874//1964
f 2874//1965 2910//1965 2911//1965
f 2874//1965 2911//1965 2875//1965
f 2875//1902 2911//1902 2876//1902
f 2911//1966 2912//1966 2876//1966
f 2876//1967 2912//1967 2913//1967
f 2876//1968 2913//1968 2877//1968
f 2877//1969 2913//1969 2914//1969
f 2877//1970 2914//1970 2878//1970
f 2878//1971 2914//1971 2915//1971
f 2878//1972 2915//1972 2879//1972
f 2879//1973 2915//1973 2916//1973
f 2879//1974 2916//1974 2880//1974
f 2880//1975 2916//1975 2917//1975
f 2880//1976 2917//1976 2881//1976
f 2881//1977 2917//1977 2918//1977
f 2881//1978 2918//1978 2882//1978
f 2882//1979 2918//1979 2919//1979
f 2882//1980 2919//1980 2883//1980
f 2883//1981 2919//1981 2920//1981
f 2883//1982 2920//1982 2884//1982
f 2884//1983 2920//1983 2921//1983
f 2884//1983 2921//1983 2885//1983
f 2885//1984 2921//1984 2922//1984
f 2885//1984 2922//1984 2886//1984
f 2886//1985 2922//1985 2923//1985
f 2886//1986 2923//1986 2887//1986
f 2887//1987 2923//1987 2924//1987
f 2887//1988 2924//1988 2888//1988
f 2888//1989 2924//1989 2925//1989
f 2888//1989 2925//1989 2889//1989
f 2889//1990 2925//1990 2926//1990
f 2889//1991 2926//1991 2890//1991
f 2890//1992 2926//1992 2927//1992
f 2890//1993 2927//1993 2891//1993
f 2891//1994 2927//1994 2928//1994
f 2891//1994 2928//1994 2892//1994
f 2892//1995 2928//1995 2929//1995
f 2892//1995 2929//1995 2893//1995
f 2893//1996 2929//1996 2930//1996
f 2893//1997 2930//1997 2894//1997
f 2894//1998 2930//1998 2931//1998
f 2894//1998 2931//1998 2895//1998
f 2895//1999 2931//1999 2932//1999
f 2895//1999 2932//1999 2896//1999
f 2896//2000 2932//2000 2933//2000
f 2896//2001 2933//2001 2897//2001
f 2897//2002 2933//2002 2934//2002
f 2897//2003 2934//2003 2898//2003
f 2898//2004 2934//2004 2935//2004
f 2898//2004 2935//2004 2899//2004
f 2899//2005 2935//2005 2936//2005
f 2899//2006 2936//2006 2900//2006
f 2900//2007 2936//2007 2937//2007
f 2900//2008 2937//2008 2901//2008
f 2901//2009 2937//2009 2938//2009
f 2901//2009 2938//2009 2902//2009
f 2902//2010 2938//2010 2939//2010
f 2902//2010 2939//2010 2903//2010
f 2903//2011 2939//2011 2940//2011
f 2903//2011 2940//2011 2904//2011
f 2904//2012 2940//2012 2941//2012
f 2904//2013 2941//2013 2905//2013
f 2905//2014 2941//2014 2942//2014
f 2905//2014 2942//2014 2906//2014
f 2906//2015 2942//2015 2943//2015
f 2906//2016 2943//2016 2907//2016
f 2907//2017 2943//2017 2944//2017
f 2907//2017 2944//2017 2908//2017
f 2908//2018 2944//2018 2945//2018
f 2908//2018 2945//2018 2909//2018
f 2909//2019 2945//2019 2946//2019
f 2909//2020 2946//2020 2910//2020
f 2910//2021 2946//2021 2947//2021
f 2910//2022 2947//2022 2911//2022
f 2911//2023 2947//2023 2912//2023
f 2947//2024 2948//2024 2912//2024
f 2912//2025 2948//2025 2949//2025
f 2912//2026 2949//2026 2913//2026
f 2913//2027 2949//2027 2950//2027
f 2913//2027 2950//2027 2914//2027
f 2914//2028 2950//2028 2951//2028
f 2914//2029 2951//2029 2915//2029
f 2915//2030 2951//2030 2952//2030
f 2915//2031 2952//2031 2916//2031
f 2916//2032 2952//2032 2953//2032
f 2916//2033 2953//2033 2917//2033
f 2917//2034 2953//2034 2954//2034
f 2917//2035 2954//2035 2918//2035
f 2918//2036 2954//2036 2955//2036
f 2918//2036 2955//2036 2919//2036
f 2919//2037 2955//2037 2956//2037
f 2919//2038 2956//2038 2920//2038
f 2920//2039 2956//2039 2957//2039
f 2920//2040 2957//2040 2921//2040
f 2921//2041 2957//2041 2958//2041
f 2921//2042 2958//2042 2922//2042
f 2922//2043 2958//2043 2959//2043
f 2922//2044 2959//2044 2923//2044
f 2923//2045 2959//2045 2960//2045
f 2923//2046 2960//2046 2924//2046
f 2924//2047 2960//2047 2961//2047
f 2924//2047 2961//2047 2925//2047
f 2925//2048 2961//2048 2962//2048
f 2925//2049 2962//2049 2926//2049
f 2926//2050 2962//2050 2963//2050
f 2926//2050 2963//2050 2927//2050
f 2927//2051 2963//2051 2964//2051
f 2927//2052 2964//2052 2928//2052
f 2928//2053 2964//2053 2965//2053
f 2928//2054 2965//2054 2929//2054
f 2929//2055 2965//2055 2966//2055
f 2929//2055 2966//2055 2930//2055
f 2930//2056 2966//2056 2967//2056
f 2930//2056 2967//2056 2931//2056
f 2931//2057 2967//2057 2968//2057
f 2931//2057 2968//2057 2932//2057
f 2932//2058 2968//2058 2969//2058
f 2932//2059 2969//2059 2933//2059
f 2933//2060 2969//2060 2970//2060
f 2933//2061 2970//2061 2934//2061
f 2934//2062 2970//2062 2971//2062
f 2934//2063 2971//2063 2935//2063
f 2935//2064 2971//2064 2972//2064
f 2935//2064 2972//2064 2936//2064
f 2936//2065 2972//2065 2973//2065
f 2936//2065 2973//2065 2937//2065
f 2937//2066 2973//2066 2974//2066
f 2937//2066 2974//2066 2938//2066
f 2938//2067 2974//2067 2975//2067
f 2938//2067 2975//2067 2939//2067
f 2939//2068 2975//2068 2976//2068
f 2939//2069 2976//2069 2940//2069
f 2940//2070 2976//2070 2977//2070
f 2940//2071 2977//2071 2941//2071
f 2941//2072 2977//2072 2978//2072
f 2941//2072 2978//2072 2942//2072
f 2942//2073 2978//2073 2979//2073
f 2942//2074 2979//2074 2943//2074
f 2943//2075 2979//2075 2980//2075
f 2943//2076 2980//2076 2944//2076
f 2944//2077 2980//2077 2981//2077
f 2944//2077 2981//2077 2945//2077
f 2945//2078 2981//2078 2982//2078
f 2945//2079 2982//2079 2946//2079
f 2946//2080 2982//2080 2983//2080
f 2946//2081 2983//2081 2947//2081
f 2947//2082 2983//2082 2948//2082
f 2983//2083 2984//2083 2948//2083
f 2948//2084 2984//2084 2985//2084
f 2948//2084 2985//2084 2949//2084
f 2949//2085 2985//2085 2986//2085
f 2949//2086 2986//2086 2950//2086
f 2950//2087 2986//2087 2987//2087
f 2950//2088 2987//2088 2951//2088
f 2951//2089 2987//2089 2988//2089
f 2951//2090 2988//2090 2952//2090
f 2952//2091 2988//2091 2989//2091
f 2952//2092 2989//2092 2953//2092
f 2953//2093 2989//2093 2990//2093
f 2953//2094 2990//2094 2954//2094
f 2954//2095 2990//2095 2991//2095
f 2954//2096 2991//2096 2955//2096
f 2955//2097 2991//2097 2992//2097
f 2955//2098 2992//2098 2956//2098
f 2956//2099 2992//2099 2993//2099
f 2956//2099 2993//2099 2957//2099
f 2957//2100 2993//2100 2994//2100
f 2957//2100 2994//2100 2958//2100
f 2958//2101 2994//2101 2995//2101
f 2958//2102 2995//2102 2959//2102
f 2959//2103 2995//2103 2996//2103
f 2959//2104 2996//2104 2960//2104
f 2960//2105 2996//2105 2997//2105
f 2960//2106 2997//2106 2961//2106
f 2961//2107 2997//2107 2998//2107
f 2961//2108 2998//2108 2962//2108
f 2962//2109 2998//2109 2999//2109
f 2962//2109 2999//2109 2963//2109
f 2963//2110 2999//2110 3000//2110
f 2963//2111 3000//2111 2964//2111
f 2964//2112 3000//2112 3001//2112
f 2964//2113 3001//2113 2965//2113
f 2965//2114 3001//2114 3002//2114
f 2965//2115 3002//2115 2966//2115
f 2966//2116 3002//2116 3003//2116
f 2966//2116 3003//2116 2967//2116
f 2967//2117 3003//2117 3004//2117
f 2967//2118 3004//2118 2968//2118
f 2968//2119 3004//2119 3005//2119
f 2968//2120 3005//2120 2969//2120
f 2969//2121 3005//2121 3006//2121
f 2969//2122 3006//2122 2970//2122
f 2970//2123 3006//2123 3007//2123
f 2970//2124 3007//2124 2971//2124
f 2971//2125 3007//2125 3008//2125
f 2971//2126 3008//2126 2972//2126
f 2972//2127 3008//2127 3009//2127
f 2972//2127 3009//2127 2973//2127
f 2973//2128 3009//2128 3010//2128
f 2973//2129 3010//2129 2974//2129
f 2974//2130 3010//2130 3011//2130
f 2974//2130 3011//2130 2975//2130
f 2975//2131 3011//2131 3012//2131
f 2975//2132 3012//2132 2976//2132
f 2976//2133 3012//2133 3013//2133
f 2976//2134 3013//2134 2977//2134
f 2977//2135 3013//2135 3014//2135
f 2977//2136 3014//2136 2978//2136
f 2978//2137 3014//2137 3015//2137
f 2978//2138 3015//2138 2979//2138
f 2979//2139 3015//2139 3016//2139
f 2979//2139 3016//2139 2980//2139
f 2980//2140 3016//2140 3017//2140
f 2980//2141 3017//2141 2981//2141
f 2981//2142 3017//2142 3018//2142
f 2981//2143 3018//2143 2982//2143
f 2982//2144 3018//2144 3019//2144
f 2982//2145 3019//2145 2983//2145
f 2983//2083 3019//2083 2984//2083
f 3019//2146 3020//2146 2984//2146
f 2984//2147 3020//2147 3021//2147
f 2984//2148 3021//2148 2985//2148
f 2985//2149 3021//2149 3022//2149
f 2985//2150 3022//2150 2986//2150
f 2986//2151 3022//2151 3023//2151
f 2986//2152 3023//2152 2987//2152
f 2987//2153 3023//2153 3024//2153
f 2987//2154 3024//2154 2988//2154
f 2988//2155 3024//2155 3025//2155
f 2988//2156 3025//2156 2989//2156
f 2989//2157 3025//2157 3026//2157
f 2989//2158 3026//2158 2990//2158
f 2990//2159 3026//2159 3027//2159
f 2990//2160 3027//2160 2991//2160
f 2991//2161 3027//2161 3028//2161
f 2991//2162 3028//2162 2992//2162
f 2992//2163 3028//2163 3029//2163
f 2992//2164 3029//2164 2993//2164
f 2993//2165 3029//2165 3030//2165
f 2993//2166 3030//2166 2994//2166
f 2994//2167 3030//2167 3031//2167
f 2994//2167 3031//2167 2995//2167
f 2995//2168 3031//2168 3032//2168
f 2995//2169 3032//2169 2996//2169
f 2996//2170 3032//2170 3033//2170
f 2996//2171 3033//2171 2997//2171
f 2997//2172 3033//2172 3034//2172
f 2997//2172 3034//2172 2998//2172
f 2998//2173 3034//2173 3035//2173
f 2998//2174 3035//2174 2999//2174
f 2999//2175 3035//2175 3036//2175
f 2999//2176 3036//2176 3000//2176
f 3000//2177 3036//2177 3037//2177
f 3000//2178 3037//2178 3001//2178
f 3001//2179 3037//2179 3038//2179
f 3001//2180 3038//2180 3002//2180
f 3002//2181 3038//2181 3039//2181
f 3002//2182 3039//2182 3003//2182
f 3003//2183 3039//2183 3040//2183
f 3003//2184 3040//2184 3004//2184
f 3004//2185 3040//2185 3041//2185
f 3004//2185 3041//2185 3005//2185
f 3005//2186 3041//2186 3042//2186
f 3005//2187 3042//2187 3006//2187
f 3006//2188 3042//2188 3043//2188
f 3006//2189 3043//2189 3007//2189
f 3007//2190 3043//2190 3044//2190
f 3007//2191 3044//2191 3008//2191
f 3008//2192 3044//2192 3045//2192
f 3008//2193 3045//2193 3009//2193
f 3009//2194 3045//2194 3046//2194
f 3009//2194 3046//2194 3010//2194
f 3010//2195 3046//2195 3047//2195
f 3010//2196 3047//2196 3011//2196
f 3011//2197 3047//2197 3048//2197
f 3011//2197 3048//2197 3012//2197
f 3012//2198 3048//2198 3049//2198
f 3012//2198 3049//2198 3013//2198
f 3013//2199 3049//2199 3050//2199
f 3013//2200 3050//2200 3014//2200
f 3014//2201 3050//2201 3051//2201
f 3014//2202 3051//2202 3015//2202
f 3015//2203 3051//2203 3052//2203
f 3015//2204 3052//2204 3016//2204
f 3016//2205 3052//2205 3053//2205
f 3016//2206 3053//2206 3017//2206
f 3017//2207 3053//2207 3054//2207
f 3017//2208 3054//2208 3018//2208
f 3018//2209 3054//2209 3055//2209
f 3018//2210 3055//2210 3019//2210
f 3019//2146 3055//2146 3020//2146
f 3055//2211 3056//2211 3020//2211
f 3020//2212 3056//2212 3057//2212
f 3020//2213 3057//2213 3021//2213
f 3021//2214 3057//2214 3058//2214
f 3021//2215 3058//2215 3022//2215
f 3022//2216 3058//2216 3059//2216
f 3022//2217 3059//2217 3023//2217
f 3023//2218 3059//2218 3060//2218
f 3023//2219 3060//2219 3024//2219
f 3024//2220 3060//2220 3061//2220
f 3024//2221 3061//2221 3025//2221
f 3025//2222 3061//2222 3062//2222
f 3025//2222 3062//2222 3026//2222
f 3026//2223 3062//2223 3063//2223
f 3026//2224 3063//2224 3027//2224
f 3027//2225 3063//2225 3064//2225
f 3027//2226 3064//2226 3028//2226
f 3028//2227 3064//2227 3065//2227
f 3028//2228 3065//2228 3029//2228
f 3029//2229 3065//2229 3066//2229
f 3029//2230 3066//2230 3030//2230
f 3030//2231 3066//2231 3067//2231
f 3030//2232 3067//2232 3031//2232
f 3031//2233 3067//2233 3068//2233
f 3031//2234 3068//2234 3032//2234
f 3032//2235 3068//2235 3069//2235
f 3032//2236 3069//2236 3033//2236
f 3033//2237 3069//2237 3070//2237
f 3033//2238 3070//2238 3034//2238
f 3034//2239 3070//2239 3071//2239
f 3034//2240 3071//2240 3035//2240
f 3035//2241 3071//2241 3072//2241
f 3035//2242 3072//2242 3036//2242
f 3036//2243 3072//2243 3073//2243
f 3036//2243 3073//2243 3037//2243
f 3037//2244 3073//2244 3074//2244
f 3037//2244 3074//2244 3038//2244
f 3038//2245 3074//2245 3075//2245
f 3038//2246 3075//2246 3039//2246
f 3039//2247 3075//2247 3076//2247
f 3039//2248 3076//2248 3040//2248
f 3040//2249 3076//2249 3077//2249
f 3040//2250 3077//2250 3041//2250
f 3041//2251 3077//2251 3078//2251
f 3041//2252 3078//2252 3042//2252
f 3042//2253 3078//2253 3079//2253
f 3042//2254 3079//2254 3043//2254
f 3043//2255 3079//2255 3080//2255
f 3043//2256 3080//2256 3044//2256
f 3044//2257 3080//2257 3081//2257
f 3044//2258 3081//2258 3045//2258
f 3045//2259 3081//2259 3082//2259
f 3045//2260 3082//2260 3046//2260
f 3046//2261 3082//2261 3083//2261
f 3046//2262 3083//2262 3047//2262
f 3047//2263 3083//2263 3084//2263
f 3047//2264 3084//2264 3048//2264
f 3048//2265 3084//2265 3085//2265
f 3048//2266 3085//2266 3049//2266
f 3049//2267 3085//2267 3086//2267
f 3049//2268 3086//2268 3050//2268
f 3050//2269 3086//2269 3087//2269
f 3050//2270 3087//2270 3051//2270
f 3051//2271 3087//2271 3088//2271
f 3051//2272 3088//2272 3052//2272
f 3052//2273 3088//2273 3089//2273
f 3052//2274 3089//2274 3053//2274
f 3053//2275 3089//2275 3090//2275
f 3053//2275 3090//2275 3054//2275
f 3054//2276 3090//2276 3091//2276
f 3054//2277 3091//2277 3055//2277
f 3055//2278 3091//2278 3056//2278
f 3091//2279 3092//2279 3056//2279
f 3056//2280 3092//2280 3093//2280
f 3056//2281 3093//2281 3057//2281
f 3057//2282 3093//2282 3094//2282
f 3057//2282 3094//2282 3058//2282
f 3058//2283 3094//2283 3095//2283
f 3058//2284 3095//2284 3059//2284
f 3059//2285 3095//2285 3096//2285
f 3059//2286 3096//2286 3060//2286
f 3060//2287 3096//2287 3097//2287
f 3060//2288 3097//2288 3061//2288
f 3061//2289 3097//2289 3098//2289
f 3061//2290 3098//2290 3062//2290
f 3062//2291 3098//2291 3099//2291
f 3062//2291 3099//2291 3063//2291
f 3063//2292 3099//2292 3100//2292
f 3063//2293 3100//2293 3064//2293
f 3064//2294 3100//2294 3101//2294
f 3064//2295 3101//2295 3065//2295
f 3065//2296 3101//2296 3102//2296
f 3065//2297 3102//2297 3066//2297
f 3066//2298 3102//2298 3103//2298
f 3066//2299 3103//2299 3067//2299
f 3067//2300 3103//2300 3104//2300
f 3067//2301 3104//2301 3068//2301
f 3068//2302 3104//2302 3105//2302
f 3068//2303 3105//2303 3069//2303
f 3069//2304 3105//2304 3106//2304
f 3069//2305 3106//2305 3070//2305
f 3070//2306 3106//2306 3107//2306
f 3070//2306 3107//2306 3071//2306
f 3071//2307 3107//2307 3108//2307
f 3071//2308 3108//2308 3072//2308
f 3072//2309 3108//2309 3109//2309
f 3072//2310 3109//2310 3073//2310
f 3073//2311 3109//2311 3110//2311
f 3073//2312 3110//2312 3074//2312
f 3074//2313 3110//2313 3111//2313
f 3074//2314 3111//2314 3075//2314
f 3075//2315 3111//2315 3112//2315
f 3075//2315 3112//2315 3076//2315
f 3076//2316 3112//2316 3113//2316
f 3076//2317 3113//2317 3077//2317
f 3077//2318 3113//2318 3114//2318
f 3077//2319 3114//2319 3078//2319
f 3078//2320 3114//2320 3115//2320
f 3078//2321 3115//2321 3079//2321
f 3079//2322 3115//2322 3116//2322
f 3079//2323 3116//2323 3080//2323
f 3080//2324 3116//2324 3117//2324
f 3080//2325 3117//2325 3081//2325
f 3081//2326 3117//2326 3118//2326
f 3081//2327 3118//2327 3082//2327
f 3082//2328 3118//2328 3119//2328
f 3082//2329 3119//2329 3083//2329
f 3083//2330 3119//2330 3120//2330
f 3083//2331 3120//2331 3084//2331
f 3084//2332 3120//2332 3121//2332
f 3084//2333 3121//2333 3085//2333
f 3085//2334 3121//2334 3122//2334
f 3085//2335 3122//2335 3086//2335
f 3086//2336 3122//2336 3123//2336
f 3086//2336 3123//2336 3087//2336
f 3087//2337 3123//2337 3124//2337
f 3087//2338 3124//2338 3088//2338
f 3088//2339 3124//2339 3125//2339
f 3088//2339 3125//2339 3089//2339
f 3089//2340 3125//2340 3126//2340
f 3089//2341 3126//2341 3090//2341
f 3090//2342 3126//2342 3127//2342
f 3090//2343 3127//2343 3091//2343
f 3091//2344 3127//2344 3092//2344
f 3127//2345 1719//2345 3092//2345
f 3092//2346 1719//2346 1721//2346
f 3092//2347 1721//2347 3093//2347
f 3093//2348 1721//2348 1723//2348
f 3093//2349 1723//2349 3094//2349
f 3094//2350 1723//2350 1725//2350
f 3094//2351 1725//2351 3095//2351
f 3095//2352 1725//2352 1732//2352
f 3095//2353 1732//2353 3096//2353
f 3096//2354 1732//2354 1687//2354
f 3096//2354 1687//2354 3097//2354
f 3097//2355 1687//2355 1734//2355
f 3097//2355 1734//2355 3098//2355
f 3098//2356 1734//2356 1664//2356
f 3098//2357 1664//2357 3099//2357
f 3099//2358 1664//2358 1711//2358
f 3099//2358 1711//2358 3100//2358
f 3100//2359 1711//2359 1668//2359
f 3100//2360 1668//2360 3101//2360
f 3101//2361 1668//2361 1667//2361
f 3101//2362 1667//2362 3102//2362
f 3102//2363 1667//2363 1681//2363
f 3102//2363 1681//2363 3103//2363
f 3103//2364 1681//2364 1731//2364
f 3103//2365 1731//2365 3104//2365
f 3104//2366 1731//2366 1730//2366
f 3104//2367 1730//2367 3105//2367
f 3105//2368 1730//2368 1641//2368
f 3105//2369 1641//2369 3106//2369
f 3106//2370 1641//2370 1640//2370
f 3106//2371 1640//2371 3107//2371
f 3107//2372 1640//2372 1639//2372
f 3107//2373 1639//2373 3108//2373
f 3108//2374 1639//2374 1638//2374
f 3108//2375 1638//2375 3109//2375
f 3109//2376 1638//2376 1636//2376
f 3109//2376 1636//2376 3110//2376
f 3110//2377 1636//2377 1635//2377
f 3110//2378 1635//2378 3111//2378
f 3111//2379 1635//2379 1634//2379
f 3111//2380 1634//2380 3112//2380
f 3112//2381 1634//2381 1633//2381
f 3112//2382 1633//2382 3113//2382
f 3113//2383 1633//2383 1632//2383
f 3113//2384 1632//2384 3114//2384
f 3114//2385 1632//2385 1631//2385
f 3114//2385 1631//2385 3115//2385
f 3115//2386 1631//2386 1630//2386
f 3115//2387 1630//2387 3116//2387
f 3116//2388 1630//2388 1629//2388
f 3116//2388 1629//2388 3117//2388
f 3117//2389 1629//2389 1628//2389
f 3117//2389 1628//2389 3118//2389
f 3118//2390 1628//2390 1627//2390
f 3118//2391 1627//2391 3119//2391
f 3119//2392 1627//2392 1642//2392
f 3119//2393 1642//2393 3120//2393
f 3120//2394 1642//2394 1643//2394
f 3120//2394 1643//2394 3121//2394
f 3121//2395 1643//2395 1645//2395
f 3121//2396 1645//2396 3122//2396
f 3122//2397 1645//2397 1647//2397
f 3122//2398 1647//2398 3123//2398
f 3123//2399 1647//2399 1680//2399
f 3123//2400 1680//2400 3124//2400
f 3124//2401 1680//2401 1679//2401
f 3124//2402 1679//2402 3125//2402
f 3125//2403 1679//2403 1677//2403
f 3125//2404 1677//2404 3126//2404
f 3126//2405 1677//2405 1676//2405
f 3126//2406 1676//2406 3127//2406
f 3127//2345 1676//2345 1719//2345
f 2427//1027 3128//1027 2429//1027
f 2429//1027 3128//1027 3129//1027
f 2429//1028 3129//1028 2431//1028
f 2431//2407 3129//2407 3130//2407
f 2431//1029 3130//1029 2432//1029
f 2432//1029 3130//1029 3131//1029
f 2432//1030 3131//1030 2433//1030
f 2433//1030 3131//1030 3132//1030
f 2433//2408 3132//2408 2434//2408
f 2434//2408 3132//2408 3133//2408
f 2434//984 3133//984 2441//984
f 2441//984 3133//984 3134//984
f 2441//1223 3134//1223 2439//1223
f 2439//1223 3134//1223 3135//1223
f 2439//1022 3135//1022 2437//1022
f 2437//1022 3135//1022 3136//1022
f 2437//1023 3136//1023 2435//1023
f 2435//1023 3136//1023 3137//1023
f 2435//1024 3137//1024 2418//1024
f 2418//1024 3137//1024 3138//1024
f 2418//1025 3138//1025 2419//1025
f 2419//1025 3138//1025 3139//1025
f 2419//2409 3139//2409 2421//2409
f 2421//2409 3139//2409 3140//2409
f 2421//1228 3140//1228 2414//1228
f 2414//1228 3140//1228 3141//1228
f 2414//2410 3141//2410 2403//2410
f 2403//2410 3141//2410 3142//2410
f 2403//1017 3142//1017 2404//1017
f 2404//1017 3142//1017 3143//1017
f 2404//1018 3143//1018 2411//1018
f 2411//1018 3143//1018 3144//1018
f 2411//1019 3144//1019 2412//1019
f 2412//1019 3144//1019 3145//1019
f 2412//1020 3145//1020 2413//1020
f 2413//2411 3145//2411 3146//2411
f 2413//2412 3146//2412 2405//2412
f 2405//998 3146//998 3147//998
f 2405//1230 3147//1230 2406//1230
f 2406//1230 3147//1230 3148//1230
f 2406//1004 3148//1004 2407//1004
f 2407//1004 3148//1004 3149//1004
f 2407//1231 3149//1231 2390//1231
f 2390//1231 3149//1231 3150//1231
f 2390//2413 3150//2413 2391//2413
f 2391//2413 3150//2413 3151//2413
f 2391//1040 3151//1040 2408//1040
f 2408//1040 3151//1040 3152//1040
f 2408//2414 3152//2414 2409//2414
f 2409//2414 3152//2414 3153//2414
f 2409//1008 3153//1008 2410//1008
f 2410//1008 3153//1008 3154//1008
f 2410//1014 3154//1014 2392//1014
f 2392//1014 3154//1014 3155//1014
f 2392//1232 3155//1232 2393//1232
f 2393//1232 3155//1232 3156//1232
f 2393//1233 3156//1233 2399//1233
f 2399//1233 3156//1233 3157//1233
f 2399//1234 3157//1234 2397//1234
f 2397//1234 3157//1234 3158//1234
f 2397//1035 3158//1035 2400//1035
f 2400//1035 3158//1035 3159//1035
f 2400//2415 3159//2415 2401//2415
f 2401//2415 3159//2415 3160//2415
f 2401//966 3160//966 2422//966
f 2422//966 3160//966 3161//966
f 2422//1235 3161//1235 2423//1235
f 2423//1235 3161//1235 3162//1235
f 2423//2416 3162//2416 2425//2416
f 2425//2417 3162//2417 3163//2417
f 2425//1220 3163//1220 2427//1220
f 2427//1220 3163//1220 3128//1220
f 3130//910 3164//910 3131//910
f 3131//910 3164//910 3165//910
f 3131//910 3165//910 3132//910
f 3132//910 3165//910 3166//910
f 3132//910 3166//910 3133//910
f 3133//910 3166//910 3167//910
f 3133//910 3167//910 3134//910
f 3134//910 3167//910 3168//910
f 3134//910 3168//910 3135//910
f 3135//910 3168//910 3169//910
f 3135//910 3169//910 3136//910
f 3136//910 3169//910 3170//910
f 3136//910 3170//910 3137//910
f 3137//910 3170//910 3171//910
f 3137//910 3171//910 3138//910
f 3138//910 3171//910 3172//910
f 3138//910 3172//910 3139//910
f 3139//910 3172//910 3173//910
f 3139//910 3173//910 3140//910
f 3140//910 3173//910 3174//910
f 3140//910 3174//910 3141//910
f 3141//910 3174//910 3175//910
f 3141//910 3175//910 3142//910
f 3142//910 3175//910 3176//910
f 3142//910 3176//910 3143//910
f 3143//910 3176//910 3177//910
f 3143//910 3177//910 3144//910
f 3144//910 3177//910 3178//910
f 3144//910 3178//910 3145//910
f 3145//910 3178//910 3179//910
f 3145//910 3179//910 3146//910
f 3146//910 3179//910 3180//910
f 3146//910 3180//910 3147//910
f 3147//910 3180//910 3181//910
f 3147//910 3181//910 3148//910
f 3148//910 3181//910 3182//910
f 3148//910 3182//910 3149//910
f 3149//910 3182//910 3183//910
f 3149//910 3183//910 3150//910
f 3150//910 3183//910 3184//910
f 3150//910 3184//910 3151//910
f 3151//910 3184//910 3185//910
f 3151//910 3185//910 3152//910
f 3152//910 3185//910 3186//910
f 3152//910 3186//910 3153//910
f 3153//910 3186//910 3187//910
f 3153//910 3187//910 3154//910
f 3154//910 3187//910 3188//910
f 3154//910 3188//910 3155//910
f 3155//910 3188//910 3189//910
f 3155//910 3189//910 3156//910
f 3156//910 3189//910 3190//910
f 3156//910 3190//910 3157//910
f 3157//910 3190//910 3191//910
f 3157//910 3191//910 3158//910
f 3158//910 3191//910 3192//910
f 3158//910 3192//910 3159//910
f 3159//910 3192//910 3193//910
f 3159//910 3193//910 3160//910
f 3160//910 3193//910 3194//910
f 3160//910 3194//910 3161//910
f 3161//910 3194//910 3195//910
f 3161//910 3195//910 3162//910
f 3162//910 3195//910 3196//910
f 3162//910 3196//910 3163//910
f 3163//910 3196//910 3197//910
f 3163//910 3197//910 3128//910
f 3128//910 3197//910 3198//910
f 3128//910 3198//910 3129//910
f 3129//910 3198//910 3199//910
f 3129//910 3199//910 3130//910
f 3130//910 3199//910 3164//910
f 3198//1221 3200//1221 3199//1221
f 3199//1027 3200//1027 3201//1027
f 3199//1028 3201//1028 3164//1028
f 3164//1028 3201//1028 3202//1028
f 3164//1029 3202//1029 3165//1029
f 3165//1029 3202//1029 3203//1029
f 3165//1030 3203//1030 3166//1030
f 3166//1030 3203//1030 3204//1030
f 3166//1222 3204//1222 3167//1222
f 3167//1222 3204//1222 3205//1222
f 3167//984 3205//984 3168//984
f 3168//984 3205//984 3206//984
f 3168//1223 3206//1223 3169//1223
f 3169//1223 3206//1223 3207//1223
f 3169//1022 3207//1022 3170//1022
f 3170//1022 3207//1022 3208//1022
f 3170//1023 3208//1023 3171//1023
f 3171//1023 3208//1023 3209//1023
f 3171//1024 3209//1024 3172//1024
f 3172//1024 3209//1024 3210//1024
f 3172//1025 3210//1025 3173//1025
f 3173//1025 3210//1025 3211//1025
f 3173//1227 3211//1227 3174//1227
f 3174//1227 3211//1227 3212//1227
f 3174//1228 3212//1228 3175//1228
f 3175//1228 3212//1228 3213//1228
f 3175//1229 3213//1229 3176//1229
f 3176//1229 3213//1229 3214//1229
f 3176//1017 3214//1017 3177//1017
f 3177//1017 3214//1017 3215//1017
f 3177//1018 3215//1018 3178//1018
f 3178//1018 3215//1018 3216//1018
f 3178//1019 3216//1019 3179//1019
f 3179//1019 3216//1019 3217//1019
f 3179//2411 3217//2411 3180//2411
f 3180//2411 3217//2411 3218//2411
f 3180//2412 3218//2412 3181//2412
f 3181//2412 3218//2412 3219//2412
f 3181//1230 3219//1230 3182//1230
f 3182//1230 3219//1230 3220//1230
f 3182//1004 3220//1004 3183//1004
f 3183//1004 3220//1004 3221//1004
f 3183//1231 3221//1231 3184//1231
f 3184//1231 3221//1231 3222//1231
f 3184//1039 3222//1039 3185//1039
f 3185//1039 3222//1039 3223//1039
f 3185//1040 3223//1040 3186//1040
f 3186//1040 3223//1040 3224//1040
f 3186//1041 3224//1041 3187//1041
f 3187//1041 3224//1041 3225//1041
f 3187//1008 3225//1008 3188//1008
f 3188//1008 3225//1008 3226//1008
f 3188//1014 3226//1014 3189//1014
f 3189//1014 3226//1014 3227//1014
f 3189//1232 3227//1232 3190//1232
f 3190//1232 3227//1232 3228//1232
f 3190//1233 3228//1233 3191//1233
f 3191//1233 3228//1233 3229//1233
f 3191//1234 3229//1234 3192//1234
f 3192//1234 3229//1234 3230//1234
f 3192//1035 3230//1035 3193//1035
f 3193//1035 3230//1035 3231//1035
f 3193//1036 3231//1036 3194//1036
f 3194//1036 3231//1036 3232//1036
f 3194//966 3232//966 3195//966
f 3195//966 3232//966 3233//966
f 3195//1235 3233//1235 3196//1235
f 3196//1235 3233//1235 3234//1235
f 3196//2417 3234//2417 3197//2417
f 3197//2417 3234//2417 3235//2417
f 3197//1220 3235//1220 3198//1220
f 3198//1219 3235//1219 3200//1219
f 3201//2418 1577//2418 3202//2418
f 3202//2419 1577//2419 1576//2419
f 3202//2420 1576//2420 3203//2420
f 3203//2421 1576//2421 1574//2421
f 3203//2422 1574//2422 3204//2422
f 3204//2423 1574//2423 1573//2423
f 3204//2424 1573//2424 3205//2424
f 3205//2425 1573//2425 1558//2425
f 3205//2426 1558//2426 3206//2426
f 3206//2426 1558//2426 1557//2426
f 3206//2427 1557//2427 3207//2427
f 3207//2428 1557//2428 1541//2428
f 3207//2429 1541//2429 3208//2429
f 3208//2430 1541//2430 1540//2430
f 3208//2431 1540//2431 3209//2431
f 3209//2432 1540//2432 1582//2432
f 3209//2433 1582//2433 3210//2433
f 3210//2434 1582//2434 1581//2434
f 3210//2435 1581//2435 3211//2435
f 3211//2436 1581//2436 1579//2436
f 3211//2437 1579//2437 3212//2437
f 3212//2438 1579//2438 1578//2438
f 3212//2439 1578//2439 3213//2439
f 3213//2440 1578//2440 1595//2440
f 3213//2441 1595//2441 3214//2441
f 3214//2442 1595//2442 1594//2442
f 3214//2443 1594//2443 3215//2443
f 3215//2444 1594//2444 1593//2444
f 3215//2445 1593//2445 3216//2445
f 3216//2446 1593//2446 1591//2446
f 3216//2447 1591//2447 3217//2447
f 3217//2448 1591//2448 1590//2448
f 3217//2449 1590//2449 3218//2449
f 3218//2450 1590//2450 1615//2450
f 3218//2451 1615//2451 3219//2451
f 3219//2452 1615//2452 1614//2452
f 3219//2453 1614//2453 3220//2453
f 3220//2454 1614//2454 1601//2454
f 3220//2455 1601//2455 3221//2455
f 3221//2456 1601//2456 1606//2456
f 3221//2457 1606//2457 3222//2457
f 3222//2458 1606//2458 1608//2458
f 3222//2459 1608//2459 3223//2459
f 3223//2460 1608//2460 1610//2460
f 3223//2461 1610//2461 3224//2461
f 3224//2462 1610//2462 1619//2462
f 3224//2463 1619//2463 3225//2463
f 3225//2464 1619//2464 1617//2464
f 3225//2465 1617//2465 3226//2465
f 3226//2466 1617//2466 1616//2466
f 3226//2467 1616//2467 3227//2467
f 3227//2467 1616//2467 1599//2467
f 3227//2468 1599//2468 3228//2468
f 3228//2468 1599//2468 1597//2468
f 3228//2469 1597//2469 3229//2469
f 3229//2470 1597//2470 1596//2470
f 3229//2471 1596//2471 3230//2471
f 3230//2472 1596//2472 1548//2472
f 3230//2473 1548//2473 3231//2473
f 3231//2474 1548//2474 1562//2474
f 3231//2475 1562//2475 3232//2475
f 3232//2476 1562//2476 1564//2476
f 3232//2477 1564//2477 3233//2477
f 3233//2478 1564//2478 1566//2478
f 3233//2479 1566//2479 3234//2479
f 3234//2480 1566//2480 1545//2480
f 3234//2481 1545//2481 3235//2481
f 3235//2482 1545//2482 1551//2482
f 3235//2483 1551//2483 3200//2483
f 3200//2484 1551//2484 1539//2484
f 3200//2485 1539//2485 3201//2485
f 3201//2485 1539//2485 1577//2485
f 2226//1027 3236//1027 2227//1027
f 2227//1027 3236//1027 3237//1027
f 2227//1028 3237//1028 2232//1028
f 2232//2407 3237//2407 3238//2407
f 2232//1029 3238//1029 2233//1029
f 2233//1029 3238//1029 3239//1029
f 2233//1030 3239//1030 2312//1030
f 2312//1030 3239//1030 3240//1030
f 2312//2408 3240//2408 2313//2408
f 2313//2408 3240//2408 3241//2408
f 2313//984 3241//984 2314//984
f 2314//984 3241//984 3242//984
f 2314//1223 3242//1223 2289//1223
f 2289//1223 3242//1223 3243//1223
f 2289//1022 3243//1022 2290//1022
f 2290//1022 3243//1022 3244//1022
f 2290//1023 3244//1023 2292//1023
f 2292//1023 3244//1023 3245//1023
f 2292//1024 3245//1024 2293//1024
f 2293//1024 3245//1024 3246//1024
f 2293//1025 3246//1025 2294//1025
f 2294//1025 3246//1025 3247//1025
f 2294//2409 3247//2409 2295//2409
f 2295//2409 3247//2409 3248//2409
f 2295//1228 3248//1228 2296//1228
f 2296//1228 3248//1228 3249//1228
f 2296//2410 3249//2410 2297//2410
f 2297//2410 3249//2410 3250//2410
f 2297//1017 3250//1017 2298//1017
f 2298//1017 3250//1017 3251//1017
f 2298//1018 3251//1018 2306//1018
f 2306//1018 3251//1018 3252//1018
f 2306//1019 3252//1019 2304//1019
f 2304//1019 3252//1019 3253//1019
f 2304//1020 3253//1020 2302//1020
f 2302//2411 3253//2411 3254//2411
f 2302//2412 3254//2412 2243//2412
f 2243//998 3254//998 3255//998
f 2243//1230 3255//1230 2242//1230
f 2242//1230 3255//1230 3256//1230
f 2242//1004 3256//1004 2240//1004
f 2240//1004 3256//1004 3257//1004
f 2240//1231 3257//1231 2252//1231
f 2252//1231 3257//1231 3258//1231
f 2252//2413 3258//2413 2266//2413
f 2266//2413 3258//2413 3259//2413
f 2266//1040 3259//1040 2267//1040
f 2267//1040 3259//1040 3260//1040
f 2267//2414 3260//2414 2268//2414
f 2268//2414 3260//2414 3261//2414
f 2268//1008 3261//1008 2309//1008
f 2309//1008 3261//1008 3262//1008
f 2309//1014 3262//1014 2310//1014
f 2310//1014 3262//1014 3263//1014
f 2310//1232 3263//1232 2311//1232
f 2311//1232 3263//1232 3264//1232
f 2311//1233 3264//1233 2244//1233
f 2244//1233 3264//1233 3265//1233
f 2244//1234 3265//1234 2245//1234
f 2245//1234 3265//1234 3266//1234
f 2245//1035 3266//1035 2254//1035
f 2254//1035 3266//1035 3267//1035
f 2254//2415 3267//2415 2255//2415
f 2255//2415 3267//2415 3268//2415
f 2255//966 3268//966 2269//966
f 2269//966 3268//966 3269//966
f 2269//1235 3269//1235 2270//1235
f 2270//1235 3269//1235 3270//1235
f 2270//2416 3270//2416 2271//2416
f 2271//2417 3270//2417 3271//2417
f 2271//1220 3271//1220 2226//1220
f 2226//1220 3271//1220 3236//1220
f 3240//910 3272//910 3241//910
f 3241//910 3272//910 3273//910
f 3241//910 3273//910 3242//910
f 3242//910 3273//910 3274//910
f 3242//910 3274//910 3243//910
f 3243//910 3274//910 3275//910
f 3243//910 3275//910 3244//910
f 3244//910 3275//910 3276//910
f 3244//910 3276//910 3245//910
f 3245//910 3276//910 3277//910
f 3245//910 3277//910 3246//910
f 3246//910 3277//910 3278//910
f 3246//910 3278//910 3247//910
f 3247//910 3278//910 3279//910
f 3247//910 3279//910 3248//910
f 3248//910 3279//910 3280//910
f 3248//910 3280//910 3249//910
f 3249//910 3280//910 3281//910
f 3249//910 3281//910 3250//910
f 3250//910 3281//910 3282//910
f 3250//910 3282//910 3251//910
f 3251//910 3282//910 3283//910
f 3251//910 3283//910 3252//910
f 3252//910 3283//910 3284//910
f 3252//910 3284//910 3253//910
f 3253//910 3284//910 3285//910
f 3253//910 3285//910 3254//910
f 3254//910 3285//910 3286//910
f 3254//910 3286//910 3255//910
f 3255//910 3286//910 3287//910
f 3255//910 3287//910 3256//910
f 3256//910 3287//910 3288//910
f 3256//910 3288//910 3257//910
f 3257//910 3288//910 3289//910
f 3257//910 3289//910 3258//910
f 3258//910 3289//910 3290//910
f 3258//910 3290//910 3259//910
f 3259//910 3290//910 3291//910
f 3259//910 3291//910 3260//910
f 3260//910 3291//910 3292//910
f 3260//910 3292//910 3261//910
f 3261//910 3292//910 3293//910
f 3261//910 3293//910 3262//910
f 3262//910 3293//910 3294//910
f 3262//910 3294//910 3263//910
f 3263//910 3294//910 3295//910
f 3263//910 3295//910 3264//910
f 3264//910 3295//910 3296//910
f 3264//910 3296//910 3265//910
f 3265//910 3296//910 3297//910
f 3265//910 3297//910 3266//910
f 3266//910 3297//910 3298//910
f 3266//910 3298//910 3267//910
f 3267//910 3298//910 3299//910
f 3267//910 3299//910 3268//910
f 3268//910 3299//910 3300//910
f 3268//910 3300//910 3269//910
f 3269//910 3300//910 3301//910
f 3269//910 3301//910 3270//910
f 3270//910 3301//910 3302//910
f 3270//910 3302//910 3271//910
f 3271//910 3302//910 3303//910
f 3271//910 3303//910 3236//910
f 3236//910 3303//910 3304//910
f 3236//910 3304//910 3237//910
f 3237//910 3304//910 3305//910
f 3237//910 3305//910 3238//910
f 3238//910 3305//910 3306//910
f 3238//910 3306//910 3239//910
f 3239//910 3306//910 3307//910
f 3239//910 3307//910 3240//910
f 3240//910 3307//910 3272//910
f 3304//1221 3308//1221 3305//1221
f 3305//1027 3308//1027 3309//1027
f 3305//1028 3309//1028 3306//1028
f 3306//1028 3309//1028 3310//1028
f 3306//1029 3310//1029 3307//1029
f 3307//1029 3310//1029 3311//1029
f 3307//1030 3311//1030 3272//1030
f 3272//1030 3311//1030 3312//1030
f 3272//1222 3312//1222 3273//1222
f 3273//1222 3312//1222 3313//1222
f 3273//984 3313//984 3274//984
f 3274//984 3313//984 3314//984
f 3274//1223 3314//1223 3275//1223
f 3275//1223 3314//1223 3315//1223
f 3275//1022 3315//1022 3276//1022
f 3276//1022 3315//1022 3316//1022
f 3276//1023 3316//1023 3277//1023
f 3277//1023 3316//1023 3317//1023
f 3277//1024 3317//1024 3278//1024
f 3278//1024 3317//1024 3318//1024
f 3278//1025 3318//1025 3279//1025
f 3279//1025 3318//1025 3319//1025
f 3279//1227 3319//1227 3280//1227
f 3280//1227 3319//1227 3320//1227
f 3280//1228 3320//1228 3281//1228
f 3281//1228 3320//1228 3321//1228
f 3281//1229 3321//1229 3282//1229
f 3282//1229 3321//1229 3322//1229
f 3282//1017 3322//1017 3283//1017
f 3283//1017 3322//1017 3323//1017
f 3283//1018 3323//1018 3284//1018
f 3284//1018 3323//1018 3324//1018
f 3284//1019 3324//1019 3285//1019
f 3285//1019 3324//1019 3325//1019
f 3285//2411 3325//2411 3286//2411
f 3286//2411 3325//2411 3326//2411
f 3286//2412 3326//2412 3287//2412
f 3287//2412 3326//2412 3327//2412
f 3287//1230 3327//1230 3288//1230
f 3288//1230 3327//1230 3328//1230
f 3288//1004 3328//1004 3289//1004
f 3289//1004 3328//1004 3329//1004
f 3289//1231 3329//1231 3290//1231
f 3290//1231 3329//1231 3330//1231
f 3290//1039 3330//1039 3291//1039
f 3291//1039 3330//1039 3331//1039
f 3291//1040 3331//1040 3292//1040
f 3292//1040 3331//1040 3332//1040
f 3292//1041 3332//1041 3293//1041
f 3293//1041 3332//1041 3333//1041
f 3293//1008 3333//1008 3294//1008
f 3294//1008 3333//1008 3334//1008
f 3294//1014 3334//1014 3295//1014
f 3295//1014 3334//1014 3335//1014
f 3295//1232 3335//1232 3296//1232
f 3296//1232 3335//1232 3336//1232
f 3296//1233 3336//1233 3297//1233
f 3297//1233 3336//1233 3337//1233
f 3297//1234 3337//1234 3298//1234
f 3298//1234 3337//1234 3338//1234
f 3298//1035 3338//1035 3299//1035
f 3299//1035 3338//1035 3339//1035
f 3299//1036 3339//1036 3300//1036
f 3300//1036 3339//1036 3340//1036
f 3300//966 3340//966 3301//966
f 3301//966 3340//966 3341//966
f 3301//1235 3341//1235 3302//1235
f 3302//1235 3341//1235 3342//1235
f 3302//2417 3342//2417 3303//2417
f 3303//2417 3342//2417 3343//2417
f 3303//1220 3343//1220 3304//1220
f 3304//1219 3343//1219 3308//1219
f 1588//2486 1586//2486 3343//2486
f 3343//2487 1586//2487 1584//2487
f 3343//2488 1584//2488 3308//2488
f 3308//2489 1584//2489 1626//2489
f 3308//2490 1626//2490 3309//2490
f 3309//2491 1626//2491 1624//2491
f 3309//2418 1624//2418 3310//2418
f 3310//2492 1624//2492 1623//2492
f 3310//2420 1623//2420 3311//2420
f 3311//2493 1623//2493 1622//2493
f 3311//2422 1622//2422 3312//2422
f 3312//2494 1622//2494 1728//2494
f 3312//2424 1728//2424 3313//2424
f 3313//2425 1728//2425 1649//2425
f 3313//2495 1649//2495 3314//2495
f 3314//2496 1649//2496 1648//2496
f 3314//2497 1648//2497 3315//2497
f 3315//2498 1648//2498 1693//2498
f 3315//2429 1693//2429 3316//2429
f 3316//2430 1693//2430 1692//2430
f 3316//2431 1692//2431 3317//2431
f 3317//2432 1692//2432 1674//2432
f 3317//2433 1674//2433 3318//2433
f 3318//2434 1674//2434 1673//2434
f 3318//2435 1673//2435 3319//2435
f 3319//2436 1673//2436 1672//2436
f 3319//2437 1672//2437 3320//2437
f 3320//2438 1672//2438 1727//2438
f 3320//2499 1727//2499 3321//2499
f 3321//2500 1727//2500 1726//2500
f 3321//2441 1726//2441 3322//2441
f 3322//2442 1726//2442 1724//2442
f 3322//2443 1724//2443 3323//2443
f 3323//2444 1724//2444 1722//2444
f 3323//2445 1722//2445 3324//2445
f 3324//2501 1722//2501 1720//2501
f 3324//2447 1720//2447 3325//2447
f 3325//2448 1720//2448 1718//2448
f 3325//2449 1718//2449 3326//2449
f 3326//2450 1718//2450 1717//2450
f 3326//2451 1717//2451 3327//2451
f 3327//2452 1717//2452 1678//2452
f 3327//2453 1678//2453 3328//2453
f 3328//2454 1678//2454 1646//2454
f 3328//2455 1646//2455 3329//2455
f 3329//2456 1646//2456 1644//2456
f 3329//2457 1644//2457 3330//2457
f 3330//2502 1644//2502 1542//2502
f 3330//2503 1542//2503 3331//2503
f 3331//2460 1542//2460 1559//2460
f 3331//2504 1559//2504 3332//2504
f 3332//2461 1559//2461 1575//2461
f 3332//2463 1575//2463 3333//2463
f 3333//2505 1575//2505 1556//2505
f 3333//2465 1556//2465 3334//2465
f 3334//2466 1556//2466 1555//2466
f 3334//2467 1555//2467 3335//2467
f 3335//2467 1555//2467 1554//2467
f 3335//2468 1554//2468 3336//2468
f 3336//2468 1554//2468 1538//2468
f 3336//2506 1538//2506 3337//2506
f 3337//2470 1538//2470 1537//2470
f 3337//2507 1537//2507 3338//2507
f 3338//2508 1537//2508 1572//2508
f 3338//2473 1572//2473 3339//2473
f 3339//2474 1572//2474 1571//2474
f 3339//2475 1571//2475 3340//2475
f 3340//2509 1571//2509 1570//2509
f 3340//2510 1570//2510 3341//2510
f 3341//2511 1570//2511 1589//2511
f 3341//2479 1589//2479 3342//2479
f 3342//2480 1589//2480 1588//2480
f 3342//2481 1588//2481 3343//2481
f 2320//1027 3344//1027 2322//1027
f 2322//1027 3344//1027 3345//1027
f 2322//1028 3345//1028 2324//1028
f 2324//2407 3345//2407 3346//2407
f 2324//1029 3346//1029 2325//1029
f 2325//1029 3346//1029 3347//1029
f 2325//1030 3347//1030 2327//1030
f 2327//1030 3347//1030 3348//1030
f 2327//2408 3348//2408 2328//2408
f 2328//2408 3348//2408 3349//2408
f 2328//984 3349//984 2329//984
f 2329//984 3349//984 3350//984
f 2329//1223 3350//1223 2264//1223
f 2264//1223 3350//1223 3351//1223
f 2264//1022 3351//1022 2265//1022
f 2265//1022 3351//1022 3352//1022
f 2265//1023 3352//1023 2235//1023
f 2235//1023 3352//1023 3353//1023
f 2235//1024 3353//1024 2236//1024
f 2236//1024 3353//1024 3354//1024
f 2236//1025 3354//1025 2248//1025
f 2248//1025 3354//1025 3355//1025
f 2248//2409 3355//2409 2249//2409
f 2249//2409 3355//2409 3356//2409
f 2249//1228 3356//1228 2250//1228
f 2250//1228 3356//1228 3357//1228
f 2250//2410 3357//2410 2237//2410
f 2237//2410 3357//2410 3358//2410
f 2237//1017 3358//1017 2228//1017
f 2228//1017 3358//1017 3359//1017
f 2228//1018 3359//1018 2229//1018
f 2229//1018 3359//1018 3360//1018
f 2229//1019 3360//1019 2275//1019
f 2275//1019 3360//1019 3361//1019
f 2275//1020 3361//1020 2276//1020
f 2276//2411 3361//2411 3362//2411
f 2276//2412 3362//2412 2277//2412
f 2277//998 3362//998 3363//998
f 2277//1230 3363//1230 2257//1230
f 2257//1230 3363//1230 3364//1230
f 2257//1004 3364//1004 2258//1004
f 2258//1004 3364//1004 3365//1004
f 2258//1231 3365//1231 2272//1231
f 2272//1231 3365//1231 3366//1231
f 2272//2413 3366//2413 2273//2413
f 2273//2413 3366//2413 3367//2413
f 2273//1040 3367//1040 2279//1040
f 2279//1040 3367//1040 3368//1040
f 2279//2414 3368//2414 2281//2414
f 2281//2414 3368//2414 3369//2414
f 2281//1008 3369//1008 2283//1008
f 2283//1008 3369//1008 3370//1008
f 2283//1014 3370//1014 2285//1014
f 2285//1014 3370//1014 3371//1014
f 2285//1232 3371//1232 2287//1232
f 2287//1232 3371//1232 3372//1232
f 2287//1233 3372//1233 2288//1233
f 2288//1233 3372//1233 3373//1233
f 2288//1234 3373//1234 2260//1234
f 2260//1234 3373//1234 3374//1234
f 2260//1035 3374//1035 2299//1035
f 2299//1035 3374//1035 3375//1035
f 2299//2415 3375//2415 2330//2415
f 2330//2415 3375//2415 3376//2415
f 2330//966 3376//966 2291//966
f 2291//966 3376//966 3377//966
f 2291//1235 3377//1235 2316//1235
f 2316//1235 3377//1235 3378//1235
f 2316//2416 3378//2416 2318//2416
f 2318//2417 3378//2417 3379//2417
f 2318//1220 3379//1220 2320//1220
f 2320//1220 3379//1220 3344//1220
f 3346//910 3380//910 3347//910
f 3347//910 3380//910 3381//910
f 3347//910 3381//910 3348//910
f 3348//910 3381//910 3382//910
f 3348//910 3382//910 3349//910
f 3349//910 3382//910 3383//910
f 3349//910 3383//910 3350//910
f 3350//910 3383//910 3384//910
f 3350//910 3384//910 3351//910
f 3351//910 3384//910 3385//910
f 3351//910 3385//910 3352//910
f 3352//910 3385//910 3386//910
f 3352//910 3386//910 3353//910
f 3353//910 3386//910 3387//910
f 3353//910 3387//910 3354//910
f 3354//910 3387//910 3388//910
f 3354//910 3388//910 3355//910
f 3355//910 3388//910 3389//910
f 3355//910 3389//910 3356//910
f 3356//910 3389//910 3390//910
f 3356//910 3390//910 3357//910
f 3357//910 3390//910 3391//910
f 3357//910 3391//910 3358//910
f 3358//910 3391//910 3392//910
f 3358//910 3392//910 3359//910
f 3359//910 3392//910 3393//910
f 3359//910 3393//910 3360//910
f 3360//910 3393//910 3394//910
f 3360//910 3394//910 3361//910
f 3361//910 3394//910 3395//910
f 3361//910 3395//910 3362//910
f 3362//910 3395//910 3396//910
f 3362//910 3396//910 3363//910
f 3363//910 3396//910 3397//910
f 3363//910 3397//910 3364//910
f 3364//910 3397//910 3398//910
f 3364//910 3398//910 3365//910
f 3365//910 3398//910 3399//910
f 3365//910 3399//910 3366//910
f 3366//910 3399//910 3400//910
f 3366//910 3400//910 3367//910
f 3367//910 3400//910 3401//910
f 3367//910 3401//910 3368//910
f 3368//910 3401//910 3402//910
f 3368//910 3402//910 3369//910
f 3369//910 3402//910 3403//910
f 3369//910 3403//910 3370//910
f 3370//910 3403//910 3404//910
f 3370//910 3404//910 3371//910
f 3371//910 3404//910 3405//910
f 3371//910 3405//910 3372//910
f 3372//910 3405//910 3406//910
f 3372//910 3406//910 3373//910
f 3373//910 3406//910 3407//910
f 3373//910 3407//910 3374//910
f 3374//910 3407//910 3408//910
f 3374//910 3408//910 3375//910
f 3375//910 3408//910 3409//910
f 3375//910 3409//910 3376//910
f 3376//910 3409//910 3410//910
f 3376//910 3410//910 3377//910
f 3377//910 3410//910 3411//910
f 3377//910 3411//910 3378//910
f 3378//910 3411//910 3412//910
f 3378//910 3412//910 3379//910
f 3379//910 3412//910 3413//910
f 3379//910 3413//910 3344//910
f 3344//910 3413//910 3414//910
f 3344//910 3414//910 3345//910
f 3345//910 3414//910 3415//910
f 3345//910 3415//910 3346//910
f 3346//910 3415//910 3380//910
f 3414//1221 3416//1221 3415//1221
f 3415//1027 3416//1027 3417//1027
f 3415//1028 3417//1028 3380//1028
f 3380//1028 3417//1028 3418//1028
f 3380//1029 3418//1029 3381//1029
f 3381//1029 3418//1029 3419//1029
f 3381//1030 3419//1030 3382//1030
f 3382//1030 3419//1030 3420//1030
f 3382//1222 3420//1222 3383//1222
f 3383//1222 3420//1222 3421//1222
f 3383//984 3421//984 3384//984
f 3384//984 3421//984 3422//984
f 3384//1223 3422//1223 3385//1223
f 3385//1223 3422//1223 3423//1223
f 3385//1022 3423//1022 3386//1022
f 3386//1022 3423//1022 3424//1022
f 3386//1023 3424//1023 3387//1023
f 3387//1023 3424//1023 3425//1023
f 3387//1024 3425//1024 3388//1024
f 3388//1024 3425//1024 3426//1024
f 3388//1025 3426//1025 3389//1025
f 3389//1025 3426//1025 3427//1025
f 3389//1227 3427//1227 3390//1227
f 3390//1227 3427//1227 3428//1227
f 3390//1228 3428//1228 3391//1228
f 3391//1228 3428//1228 3429//1228
f 3391//1229 3429//1229 3392//1229
f 3392//1229 3429//1229 3430//1229
f 3392//1017 3430//1017 3393//1017
f 3393//1017 3430//1017 3431//1017
f 3393//1018 3431//1018 3394//1018
f 3394//1018 3431//1018 3432//1018
f 3394//1019 3432//1019 3395//1019
f 3395//1019 3432//1019 3433//1019
f 3395//2411 3433//2411 3396//2411
f 3396//2411 3433//2411 3434//2411
f 3396//2412 3434//2412 3397//2412
f 3397//2412 3434//2412 3435//2412
f 3397//1230 3435//1230 3398//1230
f 3398//1230 3435//1230 3436//1230
f 3398//1004 3436//1004 3399//1004
f 3399//1004 3436//1004 3437//1004
f 3399//1231 3437//1231 3400//1231
f 3400//1231 3437//1231 3438//1231
f 3400//1039 3438//1039 3401//1039
f 3401//1039 3438//1039 3439//1039
f 3401//1040 3439//1040 3402//1040
f 3402//1040 3439//1040 3440//1040
f 3402//1041 3440//1041 3403//1041
f 3403//1041 3440//1041 3441//1041
f 3403//1008 3441//1008 3404//1008
f 3404//1008 3441//1008 3442//1008
f 3404//1014 3442//1014 3405//1014
f 3405//1014 3442//1014 3443//1014
f 3405//1232 3443//1232 3406//1232
f 3406//1232 3443//1232 3444//1232
f 3406//1233 3444//1233 3407//1233
f 3407//1233 3444//1233 3445//1233
f 3407//1234 3445//1234 3408//1234
f 3408//1234 3445//1234 3446//1234
f 3408//1035 3446//1035 3409//1035
f 3409//1035 3446//1035 3447//1035
f 3409//1036 3447//1036 3410//1036
f 3410//1036 3447//1036 3448//1036
f 3410//966 3448//966 3411//966
f 3411//966 3448//966 3449//966
f 3411//1235 3449//1235 3412//1235
f 3412//1235 3449//1235 3450//1235
f 3412//2417 3450//2417 3413//2417
f 3413//2417 3450//2417 3451//2417
f 3413//1220 3451//1220 3414//1220
f 3414//1219 3451//1219 3416//1219
f 3417//2418 1709//2418 3418//2418
f 3418//2492 1709//2492 1707//2492
f 3418//2512 1707//2512 3419//2512
f 3419//2493 1707//2493 1705//2493
f 3419//2422 1705//2422 3420//2422
f 3420//2423 1705//2423 1703//2423
f 3420//2513 1703//2513 3421//2513
f 3421//2425 1703//2425 1702//2425
f 3421//2495 1702//2495 3422//2495
f 3422//2514 1702//2514 1662//2514
f 3422//2427 1662//2427 3423//2427
f 3423//2428 1662//2428 1660//2428
f 3423//2429 1660//2429 3424//2429
f 3424//2515 1660//2515 1656//2515
f 3424//2516 1656//2516 3425//2516
f 3425//2517 1656//2517 1653//2517
f 3425//2518 1653//2518 3426//2518
f 3426//2519 1653//2519 1651//2519
f 3426//2435 1651//2435 3427//2435
f 3427//2520 1651//2520 1699//2520
f 3427//2437 1699//2437 3428//2437
f 3428//2438 1699//2438 1697//2438
f 3428//2499 1697//2499 3429//2499
f 3429//2440 1697//2440 1695//2440
f 3429//2521 1695//2521 3430//2521
f 3430//2442 1695//2442 1694//2442
f 3430//2443 1694//2443 3431//2443
f 3431//2444 1694//2444 1691//2444
f 3431//2522 1691//2522 3432//2522
f 3432//2523 1691//2523 1690//2523
f 3432//2447 1690//2447 3433//2447
f 3433//2448 1690//2448 1689//2448
f 3433//2449 1689//2449 3434//2449
f 3434//2450 1689//2450 1688//2450
f 3434//2451 1688//2451 3435//2451
f 3435//2452 1688//2452 1716//2452
f 3435//2453 1716//2453 3436//2453
f 3436//2454 1716//2454 1715//2454
f 3436//2455 1715//2455 3437//2455
f 3437//2456 1715//2456 1714//2456
f 3437//2457 1714//2457 3438//2457
f 3438//2502 1714//2502 1671//2502
f 3438//2503 1671//2503 3439//2503
f 3439//2460 1671//2460 1670//2460
f 3439//2524 1670//2524 3440//2524
f 3440//2462 1670//2462 1729//2462
f 3440//2463 1729//2463 3441//2463
f 3441//2505 1729//2505 1669//2505
f 3441//2465 1669//2465 3442//2465
f 3442//2466 1669//2466 1713//2466
f 3442//2467 1713//2467 3443//2467
f 3443//2467 1713//2467 1712//2467
f 3443//2468 1712//2468 3444//2468
f 3444//2468 1712//2468 1666//2468
f 3444//2469 1666//2469 3445//2469
f 3445//2470 1666//2470 1665//2470
f 3445//2508 1665//2508 3446//2508
f 3446//2508 1665//2508 1686//2508
f 3446//2525 1686//2525 3447//2525
f 3447//2526 1686//2526 1685//2526
f 3447//2475 1685//2475 3448//2475
f 3448//2476 1685//2476 1733//2476
f 3448//2477 1733//2477 3449//2477
f 3449//2478 1733//2478 1684//2478
f 3449//2479 1684//2479 3450//2479
f 3450//2480 1684//2480 1683//2480
f 3450//2481 1683//2481 3451//2481
f 3451//2482 1683//2482 1682//2482
f 3451//2483 1682//2483 3416//2483
f 3416//2484 1682//2484 1675//2484
f 3416//2485 1675//2485 3417//2485
f 3417//2485 1675//2485 1709//2485
f 2375//1027 3452//1027 2377//1027
f 2377//1027 3452//1027 3453//1027
f 2377//1028 3453//1028 2378//1028
f 2378//2407 3453//2407 3454//2407
f 2378//1029 3454//1029 2348//1029
f 2348//1029 3454//1029 3455//1029
f 2348//1030 3455//1030 2351//1030
f 2351//1030 3455//1030 3456//1030
f 2351//2408 3456//2408 2352//2408
f 2352//2408 3456//2408 3457//2408
f 2352//984 3457//984 2353//984
f 2353//984 3457//984 3458//984
f 2353//1223 3458//1223 2354//1223
f 2354//1223 3458//1223 3459//1223
f 2354//1022 3459//1022 2342//1022
f 2342//1022 3459//1022 3460//1022
f 2342//1023 3460//1023 2344//1023
f 2344//1023 3460//1023 3461//1023
f 2344//1024 3461//1024 2346//1024
f 2346//1024 3461//1024 3462//1024
f 2346//1025 3462//1025 2357//1025
f 2357//1025 3462//1025 3463//1025
f 2357//2409 3463//2409 2358//2409
f 2358//2409 3463//2409 3464//2409
f 2358//1228 3464//1228 2359//1228
f 2359//1228 3464//1228 3465//1228
f 2359//2410 3465//2410 2333//2410
f 2333//2410 3465//2410 3466//2410
f 2333//1017 3466//1017 2337//1017
f 2337//1017 3466//1017 3467//1017
f 2337//1018 3467//1018 2336//1018
f 2336//1018 3467//1018 3468//1018
f 2336//1019 3468//1019 2334//1019
f 2334//1019 3468//1019 3469//1019
f 2334//1020 3469//1020 2338//1020
f 2338//2411 3469//2411 3470//2411
f 2338//2412 3470//2412 2339//2412
f 2339//998 3470//998 3471//998
f 2339//1230 3471//1230 2360//1230
f 2360//1230 3471//1230 3472//1230
f 2360//1004 3472//1004 2361//1004
f 2361//1004 3472//1004 3473//1004
f 2361//1231 3473//1231 2362//1231
f 2362//1231 3473//1231 3474//1231
f 2362//2413 3474//2413 2379//2413
f 2379//2413 3474//2413 3475//2413
f 2379//1040 3475//1040 2380//1040
f 2380//1040 3475//1040 3476//1040
f 2380//2414 3476//2414 2381//2414
f 2381//2414 3476//2414 3477//2414
f 2381//1008 3477//1008 2382//1008
f 2382//1008 3477//1008 3478//1008
f 2382//1014 3478//1014 2383//1014
f 2383//1014 3478//1014 3479//1014
f 2383//1232 3479//1232 2384//1232
f 2384//1232 3479//1232 3480//1232
f 2384//1233 3480//1233 2363//1233
f 2363//1233 3480//1233 3481//1233
f 2363//1234 3481//1234 2364//1234
f 2364//1234 3481//1234 3482//1234
f 2364//1035 3482//1035 2365//1035
f 2365//1035 3482//1035 3483//1035
f 2365//2415 3483//2415 2366//2415
f 2366//2415 3483//2415 3484//2415
f 2366//966 3484//966 2369//966
f 2369//966 3484//966 3485//966
f 2369//1235 3485//1235 2371//1235
f 2371//1235 3485//1235 3486//1235
f 2371//2416 3486//2416 2373//2416
f 2373//2417 3486//2417 3487//2417
f 2373//1220 3487//1220 2375//1220
f 2375//1220 3487//1220 3452//1220
f 3454//910 3488//910 3455//910
f 3455//910 3488//910 3489//910
f 3455//910 3489//910 3456//910
f 3456//910 3489//910 3490//910
f 3456//910 3490//910 3457//910
f 3457//910 3490//910 3491//910
f 3457//910 3491//910 3458//910
f 3458//910 3491//910 3492//910
f 3458//910 3492//910 3459//910
f 3459//910 3492//910 3493//910
f 3459//910 3493//910 3460//910
f 3460//910 3493//910 3494//910
f 3460//910 3494//910 3461//910
f 3461//910 3494//910 3495//910
f 3461//910 3495//910 3462//910
f 3462//910 3495//910 3496//910
f 3462//910 3496//910 3463//910
f 3463//910 3496//910 3497//910
f 3463//910 3497//910 3464//910
f 3464//910 3497//910 3498//910
f 3464//910 3498//910 3465//910
f 3465//910 3498//910 3499//910
f 3465//910 3499//910 3466//910
f 3466//910 3499//910 3500//910
f 3466//910 3500//910 3467//910
f 3467//910 3500//910 3501//910
f 3467//910 3501//910 3468//910
f 3468//910 3501//910 3502//910
f 3468//910 3502//910 3469//910
f 3469//910 3502//910 3503//910
f 3469//910 3503//910 3470//910
f 3470//910 3503//910 3504//910
f 3470//910 3504//910 3471//910
f 3471//910 3504//910 3505//910
f 3471//910 3505//910 3472//910
f 3472//910 3505//910 3506//910
f 3472//910 3506//910 3473//910
f 3473//910 3506//910 3507//910
f 3473//910 3507//910 3474//910
f 3474//910 3507//910 3508//910
f 3474//910 3508//910 3475//910
f 3475//910 3508//910 3509//910
f 3475//910 3509//910 3476//910
f 3476//910 3509//910 3510//910
f 3476//910 3510//910 3477//910
f 3477//910 3510//910 3511//910
f 3477//910 3511//910 3478//910
f 3478//910 3511//910 3512//910
f 3478//910 3512//910 3479//910
f 3479//910 3512//910 3513//910
f 3479//910 3513//910 3480//910
f 3480//910 3513//910 3514//910
f 3480//910 3514//910 3481//910
f 3481//910 3514//910 3515//910
f 3481//910 3515//910 3482//910
f 3482//910 3515//910 3516//910
f 3482//910 3516//910 3483//910
f 3483//910 3516//910 3517//910
f 3483//910 3517//910 3484//910
f 3484//910 3517//910 3518//910
f 3484//910 3518//910 3485//910
f 3485//910 3518//910 3519//910
f 3485//910 3519//910 3486//910
f 3486//910 3519//910 3520//910
f 3486//910 3520//910 3487//910
f 3487//910 3520//910 3521//910
f 3487//910 3521//910 3452//910
f 3452//910 3521//910 3522//910
f 3452//910 3522//910 3453//910
f 3453//910 3522//910 3523//910
f 3453//910 3523//910 3454//910
f 3454//910 3523//910 3488//910
f 3522//1221 3524//1221 3523//1221
f 3523//1027 3524//1027 3525//1027
f 3523//1028 3525//1028 3488//1028
f 3488//1028 3525//1028 3526//1028
f 3488//1029 3526//1029 3489//1029
f 3489//1029 3526//1029 3527//1029
f 3489//1030 3527//1030 3490//1030
f 3490//1030 3527//1030 3528//1030
f 3490//1222 3528//1222 3491//1222
f 3491//1222 3528//1222 3529//1222
f 3491//984 3529//984 3492//984
f 3492//984 3529//984 3530//984
f 3492//1223 3530//1223 3493//1223
f 3493//1223 3530//1223 3531//1223
f 3493//1022 3531//1022 3494//1022
f 3494//1022 3531//1022 3532//1022
f 3494//1023 3532//1023 3495//1023
f 3495//1023 3532//1023 3533//1023
f 3495//1024 3533//1024 3496//1024
f 3496//1024 3533//1024 3534//1024
f 3496//1025 3534//1025 3497//1025
f 3497//1025 3534//1025 3535//1025
f 3497//1227 3535//1227 3498//1227
f 3498//1227 3535//1227 3536//1227
f 3498//1228 3536//1228 3499//1228
f 3499//1228 3536//1228 3537//1228
f 3499//1229 3537//1229 3500//1229
f 3500//1229 3537//1229 3538//1229
f 3500//1017 3538//1017 3501//1017
f 3501//1017 3538//1017 3539//1017
f 3501//1018 3539//1018 3502//1018
f 3502//1018 3539//1018 3540//1018
f 3502//1019 3540//1019 3503//1019
f 3503//1019 3540//1019 3541//1019
f 3503//2411 3541//2411 3504//2411
f 3504//2411 3541//2411 3542//2411
f 3504//2412 3542//2412 3505//2412
f 3505//2412 3542//2412 3543//2412
f 3505//1230 3543//1230 3506//1230
f 3506//1230 3543//1230 3544//1230
f 3506//1004 3544//1004 3507//1004
f 3507//1004 3544//1004 3545//1004
f 3507//1231 3545//1231 3508//1231
f 3508//1231 3545//1231 3546//1231
f 3508//1039 3546//1039 3509//1039
f 3509//1039 3546//1039 3547//1039
f 3509//1040 3547//1040 3510//1040
f 3510//1040 3547//1040 3548//1040
f 3510//1041 3548//1041 3511//1041
f 3511//1041 3548//1041 3549//1041
f 3511//1008 3549//1008 3512//1008
f 3512//1008 3549//1008 3550//1008
f 3512//1014 3550//1014 3513//1014
f 3513//1014 3550//1014 3551//1014
f 3513//1232 3551//1232 3514//1232
f 3514//1232 3551//1232 3552//1232
f 3514//1233 3552//1233 3515//1233
f 3515//1233 3552//1233 3553//1233
f 3515//1234 3553//1234 3516//1234
f 3516//1234 3553//1234 3554//1234
f 3516//1035 3554//1035 3517//1035
f 3517//1035 3554//1035 3555//1035
f 3517//1036 3555//1036 3518//1036
f 3518//1036 3555//1036 3556//1036
f 3518//966 3556//966 3519//966
f 3519//966 3556//966 3557//966
f 3519//1235 3557//1235 3520//1235
f 3520//1235 3557//1235 3558//1235
f 3520//2417 3558//2417 3521//2417
f 3521//2417 3558//2417 3559//2417
f 3521//1220 3559//1220 3522//1220
f 3522//1219 3559//1219 3524//1219
f 3525//2418 1767//2418 3526//2418
f 3526//2419 1767//2419 1766//2419
f 3526//2420 1766//2420 3527//2420
f 3527//2493 1766//2493 1765//2493
f 3527//2422 1765//2422 3528//2422
f 3528//2423 1765//2423 1764//2423
f 3528//2424 1764//2424 3529//2424
f 3529//2425 1764//2425 1763//2425
f 3529//2495 1763//2495 3530//2495
f 3530//2496 1763//2496 1762//2496
f 3530//2427 1762//2427 3531//2427
f 3531//2428 1762//2428 1751//2428
f 3531//2429 1751//2429 3532//2429
f 3532//2430 1751//2430 1750//2430
f 3532//2431 1750//2431 3533//2431
f 3533//2432 1750//2432 1779//2432
f 3533//2433 1779//2433 3534//2433
f 3534//2434 1779//2434 1778//2434
f 3534//2435 1778//2435 3535//2435
f 3535//2436 1778//2436 1776//2436
f 3535//2437 1776//2437 3536//2437
f 3536//2438 1776//2438 1774//2438
f 3536//2499 1774//2499 3537//2499
f 3537//2500 1774//2500 1772//2500
f 3537//2441 1772//2441 3538//2441
f 3538//2442 1772//2442 1782//2442
f 3538//2443 1782//2443 3539//2443
f 3539//2444 1782//2444 1784//2444
f 3539//2445 1784//2445 3540//2445
f 3540//2501 1784//2501 1759//2501
f 3540//2447 1759//2447 3541//2447
f 3541//2448 1759//2448 1757//2448
f 3541//2449 1757//2449 3542//2449
f 3542//2450 1757//2450 1755//2450
f 3542//2451 1755//2451 3543//2451
f 3543//2452 1755//2452 1753//2452
f 3543//2453 1753//2453 3544//2453
f 3544//2454 1753//2454 1752//2454
f 3544//2455 1752//2455 3545//2455
f 3545//2456 1752//2456 1745//2456
f 3545//2457 1745//2457 3546//2457
f 3546//2502 1745//2502 1743//2502
f 3546//2503 1743//2503 3547//2503
f 3547//2460 1743//2460 1742//2460
f 3547//2504 1742//2504 3548//2504
f 3548//2461 1742//2461 1737//2461
f 3548//2463 1737//2463 3549//2463
f 3549//2505 1737//2505 1736//2505
f 3549//2465 1736//2465 3550//2465
f 3550//2466 1736//2466 1735//2466
f 3550//2467 1735//2467 3551//2467
f 3551//2467 1735//2467 1770//2467
f 3551//2468 1770//2468 3552//2468
f 3552//2468 1770//2468 1769//2468
f 3552//2469 1769//2469 3553//2469
f 3553//2470 1769//2470 1768//2470
f 3553//2508 1768//2508 3554//2508
f 3554//2508 1768//2508 1749//2508
f 3554//2473 1749//2473 3555//2473
f 3555//2474 1749//2474 1748//2474
f 3555//2475 1748//2475 3556//2475
f 3556//2476 1748//2476 1747//2476
f 3556//2477 1747//2477 3557//2477
f 3557//2478 1747//2478 1741//2478
f 3557//2479 1741//2479 3558//2479
f 3558//2480 1741//2480 1740//2480
f 3558//2481 1740//2481 3559//2481
f 3559//2482 1740//2482 1739//2482
f 3559//2483 1739//2483 3524//2483
f 3524//2484 1739//2484 1738//2484
f 3524//2485 1738//2485 3525//2485
f 3525//2485 1738//2485 1767//2485
f 3560//2527 3561//2527 3562//2527
f 3563//2528 15//2528 156//2528
f 3562//2529 3564//2529 3565//2529
f 3565//2530 3564//2530 3566//2530
f 3565//2531 3566//2531 2106//2531
f 3567//2532 3568//2532 3569//2532
f 3569//2533 3568//2533 3570//2533
f 3569//2534 3570//2534 3571//2534
f 3571//2535 3570//2535 3572//2535
f 3571//2536 3572//2536 3562//2536
f 3562//2537 3572//2537 3573//2537
f 3562//2538 3573//2538 3564//2538
f 3574//2539 3575//2539 3576//2539
f 3576//2540 3575//2540 3577//2540
f 3576//2541 3577//2541 3578//2541
f 119//2542 3579//2542 3574//2542
f 3574//2543 3579//2543 3580//2543
f 3574//2544 3580//2544 3575//2544
f 119//2545 3574//2545 156//2545
f 156//2546 3574//2546 3581//2546
f 156//2547 3581//2547 3563//2547
f 3582//2548 3576//2548 3583//2548
f 3583//2549 3576//2549 3578//2549
f 3583//2550 3578//2550 3584//2550
f 3582//2551 3585//2551 3576//2551
f 3576//2552 3585//2552 3586//2552
f 3576//2553 3586//2553 3574//2553
f 3574//2554 3586//2554 3587//2554
f 3574//2555 3587//2555 3581//2555
f 3588//2556 3589//2556 3583//2556
f 3583//2557 3589//2557 3590//2557
f 3583//2558 3590//2558 3582//2558
f 3584//2559 3567//2559 3583//2559
f 3583//2560 3567//2560 3569//2560
f 3583//2561 3569//2561 3588//2561
f 3588//2562 3569//2562 3571//2562
f 3588//2563 3571//2563 3591//2563
f 3562//2564 3561//2564 3571//2564
f 3571//2565 3561//2565 3592//2565
f 3571//2566 3592//2566 3591//2566
f 2106//2567 2102//2567 3565//2567
f 3565//2568 2102//2568 2101//2568
f 3565//2569 2101//2569 3593//2569
f 3593//2570 3594//2570 3565//2570
f 3565//2571 3594//2571 3595//2571
f 3565//2572 3595//2572 3562//2572
f 3562//2573 3595//2573 3596//2573
f 3562//2574 3596//2574 3560//2574
f 3597//2575 3598//2575 3599//2575
f 3600//2576 141//2576 19//2576
f 3587//2577 3586//2577 3601//2577
f 3589//2578 3588//2578 3602//2578
f 3591//2579 3592//2579 3603//2579
f 3595//2580 3594//2580 3604//2580
f 2101//2581 2103//2581 3605//2581
f 2084//2582 3606//2582 2104//2582
f 3606//2583 2084//2583 3607//2583
f 2101//2584 3605//2584 3593//2584
f 3561//2585 3560//2585 3608//2585
f 3608//2586 3560//2586 3596//2586
f 3585//2587 3582//2587 3609//2587
f 3609//2588 3582//2588 3590//2588
f 3563//2589 3581//2589 3610//2589
f 3563//2590 3610//2590 15//2590
f 3597//2591 3599//2591 3611//2591
f 3612//2592 3613//2592 3614//2592
f 3615//2593 3616//2593 3617//2593
f 3618//2594 3619//2594 3620//2594
f 3618//2595 3620//2595 3621//2595
f 3622//2596 3623//2596 3624//2596
f 2056//2597 3625//2597 3626//2597
f 2056//2598 3626//2598 2057//2598
f 2077//2599 2061//2599 2060//2599
f 2084//2600 2083//2600 3607//2600
f 3607//2601 2083//2601 2082//2601
f 3607//2602 2082//2602 3627//2602
f 3627//2603 2082//2603 2081//2603
f 3627//2603 2081//2603 3628//2603
f 3628//2604 2081//2604 2087//2604
f 3628//2604 2087//2604 3629//2604
f 3629//2605 2087//2605 2086//2605
f 3629//2605 2086//2605 3630//2605
f 3630//2606 2086//2606 2085//2606
f 3630//2607 2085//2607 3631//2607
f 3631//2608 2085//2608 2080//2608
f 3631//2608 2080//2608 3632//2608
f 3632//2609 2080//2609 2079//2609
f 3632//2610 2079//2610 3633//2610
f 3633//2611 2079//2611 2078//2611
f 3633//2612 2078//2612 3634//2612
f 3634//2613 2078//2613 2077//2613
f 3634//2613 2077//2613 3635//2613
f 3635//2614 2077//2614 2060//2614
f 2060//2615 2059//2615 3635//2615
f 3635//2616 2059//2616 3636//2616
f 3635//2617 3636//2617 3634//2617
f 3634//2618 3636//2618 3637//2618
f 3634//2619 3637//2619 3633//2619
f 3633//2620 3637//2620 3638//2620
f 3633//2621 3638//2621 3632//2621
f 3632//2621 3638//2621 3639//2621
f 3632//2622 3639//2622 3631//2622
f 3631//2623 3639//2623 3640//2623
f 3631//2624 3640//2624 3630//2624
f 3630//2625 3640//2625 3641//2625
f 3630//2626 3641//2626 3629//2626
f 3629//2626 3641//2626 3642//2626
f 3629//2627 3642//2627 3628//2627
f 3628//2628 3642//2628 3643//2628
f 3628//2629 3643//2629 3627//2629
f 3627//2630 3643//2630 3644//2630
f 3627//2631 3644//2631 3607//2631
f 3607//2632 3644//2632 3645//2632
f 3607//2633 3645//2633 3606//2633
f 3606//2634 3645//2634 3605//2634
f 3606//2635 3605//2635 2104//2635
f 2104//2636 3605//2636 2103//2636
f 2059//2637 2058//2637 3636//2637
f 3636//2638 2058//2638 3646//2638
f 3636//2639 3646//2639 3637//2639
f 3637//2640 3646//2640 3647//2640
f 3637//2641 3647//2641 3638//2641
f 3638//2642 3647//2642 3648//2642
f 3638//2643 3648//2643 3639//2643
f 3639//2644 3648//2644 3649//2644
f 3639//2645 3649//2645 3640//2645
f 3640//2646 3649//2646 3650//2646
f 3640//2647 3650//2647 3641//2647
f 3641//2647 3650//2647 3651//2647
f 3641//2648 3651//2648 3642//2648
f 3642//2648 3651//2648 3652//2648
f 3642//2649 3652//2649 3643//2649
f 3643//2650 3652//2650 3653//2650
f 3643//2651 3653//2651 3644//2651
f 3644//2652 3653//2652 3654//2652
f 3644//2653 3654//2653 3645//2653
f 3645//2654 3654//2654 3655//2654
f 3645//2655 3655//2655 3605//2655
f 3605//2656 3655//2656 3604//2656
f 3605//2657 3604//2657 3593//2657
f 3593//2658 3604//2658 3594//2658
f 2058//2659 2057//2659 3646//2659
f 3646//2660 2057//2660 3626//2660
f 3646//2661 3626//2661 3647//2661
f 3647//2662 3626//2662 3656//2662
f 3647//2663 3656//2663 3648//2663
f 3648//2664 3656//2664 3657//2664
f 3648//2665 3657//2665 3649//2665
f 3649//2666 3657//2666 3658//2666
f 3649//2667 3658//2667 3650//2667
f 3650//2668 3658//2668 3659//2668
f 3650//2669 3659//2669 3651//2669
f 3651//2670 3659//2670 3660//2670
f 3651//2671 3660//2671 3652//2671
f 3652//2671 3660//2671 3661//2671
f 3652//2672 3661//2672 3653//2672
f 3653//2673 3661//2673 3662//2673
f 3653//2674 3662//2674 3654//2674
f 3654//2675 3662//2675 3663//2675
f 3654//2676 3663//2676 3655//2676
f 3655//2677 3663//2677 3664//2677
f 3655//2678 3664//2678 3604//2678
f 3604//2679 3664//2679 3608//2679
f 3604//2680 3608//2680 3595//2680
f 3595//2681 3608//2681 3596//2681
f 3625//2682 3622//2682 3626//2682
f 3626//2683 3622//2683 3624//2683
f 3626//2684 3624//2684 3656//2684
f 3656//2685 3624//2685 3665//2685
f 3656//2686 3665//2686 3657//2686
f 3657//2687 3665//2687 3666//2687
f 3657//2688 3666//2688 3658//2688
f 3658//2689 3666//2689 3667//2689
f 3658//2690 3667//2690 3659//2690
f 3659//2691 3667//2691 3668//2691
f 3659//2692 3668//2692 3660//2692
f 3660//2693 3668//2693 3669//2693
f 3660//2694 3669//2694 3661//2694
f 3661//2695 3669//2695 3670//2695
f 3661//2696 3670//2696 3662//2696
f 3662//2697 3670//2697 3671//2697
f 3662//2698 3671//2698 3663//2698
f 3663//2699 3671//2699 3672//2699
f 3663//2700 3672//2700 3664//2700
f 3664//2701 3672//2701 3673//2701
f 3664//2702 3673//2702 3608//2702
f 3608//2703 3673//2703 3603//2703
f 3608//2704 3603//2704 3561//2704
f 3561//2705 3603//2705 3592//2705
f 3623//2706 3621//2706 3624//2706
f 3624//2707 3621//2707 3620//2707
f 3624//2708 3620//2708 3665//2708
f 3665//2709 3620//2709 3674//2709
f 3665//2710 3674//2710 3666//2710
f 3666//2711 3674//2711 3675//2711
f 3666//2712 3675//2712 3667//2712
f 3667//2713 3675//2713 3676//2713
f 3667//2714 3676//2714 3668//2714
f 3668//2715 3676//2715 3677//2715
f 3668//2716 3677//2716 3669//2716
f 3669//2717 3677//2717 3678//2717
f 3669//2718 3678//2718 3670//2718
f 3670//2719 3678//2719 3679//2719
f 3670//2720 3679//2720 3671//2720
f 3671//2721 3679//2721 3680//2721
f 3671//2722 3680//2722 3672//2722
f 3672//2723 3680//2723 3681//2723
f 3672//2724 3681//2724 3673//2724
f 3673//2725 3681//2725 3682//2725
f 3673//2726 3682//2726 3603//2726
f 3603//2727 3682//2727 3602//2727
f 3603//2728 3602//2728 3591//2728
f 3591//2729 3602//2729 3588//2729
f 3619//2730 3615//2730 3620//2730
f 3620//2731 3615//2731 3617//2731
f 3620//2732 3617//2732 3674//2732
f 3674//2733 3617//2733 3683//2733
f 3674//2734 3683//2734 3675//2734
f 3675//2735 3683//2735 3684//2735
f 3675//2736 3684//2736 3676//2736
f 3676//2737 3684//2737 3685//2737
f 3676//2738 3685//2738 3677//2738
f 3677//2739 3685//2739 3686//2739
f 3677//2740 3686//2740 3678//2740
f 3678//2741 3686//2741 3687//2741
f 3678//2742 3687//2742 3679//2742
f 3679//2742 3687//2742 3688//2742
f 3679//2743 3688//2743 3680//2743
f 3680//2744 3688//2744 3689//2744
f 3680//2745 3689//2745 3681//2745
f 3681//2746 3689//2746 3690//2746
f 3681//2747 3690//2747 3682//2747
f 3682//2748 3690//2748 3691//2748
f 3682//2749 3691//2749 3602//2749
f 3602//2750 3691//2750 3609//2750
f 3602//2751 3609//2751 3589//2751
f 3589//2752 3609//2752 3590//2752
f 3616//2753 3612//2753 3617//2753
f 3617//2754 3612//2754 3614//2754
f 3617//2755 3614//2755 3683//2755
f 3683//2756 3614//2756 3692//2756
f 3683//2757 3692//2757 3684//2757
f 3684//2758 3692//2758 3693//2758
f 3684//2759 3693//2759 3685//2759
f 3685//2760 3693//2760 3694//2760
f 3685//2761 3694//2761 3686//2761
f 3686//2762 3694//2762 3695//2762
f 3686//2763 3695//2763 3687//2763
f 3687//2764 3695//2764 3696//2764
f 3687//2765 3696//2765 3688//2765
f 3688//2766 3696//2766 3697//2766
f 3688//2767 3697//2767 3689//2767
f 3689//2768 3697//2768 3698//2768
f 3689//2769 3698//2769 3690//2769
f 3690//2770 3698//2770 3699//2770
f 3690//2771 3699//2771 3691//2771
f 3691//2772 3699//2772 3700//2772
f 3691//2773 3700//2773 3609//2773
f 3609//2774 3700//2774 3601//2774
f 3609//2775 3601//2775 3585//2775
f 3585//2776 3601//2776 3586//2776
f 3613//2777 3611//2777 3614//2777
f 3614//2778 3611//2778 3599//2778
f 3614//2779 3599//2779 3692//2779
f 3692//2780 3599//2780 3701//2780
f 3692//2781 3701//2781 3693//2781
f 3693//2782 3701//2782 3702//2782
f 3693//2783 3702//2783 3694//2783
f 3694//2784 3702//2784 3703//2784
f 3694//2785 3703//2785 3695//2785
f 3695//2786 3703//2786 3704//2786
f 3695//2787 3704//2787 3696//2787
f 3696//2787 3704//2787 3705//2787
f 3696//2788 3705//2788 3697//2788
f 3697//2789 3705//2789 3706//2789
f 3697//2790 3706//2790 3698//2790
f 3698//2791 3706//2791 3707//2791
f 3698//2792 3707//2792 3699//2792
f 3699//2793 3707//2793 3708//2793
f 3699//2794 3708//2794 3700//2794
f 3700//2795 3708//2795 3709//2795
f 3700//2796 3709//2796 3601//2796
f 3601//2797 3709//2797 3610//2797
f 3601//2798 3610//2798 3587//2798
f 3587//2799 3610//2799 3581//2799
f 15//2800 3610//2800 16//2800
f 16//2801 3610//2801 3709//2801
f 16//2802 3709//2802 153//2802
f 153//2803 3709//2803 3708//2803
f 153//2804 3708//2804 155//2804
f 155//2805 3708//2805 3707//2805
f 155//2806 3707//2806 152//2806
f 152//2807 3707//2807 3706//2807
f 152//2808 3706//2808 148//2808
f 148//2809 3706//2809 3705//2809
f 148//2810 3705//2810 149//2810
f 149//2811 3705//2811 3704//2811
f 149//2811 3704//2811 145//2811
f 145//2812 3704//2812 3703//2812
f 145//2813 3703//2813 146//2813
f 146//2814 3703//2814 3702//2814
f 146//2815 3702//2815 144//2815
f 144//2816 3702//2816 3701//2816
f 144//2817 3701//2817 18//2817
f 18//2818 3701//2818 3599//2818
f 18//2819 3599//2819 19//2819
f 19//2820 3599//2820 3598//2820
f 19//2821 3598//2821 3600//2821
f 3575//2822 3580//2822 3710//2822
f 3579//2823 119//2823 296//2823
f 3711//2824 3712//2824 3713//2824
f 3714//2825 3715//2825 3716//2825
f 3717//2826 3718//2826 3719//2826
f 2054//2827 2053//2827 3720//2827
f 2052//2828 2051//2828 3721//2828
f 2107//2829 2106//2829 3722//2829
f 2094//2830 2095//2830 2109//2830
f 2050//2831 2048//2831 3723//2831
f 3723//2832 2048//2832 2047//2832
f 3724//2833 3725//2833 3726//2833
f 3726//2834 3725//2834 3727//2834
f 3728//2835 3729//2835 3730//2835
f 3730//2836 3729//2836 3731//2836
f 3711//2837 130//2837 3732//2837
f 3732//2838 130//2838 132//2838
f 3575//2839 3710//2839 3577//2839
f 3584//2840 3578//2840 3733//2840
f 3568//2841 3567//2841 3734//2841
f 3572//2842 3570//2842 3735//2842
f 3566//2843 3564//2843 3736//2843
f 2047//2844 2097//2844 3723//2844
f 3723//2845 2097//2845 2096//2845
f 3723//2846 2096//2846 3737//2846
f 3737//2847 2096//2847 2092//2847
f 3737//2847 2092//2847 3738//2847
f 3738//2848 2092//2848 2091//2848
f 3738//2848 2091//2848 3739//2848
f 3739//2849 2091//2849 2090//2849
f 3739//2849 2090//2849 3740//2849
f 3740//2850 2090//2850 2100//2850
f 3740//2850 2100//2850 3741//2850
f 3741//2851 2100//2851 2099//2851
f 3741//2851 2099//2851 3742//2851
f 3742//2852 2099//2852 2098//2852
f 3742//2852 2098//2852 3743//2852
f 3743//2853 2098//2853 2093//2853
f 3743//2854 2093//2854 3744//2854
f 3744//2855 2093//2855 2094//2855
f 3744//2855 2094//2855 3745//2855
f 3745//2856 2094//2856 2109//2856
f 2109//2857 2108//2857 3745//2857
f 3745//2858 2108//2858 3746//2858
f 3745//2859 3746//2859 3744//2859
f 3744//2860 3746//2860 3747//2860
f 3744//2861 3747//2861 3743//2861
f 3743//2862 3747//2862 3748//2862
f 3743//2863 3748//2863 3742//2863
f 3742//2864 3748//2864 3749//2864
f 3742//2865 3749//2865 3741//2865
f 3741//2866 3749//2866 3750//2866
f 3741//2867 3750//2867 3740//2867
f 3740//2868 3750//2868 3751//2868
f 3740//2869 3751//2869 3739//2869
f 3739//2869 3751//2869 3752//2869
f 3739//2870 3752//2870 3738//2870
f 3738//2871 3752//2871 3753//2871
f 3738//2872 3753//2872 3737//2872
f 3737//2873 3753//2873 3754//2873
f 3737//2874 3754//2874 3723//2874
f 3723//2875 3754//2875 3721//2875
f 3723//2876 3721//2876 2050//2876
f 2050//2877 3721//2877 2051//2877
f 2108//2878 2107//2878 3746//2878
f 3746//2879 2107//2879 3722//2879
f 3746//2880 3722//2880 3747//2880
f 3747//2881 3722//2881 3755//2881
f 3747//2882 3755//2882 3748//2882
f 3748//2883 3755//2883 3756//2883
f 3748//2884 3756//2884 3749//2884
f 3749//2885 3756//2885 3757//2885
f 3749//2886 3757//2886 3750//2886
f 3750//2887 3757//2887 3758//2887
f 3750//2888 3758//2888 3751//2888
f 3751//2888 3758//2888 3759//2888
f 3751//2889 3759//2889 3752//2889
f 3752//2890 3759//2890 3760//2890
f 3752//2891 3760//2891 3753//2891
f 3753//2892 3760//2892 3761//2892
f 3753//2893 3761//2893 3754//2893
f 3754//2894 3761//2894 3762//2894
f 3754//2895 3762//2895 3721//2895
f 3721//2896 3762//2896 3720//2896
f 3721//2897 3720//2897 2052//2897
f 2052//2898 3720//2898 2053//2898
f 2106//2899 3566//2899 3722//2899
f 3722//2900 3566//2900 3736//2900
f 3722//2901 3736//2901 3755//2901
f 3755//2902 3736//2902 3763//2902
f 3755//2903 3763//2903 3756//2903
f 3756//2904 3763//2904 3764//2904
f 3756//2905 3764//2905 3757//2905
f 3757//2906 3764//2906 3765//2906
f 3757//2907 3765//2907 3758//2907
f 3758//2908 3765//2908 3766//2908
f 3758//2909 3766//2909 3759//2909
f 3759//2910 3766//2910 3767//2910
f 3759//2911 3767//2911 3760//2911
f 3760//2911 3767//2911 3768//2911
f 3760//2912 3768//2912 3761//2912
f 3761//2913 3768//2913 3769//2913
f 3761//2914 3769//2914 3762//2914
f 3762//2915 3769//2915 3770//2915
f 3762//2916 3770//2916 3720//2916
f 3720//2917 3770//2917 3771//2917
f 3720//2918 3771//2918 2054//2918
f 2054//2919 3771//2919 3772//2919
f 2054//2920 3772//2920 3773//2920
f 3736//2921 3774//2921 3763//2921
f 3763//2922 3774//2922 3775//2922
f 3763//2923 3775//2923 3764//2923
f 3764//2924 3775//2924 3776//2924
f 3764//2925 3776//2925 3765//2925
f 3765//2926 3776//2926 3777//2926
f 3765//2927 3777//2927 3766//2927
f 3766//2928 3777//2928 3778//2928
f 3766//2929 3778//2929 3767//2929
f 3767//2929 3778//2929 3779//2929
f 3767//2930 3779//2930 3768//2930
f 3768//2931 3779//2931 3780//2931
f 3768//2932 3780//2932 3769//2932
f 3769//2933 3780//2933 3781//2933
f 3769//2934 3781//2934 3770//2934
f 3770//2935 3781//2935 3782//2935
f 3770//2936 3782//2936 3771//2936
f 3771//2937 3782//2937 3783//2937
f 3771//2938 3783//2938 3772//2938
f 3772//2939 3783//2939 3719//2939
f 3772//2940 3719//2940 3773//2940
f 3773//2941 3719//2941 3718//2941
f 3564//2942 3573//2942 3736//2942
f 3736//2943 3573//2943 3572//2943
f 3736//2944 3572//2944 3774//2944
f 3774//2945 3572//2945 3735//2945
f 3774//2946 3735//2946 3775//2946
f 3775//2947 3735//2947 3784//2947
f 3775//2948 3784//2948 3776//2948
f 3776//2949 3784//2949 3785//2949
f 3776//2950 3785//2950 3777//2950
f 3777//2951 3785//2951 3786//2951
f 3777//2952 3786//2952 3778//2952
f 3778//2953 3786//2953 3787//2953
f 3778//2954 3787//2954 3779//2954
f 3779//2955 3787//2955 3788//2955
f 3779//2956 3788//2956 3780//2956
f 3780//2957 3788//2957 3789//2957
f 3780//2958 3789//2958 3781//2958
f 3781//2959 3789//2959 3790//2959
f 3781//2960 3790//2960 3782//2960
f 3782//2961 3790//2961 3791//2961
f 3782//2962 3791//2962 3783//2962
f 3783//2963 3791//2963 3792//2963
f 3783//2964 3792//2964 3719//2964
f 3719//2965 3792//2965 3726//2965
f 3719//2966 3726//2966 3717//2966
f 3717//2967 3726//2967 3727//2967
f 3570//2968 3568//2968 3735//2968
f 3735//2969 3568//2969 3734//2969
f 3735//2970 3734//2970 3784//2970
f 3784//2971 3734//2971 3793//2971
f 3784//2972 3793//2972 3785//2972
f 3785//2973 3793//2973 3794//2973
f 3785//2974 3794//2974 3786//2974
f 3786//2975 3794//2975 3795//2975
f 3786//2976 3795//2976 3787//2976
f 3787//2977 3795//2977 3796//2977
f 3787//2978 3796//2978 3788//2978
f 3788//2979 3796//2979 3797//2979
f 3788//2980 3797//2980 3789//2980
f 3789//2981 3797//2981 3798//2981
f 3789//2982 3798//2982 3790//2982
f 3790//2983 3798//2983 3799//2983
f 3790//2984 3799//2984 3791//2984
f 3791//2985 3799//2985 3800//2985
f 3791//2986 3800//2986 3792//2986
f 3792//2987 3800//2987 3801//2987
f 3792//2988 3801//2988 3726//2988
f 3726//2989 3801//2989 3730//2989
f 3726//2990 3730//2990 3724//2990
f 3724//2991 3730//2991 3731//2991
f 3567//2992 3584//2992 3734//2992
f 3734//2993 3584//2993 3733//2993
f 3734//2994 3733//2994 3793//2994
f 3793//2995 3733//2995 3802//2995
f 3793//2996 3802//2996 3794//2996
f 3794//2997 3802//2997 3803//2997
f 3794//2998 3803//2998 3795//2998
f 3795//2999 3803//2999 3804//2999
f 3795//3000 3804//3000 3796//3000
f 3796//3001 3804//3001 3805//3001
f 3796//3002 3805//3002 3797//3002
f 3797//3003 3805//3003 3806//3003
f 3797//3004 3806//3004 3798//3004
f 3798//3005 3806//3005 3807//3005
f 3798//3006 3807//3006 3799//3006
f 3799//3007 3807//3007 3808//3007
f 3799//3008 3808//3008 3800//3008
f 3800//3009 3808//3009 3809//3009
f 3800//3010 3809//3010 3801//3010
f 3801//3011 3809//3011 3810//3011
f 3801//3012 3810//3012 3730//3012
f 3730//3013 3810//3013 3716//3013
f 3730//3014 3716//3014 3728//3014
f 3728//3015 3716//3015 3715//3015
f 3578//3016 3577//3016 3733//3016
f 3733//3017 3577//3017 3710//3017
f 3733//3018 3710//3018 3802//3018
f 3802//3019 3710//3019 3811//3019
f 3802//3020 3811//3020 3803//3020
f 3803//3021 3811//3021 3812//3021
f 3803//3022 3812//3022 3804//3022
f 3804//3023 3812//3023 3813//3023
f 3804//3024 3813//3024 3805//3024
f 3805//3025 3813//3025 3814//3025
f 3805//3026 3814//3026 3806//3026
f 3806//3027 3814//3027 3815//3027
f 3806//3028 3815//3028 3807//3028
f 3807//3029 3815//3029 3816//3029
f 3807//3030 3816//3030 3808//3030
f 3808//3031 3816//3031 3817//3031
f 3808//3032 3817//3032 3809//3032
f 3809//3033 3817//3033 3818//3033
f 3809//3034 3818//3034 3810//3034
f 3810//3035 3818//3035 3819//3035
f 3810//3036 3819//3036 3716//3036
f 3716//3037 3819//3037 3713//3037
f 3716//3038 3713//3038 3714//3038
f 3714//3039 3713//3039 3712//3039
f 3711//3040 3713//3040 130//3040
f 130//3041 3713//3041 3819//3041
f 130//3042 3819//3042 131//3042
f 131//3043 3819//3043 3818//3043
f 131//3044 3818//3044 127//3044
f 127//3045 3818//3045 3817//3045
f 127//3046 3817//3046 128//3046
f 128//3047 3817//3047 3816//3047
f 128//3048 3816//3048 615//3048
f 615//3049 3816//3049 3815//3049
f 615//3050 3815//3050 124//3050
f 124//3051 3815//3051 3814//3051
f 124//3052 3814//3052 125//3052
f 125//3053 3814//3053 3813//3053
f 125//3054 3813//3054 121//3054
f 121//3055 3813//3055 3812//3055
f 121//3056 3812//3056 122//3056
f 122//3057 3812//3057 3811//3057
f 122//3058 3811//3058 410//3058
f 410//3059 3811//3059 3710//3059
f 410//3060 3710//3060 296//3060
f 296//3061 3710//3061 3580//3061
f 296//3062 3580//3062 3579//3062
f 3820//3063 136//3063 139//3063
f 3821//3064 3822//3064 3823//3064
f 3625//3065 2056//3065 2055//3065
f 3773//3066 3824//3066 2054//3066
f 3725//3067 3724//3067 3825//3067
f 3712//3068 3711//3068 134//3068
f 134//3069 3711//3069 3732//3069
f 134//3070 3732//3070 132//3070
f 3715//3071 3714//3071 3826//3071
f 3826//3072 3714//3072 3712//3072
f 3826//3073 3712//3073 3827//3073
f 3827//3074 3712//3074 134//3074
f 3827//3075 134//3075 138//3075
f 3825//3076 3724//3076 3828//3076
f 3724//3077 3731//3077 3828//3077
f 3828//3078 3731//3078 3729//3078
f 3828//3079 3729//3079 3826//3079
f 3826//3080 3729//3080 3728//3080
f 3826//3081 3728//3081 3715//3081
f 3824//3082 3773//3082 3829//3082
f 3773//3083 3718//3083 3829//3083
f 3829//3084 3718//3084 3717//3084
f 3829//3085 3717//3085 3825//3085
f 3825//3086 3717//3086 3727//3086
f 3825//3087 3727//3087 3725//3087
f 3830//3088 2049//3088 2054//3088
f 3821//3089 3831//3089 3623//3089
f 3623//3090 3831//3090 3621//3090
f 3621//3091 3831//3091 3618//3091
f 3618//3092 3831//3092 3832//3092
f 3618//3093 3832//3093 3619//3093
f 3833//3094 3616//3094 3832//3094
f 3832//3095 3616//3095 3615//3095
f 3832//3096 3615//3096 3619//3096
f 3834//3097 3613//3097 3833//3097
f 3833//3098 3613//3098 3612//3098
f 3833//3099 3612//3099 3616//3099
f 3835//3100 3597//3100 3834//3100
f 3834//3101 3597//3101 3611//3101
f 3834//3102 3611//3102 3613//3102
f 141//3103 3600//3103 3835//3103
f 3835//3104 3600//3104 3598//3104
f 3835//3105 3598//3105 3597//3105
f 3821//3106 3823//3106 3831//3106
f 3831//3107 3823//3107 3836//3107
f 3831//3108 3836//3108 3832//3108
f 3832//3109 3836//3109 3837//3109
f 3832//3110 3837//3110 3833//3110
f 3833//3111 3837//3111 3838//3111
f 3833//3112 3838//3112 3834//3112
f 3834//3113 3838//3113 3820//3113
f 3834//3114 3820//3114 3835//3114
f 3835//3115 3820//3115 139//3115
f 3835//3116 139//3116 141//3116
f 3623//3117 3622//3117 3821//3117
f 3821//3118 3622//3118 3625//3118
f 3821//3119 3625//3119 3822//3119
f 3822//3120 3625//3120 2055//3120
f 3822//3121 2055//3121 2062//3121
f 136//3122 3820//3122 3839//3122
f 3839//3123 3820//3123 3838//3123
f 3839//3124 3838//3124 3840//3124
f 3840//3125 3838//3125 3837//3125
f 3840//3126 3837//3126 3841//3126
f 3841//3127 3837//3127 3836//3127
f 3841//3128 3836//3128 3842//3128
f 3842//3129 3836//3129 3823//3129
f 3842//3130 3823//3130 3843//3130
f 3843//3131 3823//3131 3822//3131
f 3843//3131 3822//3131 3844//3131
f 3844//3132 3822//3132 2062//3132
f 3844//3133 2062//3133 2049//3133
f 2049//3134 3830//3134 3844//3134
f 3844//3135 3830//3135 3845//3135
f 3844//3135 3845//3135 3843//3135
f 3843//3136 3845//3136 3846//3136
f 3843//3136 3846//3136 3842//3136
f 3842//3137 3846//3137 3847//3137
f 3842//3138 3847//3138 3841//3138
f 3841//3139 3847//3139 3848//3139
f 3841//3140 3848//3140 3840//3140
f 3840//3141 3848//3141 3849//3141
f 3840//3141 3849//3141 3839//3141
f 3839//3142 3849//3142 137//3142
f 3839//3143 137//3143 136//3143
f 2054//3144 3824//3144 3830//3144
f 3830//3145 3824//3145 3829//3145
f 3830//3146 3829//3146 3845//3146
f 3845//3147 3829//3147 3825//3147
f 3845//3148 3825//3148 3846//3148
f 3846//3149 3825//3149 3828//3149
f 3846//3150 3828//3150 3847//3150
f 3847//3151 3828//3151 3826//3151
f 3847//3152 3826//3152 3848//3152
f 3848//3153 3826//3153 3827//3153
f 3848//3154 3827//3154 3849//3154
f 3849//3155 3827//3155 138//3155
f 3849//3156 138//3156 137//3156
f 3850//3157 3851//3157 3852//3157
f 3853//3158 7//3158 177//3158
f 3852//3159 3854//3159 3855//3159
f 3855//3160 3854//3160 3856//3160
f 3855//3161 3856//3161 2182//3161
f 3857//3162 3858//3162 3859//3162
f 3859//3163 3858//3163 3860//3163
f 3859//3164 3860//3164 3861//3164
f 3861//3165 3860//3165 3862//3165
f 3861//3166 3862//3166 3852//3166
f 3852//3167 3862//3167 3863//3167
f 3852//3168 3863//3168 3854//3168
f 3864//3169 3865//3169 3866//3169
f 3866//3170 3865//3170 3867//3170
f 3866//3171 3867//3171 3868//3171
f 176//3172 3869//3172 3864//3172
f 3864//3173 3869//3173 3870//3173
f 3864//3174 3870//3174 3865//3174
f 176//3175 3864//3175 177//3175
f 177//3176 3864//3176 3871//3176
f 177//3177 3871//3177 3853//3177
f 3872//3178 3866//3178 3873//3178
f 3873//3179 3866//3179 3868//3179
f 3873//3180 3868//3180 3874//3180
f 3872//3181 3875//3181 3866//3181
f 3866//3182 3875//3182 3876//3182
f 3866//3183 3876//3183 3864//3183
f 3864//3184 3876//3184 3877//3184
f 3864//3185 3877//3185 3871//3185
f 3878//3186 3879//3186 3873//3186
f 3873//3187 3879//3187 3880//3187
f 3873//3188 3880//3188 3872//3188
f 3874//3189 3857//3189 3873//3189
f 3873//3190 3857//3190 3859//3190
f 3873//3191 3859//3191 3878//3191
f 3878//3192 3859//3192 3861//3192
f 3878//3193 3861//3193 3881//3193
f 3852//3194 3851//3194 3861//3194
f 3861//3195 3851//3195 3882//3195
f 3861//3196 3882//3196 3881//3196
f 2182//3197 2178//3197 3855//3197
f 3855//3198 2178//3198 2177//3198
f 3855//3199 2177//3199 3883//3199
f 3883//3200 3884//3200 3855//3200
f 3855//3201 3884//3201 3885//3201
f 3855//3202 3885//3202 3852//3202
f 3852//3203 3885//3203 3886//3203
f 3852//3204 3886//3204 3850//3204
f 3887//3205 3888//3205 3889//3205
f 3890//3206 159//3206 13//3206
f 3877//3207 3876//3207 3891//3207
f 3879//3208 3878//3208 3892//3208
f 3881//3209 3882//3209 3893//3209
f 3885//3210 3884//3210 3894//3210
f 2177//3211 2179//3211 3895//3211
f 2160//3212 3896//3212 2180//3212
f 3896//3213 2160//3213 3897//3213
f 2177//3214 3895//3214 3883//3214
f 3851//3215 3850//3215 3898//3215
f 3898//3216 3850//3216 3886//3216
f 3875//3217 3872//3217 3899//3217
f 3899//3218 3872//3218 3880//3218
f 3853//3219 3871//3219 3900//3219
f 3853//3220 3900//3220 7//3220
f 3887//3221 3889//3221 3901//3221
f 3902//3222 3903//3222 3904//3222
f 3902//3223 3904//3223 3905//3223
f 3906//3224 3907//3224 3908//3224
f 3906//3225 3908//3225 3909//3225
f 3910//3226 3911//3226 3912//3226
f 3912//3227 3911//3227 3913//3227
f 3912//3228 3913//3228 3914//3228
f 3915//3229 3916//3229 3917//3229
f 2132//3230 3918//3230 3919//3230
f 2132//3231 3919//3231 2133//3231
f 2153//3232 2137//3232 2136//3232
f 2160//3233 2159//3233 3897//3233
f 3897//3234 2159//3234 2158//3234
f 3897//3235 2158//3235 3920//3235
f 3920//3236 2158//3236 2157//3236
f 3920//3236 2157//3236 3921//3236
f 3921//3237 2157//3237 2163//3237
f 3921//3237 2163//3237 3922//3237
f 3922//3238 2163//3238 2162//3238
f 3922//3238 2162//3238 3923//3238
f 3923//3239 2162//3239 2161//3239
f 3923//3239 2161//3239 3924//3239
f 3924//3240 2161//3240 2156//3240
f 3924//3240 2156//3240 3925//3240
f 3925//3241 2156//3241 2155//3241
f 3925//3242 2155//3242 3926//3242
f 3926//3243 2155//3243 2154//3243
f 3926//3244 2154//3244 3927//3244
f 3927//3245 2154//3245 2153//3245
f 3927//3246 2153//3246 3928//3246
f 3928//3247 2153//3247 2136//3247
f 2136//3248 2135//3248 3928//3248
f 3928//3249 2135//3249 3929//3249
f 3928//3250 3929//3250 3927//3250
f 3927//3251 3929//3251 3930//3251
f 3927//3252 3930//3252 3926//3252
f 3926//3253 3930//3253 3931//3253
f 3926//3254 3931//3254 3925//3254
f 3925//3255 3931//3255 3932//3255
f 3925//3256 3932//3256 3924//3256
f 3924//3256 3932//3256 3933//3256
f 3924//3257 3933//3257 3923//3257
f 3923//3257 3933//3257 3934//3257
f 3923//3258 3934//3258 3922//3258
f 3922//3259 3934//3259 3935//3259
f 3922//3260 3935//3260 3921//3260
f 3921//3260 3935//3260 3936//3260
f 3921//3261 3936//3261 3920//3261
f 3920//3262 3936//3262 3937//3262
f 3920//3263 3937//3263 3897//3263
f 3897//3264 3937//3264 3938//3264
f 3897//3265 3938//3265 3896//3265
f 3896//3266 3938//3266 3895//3266
f 3896//3267 3895//3267 2180//3267
f 2180//3268 3895//3268 2179//3268
f 2135//3269 2134//3269 3929//3269
f 3929//3270 2134//3270 3939//3270
f 3929//3271 3939//3271 3930//3271
f 3930//3272 3939//3272 3940//3272
f 3930//3273 3940//3273 3931//3273
f 3931//3274 3940//3274 3941//3274
f 3931//3275 3941//3275 3932//3275
f 3932//3276 3941//3276 3942//3276
f 3932//3277 3942//3277 3933//3277
f 3933//3278 3942//3278 3943//3278
f 3933//3279 3943//3279 3934//3279
f 3934//3279 3943//3279 3944//3279
f 3934//3280 3944//3280 3935//3280
f 3935//3281 3944//3281 3945//3281
f 3935//3282 3945//3282 3936//3282
f 3936//3283 3945//3283 3946//3283
f 3936//3284 3946//3284 3937//3284
f 3937//3285 3946//3285 3947//3285
f 3937//3286 3947//3286 3938//3286
f 3938//3287 3947//3287 3948//3287
f 3938//3288 3948//3288 3895//3288
f 3895//3289 3948//3289 3894//3289
f 3895//3290 3894//3290 3883//3290
f 3883//3291 3894//3291 3884//3291
f 2134//3292 2133//3292 3939//3292
f 3939//3293 2133//3293 3919//3293
f 3939//3294 3919//3294 3940//3294
f 3940//3295 3919//3295 3949//3295
f 3940//3296 3949//3296 3941//3296
f 3941//3297 3949//3297 3950//3297
f 3941//3298 3950//3298 3942//3298
f 3942//3299 3950//3299 3951//3299
f 3942//3300 3951//3300 3943//3300
f 3943//3301 3951//3301 3952//3301
f 3943//3302 3952//3302 3944//3302
f 3944//3302 3952//3302 3953//3302
f 3944//3303 3953//3303 3945//3303
f 3945//3304 3953//3304 3954//3304
f 3945//3305 3954//3305 3946//3305
f 3946//3306 3954//3306 3955//3306
f 3946//3307 3955//3307 3947//3307
f 3947//3308 3955//3308 3956//3308
f 3947//3309 3956//3309 3948//3309
f 3948//3310 3956//3310 3957//3310
f 3948//3311 3957//3311 3894//3311
f 3894//3312 3957//3312 3898//3312
f 3894//3313 3898//3313 3885//3313
f 3885//3314 3898//3314 3886//3314
f 3918//3315 3915//3315 3919//3315
f 3919//3316 3915//3316 3917//3316
f 3919//3317 3917//3317 3949//3317
f 3949//3318 3917//3318 3958//3318
f 3949//3319 3958//3319 3950//3319
f 3950//3320 3958//3320 3959//3320
f 3950//3321 3959//3321 3951//3321
f 3951//3322 3959//3322 3960//3322
f 3951//3323 3960//3323 3952//3323
f 3952//3324 3960//3324 3961//3324
f 3952//3325 3961//3325 3953//3325
f 3953//3325 3961//3325 3962//3325
f 3953//3326 3962//3326 3954//3326
f 3954//3327 3962//3327 3963//3327
f 3954//3328 3963//3328 3955//3328
f 3955//3329 3963//3329 3964//3329
f 3955//3330 3964//3330 3956//3330
f 3956//3331 3964//3331 3965//3331
f 3956//3332 3965//3332 3957//3332
f 3957//3333 3965//3333 3966//3333
f 3957//3334 3966//3334 3898//3334
f 3898//3335 3966//3335 3893//3335
f 3898//3336 3893//3336 3851//3336
f 3851//3337 3893//3337 3882//3337
f 3916//3338 3910//3338 3917//3338
f 3917//3339 3910//3339 3912//3339
f 3917//3340 3912//3340 3958//3340
f 3958//3341 3912//3341 3967//3341
f 3958//3342 3967//3342 3959//3342
f 3959//3343 3967//3343 3968//3343
f 3959//3344 3968//3344 3960//3344
f 3960//3345 3968//3345 3969//3345
f 3960//3346 3969//3346 3961//3346
f 3961//3347 3969//3347 3970//3347
f 3961//3348 3970//3348 3962//3348
f 3962//3348 3970//3348 3971//3348
f 3962//3349 3971//3349 3963//3349
f 3963//3350 3971//3350 3972//3350
f 3963//3351 3972//3351 3964//3351
f 3964//3352 3972//3352 3973//3352
f 3964//3353 3973//3353 3965//3353
f 3965//3354 3973//3354 3974//3354
f 3965//3355 3974//3355 3966//3355
f 3966//3356 3974//3356 3975//3356
f 3966//3357 3975//3357 3893//3357
f 3893//3358 3975//3358 3892//3358
f 3893//3359 3892//3359 3881//3359
f 3881//3360 3892//3360 3878//3360
f 3914//3361 3909//3361 3912//3361
f 3912//3362 3909//3362 3908//3362
f 3912//3363 3908//3363 3967//3363
f 3967//3364 3908//3364 3976//3364
f 3967//3365 3976//3365 3968//3365
f 3968//3366 3976//3366 3977//3366
f 3968//3367 3977//3367 3969//3367
f 3969//3368 3977//3368 3978//3368
f 3969//3369 3978//3369 3970//3369
f 3970//3370 3978//3370 3979//3370
f 3970//3371 3979//3371 3971//3371
f 3971//3372 3979//3372 3980//3372
f 3971//3373 3980//3373 3972//3373
f 3972//3373 3980//3373 3981//3373
f 3972//3374 3981//3374 3973//3374
f 3973//3375 3981//3375 3982//3375
f 3973//3376 3982//3376 3974//3376
f 3974//3377 3982//3377 3983//3377
f 3974//3378 3983//3378 3975//3378
f 3975//3379 3983//3379 3984//3379
f 3975//3380 3984//3380 3892//3380
f 3892//3381 3984//3381 3899//3381
f 3892//3382 3899//3382 3879//3382
f 3879//3383 3899//3383 3880//3383
f 3907//3384 3905//3384 3908//3384
f 3908//3385 3905//3385 3904//3385
f 3908//3386 3904//3386 3976//3386
f 3976//3387 3904//3387 3985//3387
f 3976//3388 3985//3388 3977//3388
f 3977//3389 3985//3389 3986//3389
f 3977//3390 3986//3390 3978//3390
f 3978//3391 3986//3391 3987//3391
f 3978//3392 3987//3392 3979//3392
f 3979//3393 3987//3393 3988//3393
f 3979//3394 3988//3394 3980//3394
f 3980//3395 3988//3395 3989//3395
f 3980//3396 3989//3396 3981//3396
f 3981//3397 3989//3397 3990//3397
f 3981//3398 3990//3398 3982//3398
f 3982//3399 3990//3399 3991//3399
f 3982//3400 3991//3400 3983//3400
f 3983//3401 3991//3401 3992//3401
f 3983//3402 3992//3402 3984//3402
f 3984//3403 3992//3403 3993//3403
f 3984//3404 3993//3404 3899//3404
f 3899//3405 3993//3405 3891//3405
f 3899//3406 3891//3406 3875//3406
f 3875//3407 3891//3407 3876//3407
f 3903//3408 3901//3408 3904//3408
f 3904//3409 3901//3409 3889//3409
f 3904//3410 3889//3410 3985//3410
f 3985//3411 3889//3411 3994//3411
f 3985//3412 3994//3412 3986//3412
f 3986//3413 3994//3413 3995//3413
f 3986//3414 3995//3414 3987//3414
f 3987//3415 3995//3415 3996//3415
f 3987//3416 3996//3416 3988//3416
f 3988//3417 3996//3417 3997//3417
f 3988//3418 3997//3418 3989//3418
f 3989//3419 3997//3419 3998//3419
f 3989//3420 3998//3420 3990//3420
f 3990//3421 3998//3421 3999//3421
f 3990//3422 3999//3422 3991//3422
f 3991//3423 3999//3423 4000//3423
f 3991//3424 4000//3424 3992//3424
f 3992//3425 4000//3425 4001//3425
f 3992//3426 4001//3426 3993//3426
f 3993//3427 4001//3427 4002//3427
f 3993//3428 4002//3428 3891//3428
f 3891//3429 4002//3429 3900//3429
f 3891//3430 3900//3430 3877//3430
f 3877//3431 3900//3431 3871//3431
f 7//3432 3900//3432 10//3432
f 10//3433 3900//3433 4002//3433
f 10//3434 4002//3434 171//3434
f 171//3435 4002//3435 4001//3435
f 171//3436 4001//3436 173//3436
f 173//3437 4001//3437 4000//3437
f 173//3438 4000//3438 170//3438
f 170//3439 4000//3439 3999//3439
f 170//3440 3999//3440 166//3440
f 166//3441 3999//3441 3998//3441
f 166//3442 3998//3442 167//3442
f 167//3443 3998//3443 3997//3443
f 167//3444 3997//3444 163//3444
f 163//3445 3997//3445 3996//3445
f 163//3446 3996//3446 164//3446
f 164//3447 3996//3447 3995//3447
f 164//3448 3995//3448 162//3448
f 162//3449 3995//3449 3994//3449
f 162//3450 3994//3450 12//3450
f 12//3451 3994//3451 3889//3451
f 12//3452 3889//3452 13//3452
f 13//3453 3889//3453 3888//3453
f 13//3454 3888//3454 3890//3454
f 3865//3455 3870//3455 4003//3455
f 3869//3456 176//3456 324//3456
f 4004//3457 4005//3457 4006//3457
f 4007//3458 4008//3458 4009//3458
f 4010//3459 4011//3459 4012//3459
f 2130//3460 2129//3460 4013//3460
f 2128//3461 2127//3461 4014//3461
f 2183//3462 2182//3462 4015//3462
f 2170//3463 2171//3463 2185//3463
f 2126//3464 2124//3464 4016//3464
f 4016//3465 2124//3465 2123//3465
f 4017//3466 4018//3466 4019//3466
f 4019//3467 4018//3467 4020//3467
f 4021//3468 4022//3468 4023//3468
f 4023//3469 4022//3469 4024//3469
f 4004//3470 188//3470 4025//3470
f 4025//3471 188//3471 190//3471
f 3865//3472 4003//3472 3867//3472
f 3874//3473 3868//3473 4026//3473
f 3858//3474 3857//3474 4027//3474
f 3862//3475 3860//3475 4028//3475
f 3856//3476 3854//3476 4029//3476
f 2123//3477 2173//3477 4016//3477
f 4016//3478 2173//3478 2172//3478
f 4016//3478 2172//3478 4030//3478
f 4030//3479 2172//3479 2168//3479
f 4030//3479 2168//3479 4031//3479
f 4031//3480 2168//3480 2167//3480
f 4031//3480 2167//3480 4032//3480
f 4032//3481 2167//3481 2166//3481
f 4032//3482 2166//3482 4033//3482
f 4033//3483 2166//3483 2176//3483
f 4033//3483 2176//3483 4034//3483
f 4034//3484 2176//3484 2175//3484
f 4034//3484 2175//3484 4035//3484
f 4035//3485 2175//3485 2174//3485
f 4035//3486 2174//3486 4036//3486
f 4036//3487 2174//3487 2169//3487
f 4036//3488 2169//3488 4037//3488
f 4037//3489 2169//3489 2170//3489
f 4037//3489 2170//3489 4038//3489
f 4038//3490 2170//3490 2185//3490
f 2185//3491 2184//3491 4038//3491
f 4038//3492 2184//3492 4039//3492
f 4038//3493 4039//3493 4037//3493
f 4037//3494 4039//3494 4040//3494
f 4037//3495 4040//3495 4036//3495
f 4036//3496 4040//3496 4041//3496
f 4036//3497 4041//3497 4035//3497
f 4035//3498 4041//3498 4042//3498
f 4035//3499 4042//3499 4034//3499
f 4034//3500 4042//3500 4043//3500
f 4034//3501 4043//3501 4033//3501
f 4033//3502 4043//3502 4044//3502
f 4033//3503 4044//3503 4032//3503
f 4032//3504 4044//3504 4045//3504
f 4032//3505 4045//3505 4031//3505
f 4031//3506 4045//3506 4046//3506
f 4031//3507 4046//3507 4030//3507
f 4030//3508 4046//3508 4047//3508
f 4030//3509 4047//3509 4016//3509
f 4016//3510 4047//3510 4014//3510
f 4016//3511 4014//3511 2126//3511
f 2126//3512 4014//3512 2127//3512
f 2184//3513 2183//3513 4039//3513
f 4039//3514 2183//3514 4015//3514
f 4039//3515 4015//3515 4040//3515
f 4040//3516 4015//3516 4048//3516
f 4040//3517 4048//3517 4041//3517
f 4041//3518 4048//3518 4049//3518
f 4041//3519 4049//3519 4042//3519
f 4042//3520 4049//3520 4050//3520
f 4042//3521 4050//3521 4043//3521
f 4043//3522 4050//3522 4051//3522
f 4043//3523 4051//3523 4044//3523
f 4044//3523 4051//3523 4052//3523
f 4044//3524 4052//3524 4045//3524
f 4045//3525 4052//3525 4053//3525
f 4045//3526 4053//3526 4046//3526
f 4046//3527 4053//3527 4054//3527
f 4046//3528 4054//3528 4047//3528
f 4047//3529 4054//3529 4055//3529
f 4047//3530 4055//3530 4014//3530
f 4014//3531 4055//3531 4013//3531
f 4014//3532 4013//3532 2128//3532
f 2128//3533 4013//3533 2129//3533
f 2182//3534 3856//3534 4015//3534
f 4015//3535 3856//3535 4029//3535
f 4015//3536 4029//3536 4048//3536
f 4048//3537 4029//3537 4056//3537
f 4048//3538 4056//3538 4049//3538
f 4049//3539 4056//3539 4057//3539
f 4049//3540 4057//3540 4050//3540
f 4050//3541 4057//3541 4058//3541
f 4050//3542 4058//3542 4051//3542
f 4051//3543 4058//3543 4059//3543
f 4051//3544 4059//3544 4052//3544
f 4052//3544 4059//3544 4060//3544
f 4052//3545 4060//3545 4053//3545
f 4053//3546 4060//3546 4061//3546
f 4053//3547 4061//3547 4054//3547
f 4054//3548 4061//3548 4062//3548
f 4054//3549 4062//3549 4055//3549
f 4055//3550 4062//3550 4063//3550
f 4055//3551 4063//3551 4013//3551
f 4013//3552 4063//3552 4064//3552
f 4013//3553 4064//3553 2130//3553
f 2130//3554 4064//3554 4065//3554
f 2130//3555 4065//3555 4066//3555
f 4029//3556 4067//3556 4056//3556
f 4056//3557 4067//3557 4068//3557
f 4056//3558 4068//3558 4057//3558
f 4057//3559 4068//3559 4069//3559
f 4057//3560 4069//3560 4058//3560
f 4058//3561 4069//3561 4070//3561
f 4058//3562 4070//3562 4059//3562
f 4059//3563 4070//3563 4071//3563
f 4059//3564 4071//3564 4060//3564
f 4060//3565 4071//3565 4072//3565
f 4060//3566 4072//3566 4061//3566
f 4061//3567 4072//3567 4073//3567
f 4061//3568 4073//3568 4062//3568
f 4062//3569 4073//3569 4074//3569
f 4062//3570 4074//3570 4063//3570
f 4063//3571 4074//3571 4075//3571
f 4063//3572 4075//3572 4064//3572
f 4064//3573 4075//3573 4076//3573
f 4064//3574 4076//3574 4065//3574
f 4065//3575 4076//3575 4012//3575
f 4065//3576 4012//3576 4066//3576
f 4066//3577 4012//3577 4011//3577
f 3854//3578 3863//3578 4029//3578
f 4029//3579 3863//3579 3862//3579
f 4029//3580 3862//3580 4067//3580
f 4067//3581 3862//3581 4028//3581
f 4067//3582 4028//3582 4068//3582
f 4068//3583 4028//3583 4077//3583
f 4068//3584 4077//3584 4069//3584
f 4069//3585 4077//3585 4078//3585
f 4069//3586 4078//3586 4070//3586
f 4070//3587 4078//3587 4079//3587
f 4070//3588 4079//3588 4071//3588
f 4071//3589 4079//3589 4080//3589
f 4071//3590 4080//3590 4072//3590
f 4072//3591 4080//3591 4081//3591
f 4072//3592 4081//3592 4073//3592
f 4073//3592 4081//3592 4082//3592
f 4073//3593 4082//3593 4074//3593
f 4074//3594 4082//3594 4083//3594
f 4074//3595 4083//3595 4075//3595
f 4075//3596 4083//3596 4084//3596
f 4075//3597 4084//3597 4076//3597
f 4076//3598 4084//3598 4085//3598
f 4076//3599 4085//3599 4012//3599
f 4012//3600 4085//3600 4019//3600
f 4012//3601 4019//3601 4010//3601
f 4010//3602 4019//3602 4020//3602
f 3860//3603 3858//3603 4028//3603
f 4028//3604 3858//3604 4027//3604
f 4028//3605 4027//3605 4077//3605
f 4077//3606 4027//3606 4086//3606
f 4077//3607 4086//3607 4078//3607
f 4078//3608 4086//3608 4087//3608
f 4078//3609 4087//3609 4079//3609
f 4079//3610 4087//3610 4088//3610
f 4079//3611 4088//3611 4080//3611
f 4080//3612 4088//3612 4089//3612
f 4080//3613 4089//3613 4081//3613
f 4081//3614 4089//3614 4090//3614
f 4081//3615 4090//3615 4082//3615
f 4082//3616 4090//3616 4091//3616
f 4082//3617 4091//3617 4083//3617
f 4083//3618 4091//3618 4092//3618
f 4083//3619 4092//3619 4084//3619
f 4084//3620 4092//3620 4093//3620
f 4084//3621 4093//3621 4085//3621
f 4085//3622 4093//3622 4094//3622
f 4085//3623 4094//3623 4019//3623
f 4019//3624 4094//3624 4023//3624
f 4019//3625 4023//3625 4017//3625
f 4017//3626 4023//3626 4024//3626
f 3857//3627 3874//3627 4027//3627
f 4027//3628 3874//3628 4026//3628
f 4027//3629 4026//3629 4086//3629
f 4086//3630 4026//3630 4095//3630
f 4086//3631 4095//3631 4087//3631
f 4087//3632 4095//3632 4096//3632
f 4087//3633 4096//3633 4088//3633
f 4088//3634 4096//3634 4097//3634
f 4088//3635 4097//3635 4089//3635
f 4089//3636 4097//3636 4098//3636
f 4089//3637 4098//3637 4090//3637
f 4090//3638 4098//3638 4099//3638
f 4090//3639 4099//3639 4091//3639
f 4091//3640 4099//3640 4100//3640
f 4091//3641 4100//3641 4092//3641
f 4092//3642 4100//3642 4101//3642
f 4092//3643 4101//3643 4093//3643
f 4093//3644 4101//3644 4102//3644
f 4093//3645 4102//3645 4094//3645
f 4094//3646 4102//3646 4103//3646
f 4094//3647 4103//3647 4023//3647
f 4023//3648 4103//3648 4009//3648
f 4023//3649 4009//3649 4021//3649
f 4021//3650 4009//3650 4008//3650
f 3868//3651 3867//3651 4026//3651
f 4026//3652 3867//3652 4003//3652
f 4026//3653 4003//3653 4095//3653
f 4095//3654 4003//3654 4104//3654
f 4095//3655 4104//3655 4096//3655
f 4096//3656 4104//3656 4105//3656
f 4096//3657 4105//3657 4097//3657
f 4097//3658 4105//3658 4106//3658
f 4097//3659 4106//3659 4098//3659
f 4098//3660 4106//3660 4107//3660
f 4098//3661 4107//3661 4099//3661
f 4099//3662 4107//3662 4108//3662
f 4099//3663 4108//3663 4100//3663
f 4100//3664 4108//3664 4109//3664
f 4100//3665 4109//3665 4101//3665
f 4101//3666 4109//3666 4110//3666
f 4101//3667 4110//3667 4102//3667
f 4102//3668 4110//3668 4111//3668
f 4102//3669 4111//3669 4103//3669
f 4103//3670 4111//3670 4112//3670
f 4103//3671 4112//3671 4009//3671
f 4009//3672 4112//3672 4006//3672
f 4009//3673 4006//3673 4007//3673
f 4007//3674 4006//3674 4005//3674
f 4004//3675 4006//3675 188//3675
f 188//3676 4006//3676 4112//3676
f 188//3677 4112//3677 189//3677
f 189//3678 4112//3678 4111//3678
f 189//3679 4111//3679 185//3679
f 185//3680 4111//3680 4110//3680
f 185//3681 4110//3681 186//3681
f 186//3682 4110//3682 4109//3682
f 186//3683 4109//3683 630//3683
f 630//3684 4109//3684 4108//3684
f 630//3685 4108//3685 182//3685
f 182//3686 4108//3686 4107//3686
f 182//3687 4107//3687 183//3687
f 183//3688 4107//3688 4106//3688
f 183//3689 4106//3689 179//3689
f 179//3690 4106//3690 4105//3690
f 179//3691 4105//3691 180//3691
f 180//3692 4105//3692 4104//3692
f 180//3693 4104//3693 425//3693
f 425//3694 4104//3694 4003//3694
f 425//3695 4003//3695 324//3695
f 324//3696 4003//3696 3870//3696
f 324//3697 3870//3697 3869//3697
f 4113//3698 198//3698 197//3698
f 4114//3699 4115//3699 4116//3699
f 3918//3700 2132//3700 2131//3700
f 4066//3701 4117//3701 2130//3701
f 4018//3702 4017//3702 4118//3702
f 4005//3703 4004//3703 192//3703
f 192//3704 4004//3704 4025//3704
f 192//3705 4025//3705 190//3705
f 4008//3706 4007//3706 4119//3706
f 4119//3707 4007//3707 4005//3707
f 4119//3708 4005//3708 4120//3708
f 4120//3709 4005//3709 192//3709
f 4120//3710 192//3710 194//3710
f 4118//3711 4017//3711 4121//3711
f 4017//3712 4024//3712 4121//3712
f 4121//3713 4024//3713 4022//3713
f 4121//3714 4022//3714 4119//3714
f 4119//3715 4022//3715 4021//3715
f 4119//3716 4021//3716 4008//3716
f 4117//3717 4066//3717 4122//3717
f 4066//3718 4011//3718 4122//3718
f 4122//3719 4011//3719 4010//3719
f 4122//3720 4010//3720 4118//3720
f 4118//3721 4010//3721 4020//3721
f 4118//3722 4020//3722 4018//3722
f 4123//3723 2125//3723 2130//3723
f 3916//3724 4114//3724 3910//3724
f 3910//3725 4114//3725 4124//3725
f 4125//3726 3906//3726 3909//3726
f 3909//3727 3914//3727 4125//3727
f 4125//3728 3914//3728 3913//3728
f 4125//3729 3913//3729 4124//3729
f 4124//3730 3913//3730 3911//3730
f 4124//3731 3911//3731 3910//3731
f 3906//3732 4125//3732 3907//3732
f 3907//3733 4125//3733 4126//3733
f 3907//3734 4126//3734 3905//3734
f 4127//3735 3903//3735 4126//3735
f 4126//3736 3903//3736 3902//3736
f 4126//3737 3902//3737 3905//3737
f 4128//3738 3887//3738 4127//3738
f 4127//3739 3887//3739 3901//3739
f 4127//3740 3901//3740 3903//3740
f 159//3741 3890//3741 4128//3741
f 4128//3742 3890//3742 3888//3742
f 4128//3743 3888//3743 3887//3743
f 4114//3699 4116//3699 4124//3699
f 4124//3744 4116//3744 4129//3744
f 4124//3745 4129//3745 4125//3745
f 4125//3746 4129//3746 4130//3746
f 4125//3747 4130//3747 4126//3747
f 4126//3748 4130//3748 4131//3748
f 4126//3749 4131//3749 4127//3749
f 4127//3750 4131//3750 4113//3750
f 4127//3751 4113//3751 4128//3751
f 4128//3752 4113//3752 197//3752
f 4128//3753 197//3753 159//3753
f 3916//3754 3915//3754 4114//3754
f 4114//3755 3915//3755 3918//3755
f 4114//3756 3918//3756 4115//3756
f 4115//3757 3918//3757 2131//3757
f 4115//3758 2131//3758 2138//3758
f 198//3759 4113//3759 4132//3759
f 4132//3760 4113//3760 4131//3760
f 4132//3761 4131//3761 4133//3761
f 4133//3762 4131//3762 4130//3762
f 4133//3763 4130//3763 4134//3763
f 4134//3764 4130//3764 4129//3764
f 4134//3765 4129//3765 4135//3765
f 4135//3766 4129//3766 4116//3766
f 4135//3767 4116//3767 4136//3767
f 4136//3768 4116//3768 4115//3768
f 4136//3768 4115//3768 4137//3768
f 4137//3769 4115//3769 2138//3769
f 4137//3770 2138//3770 2125//3770
f 2125//3770 4123//3770 4137//3770
f 4137//3771 4123//3771 4138//3771
f 4137//3771 4138//3771 4136//3771
f 4136//3772 4138//3772 4139//3772
f 4136//3773 4139//3773 4135//3773
f 4135//3774 4139//3774 4140//3774
f 4135//3774 4140//3774 4134//3774
f 4134//3775 4140//3775 4141//3775
f 4134//3776 4141//3776 4133//3776
f 4133//3777 4141//3777 4142//3777
f 4133//3778 4142//3778 4132//3778
f 4132//3779 4142//3779 195//3779
f 4132//3780 195//3780 198//3780
f 2130//3781 4117//3781 4123//3781
f 4123//3782 4117//3782 4122//3782
f 4123//3783 4122//3783 4138//3783
f 4138//3784 4122//3784 4118//3784
f 4138//3785 4118//3785 4139//3785
f 4139//3786 4118//3786 4121//3786
f 4139//3787 4121//3787 4140//3787
f 4140//3788 4121//3788 4119//3788
f 4140//3789 4119//3789 4141//3789
f 4141//3790 4119//3790 4120//3790
f 4141//3791 4120//3791 4142//3791
f 4142//3792 4120//3792 194//3792
f 4142//3793 194//3793 195//3793
f 4143//3794 4144//3794 4145//3794
f 4146//3795 1//3795 238//3795
f 4145//3796 4147//3796 4148//3796
f 4148//3797 4147//3797 4149//3797
f 4148//3798 4149//3798 1954//3798
f 4150//3799 4151//3799 4152//3799
f 4152//3800 4151//3800 4153//3800
f 4152//3801 4153//3801 4154//3801
f 4154//3802 4153//3802 4155//3802
f 4154//3803 4155//3803 4145//3803
f 4145//3804 4155//3804 4156//3804
f 4145//3805 4156//3805 4147//3805
f 4157//3806 4158//3806 4159//3806
f 4159//3807 4158//3807 4160//3807
f 4159//3808 4160//3808 4161//3808
f 201//3809 4162//3809 4157//3809
f 4157//3810 4162//3810 4163//3810
f 4157//3811 4163//3811 4158//3811
f 201//3812 4157//3812 238//3812
f 238//3813 4157//3813 4164//3813
f 238//3814 4164//3814 4146//3814
f 4165//3815 4159//3815 4166//3815
f 4166//3816 4159//3816 4161//3816
f 4166//3817 4161//3817 4167//3817
f 4165//3818 4168//3818 4159//3818
f 4159//3819 4168//3819 4169//3819
f 4159//3820 4169//3820 4157//3820
f 4157//3821 4169//3821 4170//3821
f 4157//3822 4170//3822 4164//3822
f 4171//3823 4172//3823 4166//3823
f 4166//3824 4172//3824 4173//3824
f 4166//3825 4173//3825 4165//3825
f 4167//3826 4150//3826 4166//3826
f 4166//3827 4150//3827 4152//3827
f 4166//3828 4152//3828 4171//3828
f 4171//3829 4152//3829 4154//3829
f 4171//3830 4154//3830 4174//3830
f 4145//3831 4144//3831 4154//3831
f 4154//3832 4144//3832 4175//3832
f 4154//3833 4175//3833 4174//3833
f 1954//3834 1950//3834 4148//3834
f 4148//3835 1950//3835 1949//3835
f 4148//3836 1949//3836 4176//3836
f 4176//3837 4177//3837 4148//3837
f 4148//3838 4177//3838 4178//3838
f 4148//3839 4178//3839 4145//3839
f 4145//3840 4178//3840 4179//3840
f 4145//3841 4179//3841 4143//3841
f 4180//3842 4181//3842 4182//3842
f 4183//3843 223//3843 5//3843
f 4170//3844 4169//3844 4184//3844
f 4172//3845 4171//3845 4185//3845
f 4174//3846 4175//3846 4186//3846
f 4178//3847 4177//3847 4187//3847
f 1949//3848 1951//3848 4188//3848
f 1932//3849 4189//3849 1952//3849
f 4189//3850 1932//3850 4190//3850
f 1949//3851 4188//3851 4176//3851
f 4144//3852 4143//3852 4191//3852
f 4191//3853 4143//3853 4179//3853
f 4168//3854 4165//3854 4192//3854
f 4192//3855 4165//3855 4173//3855
f 4146//3856 4164//3856 4193//3856
f 4146//3857 4193//3857 1//3857
f 4180//3858 4182//3858 4194//3858
f 4195//3859 4196//3859 4197//3859
f 4198//3860 4199//3860 4200//3860
f 4201//3861 4202//3861 4203//3861
f 4201//3862 4203//3862 4204//3862
f 4205//3863 4206//3863 4207//3863
f 1904//3864 4208//3864 4209//3864
f 1904//3865 4209//3865 1905//3865
f 1925//3866 1909//3866 1908//3866
f 1932//3867 1931//3867 4190//3867
f 4190//3868 1931//3868 1930//3868
f 4190//3869 1930//3869 4210//3869
f 4210//3870 1930//3870 1929//3870
f 4210//3871 1929//3871 4211//3871
f 4211//3872 1929//3872 1935//3872
f 4211//3872 1935//3872 4212//3872
f 4212//3873 1935//3873 1934//3873
f 4212//3874 1934//3874 4213//3874
f 4213//3875 1934//3875 1933//3875
f 4213//3876 1933//3876 4214//3876
f 4214//3877 1933//3877 1928//3877
f 4214//3878 1928//3878 4215//3878
f 4215//3879 1928//3879 1927//3879
f 4215//3879 1927//3879 4216//3879
f 4216//3880 1927//3880 1926//3880
f 4216//3881 1926//3881 4217//3881
f 4217//3882 1926//3882 1925//3882
f 4217//3882 1925//3882 4218//3882
f 4218//3883 1925//3883 1908//3883
f 1908//3884 1907//3884 4218//3884
f 4218//3885 1907//3885 4219//3885
f 4218//3886 4219//3886 4217//3886
f 4217//3887 4219//3887 4220//3887
f 4217//3888 4220//3888 4216//3888
f 4216//3889 4220//3889 4221//3889
f 4216//3890 4221//3890 4215//3890
f 4215//3891 4221//3891 4222//3891
f 4215//3892 4222//3892 4214//3892
f 4214//3892 4222//3892 4223//3892
f 4214//3893 4223//3893 4213//3893
f 4213//3893 4223//3893 4224//3893
f 4213//3894 4224//3894 4212//3894
f 4212//3895 4224//3895 4225//3895
f 4212//3896 4225//3896 4211//3896
f 4211//3897 4225//3897 4226//3897
f 4211//3898 4226//3898 4210//3898
f 4210//3899 4226//3899 4227//3899
f 4210//3900 4227//3900 4190//3900
f 4190//3901 4227//3901 4228//3901
f 4190//3902 4228//3902 4189//3902
f 4189//3903 4228//3903 4188//3903
f 4189//3904 4188//3904 1952//3904
f 1952//3905 4188//3905 1951//3905
f 1907//3906 1906//3906 4219//3906
f 4219//3907 1906//3907 4229//3907
f 4219//3908 4229//3908 4220//3908
f 4220//3909 4229//3909 4230//3909
f 4220//3910 4230//3910 4221//3910
f 4221//3911 4230//3911 4231//3911
f 4221//3912 4231//3912 4222//3912
f 4222//3913 4231//3913 4232//3913
f 4222//3914 4232//3914 4223//3914
f 4223//3915 4232//3915 4233//3915
f 4223//3916 4233//3916 4224//3916
f 4224//3917 4233//3917 4234//3917
f 4224//3918 4234//3918 4225//3918
f 4225//3918 4234//3918 4235//3918
f 4225//3919 4235//3919 4226//3919
f 4226//3920 4235//3920 4236//3920
f 4226//3921 4236//3921 4227//3921
f 4227//3922 4236//3922 4237//3922
f 4227//3923 4237//3923 4228//3923
f 4228//3924 4237//3924 4238//3924
f 4228//3925 4238//3925 4188//3925
f 4188//3926 4238//3926 4187//3926
f 4188//3927 4187//3927 4176//3927
f 4176//3928 4187//3928 4177//3928
f 1906//3929 1905//3929 4229//3929
f 4229//3930 1905//3930 4209//3930
f 4229//3931 4209//3931 4230//3931
f 4230//3932 4209//3932 4239//3932
f 4230//3933 4239//3933 4231//3933
f 4231//3934 4239//3934 4240//3934
f 4231//3935 4240//3935 4232//3935
f 4232//3936 4240//3936 4241//3936
f 4232//3937 4241//3937 4233//3937
f 4233//3938 4241//3938 4242//3938
f 4233//3939 4242//3939 4234//3939
f 4234//3939 4242//3939 4243//3939
f 4234//3940 4243//3940 4235//3940
f 4235//3941 4243//3941 4244//3941
f 4235//3942 4244//3942 4236//3942
f 4236//3943 4244//3943 4245//3943
f 4236//3944 4245//3944 4237//3944
f 4237//3945 4245//3945 4246//3945
f 4237//3946 4246//3946 4238//3946
f 4238//3947 4246//3947 4247//3947
f 4238//3948 4247//3948 4187//3948
f 4187//3949 4247//3949 4191//3949
f 4187//3950 4191//3950 4178//3950
f 4178//3951 4191//3951 4179//3951
f 4208//3952 4205//3952 4209//3952
f 4209//3953 4205//3953 4207//3953
f 4209//3954 4207//3954 4239//3954
f 4239//3955 4207//3955 4248//3955
f 4239//3956 4248//3956 4240//3956
f 4240//3957 4248//3957 4249//3957
f 4240//3958 4249//3958 4241//3958
f 4241//3959 4249//3959 4250//3959
f 4241//3960 4250//3960 4242//3960
f 4242//3961 4250//3961 4251//3961
f 4242//3962 4251//3962 4243//3962
f 4243//3962 4251//3962 4252//3962
f 4243//3963 4252//3963 4244//3963
f 4244//3964 4252//3964 4253//3964
f 4244//3965 4253//3965 4245//3965
f 4245//3966 4253//3966 4254//3966
f 4245//3967 4254//3967 4246//3967
f 4246//3968 4254//3968 4255//3968
f 4246//3969 4255//3969 4247//3969
f 4247//3970 4255//3970 4256//3970
f 4247//3971 4256//3971 4191//3971
f 4191//3972 4256//3972 4186//3972
f 4191//3973 4186//3973 4144//3973
f 4144//3974 4186//3974 4175//3974
f 4206//3975 4204//3975 4207//3975
f 4207//3976 4204//3976 4203//3976
f 4207//3977 4203//3977 4248//3977
f 4248//3978 4203//3978 4257//3978
f 4248//3979 4257//3979 4249//3979
f 4249//3980 4257//3980 4258//3980
f 4249//3981 4258//3981 4250//3981
f 4250//3982 4258//3982 4259//3982
f 4250//3983 4259//3983 4251//3983
f 4251//3984 4259//3984 4260//3984
f 4251//3985 4260//3985 4252//3985
f 4252//3986 4260//3986 4261//3986
f 4252//3987 4261//3987 4253//3987
f 4253//3988 4261//3988 4262//3988
f 4253//3989 4262//3989 4254//3989
f 4254//3990 4262//3990 4263//3990
f 4254//3991 4263//3991 4255//3991
f 4255//3992 4263//3992 4264//3992
f 4255//3993 4264//3993 4256//3993
f 4256//3994 4264//3994 4265//3994
f 4256//3995 4265//3995 4186//3995
f 4186//3996 4265//3996 4185//3996
f 4186//3997 4185//3997 4174//3997
f 4174//3998 4185//3998 4171//3998
f 4202//3999 4198//3999 4203//3999
f 4203//4000 4198//4000 4200//4000
f 4203//4001 4200//4001 4257//4001
f 4257//4002 4200//4002 4266//4002
f 4257//4003 4266//4003 4258//4003
f 4258//4004 4266//4004 4267//4004
f 4258//4005 4267//4005 4259//4005
f 4259//4006 4267//4006 4268//4006
f 4259//4007 4268//4007 4260//4007
f 4260//4008 4268//4008 4269//4008
f 4260//4009 4269//4009 4261//4009
f 4261//4009 4269//4009 4270//4009
f 4261//4010 4270//4010 4262//4010
f 4262//4011 4270//4011 4271//4011
f 4262//4012 4271//4012 4263//4012
f 4263//4013 4271//4013 4272//4013
f 4263//4014 4272//4014 4264//4014
f 4264//4015 4272//4015 4273//4015
f 4264//4016 4273//4016 4265//4016
f 4265//4017 4273//4017 4274//4017
f 4265//4018 4274//4018 4185//4018
f 4185//4019 4274//4019 4192//4019
f 4185//4020 4192//4020 4172//4020
f 4172//4021 4192//4021 4173//4021
f 4199//4022 4195//4022 4200//4022
f 4200//4023 4195//4023 4197//4023
f 4200//4024 4197//4024 4266//4024
f 4266//4025 4197//4025 4275//4025
f 4266//4026 4275//4026 4267//4026
f 4267//4027 4275//4027 4276//4027
f 4267//4028 4276//4028 4268//4028
f 4268//4029 4276//4029 4277//4029
f 4268//4030 4277//4030 4269//4030
f 4269//4031 4277//4031 4278//4031
f 4269//4032 4278//4032 4270//4032
f 4270//4032 4278//4032 4279//4032
f 4270//4033 4279//4033 4271//4033
f 4271//4034 4279//4034 4280//4034
f 4271//4035 4280//4035 4272//4035
f 4272//4036 4280//4036 4281//4036
f 4272//4037 4281//4037 4273//4037
f 4273//4038 4281//4038 4282//4038
f 4273//4039 4282//4039 4274//4039
f 4274//4040 4282//4040 4283//4040
f 4274//4041 4283//4041 4192//4041
f 4192//4042 4283//4042 4184//4042
f 4192//4043 4184//4043 4168//4043
f 4168//4044 4184//4044 4169//4044
f 4196//4045 4194//4045 4197//4045
f 4197//4046 4194//4046 4182//4046
f 4197//4047 4182//4047 4275//4047
f 4275//4048 4182//4048 4284//4048
f 4275//4049 4284//4049 4276//4049
f 4276//4050 4284//4050 4285//4050
f 4276//4051 4285//4051 4277//4051
f 4277//4052 4285//4052 4286//4052
f 4277//4053 4286//4053 4278//4053
f 4278//4054 4286//4054 4287//4054
f 4278//4055 4287//4055 4279//4055
f 4279//4056 4287//4056 4288//4056
f 4279//4057 4288//4057 4280//4057
f 4280//4058 4288//4058 4289//4058
f 4280//4059 4289//4059 4281//4059
f 4281//4060 4289//4060 4290//4060
f 4281//4061 4290//4061 4282//4061
f 4282//4062 4290//4062 4291//4062
f 4282//4063 4291//4063 4283//4063
f 4283//4064 4291//4064 4292//4064
f 4283//4065 4292//4065 4184//4065
f 4184//4066 4292//4066 4193//4066
f 4184//4067 4193//4067 4170//4067
f 4170//4068 4193//4068 4164//4068
f 1//4069 4193//4069 2//4069
f 2//4070 4193//4070 4292//4070
f 2//4071 4292//4071 235//4071
f 235//4072 4292//4072 4291//4072
f 235//4073 4291//4073 237//4073
f 237//4074 4291//4074 4290//4074
f 237//4075 4290//4075 234//4075
f 234//4076 4290//4076 4289//4076
f 234//4077 4289//4077 230//4077
f 230//4078 4289//4078 4288//4078
f 230//4079 4288//4079 231//4079
f 231//4080 4288//4080 4287//4080
f 231//4081 4287//4081 227//4081
f 227//4082 4287//4082 4286//4082
f 227//4083 4286//4083 228//4083
f 228//4084 4286//4084 4285//4084
f 228//4085 4285//4085 226//4085
f 226//4086 4285//4086 4284//4086
f 226//4087 4284//4087 4//4087
f 4//4088 4284//4088 4182//4088
f 4//4089 4182//4089 5//4089
f 5//4090 4182//4090 4181//4090
f 5//4091 4181//4091 4183//4091
f 4158//4092 4163//4092 4293//4092
f 4162//4093 201//4093 352//4093
f 4294//4094 4295//4094 4296//4094
f 4297//4095 4298//4095 4299//4095
f 4300//4096 4301//4096 4302//4096
f 1902//4097 1901//4097 4303//4097
f 1900//4098 1899//4098 4304//4098
f 1955//4099 1954//4099 4305//4099
f 1942//4100 1943//4100 1957//4100
f 1898//4101 1896//4101 4306//4101
f 4306//4102 1896//4102 1895//4102
f 4307//4103 4308//4103 4309//4103
f 4309//4104 4308//4104 4310//4104
f 4311//4105 4312//4105 4313//4105
f 4313//4106 4312//4106 4314//4106
f 4294//4107 212//4107 4315//4107
f 4315//4108 212//4108 214//4108
f 4158//4109 4293//4109 4160//4109
f 4167//4110 4161//4110 4316//4110
f 4151//4111 4150//4111 4317//4111
f 4155//4112 4153//4112 4318//4112
f 4149//4113 4147//4113 4319//4113
f 1895//4114 1945//4114 4306//4114
f 4306//4115 1945//4115 1944//4115
f 4306//4115 1944//4115 4320//4115
f 4320//4116 1944//4116 1940//4116
f 4320//4116 1940//4116 4321//4116
f 4321//4117 1940//4117 1939//4117
f 4321//4117 1939//4117 4322//4117
f 4322//4118 1939//4118 1938//4118
f 4322//4119 1938//4119 4323//4119
f 4323//4120 1938//4120 1948//4120
f 4323//4120 1948//4120 4324//4120
f 4324//4121 1948//4121 1947//4121
f 4324//4121 1947//4121 4325//4121
f 4325//4122 1947//4122 1946//4122
f 4325//4122 1946//4122 4326//4122
f 4326//4123 1946//4123 1941//4123
f 4326//4124 1941//4124 4327//4124
f 4327//4125 1941//4125 1942//4125
f 4327//4126 1942//4126 4328//4126
f 4328//4127 1942//4127 1957//4127
f 1957//4128 1956//4128 4328//4128
f 4328//4129 1956//4129 4329//4129
f 4328//4130 4329//4130 4327//4130
f 4327//4131 4329//4131 4330//4131
f 4327//4132 4330//4132 4326//4132
f 4326//4133 4330//4133 4331//4133
f 4326//4134 4331//4134 4325//4134
f 4325//4135 4331//4135 4332//4135
f 4325//4136 4332//4136 4324//4136
f 4324//4137 4332//4137 4333//4137
f 4324//4138 4333//4138 4323//4138
f 4323//4138 4333//4138 4334//4138
f 4323//4139 4334//4139 4322//4139
f 4322//4139 4334//4139 4335//4139
f 4322//4140 4335//4140 4321//4140
f 4321//4141 4335//4141 4336//4141
f 4321//4142 4336//4142 4320//4142
f 4320//4143 4336//4143 4337//4143
f 4320//4144 4337//4144 4306//4144
f 4306//4145 4337//4145 4304//4145
f 4306//4146 4304//4146 1898//4146
f 1898//4147 4304//4147 1899//4147
f 1956//4148 1955//4148 4329//4148
f 4329//4149 1955//4149 4305//4149
f 4329//4150 4305//4150 4330//4150
f 4330//4151 4305//4151 4338//4151
f 4330//4152 4338//4152 4331//4152
f 4331//4153 4338//4153 4339//4153
f 4331//4154 4339//4154 4332//4154
f 4332//4155 4339//4155 4340//4155
f 4332//4156 4340//4156 4333//4156
f 4333//4156 4340//4156 4341//4156
f 4333//4157 4341//4157 4334//4157
f 4334//4157 4341//4157 4342//4157
f 4334//4158 4342//4158 4335//4158
f 4335//4159 4342//4159 4343//4159
f 4335//4160 4343//4160 4336//4160
f 4336//4161 4343//4161 4344//4161
f 4336//4162 4344//4162 4337//4162
f 4337//4163 4344//4163 4345//4163
f 4337//4164 4345//4164 4304//4164
f 4304//4165 4345//4165 4303//4165
f 4304//4166 4303//4166 1900//4166
f 1900//4167 4303//4167 1901//4167
f 1954//4168 4149//4168 4305//4168
f 4305//4169 4149//4169 4319//4169
f 4305//4170 4319//4170 4338//4170
f 4338//4171 4319//4171 4346//4171
f 4338//4172 4346//4172 4339//4172
f 4339//4173 4346//4173 4347//4173
f 4339//4174 4347//4174 4340//4174
f 4340//4175 4347//4175 4348//4175
f 4340//4176 4348//4176 4341//4176
f 4341//4177 4348//4177 4349//4177
f 4341//4178 4349//4178 4342//4178
f 4342//4178 4349//4178 4350//4178
f 4342//4179 4350//4179 4343//4179
f 4343//4179 4350//4179 4351//4179
f 4343//4180 4351//4180 4344//4180
f 4344//4181 4351//4181 4352//4181
f 4344//4182 4352//4182 4345//4182
f 4345//4183 4352//4183 4353//4183
f 4345//4184 4353//4184 4303//4184
f 4303//4185 4353//4185 4354//4185
f 4303//4186 4354//4186 1902//4186
f 1902//4187 4354//4187 4355//4187
f 1902//4188 4355//4188 4356//4188
f 4319//4189 4357//4189 4346//4189
f 4346//4190 4357//4190 4358//4190
f 4346//4191 4358//4191 4347//4191
f 4347//4192 4358//4192 4359//4192
f 4347//4193 4359//4193 4348//4193
f 4348//4194 4359//4194 4360//4194
f 4348//4195 4360//4195 4349//4195
f 4349//4196 4360//4196 4361//4196
f 4349//4197 4361//4197 4350//4197
f 4350//4198 4361//4198 4362//4198
f 4350//4199 4362//4199 4351//4199
f 4351//4200 4362//4200 4363//4200
f 4351//4201 4363//4201 4352//4201
f 4352//4202 4363//4202 4364//4202
f 4352//4203 4364//4203 4353//4203
f 4353//4204 4364//4204 4365//4204
f 4353//4205 4365//4205 4354//4205
f 4354//4206 4365//4206 4366//4206
f 4354//4207 4366//4207 4355//4207
f 4355//4208 4366//4208 4302//4208
f 4355//4209 4302//4209 4356//4209
f 4356//4210 4302//4210 4301//4210
f 4147//4211 4156//4211 4319//4211
f 4319//4212 4156//4212 4155//4212
f 4319//4213 4155//4213 4357//4213
f 4357//4214 4155//4214 4318//4214
f 4357//4215 4318//4215 4358//4215
f 4358//4216 4318//4216 4367//4216
f 4358//4217 4367//4217 4359//4217
f 4359//4218 4367//4218 4368//4218
f 4359//4219 4368//4219 4360//4219
f 4360//4220 4368//4220 4369//4220
f 4360//4221 4369//4221 4361//4221
f 4361//4222 4369//4222 4370//4222
f 4361//4223 4370//4223 4362//4223
f 4362//4224 4370//4224 4371//4224
f 4362//4225 4371//4225 4363//4225
f 4363//4226 4371//4226 4372//4226
f 4363//4227 4372//4227 4364//4227
f 4364//4228 4372//4228 4373//4228
f 4364//4229 4373//4229 4365//4229
f 4365//4230 4373//4230 4374//4230
f 4365//4231 4374//4231 4366//4231
f 4366//4232 4374//4232 4375//4232
f 4366//4233 4375//4233 4302//4233
f 4302//4234 4375//4234 4309//4234
f 4302//4235 4309//4235 4300//4235
f 4300//4236 4309//4236 4310//4236
f 4153//4237 4151//4237 4318//4237
f 4318//4238 4151//4238 4317//4238
f 4318//4239 4317//4239 4367//4239
f 4367//4240 4317//4240 4376//4240
f 4367//4241 4376//4241 4368//4241
f 4368//4242 4376//4242 4377//4242
f 4368//4243 4377//4243 4369//4243
f 4369//4244 4377//4244 4378//4244
f 4369//4245 4378//4245 4370//4245
f 4370//4246 4378//4246 4379//4246
f 4370//4247 4379//4247 4371//4247
f 4371//4248 4379//4248 4380//4248
f 4371//4249 4380//4249 4372//4249
f 4372//4250 4380//4250 4381//4250
f 4372//4251 4381//4251 4373//4251
f 4373//4252 4381//4252 4382//4252
f 4373//4253 4382//4253 4374//4253
f 4374//4254 4382//4254 4383//4254
f 4374//4255 4383//4255 4375//4255
f 4375//4256 4383//4256 4384//4256
f 4375//4257 4384//4257 4309//4257
f 4309//4258 4384//4258 4313//4258
f 4309//4259 4313//4259 4307//4259
f 4307//4260 4313//4260 4314//4260
f 4150//4261 4167//4261 4317//4261
f 4317//4262 4167//4262 4316//4262
f 4317//4263 4316//4263 4376//4263
f 4376//4264 4316//4264 4385//4264
f 4376//4265 4385//4265 4377//4265
f 4377//4266 4385//4266 4386//4266
f 4377//4267 4386//4267 4378//4267
f 4378//4268 4386//4268 4387//4268
f 4378//4269 4387//4269 4379//4269
f 4379//4270 4387//4270 4388//4270
f 4379//4271 4388//4271 4380//4271
f 4380//4272 4388//4272 4389//4272
f 4380//4273 4389//4273 4381//4273
f 4381//4274 4389//4274 4390//4274
f 4381//4275 4390//4275 4382//4275
f 4382//4276 4390//4276 4391//4276
f 4382//4277 4391//4277 4383//4277
f 4383//4278 4391//4278 4392//4278
f 4383//4279 4392//4279 4384//4279
f 4384//4280 4392//4280 4393//4280
f 4384//4281 4393//4281 4313//4281
f 4313//4282 4393//4282 4299//4282
f 4313//4283 4299//4283 4311//4283
f 4311//4284 4299//4284 4298//4284
f 4161//4285 4160//4285 4316//4285
f 4316//4286 4160//4286 4293//4286
f 4316//4287 4293//4287 4385//4287
f 4385//4288 4293//4288 4394//4288
f 4385//4289 4394//4289 4386//4289
f 4386//4290 4394//4290 4395//4290
f 4386//4291 4395//4291 4387//4291
f 4387//4292 4395//4292 4396//4292
f 4387//4293 4396//4293 4388//4293
f 4388//4294 4396//4294 4397//4294
f 4388//4295 4397//4295 4389//4295
f 4389//4296 4397//4296 4398//4296
f 4389//4297 4398//4297 4390//4297
f 4390//4298 4398//4298 4399//4298
f 4390//4299 4399//4299 4391//4299
f 4391//4300 4399//4300 4400//4300
f 4391//4301 4400//4301 4392//4301
f 4392//4302 4400//4302 4401//4302
f 4392//4303 4401//4303 4393//4303
f 4393//4304 4401//4304 4402//4304
f 4393//4305 4402//4305 4299//4305
f 4299//4306 4402//4306 4296//4306
f 4299//4307 4296//4307 4297//4307
f 4297//4308 4296//4308 4295//4308
f 4294//4309 4296//4309 212//4309
f 212//4310 4296//4310 4402//4310
f 212//4311 4402//4311 213//4311
f 213//4312 4402//4312 4401//4312
f 213//4313 4401//4313 209//4313
f 209//4314 4401//4314 4400//4314
f 209//4315 4400//4315 210//4315
f 210//4316 4400//4316 4399//4316
f 210//4317 4399//4317 645//4317
f 645//4318 4399//4318 4398//4318
f 645//4319 4398//4319 206//4319
f 206//4320 4398//4320 4397//4320
f 206//4321 4397//4321 207//4321
f 207//4322 4397//4322 4396//4322
f 207//4323 4396//4323 203//4323
f 203//4324 4396//4324 4395//4324
f 203//4325 4395//4325 204//4325
f 204//4326 4395//4326 4394//4326
f 204//4327 4394//4327 440//4327
f 440//4328 4394//4328 4293//4328
f 440//4329 4293//4329 352//4329
f 352//4330 4293//4330 4163//4330
f 352//4331 4163//4331 4162//4331
f 4403//4332 218//4332 221//4332
f 4404//4333 4405//4333 4406//4333
f 4208//4334 1904//4334 1903//4334
f 4356//4335 4407//4335 1902//4335
f 4308//4336 4307//4336 4408//4336
f 4295//4337 4294//4337 216//4337
f 216//4338 4294//4338 4315//4338
f 216//4339 4315//4339 214//4339
f 4298//4340 4297//4340 4409//4340
f 4409//4341 4297//4341 4295//4341
f 4409//4342 4295//4342 4410//4342
f 4410//4343 4295//4343 216//4343
f 4410//4344 216//4344 220//4344
f 4408//4345 4307//4345 4411//4345
f 4307//4346 4314//4346 4411//4346
f 4411//4347 4314//4347 4312//4347
f 4411//4348 4312//4348 4409//4348
f 4409//4349 4312//4349 4311//4349
f 4409//4350 4311//4350 4298//4350
f 4407//4351 4356//4351 4412//4351
f 4356//4352 4301//4352 4412//4352
f 4412//4353 4301//4353 4300//4353
f 4412//4354 4300//4354 4408//4354
f 4408//4355 4300//4355 4310//4355
f 4408//4356 4310//4356 4308//4356
f 4413//4357 1897//4357 1902//4357
f 4404//4358 4414//4358 4206//4358
f 4206//4359 4414//4359 4204//4359
f 4204//4360 4414//4360 4201//4360
f 4201//4361 4414//4361 4415//4361
f 4201//4362 4415//4362 4202//4362
f 4416//4363 4199//4363 4415//4363
f 4415//4364 4199//4364 4198//4364
f 4415//4365 4198//4365 4202//4365
f 4417//4366 4196//4366 4416//4366
f 4416//4367 4196//4367 4195//4367
f 4416//4368 4195//4368 4199//4368
f 4418//4369 4180//4369 4417//4369
f 4417//4370 4180//4370 4194//4370
f 4417//4371 4194//4371 4196//4371
f 223//4372 4183//4372 4418//4372
f 4418//4373 4183//4373 4181//4373
f 4418//4374 4181//4374 4180//4374
f 4404//4375 4406//4375 4414//4375
f 4414//4376 4406//4376 4419//4376
f 4414//4377 4419//4377 4415//4377
f 4415//4378 4419//4378 4420//4378
f 4415//4379 4420//4379 4416//4379
f 4416//4380 4420//4380 4421//4380
f 4416//4381 4421//4381 4417//4381
f 4417//4382 4421//4382 4403//4382
f 4417//4383 4403//4383 4418//4383
f 4418//4384 4403//4384 221//4384
f 4418//4385 221//4385 223//4385
f 4206//4386 4205//4386 4404//4386
f 4404//4387 4205//4387 4208//4387
f 4404//4388 4208//4388 4405//4388
f 4405//4389 4208//4389 1903//4389
f 4405//4390 1903//4390 1910//4390
f 218//4391 4403//4391 4422//4391
f 4422//4392 4403//4392 4421//4392
f 4422//4393 4421//4393 4423//4393
f 4423//4394 4421//4394 4420//4394
f 4423//4395 4420//4395 4424//4395
f 4424//4396 4420//4396 4419//4396
f 4424//4397 4419//4397 4425//4397
f 4425//4398 4419//4398 4406//4398
f 4425//4398 4406//4398 4426//4398
f 4426//4399 4406//4399 4405//4399
f 4426//4400 4405//4400 4427//4400
f 4427//4401 4405//4401 1910//4401
f 4427//4402 1910//4402 1897//4402
f 1897//4403 4413//4403 4427//4403
f 4427//4404 4413//4404 4428//4404
f 4427//4404 4428//4404 4426//4404
f 4426//4405 4428//4405 4429//4405
f 4426//4405 4429//4405 4425//4405
f 4425//4406 4429//4406 4430//4406
f 4425//4406 4430//4406 4424//4406
f 4424//4407 4430//4407 4431//4407
f 4424//4408 4431//4408 4423//4408
f 4423//4409 4431//4409 4432//4409
f 4423//4410 4432//4410 4422//4410
f 4422//4411 4432//4411 219//4411
f 4422//4412 219//4412 218//4412
f 1902//4413 4407//4413 4413//4413
f 4413//4414 4407//4414 4412//4414
f 4413//4415 4412//4415 4428//4415
f 4428//4416 4412//4416 4408//4416
f 4428//4417 4408//4417 4429//4417
f 4429//4418 4408//4418 4411//4418
f 4429//4419 4411//4419 4430//4419
f 4430//4420 4411//4420 4409//4420
f 4430//4421 4409//4421 4431//4421
f 4431//4422 4409//4422 4410//4422
f 4431//4423 4410//4423 4432//4423
f 4432//4424 4410//4424 220//4424
f 4432//4425 220//4425 219//4425
f 4433//4426 4434//4426 4435//4426
f 4436//4427 29//4427 55//4427
f 4435//4428 4437//4428 4438//4428
f 4438//4429 4437//4429 4439//4429
f 4438//4430 4439//4430 1805//4430
f 4440//4431 4441//4431 4442//4431
f 4442//4432 4441//4432 4443//4432
f 4442//4433 4443//4433 4444//4433
f 4444//4434 4443//4434 4445//4434
f 4444//4435 4445//4435 4435//4435
f 4435//4436 4445//4436 4446//4436
f 4435//4437 4446//4437 4437//4437
f 4447//4438 4448//4438 4449//4438
f 4449//4439 4448//4439 4450//4439
f 4449//4440 4450//4440 4451//4440
f 54//4441 4452//4441 4447//4441
f 4447//4442 4452//4442 4453//4442
f 4447//4443 4453//4443 4448//4443
f 54//4444 4447//4444 55//4444
f 55//4445 4447//4445 4454//4445
f 55//4446 4454//4446 4436//4446
f 4455//4447 4449//4447 4456//4447
f 4456//4448 4449//4448 4451//4448
f 4456//4449 4451//4449 4457//4449
f 4455//4450 4458//4450 4449//4450
f 4449//4451 4458//4451 4459//4451
f 4449//4452 4459//4452 4447//4452
f 4447//4453 4459//4453 4460//4453
f 4447//4454 4460//4454 4454//4454
f 4461//4455 4462//4455 4456//4455
f 4456//4456 4462//4456 4463//4456
f 4456//4457 4463//4457 4455//4457
f 4457//4458 4440//4458 4456//4458
f 4456//4459 4440//4459 4442//4459
f 4456//4460 4442//4460 4461//4460
f 4461//4461 4442//4461 4444//4461
f 4461//4462 4444//4462 4464//4462
f 4435//4463 4434//4463 4444//4463
f 4444//4464 4434//4464 4465//4464
f 4444//4465 4465//4465 4464//4465
f 1805//4466 1801//4466 4438//4466
f 4438//4467 1801//4467 1800//4467
f 4438//4468 1800//4468 4466//4468
f 4466//4469 4467//4469 4438//4469
f 4438//4470 4467//4470 4468//4470
f 4438//4471 4468//4471 4435//4471
f 4435//4472 4468//4472 4469//4472
f 4435//4473 4469//4473 4433//4473
f 4470//4474 4471//4474 4472//4474
f 4473//4475 37//4475 35//4475
f 4460//4476 4459//4476 4474//4476
f 4462//4477 4461//4477 4475//4477
f 4464//4478 4465//4478 4476//4478
f 4468//4479 4467//4479 4477//4479
f 1800//4480 1802//4480 4478//4480
f 1533//4481 4479//4481 1803//4481
f 4479//4482 1533//4482 4480//4482
f 1800//4483 4478//4483 4466//4483
f 4434//4484 4433//4484 4481//4484
f 4481//4485 4433//4485 4469//4485
f 4458//4486 4455//4486 4482//4486
f 4482//4487 4455//4487 4463//4487
f 4436//4488 4454//4488 4483//4488
f 4436//4489 4483//4489 29//4489
f 4470//4490 4472//4490 4484//4490
f 4485//4491 4486//4491 4487//4491
f 4485//4492 4487//4492 4488//4492
f 4489//4493 4490//4493 4491//4493
f 4489//4494 4491//4494 4492//4494
f 4493//4495 4494//4495 4495//4495
f 4495//4496 4494//4496 4496//4496
f 4495//4497 4496//4497 4497//4497
f 4498//4498 4499//4498 4500//4498
f 1500//4499 4501//4499 4502//4499
f 1500//4500 4502//4500 1501//4500
f 1526//4501 1507//4501 1506//4501
f 1533//4502 1532//4502 4480//4502
f 4480//4503 1532//4503 1531//4503
f 4480//4504 1531//4504 4503//4504
f 4503//4505 1531//4505 1530//4505
f 4503//4506 1530//4506 4504//4506
f 4504//4507 1530//4507 1536//4507
f 4504//4508 1536//4508 4505//4508
f 4505//4509 1536//4509 1535//4509
f 4505//4510 1535//4510 4506//4510
f 4506//4511 1535//4511 1534//4511
f 4506//4511 1534//4511 4507//4511
f 4507//4512 1534//4512 1529//4512
f 4507//4512 1529//4512 4508//4512
f 4508//4513 1529//4513 1528//4513
f 4508//4514 1528//4514 4509//4514
f 4509//4515 1528//4515 1527//4515
f 4509//4516 1527//4516 4510//4516
f 4510//4517 1527//4517 1526//4517
f 4510//4517 1526//4517 4511//4517
f 4511//4518 1526//4518 1506//4518
f 4511//4519 1506//4519 1505//4519
f 1505//4520 1504//4520 4511//4520
f 4511//4521 1504//4521 4512//4521
f 4511//4522 4512//4522 4510//4522
f 4510//4523 4512//4523 4513//4523
f 4510//4524 4513//4524 4509//4524
f 4509//4525 4513//4525 4514//4525
f 4509//4526 4514//4526 4508//4526
f 4508//4527 4514//4527 4515//4527
f 4508//4528 4515//4528 4507//4528
f 4507//4529 4515//4529 4516//4529
f 4507//4530 4516//4530 4506//4530
f 4506//4531 4516//4531 4517//4531
f 4506//4532 4517//4532 4505//4532
f 4505//4533 4517//4533 4518//4533
f 4505//4534 4518//4534 4504//4534
f 4504//4535 4518//4535 4519//4535
f 4504//4536 4519//4536 4503//4536
f 4503//4537 4519//4537 4520//4537
f 4503//4538 4520//4538 4480//4538
f 4480//4539 4520//4539 4521//4539
f 4480//4540 4521//4540 4479//4540
f 4479//4541 4521//4541 4478//4541
f 4479//4542 4478//4542 1803//4542
f 1803//4543 4478//4543 1802//4543
f 1504//4544 1503//4544 4512//4544
f 4512//4545 1503//4545 4522//4545
f 4512//4546 4522//4546 4513//4546
f 4513//4547 4522//4547 4523//4547
f 4513//4548 4523//4548 4514//4548
f 4514//4549 4523//4549 4524//4549
f 4514//4550 4524//4550 4515//4550
f 4515//4551 4524//4551 4525//4551
f 4515//4552 4525//4552 4516//4552
f 4516//4553 4525//4553 4526//4553
f 4516//4554 4526//4554 4517//4554
f 4517//4554 4526//4554 4527//4554
f 4517//4555 4527//4555 4518//4555
f 4518//4556 4527//4556 4528//4556
f 4518//4557 4528//4557 4519//4557
f 4519//4558 4528//4558 4529//4558
f 4519//4559 4529//4559 4520//4559
f 4520//4560 4529//4560 4530//4560
f 4520//4561 4530//4561 4521//4561
f 4521//4562 4530//4562 4531//4562
f 4521//4563 4531//4563 4478//4563
f 4478//4564 4531//4564 4477//4564
f 4478//4565 4477//4565 4466//4565
f 4466//4566 4477//4566 4467//4566
f 1503//4567 1501//4567 4522//4567
f 4522//4568 1501//4568 4502//4568
f 4522//4569 4502//4569 4523//4569
f 4523//4570 4502//4570 4532//4570
f 4523//4571 4532//4571 4524//4571
f 4524//4572 4532//4572 4533//4572
f 4524//4573 4533//4573 4525//4573
f 4525//4574 4533//4574 4534//4574
f 4525//4575 4534//4575 4526//4575
f 4526//4576 4534//4576 4535//4576
f 4526//4577 4535//4577 4527//4577
f 4527//4578 4535//4578 4536//4578
f 4527//4579 4536//4579 4528//4579
f 4528//4579 4536//4579 4537//4579
f 4528//4580 4537//4580 4529//4580
f 4529//4581 4537//4581 4538//4581
f 4529//4582 4538//4582 4530//4582
f 4530//4583 4538//4583 4539//4583
f 4530//4584 4539//4584 4531//4584
f 4531//4585 4539//4585 4540//4585
f 4531//4586 4540//4586 4477//4586
f 4477//4587 4540//4587 4481//4587
f 4477//4588 4481//4588 4468//4588
f 4468//4589 4481//4589 4469//4589
f 4501//4590 4498//4590 4502//4590
f 4502//4591 4498//4591 4500//4591
f 4502//4592 4500//4592 4532//4592
f 4532//4593 4500//4593 4541//4593
f 4532//4594 4541//4594 4533//4594
f 4533//4595 4541//4595 4542//4595
f 4533//4596 4542//4596 4534//4596
f 4534//4597 4542//4597 4543//4597
f 4534//4598 4543//4598 4535//4598
f 4535//4599 4543//4599 4544//4599
f 4535//4600 4544//4600 4536//4600
f 4536//4600 4544//4600 4545//4600
f 4536//4601 4545//4601 4537//4601
f 4537//4602 4545//4602 4546//4602
f 4537//4603 4546//4603 4538//4603
f 4538//4604 4546//4604 4547//4604
f 4538//4605 4547//4605 4539//4605
f 4539//4606 4547//4606 4548//4606
f 4539//4607 4548//4607 4540//4607
f 4540//4608 4548//4608 4549//4608
f 4540//4609 4549//4609 4481//4609
f 4481//4610 4549//4610 4476//4610
f 4481//4611 4476//4611 4434//4611
f 4434//4612 4476//4612 4465//4612
f 4499//4613 4493//4613 4500//4613
f 4500//4614 4493//4614 4495//4614
f 4500//4615 4495//4615 4541//4615
f 4541//4616 4495//4616 4550//4616
f 4541//4617 4550//4617 4542//4617
f 4542//4618 4550//4618 4551//4618
f 4542//4619 4551//4619 4543//4619
f 4543//4620 4551//4620 4552//4620
f 4543//4621 4552//4621 4544//4621
f 4544//4622 4552//4622 4553//4622
f 4544//4623 4553//4623 4545//4623
f 4545//4624 4553//4624 4554//4624
f 4545//4625 4554//4625 4546//4625
f 4546//4626 4554//4626 4555//4626
f 4546//4627 4555//4627 4547//4627
f 4547//4628 4555//4628 4556//4628
f 4547//4629 4556//4629 4548//4629
f 4548//4630 4556//4630 4557//4630
f 4548//4631 4557//4631 4549//4631
f 4549//4632 4557//4632 4558//4632
f 4549//4633 4558//4633 4476//4633
f 4476//4634 4558//4634 4475//4634
f 4476//4635 4475//4635 4464//4635
f 4464//4636 4475//4636 4461//4636
f 4497//4637 4492//4637 4495//4637
f 4495//4638 4492//4638 4491//4638
f 4495//4639 4491//4639 4550//4639
f 4550//4640 4491//4640 4559//4640
f 4550//4641 4559//4641 4551//4641
f 4551//4642 4559//4642 4560//4642
f 4551//4643 4560//4643 4552//4643
f 4552//4644 4560//4644 4561//4644
f 4552//4645 4561//4645 4553//4645
f 4553//4646 4561//4646 4562//4646
f 4553//4647 4562//4647 4554//4647
f 4554//4648 4562//4648 4563//4648
f 4554//4649 4563//4649 4555//4649
f 4555//4650 4563//4650 4564//4650
f 4555//4651 4564//4651 4556//4651
f 4556//4652 4564//4652 4565//4652
f 4556//4653 4565//4653 4557//4653
f 4557//4654 4565//4654 4566//4654
f 4557//4655 4566//4655 4558//4655
f 4558//4656 4566//4656 4567//4656
f 4558//4657 4567//4657 4475//4657
f 4475//4658 4567//4658 4482//4658
f 4475//4659 4482//4659 4462//4659
f 4462//4660 4482//4660 4463//4660
f 4490//4661 4488//4661 4491//4661
f 4491//4662 4488//4662 4487//4662
f 4491//4663 4487//4663 4559//4663
f 4559//4664 4487//4664 4568//4664
f 4559//4665 4568//4665 4560//4665
f 4560//4666 4568//4666 4569//4666
f 4560//4667 4569//4667 4561//4667
f 4561//4668 4569//4668 4570//4668
f 4561//4669 4570//4669 4562//4669
f 4562//4670 4570//4670 4571//4670
f 4562//4671 4571//4671 4563//4671
f 4563//4672 4571//4672 4572//4672
f 4563//4673 4572//4673 4564//4673
f 4564//4673 4572//4673 4573//4673
f 4564//4674 4573//4674 4565//4674
f 4565//4675 4573//4675 4574//4675
f 4565//4676 4574//4676 4566//4676
f 4566//4677 4574//4677 4575//4677
f 4566//4678 4575//4678 4567//4678
f 4567//4679 4575//4679 4576//4679
f 4567//4680 4576//4680 4482//4680
f 4482//4681 4576//4681 4474//4681
f 4482//4682 4474//4682 4458//4682
f 4458//4683 4474//4683 4459//4683
f 4486//4684 4484//4684 4487//4684
f 4487//4685 4484//4685 4472//4685
f 4487//4686 4472//4686 4568//4686
f 4568//4687 4472//4687 4577//4687
f 4568//4688 4577//4688 4569//4688
f 4569//4689 4577//4689 4578//4689
f 4569//4690 4578//4690 4570//4690
f 4570//4691 4578//4691 4579//4691
f 4570//4692 4579//4692 4571//4692
f 4571//4693 4579//4693 4580//4693
f 4571//4694 4580//4694 4572//4694
f 4572//4695 4580//4695 4581//4695
f 4572//4696 4581//4696 4573//4696
f 4573//4697 4581//4697 4582//4697
f 4573//4698 4582//4698 4574//4698
f 4574//4699 4582//4699 4583//4699
f 4574//4700 4583//4700 4575//4700
f 4575//4701 4583//4701 4584//4701
f 4575//4702 4584//4702 4576//4702
f 4576//4703 4584//4703 4585//4703
f 4576//4704 4585//4704 4474//4704
f 4474//4705 4585//4705 4483//4705
f 4474//4706 4483//4706 4460//4706
f 4460//4707 4483//4707 4454//4707
f 29//4708 4483//4708 32//4708
f 32//4709 4483//4709 4585//4709
f 32//4710 4585//4710 49//4710
f 49//4711 4585//4711 4584//4711
f 49//4712 4584//4712 51//4712
f 51//4713 4584//4713 4583//4713
f 51//4714 4583//4714 48//4714
f 48//4715 4583//4715 4582//4715
f 48//4716 4582//4716 44//4716
f 44//4717 4582//4717 4581//4717
f 44//4718 4581//4718 45//4718
f 45//4719 4581//4719 4580//4719
f 45//4720 4580//4720 41//4720
f 41//4721 4580//4721 4579//4721
f 41//4722 4579//4722 42//4722
f 42//4723 4579//4723 4578//4723
f 42//4724 4578//4724 40//4724
f 40//4725 4578//4725 4577//4725
f 40//4726 4577//4726 34//4726
f 34//4727 4577//4727 4472//4727
f 34//4728 4472//4728 35//4728
f 35//4729 4472//4729 4471//4729
f 35//4730 4471//4730 4473//4730
f 4448//4731 4453//4731 4586//4731
f 4452//4732 54//4732 380//4732
f 4587//4733 4588//4733 4589//4733
f 4590//4734 4591//4734 4592//4734
f 4593//4735 4594//4735 4595//4735
f 1499//4736 1498//4736 4596//4736
f 1497//4737 1496//4737 4597//4737
f 1806//4738 1805//4738 4598//4738
f 1793//4739 1794//4739 1808//4739
f 1495//4740 1493//4740 4599//4740
f 4599//4741 1493//4741 1492//4741
f 4600//4742 4601//4742 4602//4742
f 4602//4743 4601//4743 4603//4743
f 4604//4744 4605//4744 4606//4744
f 4606//4745 4605//4745 4607//4745
f 4587//4746 66//4746 4608//4746
f 4608//4747 66//4747 68//4747
f 4448//4748 4586//4748 4450//4748
f 4457//4749 4451//4749 4609//4749
f 4441//4750 4440//4750 4610//4750
f 4445//4751 4443//4751 4611//4751
f 4439//4752 4437//4752 4612//4752
f 1492//4753 1796//4753 4599//4753
f 4599//4754 1796//4754 1795//4754
f 4599//4754 1795//4754 4613//4754
f 4613//4755 1795//4755 1791//4755
f 4613//4756 1791//4756 4614//4756
f 4614//4757 1791//4757 1790//4757
f 4614//4757 1790//4757 4615//4757
f 4615//4758 1790//4758 1789//4758
f 4615//4758 1789//4758 4616//4758
f 4616//4759 1789//4759 1799//4759
f 4616//4759 1799//4759 4617//4759
f 4617//4760 1799//4760 1798//4760
f 4617//4760 1798//4760 4618//4760
f 4618//4761 1798//4761 1797//4761
f 4618//4762 1797//4762 4619//4762
f 4619//4763 1797//4763 1792//4763
f 4619//4764 1792//4764 4620//4764
f 4620//4765 1792//4765 1793//4765
f 4620//4766 1793//4766 4621//4766
f 4621//4767 1793//4767 1808//4767
f 1808//4768 1807//4768 4621//4768
f 4621//4769 1807//4769 4622//4769
f 4621//4770 4622//4770 4620//4770
f 4620//4771 4622//4771 4623//4771
f 4620//4772 4623//4772 4619//4772
f 4619//4773 4623//4773 4624//4773
f 4619//4774 4624//4774 4618//4774
f 4618//4775 4624//4775 4625//4775
f 4618//4776 4625//4776 4617//4776
f 4617//4777 4625//4777 4626//4777
f 4617//4778 4626//4778 4616//4778
f 4616//4779 4626//4779 4627//4779
f 4616//4780 4627//4780 4615//4780
f 4615//4780 4627//4780 4628//4780
f 4615//4781 4628//4781 4614//4781
f 4614//4781 4628//4781 4629//4781
f 4614//4782 4629//4782 4613//4782
f 4613//4783 4629//4783 4630//4783
f 4613//4784 4630//4784 4599//4784
f 4599//4785 4630//4785 4597//4785
f 4599//4786 4597//4786 1495//4786
f 1495//4787 4597//4787 1496//4787
f 1807//4788 1806//4788 4622//4788
f 4622//4789 1806//4789 4598//4789
f 4622//4790 4598//4790 4623//4790
f 4623//4791 4598//4791 4631//4791
f 4623//4792 4631//4792 4624//4792
f 4624//4793 4631//4793 4632//4793
f 4624//4794 4632//4794 4625//4794
f 4625//4795 4632//4795 4633//4795
f 4625//4796 4633//4796 4626//4796
f 4626//4797 4633//4797 4634//4797
f 4626//4798 4634//4798 4627//4798
f 4627//4798 4634//4798 4635//4798
f 4627//4799 4635//4799 4628//4799
f 4628//4799 4635//4799 4636//4799
f 4628//4800 4636//4800 4629//4800
f 4629//4801 4636//4801 4637//4801
f 4629//4802 4637//4802 4630//4802
f 4630//4803 4637//4803 4638//4803
f 4630//4804 4638//4804 4597//4804
f 4597//4805 4638//4805 4596//4805
f 4597//4806 4596//4806 1497//4806
f 1497//4807 4596//4807 1498//4807
f 1805//4808 4439//4808 4598//4808
f 4598//4809 4439//4809 4612//4809
f 4598//4810 4612//4810 4631//4810
f 4631//4811 4612//4811 4639//4811
f 4631//4812 4639//4812 4632//4812
f 4632//4813 4639//4813 4640//4813
f 4632//4814 4640//4814 4633//4814
f 4633//4815 4640//4815 4641//4815
f 4633//4816 4641//4816 4634//4816
f 4634//4817 4641//4817 4642//4817
f 4634//4818 4642//4818 4635//4818
f 4635//4819 4642//4819 4643//4819
f 4635//4820 4643//4820 4636//4820
f 4636//4821 4643//4821 4644//4821
f 4636//4822 4644//4822 4637//4822
f 4637//4823 4644//4823 4645//4823
f 4637//4824 4645//4824 4638//4824
f 4638//4825 4645//4825 4646//4825
f 4638//4826 4646//4826 4596//4826
f 4596//4827 4646//4827 4647//4827
f 4596//4828 4647//4828 1499//4828
f 1499//4829 4647//4829 4648//4829
f 1499//4830 4648//4830 4649//4830
f 4612//4831 4650//4831 4639//4831
f 4639//4832 4650//4832 4651//4832
f 4639//4833 4651//4833 4640//4833
f 4640//4834 4651//4834 4652//4834
f 4640//4835 4652//4835 4641//4835
f 4641//4836 4652//4836 4653//4836
f 4641//4837 4653//4837 4642//4837
f 4642//4838 4653//4838 4654//4838
f 4642//4839 4654//4839 4643//4839
f 4643//4839 4654//4839 4655//4839
f 4643//4840 4655//4840 4644//4840
f 4644//4841 4655//4841 4656//4841
f 4644//4842 4656//4842 4645//4842
f 4645//4843 4656//4843 4657//4843
f 4645//4844 4657//4844 4646//4844
f 4646//4845 4657//4845 4658//4845
f 4646//4846 4658//4846 4647//4846
f 4647//4847 4658//4847 4659//4847
f 4647//4848 4659//4848 4648//4848
f 4648//4849 4659//4849 4595//4849
f 4648//4850 4595//4850 4649//4850
f 4649//4851 4595//4851 4594//4851
f 4437//4852 4446//4852 4612//4852
f 4612//4853 4446//4853 4445//4853
f 4612//4854 4445//4854 4650//4854
f 4650//4855 4445//4855 4611//4855
f 4650//4856 4611//4856 4651//4856
f 4651//4857 4611//4857 4660//4857
f 4651//4858 4660//4858 4652//4858
f 4652//4859 4660//4859 4661//4859
f 4652//4860 4661//4860 4653//4860
f 4653//4861 4661//4861 4662//4861
f 4653//4862 4662//4862 4654//4862
f 4654//4863 4662//4863 4663//4863
f 4654//4864 4663//4864 4655//4864
f 4655//4865 4663//4865 4664//4865
f 4655//4866 4664//4866 4656//4866
f 4656//4866 4664//4866 4665//4866
f 4656//4867 4665//4867 4657//4867
f 4657//4868 4665//4868 4666//4868
f 4657//4869 4666//4869 4658//4869
f 4658//4870 4666//4870 4667//4870
f 4658//4871 4667//4871 4659//4871
f 4659//4872 4667//4872 4668//4872
f 4659//4873 4668//4873 4595//4873
f 4595//4874 4668//4874 4602//4874
f 4595//4875 4602//4875 4593//4875
f 4593//4876 4602//4876 4603//4876
f 4443//4877 4441//4877 4611//4877
f 4611//4878 4441//4878 4610//4878
f 4611//4879 4610//4879 4660//4879
f 4660//4880 4610//4880 4669//4880
f 4660//4881 4669//4881 4661//4881
f 4661//4882 4669//4882 4670//4882
f 4661//4883 4670//4883 4662//4883
f 4662//4884 4670//4884 4671//4884
f 4662//4885 4671//4885 4663//4885
f 4663//4886 4671//4886 4672//4886
f 4663//4887 4672//4887 4664//4887
f 4664//4887 4672//4887 4673//4887
f 4664//4888 4673//4888 4665//4888
f 4665//4889 4673//4889 4674//4889
f 4665//4890 4674//4890 4666//4890
f 4666//4891 4674//4891 4675//4891
f 4666//4892 4675//4892 4667//4892
f 4667//4893 4675//4893 4676//4893
f 4667//4894 4676//4894 4668//4894
f 4668//4895 4676//4895 4677//4895
f 4668//4896 4677//4896 4602//4896
f 4602//4897 4677//4897 4606//4897
f 4602//4898 4606//4898 4600//4898
f 4600//4899 4606//4899 4607//4899
f 4440//4900 4457//4900 4610//4900
f 4610//4901 4457//4901 4609//4901
f 4610//4902 4609//4902 4669//4902
f 4669//4903 4609//4903 4678//4903
f 4669//4904 4678//4904 4670//4904
f 4670//4905 4678//4905 4679//4905
f 4670//4906 4679//4906 4671//4906
f 4671//4907 4679//4907 4680//4907
f 4671//4908 4680//4908 4672//4908
f 4672//4909 4680//4909 4681//4909
f 4672//4910 4681//4910 4673//4910
f 4673//4911 4681//4911 4682//4911
f 4673//4912 4682//4912 4674//4912
f 4674//4913 4682//4913 4683//4913
f 4674//4914 4683//4914 4675//4914
f 4675//4915 4683//4915 4684//4915
f 4675//4916 4684//4916 4676//4916
f 4676//4917 4684//4917 4685//4917
f 4676//4918 4685//4918 4677//4918
f 4677//4919 4685//4919 4686//4919
f 4677//4920 4686//4920 4606//4920
f 4606//4921 4686//4921 4592//4921
f 4606//4922 4592//4922 4604//4922
f 4604//4923 4592//4923 4591//4923
f 4451//4924 4450//4924 4609//4924
f 4609//4925 4450//4925 4586//4925
f 4609//4926 4586//4926 4678//4926
f 4678//4927 4586//4927 4687//4927
f 4678//4928 4687//4928 4679//4928
f 4679//4929 4687//4929 4688//4929
f 4679//4930 4688//4930 4680//4930
f 4680//4931 4688//4931 4689//4931
f 4680//4932 4689//4932 4681//4932
f 4681//4933 4689//4933 4690//4933
f 4681//4934 4690//4934 4682//4934
f 4682//4935 4690//4935 4691//4935
f 4682//4936 4691//4936 4683//4936
f 4683//4937 4691//4937 4692//4937
f 4683//4938 4692//4938 4684//4938
f 4684//4939 4692//4939 4693//4939
f 4684//4940 4693//4940 4685//4940
f 4685//4941 4693//4941 4694//4941
f 4685//4942 4694//4942 4686//4942
f 4686//4943 4694//4943 4695//4943
f 4686//4944 4695//4944 4592//4944
f 4592//4945 4695//4945 4589//4945
f 4592//4946 4589//4946 4590//4946
f 4590//4947 4589//4947 4588//4947
f 4587//4948 4589//4948 66//4948
f 66//4949 4589//4949 4695//4949
f 66//4950 4695//4950 67//4950
f 67//4951 4695//4951 4694//4951
f 67//4952 4694//4952 63//4952
f 63//4953 4694//4953 4693//4953
f 63//4954 4693//4954 64//4954
f 64//4955 4693//4955 4692//4955
f 64//4956 4692//4956 660//4956
f 660//4957 4692//4957 4691//4957
f 660//4958 4691//4958 60//4958
f 60//4959 4691//4959 4690//4959
f 60//4960 4690//4960 61//4960
f 61//4961 4690//4961 4689//4961
f 61//4962 4689//4962 57//4962
f 57//4963 4689//4963 4688//4963
f 57//4964 4688//4964 58//4964
f 58//4965 4688//4965 4687//4965
f 58//4966 4687//4966 455//4966
f 455//4967 4687//4967 4586//4967
f 455//4968 4586//4968 380//4968
f 380//4969 4586//4969 4453//4969
f 380//4970 4453//4970 4452//4970
f 4696//4971 76//4971 75//4971
f 4697//4972 4698//4972 4699//4972
f 4501//4973 1500//4973 1502//4973
f 4649//4974 4700//4974 1499//4974
f 4601//4975 4600//4975 4701//4975
f 4588//4976 4587//4976 70//4976
f 70//4977 4587//4977 4608//4977
f 70//4978 4608//4978 68//4978
f 4591//4979 4590//4979 4702//4979
f 4702//4980 4590//4980 4588//4980
f 4702//4981 4588//4981 4703//4981
f 4703//4982 4588//4982 70//4982
f 4703//4983 70//4983 72//4983
f 4701//4984 4600//4984 4704//4984
f 4600//4985 4607//4985 4704//4985
f 4704//4986 4607//4986 4605//4986
f 4704//4987 4605//4987 4702//4987
f 4702//4988 4605//4988 4604//4988
f 4702//4989 4604//4989 4591//4989
f 4700//4990 4649//4990 4705//4990
f 4649//4991 4594//4991 4705//4991
f 4705//4992 4594//4992 4593//4992
f 4705//4993 4593//4993 4701//4993
f 4701//4994 4593//4994 4603//4994
f 4701//4995 4603//4995 4601//4995
f 4706//4996 1494//4996 1499//4996
f 4499//4997 4697//4997 4493//4997
f 4493//4998 4697//4998 4707//4998
f 4708//4999 4489//4999 4492//4999
f 4492//5000 4497//5000 4708//5000
f 4708//5001 4497//5001 4496//5001
f 4708//5002 4496//5002 4707//5002
f 4707//5003 4496//5003 4494//5003
f 4707//5004 4494//5004 4493//5004
f 4489//5005 4708//5005 4490//5005
f 4490//5006 4708//5006 4709//5006
f 4490//5007 4709//5007 4488//5007
f 4710//5008 4486//5008 4709//5008
f 4709//5009 4486//5009 4485//5009
f 4709//5010 4485//5010 4488//5010
f 4711//5011 4470//5011 4710//5011
f 4710//5012 4470//5012 4484//5012
f 4710//5013 4484//5013 4486//5013
f 37//5014 4473//5014 4711//5014
f 4711//5015 4473//5015 4471//5015
f 4711//5016 4471//5016 4470//5016
f 4697//4972 4699//4972 4707//4972
f 4707//5017 4699//5017 4712//5017
f 4707//5018 4712//5018 4708//5018
f 4708//5019 4712//5019 4713//5019
f 4708//5020 4713//5020 4709//5020
f 4709//5021 4713//5021 4714//5021
f 4709//5022 4714//5022 4710//5022
f 4710//5023 4714//5023 4696//5023
f 4710//5024 4696//5024 4711//5024
f 4711//5025 4696//5025 75//5025
f 4711//5026 75//5026 37//5026
f 4499//5027 4498//5027 4697//5027
f 4697//5028 4498//5028 4501//5028
f 4697//5029 4501//5029 4698//5029
f 4698//5030 4501//5030 1502//5030
f 4698//5031 1502//5031 1509//5031
f 76//5032 4696//5032 4715//5032
f 4715//5033 4696//5033 4714//5033
f 4715//5034 4714//5034 4716//5034
f 4716//5035 4714//5035 4713//5035
f 4716//5036 4713//5036 4717//5036
f 4717//5037 4713//5037 4712//5037
f 4717//5037 4712//5037 4718//5037
f 4718//5038 4712//5038 4699//5038
f 4718//5038 4699//5038 4719//5038
f 4719//5039 4699//5039 4698//5039
f 4719//5040 4698//5040 4720//5040
f 4720//5041 4698//5041 1509//5041
f 4720//5042 1509//5042 1494//5042
f 1494//5043 4706//5043 4720//5043
f 4720//5044 4706//5044 4721//5044
f 4720//5044 4721//5044 4719//5044
f 4719//5045 4721//5045 4722//5045
f 4719//5046 4722//5046 4718//5046
f 4718//5047 4722//5047 4723//5047
f 4718//5048 4723//5048 4717//5048
f 4717//5049 4723//5049 4724//5049
f 4717//5049 4724//5049 4716//5049
f 4716//5050 4724//5050 4725//5050
f 4716//5051 4725//5051 4715//5051
f 4715//5052 4725//5052 73//5052
f 4715//5053 73//5053 76//5053
f 1499//5054 4700//5054 4706//5054
f 4706//5055 4700//5055 4705//5055
f 4706//5055 4705//5055 4721//5055
f 4721//5056 4705//5056 4701//5056
f 4721//5057 4701//5057 4722//5057
f 4722//5058 4701//5058 4704//5058
f 4722//5059 4704//5059 4723//5059
f 4723//5060 4704//5060 4702//5060
f 4723//5061 4702//5061 4724//5061
f 4724//5062 4702//5062 4703//5062
f 4724//5063 4703//5063 4725//5063
f 4725//5064 4703//5064 72//5064
f 4725//5052 72//5052 73//5052
f 4726//5065 4727//5065 4728//5065
f 4729//5066 21//5066 95//5066
f 4728//5067 4730//5067 4731//5067
f 4731//5068 4730//5068 4732//5068
f 4731//5069 4732//5069 2030//5069
f 4733//5070 4734//5070 4735//5070
f 4735//5071 4734//5071 4736//5071
f 4735//5072 4736//5072 4737//5072
f 4737//5073 4736//5073 4738//5073
f 4737//5074 4738//5074 4728//5074
f 4728//5075 4738//5075 4739//5075
f 4728//5076 4739//5076 4730//5076
f 4740//5077 4741//5077 4742//5077
f 4742//5078 4741//5078 4743//5078
f 4742//5079 4743//5079 4744//5079
f 94//5080 4745//5080 4740//5080
f 4740//5081 4745//5081 4746//5081
f 4740//5082 4746//5082 4741//5082
f 94//5083 4740//5083 95//5083
f 95//5084 4740//5084 4747//5084
f 95//5085 4747//5085 4729//5085
f 4748//5086 4742//5086 4749//5086
f 4749//5087 4742//5087 4744//5087
f 4749//5088 4744//5088 4750//5088
f 4748//5089 4751//5089 4742//5089
f 4742//5090 4751//5090 4752//5090
f 4742//5091 4752//5091 4740//5091
f 4740//5092 4752//5092 4753//5092
f 4740//5093 4753//5093 4747//5093
f 4754//5094 4755//5094 4749//5094
f 4749//5095 4755//5095 4756//5095
f 4749//5096 4756//5096 4748//5096
f 4750//5097 4733//5097 4749//5097
f 4749//5098 4733//5098 4735//5098
f 4749//5099 4735//5099 4754//5099
f 4754//5100 4735//5100 4737//5100
f 4754//5101 4737//5101 4757//5101
f 4728//5102 4727//5102 4737//5102
f 4737//5103 4727//5103 4758//5103
f 4737//5104 4758//5104 4757//5104
f 2030//5105 2026//5105 4731//5105
f 4731//5106 2026//5106 2025//5106
f 4731//5107 2025//5107 4759//5107
f 4759//5108 4760//5108 4731//5108
f 4731//5109 4760//5109 4761//5109
f 4731//5110 4761//5110 4728//5110
f 4728//5111 4761//5111 4762//5111
f 4728//5112 4762//5112 4726//5112
f 4763//5113 4764//5113 4765//5113
f 4766//5114 77//5114 27//5114
f 4753//5115 4752//5115 4767//5115
f 4755//5116 4754//5116 4768//5116
f 4757//5117 4758//5117 4769//5117
f 4761//5118 4760//5118 4770//5118
f 2025//5119 2027//5119 4771//5119
f 2008//5120 4772//5120 2028//5120
f 4772//5121 2008//5121 4773//5121
f 2025//5122 4771//5122 4759//5122
f 4727//5123 4726//5123 4774//5123
f 4774//5124 4726//5124 4762//5124
f 4751//5125 4748//5125 4775//5125
f 4775//5126 4748//5126 4756//5126
f 4729//5127 4747//5127 4776//5127
f 4729//5128 4776//5128 21//5128
f 4763//5129 4765//5129 4777//5129
f 4778//5130 4779//5130 4780//5130
f 4778//5131 4780//5131 4781//5131
f 4782//5132 4783//5132 4784//5132
f 4782//5133 4784//5133 4785//5133
f 4786//5134 4787//5134 4788//5134
f 4788//5135 4787//5135 4789//5135
f 4788//5136 4789//5136 4790//5136
f 4791//5137 4792//5137 4793//5137
f 1980//5138 4794//5138 4795//5138
f 1980//5139 4795//5139 1981//5139
f 2001//5140 1985//5140 1984//5140
f 2008//5141 2007//5141 4773//5141
f 4773//5142 2007//5142 2006//5142
f 4773//5143 2006//5143 4796//5143
f 4796//5144 2006//5144 2005//5144
f 4796//5144 2005//5144 4797//5144
f 4797//5145 2005//5145 2011//5145
f 4797//5146 2011//5146 4798//5146
f 4798//5147 2011//5147 2010//5147
f 4798//5148 2010//5148 4799//5148
f 4799//5149 2010//5149 2009//5149
f 4799//5150 2009//5150 4800//5150
f 4800//5151 2009//5151 2004//5151
f 4800//5151 2004//5151 4801//5151
f 4801//5152 2004//5152 2003//5152
f 4801//5153 2003//5153 4802//5153
f 4802//5154 2003//5154 2002//5154
f 4802//5155 2002//5155 4803//5155
f 4803//5156 2002//5156 2001//5156
f 4803//5157 2001//5157 4804//5157
f 4804//5158 2001//5158 1984//5158
f 1984//5159 1983//5159 4804//5159
f 4804//5160 1983//5160 4805//5160
f 4804//5161 4805//5161 4803//5161
f 4803//5162 4805//5162 4806//5162
f 4803//5163 4806//5163 4802//5163
f 4802//5164 4806//5164 4807//5164
f 4802//5165 4807//5165 4801//5165
f 4801//5165 4807//5165 4808//5165
f 4801//5166 4808//5166 4800//5166
f 4800//5167 4808//5167 4809//5167
f 4800//5168 4809//5168 4799//5168
f 4799//5169 4809//5169 4810//5169
f 4799//5170 4810//5170 4798//5170
f 4798//5171 4810//5171 4811//5171
f 4798//5172 4811//5172 4797//5172
f 4797//5173 4811//5173 4812//5173
f 4797//5174 4812//5174 4796//5174
f 4796//5175 4812//5175 4813//5175
f 4796//5176 4813//5176 4773//5176
f 4773//5177 4813//5177 4814//5177
f 4773//5178 4814//5178 4772//5178
f 4772//5179 4814//5179 4771//5179
f 4772//5180 4771//5180 2028//5180
f 2028//5181 4771//5181 2027//5181
f 1983//5182 1982//5182 4805//5182
f 4805//5183 1982//5183 4815//5183
f 4805//5184 4815//5184 4806//5184
f 4806//5185 4815//5185 4816//5185
f 4806//5186 4816//5186 4807//5186
f 4807//5187 4816//5187 4817//5187
f 4807//5188 4817//5188 4808//5188
f 4808//5189 4817//5189 4818//5189
f 4808//5190 4818//5190 4809//5190
f 4809//5191 4818//5191 4819//5191
f 4809//5192 4819//5192 4810//5192
f 4810//5193 4819//5193 4820//5193
f 4810//5194 4820//5194 4811//5194
f 4811//5194 4820//5194 4821//5194
f 4811//5195 4821//5195 4812//5195
f 4812//5196 4821//5196 4822//5196
f 4812//5197 4822//5197 4813//5197
f 4813//5198 4822//5198 4823//5198
f 4813//5199 4823//5199 4814//5199
f 4814//5200 4823//5200 4824//5200
f 4814//5201 4824//5201 4771//5201
f 4771//5202 4824//5202 4770//5202
f 4771//5203 4770//5203 4759//5203
f 4759//5204 4770//5204 4760//5204
f 1982//5205 1981//5205 4815//5205
f 4815//5206 1981//5206 4795//5206
f 4815//5207 4795//5207 4816//5207
f 4816//5208 4795//5208 4825//5208
f 4816//5209 4825//5209 4817//5209
f 4817//5210 4825//5210 4826//5210
f 4817//5211 4826//5211 4818//5211
f 4818//5212 4826//5212 4827//5212
f 4818//5213 4827//5213 4819//5213
f 4819//5214 4827//5214 4828//5214
f 4819//5215 4828//5215 4820//5215
f 4820//5216 4828//5216 4829//5216
f 4820//5217 4829//5217 4821//5217
f 4821//5218 4829//5218 4830//5218
f 4821//5219 4830//5219 4822//5219
f 4822//5220 4830//5220 4831//5220
f 4822//5221 4831//5221 4823//5221
f 4823//5222 4831//5222 4832//5222
f 4823//5223 4832//5223 4824//5223
f 4824//5224 4832//5224 4833//5224
f 4824//5225 4833//5225 4770//5225
f 4770//5226 4833//5226 4774//5226
f 4770//5227 4774//5227 4761//5227
f 4761//5228 4774//5228 4762//5228
f 4794//5229 4791//5229 4795//5229
f 4795//5230 4791//5230 4793//5230
f 4795//5231 4793//5231 4825//5231
f 4825//5232 4793//5232 4834//5232
f 4825//5233 4834//5233 4826//5233
f 4826//5234 4834//5234 4835//5234
f 4826//5235 4835//5235 4827//5235
f 4827//5236 4835//5236 4836//5236
f 4827//5237 4836//5237 4828//5237
f 4828//5238 4836//5238 4837//5238
f 4828//5239 4837//5239 4829//5239
f 4829//5240 4837//5240 4838//5240
f 4829//5241 4838//5241 4830//5241
f 4830//5242 4838//5242 4839//5242
f 4830//5243 4839//5243 4831//5243
f 4831//5244 4839//5244 4840//5244
f 4831//5245 4840//5245 4832//5245
f 4832//5246 4840//5246 4841//5246
f 4832//5247 4841//5247 4833//5247
f 4833//5248 4841//5248 4842//5248
f 4833//5249 4842//5249 4774//5249
f 4774//5250 4842//5250 4769//5250
f 4774//5251 4769//5251 4727//5251
f 4727//5252 4769//5252 4758//5252
f 4792//5253 4786//5253 4793//5253
f 4793//5254 4786//5254 4788//5254
f 4793//5255 4788//5255 4834//5255
f 4834//5256 4788//5256 4843//5256
f 4834//5257 4843//5257 4835//5257
f 4835//5258 4843//5258 4844//5258
f 4835//5259 4844//5259 4836//5259
f 4836//5260 4844//5260 4845//5260
f 4836//5261 4845//5261 4837//5261
f 4837//5262 4845//5262 4846//5262
f 4837//5263 4846//5263 4838//5263
f 4838//5263 4846//5263 4847//5263
f 4838//5264 4847//5264 4839//5264
f 4839//5265 4847//5265 4848//5265
f 4839//5266 4848//5266 4840//5266
f 4840//5267 4848//5267 4849//5267
f 4840//5268 4849//5268 4841//5268
f 4841//5269 4849//5269 4850//5269
f 4841//5270 4850//5270 4842//5270
f 4842//5271 4850//5271 4851//5271
f 4842//5272 4851//5272 4769//5272
f 4769//5273 4851//5273 4768//5273
f 4769//5274 4768//5274 4757//5274
f 4757//5275 4768//5275 4754//5275
f 4790//5276 4785//5276 4788//5276
f 4788//5277 4785//5277 4784//5277
f 4788//5278 4784//5278 4843//5278
f 4843//5279 4784//5279 4852//5279
f 4843//5280 4852//5280 4844//5280
f 4844//5281 4852//5281 4853//5281
f 4844//5282 4853//5282 4845//5282
f 4845//5283 4853//5283 4854//5283
f 4845//5284 4854//5284 4846//5284
f 4846//5285 4854//5285 4855//5285
f 4846//5286 4855//5286 4847//5286
f 4847//5287 4855//5287 4856//5287
f 4847//5288 4856//5288 4848//5288
f 4848//5289 4856//5289 4857//5289
f 4848//5290 4857//5290 4849//5290
f 4849//5291 4857//5291 4858//5291
f 4849//5292 4858//5292 4850//5292
f 4850//5293 4858//5293 4859//5293
f 4850//5294 4859//5294 4851//5294
f 4851//5295 4859//5295 4860//5295
f 4851//5296 4860//5296 4768//5296
f 4768//5297 4860//5297 4775//5297
f 4768//5298 4775//5298 4755//5298
f 4755//5299 4775//5299 4756//5299
f 4783//5300 4781//5300 4784//5300
f 4784//5301 4781//5301 4780//5301
f 4784//5302 4780//5302 4852//5302
f 4852//5303 4780//5303 4861//5303
f 4852//5304 4861//5304 4853//5304
f 4853//5305 4861//5305 4862//5305
f 4853//5306 4862//5306 4854//5306
f 4854//5307 4862//5307 4863//5307
f 4854//5308 4863//5308 4855//5308
f 4855//5309 4863//5309 4864//5309
f 4855//5310 4864//5310 4856//5310
f 4856//5311 4864//5311 4865//5311
f 4856//5312 4865//5312 4857//5312
f 4857//5313 4865//5313 4866//5313
f 4857//5314 4866//5314 4858//5314
f 4858//5315 4866//5315 4867//5315
f 4858//5316 4867//5316 4859//5316
f 4859//5317 4867//5317 4868//5317
f 4859//5318 4868//5318 4860//5318
f 4860//5319 4868//5319 4869//5319
f 4860//5320 4869//5320 4775//5320
f 4775//5321 4869//5321 4767//5321
f 4775//5322 4767//5322 4751//5322
f 4751//5323 4767//5323 4752//5323
f 4779//5324 4777//5324 4780//5324
f 4780//5325 4777//5325 4765//5325
f 4780//5326 4765//5326 4861//5326
f 4861//5327 4765//5327 4870//5327
f 4861//5328 4870//5328 4862//5328
f 4862//5329 4870//5329 4871//5329
f 4862//5330 4871//5330 4863//5330
f 4863//5331 4871//5331 4872//5331
f 4863//5332 4872//5332 4864//5332
f 4864//5333 4872//5333 4873//5333
f 4864//5334 4873//5334 4865//5334
f 4865//5335 4873//5335 4874//5335
f 4865//5336 4874//5336 4866//5336
f 4866//5337 4874//5337 4875//5337
f 4866//5338 4875//5338 4867//5338
f 4867//5339 4875//5339 4876//5339
f 4867//5340 4876//5340 4868//5340
f 4868//5341 4876//5341 4877//5341
f 4868//5342 4877//5342 4869//5342
f 4869//5343 4877//5343 4878//5343
f 4869//5344 4878//5344 4767//5344
f 4767//5345 4878//5345 4776//5345
f 4767//5346 4776//5346 4753//5346
f 4753//5347 4776//5347 4747//5347
f 21//5348 4776//5348 24//5348
f 24//5349 4776//5349 4878//5349
f 24//5350 4878//5350 89//5350
f 89//5351 4878//5351 4877//5351
f 89//5352 4877//5352 91//5352
f 91//5353 4877//5353 4876//5353
f 91//5354 4876//5354 88//5354
f 88//5355 4876//5355 4875//5355
f 88//5356 4875//5356 84//5356
f 84//5357 4875//5357 4874//5357
f 84//5358 4874//5358 85//5358
f 85//5359 4874//5359 4873//5359
f 85//5359 4873//5359 81//5359
f 81//5360 4873//5360 4872//5360
f 81//5361 4872//5361 82//5361
f 82//5362 4872//5362 4871//5362
f 82//5363 4871//5363 80//5363
f 80//5364 4871//5364 4870//5364
f 80//5365 4870//5365 26//5365
f 26//5366 4870//5366 4765//5366
f 26//5367 4765//5367 27//5367
f 27//5368 4765//5368 4764//5368
f 27//5369 4764//5369 4766//5369
f 4741//5370 4746//5370 4879//5370
f 4745//5371 94//5371 268//5371
f 4880//5372 4881//5372 4882//5372
f 4883//5373 4884//5373 4885//5373
f 4886//5374 4887//5374 4888//5374
f 1978//5375 1977//5375 4889//5375
f 1976//5376 1975//5376 4890//5376
f 2031//5377 2030//5377 4891//5377
f 2018//5378 2019//5378 2033//5378
f 1974//5379 1972//5379 4892//5379
f 4892//5380 1972//5380 1971//5380
f 4893//5381 4894//5381 4895//5381
f 4895//5382 4894//5382 4896//5382
f 4897//5383 4898//5383 4899//5383
f 4899//5384 4898//5384 4900//5384
f 4880//5385 106//5385 4901//5385
f 4901//5386 106//5386 108//5386
f 4741//5387 4879//5387 4743//5387
f 4750//5388 4744//5388 4902//5388
f 4734//5389 4733//5389 4903//5389
f 4738//5390 4736//5390 4904//5390
f 4732//5391 4730//5391 4905//5391
f 1971//5392 2021//5392 4892//5392
f 4892//5393 2021//5393 2020//5393
f 4892//5393 2020//5393 4906//5393
f 4906//5394 2020//5394 2016//5394
f 4906//5395 2016//5395 4907//5395
f 4907//5396 2016//5396 2015//5396
f 4907//5396 2015//5396 4908//5396
f 4908//5397 2015//5397 2014//5397
f 4908//5397 2014//5397 4909//5397
f 4909//5398 2014//5398 2024//5398
f 4909//5399 2024//5399 4910//5399
f 4910//5400 2024//5400 2023//5400
f 4910//5401 2023//5401 4911//5401
f 4911//5402 2023//5402 2022//5402
f 4911//5403 2022//5403 4912//5403
f 4912//5404 2022//5404 2017//5404
f 4912//5404 2017//5404 4913//5404
f 4913//5405 2017//5405 2018//5405
f 4913//5405 2018//5405 4914//5405
f 4914//5406 2018//5406 2033//5406
f 2033//5407 2032//5407 4914//5407
f 4914//5408 2032//5408 4915//5408
f 4914//5409 4915//5409 4913//5409
f 4913//5410 4915//5410 4916//5410
f 4913//5411 4916//5411 4912//5411
f 4912//5412 4916//5412 4917//5412
f 4912//5413 4917//5413 4911//5413
f 4911//5414 4917//5414 4918//5414
f 4911//5415 4918//5415 4910//5415
f 4910//5415 4918//5415 4919//5415
f 4910//5416 4919//5416 4909//5416
f 4909//5417 4919//5417 4920//5417
f 4909//5418 4920//5418 4908//5418
f 4908//5419 4920//5419 4921//5419
f 4908//5420 4921//5420 4907//5420
f 4907//5421 4921//5421 4922//5421
f 4907//5422 4922//5422 4906//5422
f 4906//5423 4922//5423 4923//5423
f 4906//5424 4923//5424 4892//5424
f 4892//5425 4923//5425 4890//5425
f 4892//5426 4890//5426 1974//5426
f 1974//5427 4890//5427 1975//5427
f 2032//5428 2031//5428 4915//5428
f 4915//5429 2031//5429 4891//5429
f 4915//5430 4891//5430 4916//5430
f 4916//5431 4891//5431 4924//5431
f 4916//5432 4924//5432 4917//5432
f 4917//5433 4924//5433 4925//5433
f 4917//5434 4925//5434 4918//5434
f 4918//5435 4925//5435 4926//5435
f 4918//5436 4926//5436 4919//5436
f 4919//5437 4926//5437 4927//5437
f 4919//5438 4927//5438 4920//5438
f 4920//5439 4927//5439 4928//5439
f 4920//5440 4928//5440 4921//5440
f 4921//5440 4928//5440 4929//5440
f 4921//5441 4929//5441 4922//5441
f 4922//5442 4929//5442 4930//5442
f 4922//5443 4930//5443 4923//5443
f 4923//5444 4930//5444 4931//5444
f 4923//5445 4931//5445 4890//5445
f 4890//5446 4931//5446 4889//5446
f 4890//5447 4889//5447 1976//5447
f 1976//5448 4889//5448 1977//5448
f 2030//5449 4732//5449 4891//5449
f 4891//5450 4732//5450 4905//5450
f 4891//5451 4905//5451 4924//5451
f 4924//5452 4905//5452 4932//5452
f 4924//5453 4932//5453 4925//5453
f 4925//5454 4932//5454 4933//5454
f 4925//5455 4933//5455 4926//5455
f 4926//5456 4933//5456 4934//5456
f 4926//5457 4934//5457 4927//5457
f 4927//5458 4934//5458 4935//5458
f 4927//5459 4935//5459 4928//5459
f 4928//5460 4935//5460 4936//5460
f 4928//5461 4936//5461 4929//5461
f 4929//5462 4936//5462 4937//5462
f 4929//5463 4937//5463 4930//5463
f 4930//5464 4937//5464 4938//5464
f 4930//5465 4938//5465 4931//5465
f 4931//5466 4938//5466 4939//5466
f 4931//5467 4939//5467 4889//5467
f 4889//5468 4939//5468 4940//5468
f 4889//5469 4940//5469 1978//5469
f 1978//5470 4940//5470 4941//5470
f 1978//5471 4941//5471 4942//5471
f 4905//5472 4943//5472 4932//5472
f 4932//5473 4943//5473 4944//5473
f 4932//5474 4944//5474 4933//5474
f 4933//5475 4944//5475 4945//5475
f 4933//5476 4945//5476 4934//5476
f 4934//5477 4945//5477 4946//5477
f 4934//5478 4946//5478 4935//5478
f 4935//5479 4946//5479 4947//5479
f 4935//5480 4947//5480 4936//5480
f 4936//5481 4947//5481 4948//5481
f 4936//5482 4948//5482 4937//5482
f 4937//5482 4948//5482 4949//5482
f 4937//5483 4949//5483 4938//5483
f 4938//5484 4949//5484 4950//5484
f 4938//5485 4950//5485 4939//5485
f 4939//5486 4950//5486 4951//5486
f 4939//5487 4951//5487 4940//5487
f 4940//5488 4951//5488 4952//5488
f 4940//5489 4952//5489 4941//5489
f 4941//5490 4952//5490 4888//5490
f 4941//5491 4888//5491 4942//5491
f 4942//5492 4888//5492 4887//5492
f 4730//5493 4739//5493 4905//5493
f 4905//5494 4739//5494 4738//5494
f 4905//5495 4738//5495 4943//5495
f 4943//5496 4738//5496 4904//5496
f 4943//5497 4904//5497 4944//5497
f 4944//5498 4904//5498 4953//5498
f 4944//5499 4953//5499 4945//5499
f 4945//5500 4953//5500 4954//5500
f 4945//5501 4954//5501 4946//5501
f 4946//5502 4954//5502 4955//5502
f 4946//5503 4955//5503 4947//5503
f 4947//5504 4955//5504 4956//5504
f 4947//5505 4956//5505 4948//5505
f 4948//5506 4956//5506 4957//5506
f 4948//5507 4957//5507 4949//5507
f 4949//5507 4957//5507 4958//5507
f 4949//5508 4958//5508 4950//5508
f 4950//5509 4958//5509 4959//5509
f 4950//5510 4959//5510 4951//5510
f 4951//5511 4959//5511 4960//5511
f 4951//5512 4960//5512 4952//5512
f 4952//5513 4960//5513 4961//5513
f 4952//5514 4961//5514 4888//5514
f 4888//5515 4961//5515 4895//5515
f 4888//5516 4895//5516 4886//5516
f 4886//5517 4895//5517 4896//5517
f 4736//5518 4734//5518 4904//5518
f 4904//5519 4734//5519 4903//5519
f 4904//5520 4903//5520 4953//5520
f 4953//5521 4903//5521 4962//5521
f 4953//5522 4962//5522 4954//5522
f 4954//5523 4962//5523 4963//5523
f 4954//5524 4963//5524 4955//5524
f 4955//5525 4963//5525 4964//5525
f 4955//5526 4964//5526 4956//5526
f 4956//5527 4964//5527 4965//5527
f 4956//5528 4965//5528 4957//5528
f 4957//5529 4965//5529 4966//5529
f 4957//5530 4966//5530 4958//5530
f 4958//5531 4966//5531 4967//5531
f 4958//5532 4967//5532 4959//5532
f 4959//5533 4967//5533 4968//5533
f 4959//5534 4968//5534 4960//5534
f 4960//5535 4968//5535 4969//5535
f 4960//5536 4969//5536 4961//5536
f 4961//5537 4969//5537 4970//5537
f 4961//5538 4970//5538 4895//5538
f 4895//5539 4970//5539 4899//5539
f 4895//5540 4899//5540 4893//5540
f 4893//5541 4899//5541 4900//5541
f 4733//5542 4750//5542 4903//5542
f 4903//5543 4750//5543 4902//5543
f 4903//5544 4902//5544 4962//5544
f 4962//5545 4902//5545 4971//5545
f 4962//5546 4971//5546 4963//5546
f 4963//5547 4971//5547 4972//5547
f 4963//5548 4972//5548 4964//5548
f 4964//5549 4972//5549 4973//5549
f 4964//5550 4973//5550 4965//5550
f 4965//5551 4973//5551 4974//5551
f 4965//5552 4974//5552 4966//5552
f 4966//5553 4974//5553 4975//5553
f 4966//5554 4975//5554 4967//5554
f 4967//5555 4975//5555 4976//5555
f 4967//5556 4976//5556 4968//5556
f 4968//5557 4976//5557 4977//5557
f 4968//5558 4977//5558 4969//5558
f 4969//5559 4977//5559 4978//5559
f 4969//5560 4978//5560 4970//5560
f 4970//5561 4978//5561 4979//5561
f 4970//5562 4979//5562 4899//5562
f 4899//5563 4979//5563 4885//5563
f 4899//5564 4885//5564 4897//5564
f 4897//5565 4885//5565 4884//5565
f 4744//5566 4743//5566 4902//5566
f 4902//5567 4743//5567 4879//5567
f 4902//5568 4879//5568 4971//5568
f 4971//5569 4879//5569 4980//5569
f 4971//5570 4980//5570 4972//5570
f 4972//5571 4980//5571 4981//5571
f 4972//5572 4981//5572 4973//5572
f 4973//5573 4981//5573 4982//5573
f 4973//5574 4982//5574 4974//5574
f 4974//5575 4982//5575 4983//5575
f 4974//5576 4983//5576 4975//5576
f 4975//5576 4983//5576 4984//5576
f 4975//5577 4984//5577 4976//5577
f 4976//5578 4984//5578 4985//5578
f 4976//5579 4985//5579 4977//5579
f 4977//5580 4985//5580 4986//5580
f 4977//5581 4986//5581 4978//5581
f 4978//5582 4986//5582 4987//5582
f 4978//5583 4987//5583 4979//5583
f 4979//5584 4987//5584 4988//5584
f 4979//5585 4988//5585 4885//5585
f 4885//5586 4988//5586 4882//5586
f 4885//5587 4882//5587 4883//5587
f 4883//5588 4882//5588 4881//5588
f 4880//5589 4882//5589 106//5589
f 106//5590 4882//5590 4988//5590
f 106//5591 4988//5591 107//5591
f 107//5592 4988//5592 4987//5592
f 107//5593 4987//5593 103//5593
f 103//5594 4987//5594 4986//5594
f 103//5595 4986//5595 104//5595
f 104//5596 4986//5596 4985//5596
f 104//5597 4985//5597 600//5597
f 600//5598 4985//5598 4984//5598
f 600//5599 4984//5599 100//5599
f 100//5600 4984//5600 4983//5600
f 100//5601 4983//5601 101//5601
f 101//5602 4983//5602 4982//5602
f 101//5603 4982//5603 97//5603
f 97//5604 4982//5604 4981//5604
f 97//5605 4981//5605 98//5605
f 98//5606 4981//5606 4980//5606
f 98//5607 4980//5607 395//5607
f 395//5608 4980//5608 4879//5608
f 395//5609 4879//5609 268//5609
f 268//5610 4879//5610 4746//5610
f 268//5611 4746//5611 4745//5611
f 4989//5612 116//5612 115//5612
f 4990//5613 4991//5613 4992//5613
f 4794//5614 1980//5614 1979//5614
f 4942//5615 4993//5615 1978//5615
f 4894//5616 4893//5616 4994//5616
f 4881//5617 4880//5617 110//5617
f 110//5618 4880//5618 4901//5618
f 110//5619 4901//5619 108//5619
f 4884//5620 4883//5620 4995//5620
f 4995//5621 4883//5621 4881//5621
f 4995//5622 4881//5622 4996//5622
f 4996//5623 4881//5623 110//5623
f 4996//5624 110//5624 112//5624
f 4994//5625 4893//5625 4997//5625
f 4893//5626 4900//5626 4997//5626
f 4997//5627 4900//5627 4898//5627
f 4997//5628 4898//5628 4995//5628
f 4995//5629 4898//5629 4897//5629
f 4995//5630 4897//5630 4884//5630
f 4993//5631 4942//5631 4998//5631
f 4942//5632 4887//5632 4998//5632
f 4998//5633 4887//5633 4886//5633
f 4998//5634 4886//5634 4994//5634
f 4994//5635 4886//5635 4896//5635
f 4994//5636 4896//5636 4894//5636
f 4999//5637 1973//5637 1978//5637
f 4792//5638 4990//5638 4786//5638
f 4786//5639 4990//5639 5000//5639
f 5001//5640 4782//5640 4785//5640
f 4785//5641 4790//5641 5001//5641
f 5001//5642 4790//5642 4789//5642
f 5001//5643 4789//5643 5000//5643
f 5000//5644 4789//5644 4787//5644
f 5000//5645 4787//5645 4786//5645
f 4782//5646 5001//5646 4783//5646
f 4783//5647 5001//5647 5002//5647
f 4783//5648 5002//5648 4781//5648
f 5003//5649 4779//5649 5002//5649
f 5002//5650 4779//5650 4778//5650
f 5002//5651 4778//5651 4781//5651
f 5004//5652 4763//5652 5003//5652
f 5003//5653 4763//5653 4777//5653
f 5003//5654 4777//5654 4779//5654
f 77//5655 4766//5655 5004//5655
f 5004//5656 4766//5656 4764//5656
f 5004//5657 4764//5657 4763//5657
f 4990//5658 4992//5658 5000//5658
f 5000//5659 4992//5659 5005//5659
f 5000//5660 5005//5660 5001//5660
f 5001//5661 5005//5661 5006//5661
f 5001//5662 5006//5662 5002//5662
f 5002//5663 5006//5663 5007//5663
f 5002//5664 5007//5664 5003//5664
f 5003//5665 5007//5665 4989//5665
f 5003//5666 4989//5666 5004//5666
f 5004//5667 4989//5667 115//5667
f 5004//5668 115//5668 77//5668
f 4792//5669 4791//5669 4990//5669
f 4990//5670 4791//5670 4794//5670
f 4990//5671 4794//5671 4991//5671
f 4991//5672 4794//5672 1979//5672
f 4991//5673 1979//5673 1986//5673
f 116//5674 4989//5674 5008//5674
f 5008//5675 4989//5675 5007//5675
f 5008//5676 5007//5676 5009//5676
f 5009//5677 5007//5677 5006//5677
f 5009//5677 5006//5677 5010//5677
f 5010//5678 5006//5678 5005//5678
f 5010//5679 5005//5679 5011//5679
f 5011//5680 5005//5680 4992//5680
f 5011//5680 4992//5680 5012//5680
f 5012//5681 4992//5681 4991//5681
f 5012//5681 4991//5681 5013//5681
f 5013//5682 4991//5682 1986//5682
f 5013//5683 1986//5683 1973//5683
f 1973//5684 4999//5684 5013//5684
f 5013//5685 4999//5685 5014//5685
f 5013//5685 5014//5685 5012//5685
f 5012//5686 5014//5686 5015//5686
f 5012//5687 5015//5687 5011//5687
f 5011//5688 5015//5688 5016//5688
f 5011//5689 5016//5689 5010//5689
f 5010//5690 5016//5690 5017//5690
f 5010//5690 5017//5690 5009//5690
f 5009//5691 5017//5691 5018//5691
f 5009//5692 5018//5692 5008//5692
f 5008//5693 5018//5693 113//5693
f 5008//5694 113//5694 116//5694
f 1978//5695 4993//5695 4999//5695
f 4999//5696 4993//5696 4998//5696
f 4999//5696 4998//5696 5014//5696
f 5014//5697 4998//5697 4994//5697
f 5014//5698 4994//5698 5015//5698
f 5015//5699 4994//5699 4997//5699
f 5015//5700 4997//5700 5016//5700
f 5016//5701 4997//5701 4995//5701
f 5016//5702 4995//5702 5017//5702
f 5017//5703 4995//5703 4996//5703
f 5017//5704 4996//5704 5018//5704
f 5018//5705 4996//5705 112//5705
f 5018//5706 112//5706 113//5706
f 5019//5707 5020//5707 1560//5707
f 1560//5708 5020//5708 5021//5708
f 1560//5709 5021//5709 1561//5709
f 1561//5710 5021//5710 5022//5710
f 1561//5711 5022//5711 1958//5711
f 1958//5712 5022//5712 5023//5712
f 1958//5713 5023//5713 1959//5713
f 5023//5714 5024//5714 1959//5714
f 1959//5715 5024//5715 5025//5715
f 1959//5716 5025//5716 1960//5716
f 1960//5717 5025//5717 5026//5717
f 1960//5718 5026//5718 1961//5718
f 5026//5719 5027//5719 1961//5719
f 1961//5720 5027//5720 5028//5720
f 1961//5721 5028//5721 1964//5721
f 1964//5722 5028//5722 5029//5722
f 1964//5723 5029//5723 1963//5723
f 1963//5724 5029//5724 5030//5724
f 1963//5725 5030//5725 1962//5725
f 5030//5726 5031//5726 1962//5726
f 1962//5727 5031//5727 5032//5727
f 1962//5728 5032//5728 1965//5728
f 1965//5729 5032//5729 5033//5729
f 1965//5730 5033//5730 1966//5730
f 1966//5731 5033//5731 5034//5731
f 5034//5732 5035//5732 1966//5732
f 1966//5733 5035//5733 5036//5733
f 1966//5734 5036//5734 1967//5734
f 1967//5735 5036//5735 5037//5735
f 1967//5736 5037//5736 1968//5736
f 1968//5737 5037//5737 5038//5737
f 1968//5738 5038//5738 1969//5738
f 1969//5739 5038//5739 2012//5739
f 1969//5740 2012//5740 1970//5740
f 1569//5741 1839//5741 1560//5741
f 1560//5742 1839//5742 5039//5742
f 1560//5743 5039//5743 5019//5743
f 5040//5744 5041//5744 1998//5744
f 5042//5745 1989//5745 2000//5745
f 2000//5746 1989//5746 1988//5746
f 2000//5747 1988//5747 1987//5747
f 5043//5748 5044//5748 1991//5748
f 5042//5749 5045//5749 1989//5749
f 1989//5750 5045//5750 5043//5750
f 1989//5751 5043//5751 1990//5751
f 1990//5752 5043//5752 1991//5752
f 5046//5753 5047//5753 1993//5753
f 5044//5754 5048//5754 1991//5754
f 1991//5755 5048//5755 5046//5755
f 1991//5756 5046//5756 1992//5756
f 1992//5757 5046//5757 1993//5757
f 5049//5758 5050//5758 1995//5758
f 5047//5759 5051//5759 1993//5759
f 1993//5760 5051//5760 5049//5760
f 1993//5761 5049//5761 1994//5761
f 1994//5762 5049//5762 1995//5762
f 5050//5763 5052//5763 1995//5763
f 1995//5764 5052//5764 5053//5764
f 1995//5765 5053//5765 1996//5765
f 1996//5766 5053//5766 5054//5766
f 5054//5767 5055//5767 1996//5767
f 1996//5768 5055//5768 5056//5768
f 1996//5769 5056//5769 1997//5769
f 5040//5770 1998//5770 5057//5770
f 1997//5771 5056//5771 1998//5771
f 1998//5772 5056//5772 5058//5772
f 1998//5773 5058//5773 5057//5773
f 5059//5774 1544//5774 5041//5774
f 5041//5775 1544//5775 1543//5775
f 5041//5776 1543//5776 1998//5776
f 5059//5777 5060//5777 1544//5777
f 1544//5778 5060//5778 5061//5778
f 1544//5779 5061//5779 1549//5779
f 1549//5780 5061//5780 5062//5780
f 1549//5781 5062//5781 1846//5781
f 1849//5782 1848//5782 5063//5782
f 5037//5783 5036//5783 5064//5783
f 5030//5784 5029//5784 5065//5784
f 5039//5785 1839//5785 1841//5785
f 2029//5786 2013//5786 2012//5786
f 2029//5787 2012//5787 5066//5787
f 5043//5788 5045//5788 5067//5788
f 5067//5789 5045//5789 5042//5789
f 5067//5790 5042//5790 5068//5790
f 5068//5791 5042//5791 2000//5791
f 5047//5792 5046//5792 5069//5792
f 5069//5793 5046//5793 5048//5793
f 5069//5794 5048//5794 5067//5794
f 5067//5795 5048//5795 5044//5795
f 5067//5796 5044//5796 5043//5796
f 5047//5797 5069//5797 5051//5797
f 5051//5798 5069//5798 5070//5798
f 5051//5799 5070//5799 5049//5799
f 5054//5800 5053//5800 5071//5800
f 5071//5801 5053//5801 5052//5801
f 5071//5802 5052//5802 5070//5802
f 5070//5803 5052//5803 5050//5803
f 5070//5804 5050//5804 5049//5804
f 5054//5805 5071//5805 5055//5805
f 5055//5806 5071//5806 5072//5806
f 5055//5807 5072//5807 5056//5807
f 5073//5808 5059//5808 5041//5808
f 5041//5809 5040//5809 5073//5809
f 5073//5810 5040//5810 5057//5810
f 5073//5811 5057//5811 5072//5811
f 5072//5812 5057//5812 5058//5812
f 5072//5813 5058//5813 5056//5813
f 5059//5814 5073//5814 5060//5814
f 5060//5815 5073//5815 5063//5815
f 5060//5816 5063//5816 5061//5816
f 1848//5817 1846//5817 5063//5817
f 5063//5818 1846//5818 5062//5818
f 5063//5819 5062//5819 5061//5819
f 5023//5820 5074//5820 5024//5820
f 5024//5821 5074//5821 5075//5821
f 5024//5822 5075//5822 5025//5822
f 5023//5823 5022//5823 5074//5823
f 5074//5824 5022//5824 5021//5824
f 5074//5825 5021//5825 5076//5825
f 5076//5826 5021//5826 5020//5826
f 5076//5827 5020//5827 5019//5827
f 5065//5828 5029//5828 5077//5828
f 5029//5829 5028//5829 5077//5829
f 5077//5830 5028//5830 5027//5830
f 5077//5831 5027//5831 5075//5831
f 5075//5832 5027//5832 5026//5832
f 5075//5833 5026//5833 5025//5833
f 5064//5834 5036//5834 5078//5834
f 5078//5835 5036//5835 5035//5835
f 5078//5836 5035//5836 5034//5836
f 5034//5837 5033//5837 5078//5837
f 5078//5838 5033//5838 5032//5838
f 5078//5839 5032//5839 5065//5839
f 5065//5840 5032//5840 5031//5840
f 5065//5841 5031//5841 5030//5841
f 5037//5842 5064//5842 5038//5842
f 5038//5843 5064//5843 5079//5843
f 5038//5844 5079//5844 2012//5844
f 1999//5845 2029//5845 2000//5845
f 2000//5846 2029//5846 5066//5846
f 2000//5847 5066//5847 5068//5847
f 5068//5848 5066//5848 5080//5848
f 5068//5848 5080//5848 5067//5848
f 5067//5849 5080//5849 5081//5849
f 5067//5850 5081//5850 5069//5850
f 5069//5851 5081//5851 5082//5851
f 5069//5851 5082//5851 5070//5851
f 5070//5852 5082//5852 5083//5852
f 5070//5853 5083//5853 5071//5853
f 5071//5854 5083//5854 5084//5854
f 5071//5854 5084//5854 5072//5854
f 5072//5855 5084//5855 5085//5855
f 5072//5855 5085//5855 5073//5855
f 5073//5856 5085//5856 5086//5856
f 5073//5856 5086//5856 5063//5856
f 5063//5857 5086//5857 1844//5857
f 5063//5858 1844//5858 1849//5858
f 1845//5859 5076//5859 1841//5859
f 1841//5860 5076//5860 5019//5860
f 1841//5861 5019//5861 5039//5861
f 2012//5862 5079//5862 5066//5862
f 5066//5863 5079//5863 5064//5863
f 5066//5864 5064//5864 5080//5864
f 5080//5865 5064//5865 5078//5865
f 5080//5866 5078//5866 5081//5866
f 5081//5867 5078//5867 5065//5867
f 5081//5867 5065//5867 5082//5867
f 5082//5868 5065//5868 5077//5868
f 5082//5868 5077//5868 5083//5868
f 5083//5869 5077//5869 5075//5869
f 5083//5869 5075//5869 5084//5869
f 5084//5870 5075//5870 5074//5870
f 5084//5870 5074//5870 5085//5870
f 5085//5871 5074//5871 5076//5871
f 5085//5871 5076//5871 5086//5871
f 5086//5872 5076//5872 1845//5872
f 5086//5873 1845//5873 1844//5873
f 5087//5874 5088//5874 1603//5874
f 1603//5875 5088//5875 5089//5875
f 1603//5876 5089//5876 1604//5876
f 1604//5877 5089//5877 5090//5877
f 1604//5878 5090//5878 2034//5878
f 2034//5879 5090//5879 5091//5879
f 2034//5880 5091//5880 2035//5880
f 5091//5881 5092//5881 2035//5881
f 2035//5882 5092//5882 5093//5882
f 2035//5883 5093//5883 2036//5883
f 2036//5884 5093//5884 5094//5884
f 2036//5885 5094//5885 2037//5885
f 5094//5886 5095//5886 2037//5886
f 2037//5887 5095//5887 5096//5887
f 2037//5888 5096//5888 2040//5888
f 2040//5889 5096//5889 5097//5889
f 2040//5890 5097//5890 2039//5890
f 2039//5891 5097//5891 5098//5891
f 2039//5892 5098//5892 2038//5892
f 5098//5893 5099//5893 2038//5893
f 2038//5894 5099//5894 5100//5894
f 2038//5895 5100//5895 2041//5895
f 2041//5896 5100//5896 5101//5896
f 2041//5897 5101//5897 2042//5897
f 2042//5898 5101//5898 5102//5898
f 5102//5899 5103//5899 2042//5899
f 2042//5900 5103//5900 5104//5900
f 2042//5901 5104//5901 2043//5901
f 2043//5902 5104//5902 5105//5902
f 2043//5903 5105//5903 2044//5903
f 2044//5904 5105//5904 5106//5904
f 2044//5905 5106//5905 2045//5905
f 2045//5906 5106//5906 2088//5906
f 2045//5907 2088//5907 2046//5907
f 1602//5908 1828//5908 1603//5908
f 1603//5909 1828//5909 5107//5909
f 1603//5910 5107//5910 5087//5910
f 5108//5911 5109//5911 2074//5911
f 5110//5912 2065//5912 2076//5912
f 2076//5913 2065//5913 2064//5913
f 2076//5914 2064//5914 2063//5914
f 5111//5915 5112//5915 2067//5915
f 5110//5916 5113//5916 2065//5916
f 2065//5917 5113//5917 5111//5917
f 2065//5918 5111//5918 2066//5918
f 2066//5919 5111//5919 2067//5919
f 5114//5920 5115//5920 2069//5920
f 5112//5921 5116//5921 2067//5921
f 2067//5922 5116//5922 5114//5922
f 2067//5923 5114//5923 2068//5923
f 2068//5924 5114//5924 2069//5924
f 5117//5925 5118//5925 2071//5925
f 5115//5926 5119//5926 2069//5926
f 2069//5927 5119//5927 5117//5927
f 2069//5928 5117//5928 2070//5928
f 2070//5929 5117//5929 2071//5929
f 5118//5930 5120//5930 2071//5930
f 2071//5931 5120//5931 5121//5931
f 2071//5932 5121//5932 2072//5932
f 2072//5933 5121//5933 5122//5933
f 5122//5934 5123//5934 2072//5934
f 2072//5935 5123//5935 5124//5935
f 2072//5936 5124//5936 2073//5936
f 5108//5937 2074//5937 5125//5937
f 2073//5938 5124//5938 2074//5938
f 2074//5939 5124//5939 5126//5939
f 2074//5940 5126//5940 5125//5940
f 5127//5941 1621//5941 5109//5941
f 5109//5942 1621//5942 1609//5942
f 5109//5943 1609//5943 2074//5943
f 5127//5944 5128//5944 1621//5944
f 1621//5945 5128//5945 5129//5945
f 1621//5946 5129//5946 1620//5946
f 1620//5947 5129//5947 5130//5947
f 1620//5948 5130//5948 1833//5948
f 1837//5949 1836//5949 5131//5949
f 5105//5950 5104//5950 5132//5950
f 5098//5951 5097//5951 5133//5951
f 5107//5952 1828//5952 1830//5952
f 2105//5953 2089//5953 2088//5953
f 2105//5954 2088//5954 5134//5954
f 5111//5955 5113//5955 5135//5955
f 5135//5956 5113//5956 5110//5956
f 5135//5957 5110//5957 5136//5957
f 5136//5958 5110//5958 2076//5958
f 5115//5959 5114//5959 5137//5959
f 5137//5960 5114//5960 5116//5960
f 5137//5961 5116//5961 5135//5961
f 5135//5962 5116//5962 5112//5962
f 5135//5963 5112//5963 5111//5963
f 5115//5964 5137//5964 5119//5964
f 5119//5965 5137//5965 5138//5965
f 5119//5966 5138//5966 5117//5966
f 5122//5967 5121//5967 5139//5967
f 5139//5968 5121//5968 5120//5968
f 5139//5969 5120//5969 5138//5969
f 5138//5970 5120//5970 5118//5970
f 5138//5971 5118//5971 5117//5971
f 5122//5972 5139//5972 5123//5972
f 5123//5973 5139//5973 5140//5973
f 5123//5974 5140//5974 5124//5974
f 5141//5975 5127//5975 5109//5975
f 5109//5976 5108//5976 5141//5976
f 5141//5977 5108//5977 5125//5977
f 5141//5978 5125//5978 5140//5978
f 5140//5979 5125//5979 5126//5979
f 5140//5980 5126//5980 5124//5980
f 5127//5981 5141//5981 5128//5981
f 5128//5982 5141//5982 5131//5982
f 5128//5983 5131//5983 5129//5983
f 1836//5984 1833//5984 5131//5984
f 5131//5985 1833//5985 5130//5985
f 5131//5986 5130//5986 5129//5986
f 5091//5987 5142//5987 5092//5987
f 5092//5988 5142//5988 5143//5988
f 5092//5989 5143//5989 5093//5989
f 5091//5990 5090//5990 5142//5990
f 5142//5991 5090//5991 5089//5991
f 5142//5992 5089//5992 5144//5992
f 5144//5993 5089//5993 5088//5993
f 5144//5994 5088//5994 5087//5994
f 5133//5995 5097//5995 5145//5995
f 5097//5996 5096//5996 5145//5996
f 5145//5997 5096//5997 5095//5997
f 5145//5998 5095//5998 5143//5998
f 5143//5999 5095//5999 5094//5999
f 5143//6000 5094//6000 5093//6000
f 5132//6001 5104//6001 5146//6001
f 5146//6002 5104//6002 5103//6002
f 5146//6003 5103//6003 5102//6003
f 5102//6004 5101//6004 5146//6004
f 5146//6005 5101//6005 5100//6005
f 5146//6006 5100//6006 5133//6006
f 5133//6007 5100//6007 5099//6007
f 5133//6008 5099//6008 5098//6008
f 5105//6009 5132//6009 5106//6009
f 5106//6010 5132//6010 5147//6010
f 5106//6011 5147//6011 2088//6011
f 2075//6012 2105//6012 2076//6012
f 2076//6013 2105//6013 5134//6013
f 2076//6014 5134//6014 5136//6014
f 5136//6015 5134//6015 5148//6015
f 5136//6015 5148//6015 5135//6015
f 5135//6016 5148//6016 5149//6016
f 5135//6017 5149//6017 5137//6017
f 5137//6018 5149//6018 5150//6018
f 5137//6018 5150//6018 5138//6018
f 5138//6019 5150//6019 5151//6019
f 5138//6019 5151//6019 5139//6019
f 5139//6020 5151//6020 5152//6020
f 5139//6020 5152//6020 5140//6020
f 5140//6021 5152//6021 5153//6021
f 5140//6021 5153//6021 5141//6021
f 5141//6022 5153//6022 5154//6022
f 5141//6022 5154//6022 5131//6022
f 5131//6023 5154//6023 1838//6023
f 5131//6024 1838//6024 1837//6024
f 1832//6025 5144//6025 1830//6025
f 1830//6026 5144//6026 5087//6026
f 1830//6027 5087//6027 5107//6027
f 2088//6028 5147//6028 5134//6028
f 5134//6029 5147//6029 5132//6029
f 5134//6030 5132//6030 5148//6030
f 5148//6031 5132//6031 5146//6031
f 5148//6032 5146//6032 5149//6032
f 5149//6033 5146//6033 5133//6033
f 5149//6033 5133//6033 5150//6033
f 5150//6034 5133//6034 5145//6034
f 5150//6034 5145//6034 5151//6034
f 5151//6035 5145//6035 5143//6035
f 5151//6035 5143//6035 5152//6035
f 5152//6036 5143//6036 5142//6036
f 5152//6036 5142//6036 5153//6036
f 5153//6037 5142//6037 5144//6037
f 5153//6037 5144//6037 5154//6037
f 5154//6038 5144//6038 1832//6038
f 5154//6039 1832//6039 1838//6039
f 5155//6040 5156//6040 1780//6040
f 1780//6041 5156//6041 5157//6041
f 1780//6042 5157//6042 1781//6042
f 1781//6043 5157//6043 5158//6043
f 1781//6044 5158//6044 2110//6044
f 2110//6045 5158//6045 5159//6045
f 2110//6046 5159//6046 2111//6046
f 5159//6047 5160//6047 2111//6047
f 2111//6048 5160//6048 5161//6048
f 2111//6049 5161//6049 2112//6049
f 2112//6050 5161//6050 5162//6050
f 2112//6051 5162//6051 2113//6051
f 5162//6052 5163//6052 2113//6052
f 2113//6053 5163//6053 5164//6053
f 2113//6054 5164//6054 2116//6054
f 2116//6055 5164//6055 5165//6055
f 2116//6056 5165//6056 2115//6056
f 2115//6057 5165//6057 5166//6057
f 2115//6058 5166//6058 2114//6058
f 5166//6059 5167//6059 2114//6059
f 2114//6060 5167//6060 5168//6060
f 2114//6061 5168//6061 2117//6061
f 2117//6062 5168//6062 5169//6062
f 2117//6063 5169//6063 2118//6063
f 2118//6064 5169//6064 5170//6064
f 5170//6065 5171//6065 2118//6065
f 2118//6066 5171//6066 5172//6066
f 2118//6067 5172//6067 2119//6067
f 2119//6068 5172//6068 5173//6068
f 2119//6069 5173//6069 2120//6069
f 2120//6070 5173//6070 5174//6070
f 2120//6071 5174//6071 2121//6071
f 2121//6072 5174//6072 2164//6072
f 2121//6073 2164//6073 2122//6073
f 1771//6074 1815//6074 1780//6074
f 1780//6075 1815//6075 5175//6075
f 1780//6076 5175//6076 5155//6076
f 5176//6077 5177//6077 2150//6077
f 5178//6078 2141//6078 2152//6078
f 2152//6079 2141//6079 2140//6079
f 2152//6080 2140//6080 2139//6080
f 5179//6081 5180//6081 2143//6081
f 5178//6082 5181//6082 2141//6082
f 2141//6083 5181//6083 5179//6083
f 2141//6084 5179//6084 2142//6084
f 2142//6085 5179//6085 2143//6085
f 5182//6086 5183//6086 2145//6086
f 5180//6087 5184//6087 2143//6087
f 2143//6088 5184//6088 5182//6088
f 2143//6089 5182//6089 2144//6089
f 2144//6090 5182//6090 2145//6090
f 5185//6091 5186//6091 2147//6091
f 5183//6092 5187//6092 2145//6092
f 2145//6093 5187//6093 5185//6093
f 2145//6094 5185//6094 2146//6094
f 2146//6095 5185//6095 2147//6095
f 5186//6096 5188//6096 2147//6096
f 2147//6097 5188//6097 5189//6097
f 2147//6098 5189//6098 2148//6098
f 2148//6099 5189//6099 5190//6099
f 5190//6100 5191//6100 2148//6100
f 2148//6101 5191//6101 5192//6101
f 2148//6102 5192//6102 2149//6102
f 5176//6103 2150//6103 5193//6103
f 2149//6104 5192//6104 2150//6104
f 2150//6105 5192//6105 5194//6105
f 2150//6106 5194//6106 5193//6106
f 5195//6107 1758//6107 5177//6107
f 5177//6108 1758//6108 1760//6108
f 5177//6109 1760//6109 2150//6109
f 5195//6110 5196//6110 1758//6110
f 1758//6111 5196//6111 5197//6111
f 1758//6112 5197//6112 1756//6112
f 1756//6113 5197//6113 5198//6113
f 1756//6114 5198//6114 1826//6114
f 1825//6115 1824//6115 5199//6115
f 5173//6116 5172//6116 5200//6116
f 5166//6117 5165//6117 5201//6117
f 5175//6118 1815//6118 1817//6118
f 2181//6119 2165//6119 2164//6119
f 2181//6120 2164//6120 5202//6120
f 5179//6121 5181//6121 5203//6121
f 5203//6122 5181//6122 5178//6122
f 5203//6123 5178//6123 5204//6123
f 5204//6124 5178//6124 2152//6124
f 5183//6125 5182//6125 5205//6125
f 5205//6126 5182//6126 5184//6126
f 5205//6127 5184//6127 5203//6127
f 5203//6128 5184//6128 5180//6128
f 5203//6129 5180//6129 5179//6129
f 5183//6130 5205//6130 5187//6130
f 5187//6131 5205//6131 5206//6131
f 5187//6132 5206//6132 5185//6132
f 5190//6133 5189//6133 5207//6133
f 5207//6134 5189//6134 5188//6134
f 5207//6135 5188//6135 5206//6135
f 5206//6136 5188//6136 5186//6136
f 5206//6137 5186//6137 5185//6137
f 5190//6138 5207//6138 5191//6138
f 5191//6139 5207//6139 5208//6139
f 5191//6140 5208//6140 5192//6140
f 5209//6141 5195//6141 5177//6141
f 5177//6142 5176//6142 5209//6142
f 5209//6143 5176//6143 5193//6143
f 5209//6144 5193//6144 5208//6144
f 5208//6145 5193//6145 5194//6145
f 5208//6146 5194//6146 5192//6146
f 5195//6147 5209//6147 5196//6147
f 5196//6148 5209//6148 5210//6148
f 5196//6149 5210//6149 5197//6149
f 5210//6150 1822//6150 1821//6150
f 5197//6151 5210//6151 5198//6151
f 5198//6152 5210//6152 1821//6152
f 5198//6153 1821//6153 1826//6153
f 1819//6154 5211//6154 1817//6154
f 1817//6155 5211//6155 5155//6155
f 1817//6156 5155//6156 5175//6156
f 5159//6157 5212//6157 5160//6157
f 5160//6158 5212//6158 5213//6158
f 5160//6159 5213//6159 5161//6159
f 5159//6160 5158//6160 5212//6160
f 5212//6161 5158//6161 5157//6161
f 5212//6162 5157//6162 5211//6162
f 5211//6163 5157//6163 5156//6163
f 5211//6164 5156//6164 5155//6164
f 5201//6165 5165//6165 5214//6165
f 5165//6166 5164//6166 5214//6166
f 5214//6167 5164//6167 5163//6167
f 5214//6168 5163//6168 5213//6168
f 5213//6169 5163//6169 5162//6169
f 5213//6170 5162//6170 5161//6170
f 5200//6171 5172//6171 5215//6171
f 5215//6172 5172//6172 5171//6172
f 5215//6173 5171//6173 5170//6173
f 5170//6174 5169//6174 5215//6174
f 5215//6175 5169//6175 5168//6175
f 5215//6176 5168//6176 5201//6176
f 5201//6177 5168//6177 5167//6177
f 5201//6178 5167//6178 5166//6178
f 5173//6179 5200//6179 5174//6179
f 5174//6180 5200//6180 5216//6180
f 5174//6181 5216//6181 2164//6181
f 2151//6182 2181//6182 2152//6182
f 2152//6183 2181//6183 5202//6183
f 2152//6184 5202//6184 5204//6184
f 5204//6185 5202//6185 5217//6185
f 5204//6185 5217//6185 5203//6185
f 5203//6186 5217//6186 5218//6186
f 5203//6186 5218//6186 5205//6186
f 5205//6187 5218//6187 5219//6187
f 5205//6187 5219//6187 5206//6187
f 5206//6188 5219//6188 5220//6188
f 5206//6188 5220//6188 5207//6188
f 5207//6189 5220//6189 5221//6189
f 5207//6189 5221//6189 5208//6189
f 5208//6190 5221//6190 5222//6190
f 5208//6190 5222//6190 5209//6190
f 5209//6191 5222//6191 5199//6191
f 5209//6191 5199//6191 5210//6191
f 5210//6192 5199//6192 1824//6192
f 5210//6192 1824//6192 1822//6192
f 2164//6193 5216//6193 5202//6193
f 5202//6194 5216//6194 5200//6194
f 5202//6195 5200//6195 5217//6195
f 5217//6196 5200//6196 5215//6196
f 5217//6197 5215//6197 5218//6197
f 5218//6198 5215//6198 5201//6198
f 5218//6198 5201//6198 5219//6198
f 5219//6199 5201//6199 5214//6199
f 5219//6199 5214//6199 5220//6199
f 5220//6200 5214//6200 5213//6200
f 5220//6201 5213//6201 5221//6201
f 5221//6202 5213//6202 5212//6202
f 5221//6202 5212//6202 5222//6202
f 5222//6203 5212//6203 5211//6203
f 5222//6203 5211//6203 5199//6203
f 5199//6204 5211//6204 1819//6204
f 5199//6205 1819//6205 1825//6205
f 5223//6206 5224//6206 1625//6206
f 1625//6207 5224//6207 5225//6207
f 1625//6208 5225//6208 1477//6208
f 1477//6209 5225//6209 5226//6209
f 1477//6210 5226//6210 1478//6210
f 1478//6211 5226//6211 5227//6211
f 1478//6212 5227//6212 1479//6212
f 5227//6213 5228//6213 1479//6213
f 1479//6214 5228//6214 5229//6214
f 1479//6215 5229//6215 1480//6215
f 1480//6216 5229//6216 5230//6216
f 1480//6217 5230//6217 1481//6217
f 5230//6218 5231//6218 1481//6218
f 1481//6219 5231//6219 5232//6219
f 1481//6220 5232//6220 1485//6220
f 1485//6221 5232//6221 5233//6221
f 1485//6222 5233//6222 1484//6222
f 1484//6223 5233//6223 5234//6223
f 1484//6224 5234//6224 1482//6224
f 5234//6225 5235//6225 1482//6225
f 1482//6226 5235//6226 5236//6226
f 1482//6227 5236//6227 1486//6227
f 1486//6228 5236//6228 5237//6228
f 1486//6229 5237//6229 1487//6229
f 1487//6230 5237//6230 5238//6230
f 5238//6231 5239//6231 1487//6231
f 1487//6232 5239//6232 5240//6232
f 1487//6233 5240//6233 1488//6233
f 1488//6234 5240//6234 5241//6234
f 1488//6235 5241//6235 1489//6235
f 1489//6236 5241//6236 5242//6236
f 1489//6237 5242//6237 1490//6237
f 1490//6238 5242//6238 1787//6238
f 1490//6239 1787//6239 1491//6239
f 1583//6240 1850//6240 1625//6240
f 1625//6241 1850//6241 5243//6241
f 1625//6242 5243//6242 5223//6242
f 5244//6243 5245//6243 1522//6243
f 5246//6244 1512//6244 1525//6244
f 1525//6245 1512//6245 1511//6245
f 1525//6246 1511//6246 1510//6246
f 5247//6247 5248//6247 1514//6247
f 5246//6248 5249//6248 1512//6248
f 1512//6249 5249//6249 5247//6249
f 1512//6250 5247//6250 1513//6250
f 1513//6251 5247//6251 1514//6251
f 5250//6252 5251//6252 1516//6252
f 5248//6253 5252//6253 1514//6253
f 1514//6254 5252//6254 5250//6254
f 1514//6255 5250//6255 1515//6255
f 1515//6256 5250//6256 1516//6256
f 5253//6257 5254//6257 1519//6257
f 5251//6258 5255//6258 1516//6258
f 1516//6259 5255//6259 5253//6259
f 1516//6260 5253//6260 1517//6260
f 1517//6261 5253//6261 1519//6261
f 5254//6262 5256//6262 1519//6262
f 1519//6263 5256//6263 5257//6263
f 1519//6264 5257//6264 1520//6264
f 1520//6265 5257//6265 5258//6265
f 5258//6266 5259//6266 1520//6266
f 1520//6267 5259//6267 5260//6267
f 1520//6268 5260//6268 1521//6268
f 5244//6269 1522//6269 5261//6269
f 1521//6270 5260//6270 1522//6270
f 1522//6271 5260//6271 5262//6271
f 1522//6272 5262//6272 5261//6272
f 5263//6273 1710//6273 5245//6273
f 5245//6274 1710//6274 1523//6274
f 5245//6275 1523//6275 1522//6275
f 5263//6276 5264//6276 1710//6276
f 1710//6277 5264//6277 5265//6277
f 1710//6278 5265//6278 1708//6278
f 1708//6279 5265//6279 5266//6279
f 1708//6280 5266//6280 1858//6280
f 5241//6281 5240//6281 5267//6281
f 5234//6282 5233//6282 5268//6282
f 5243//6283 1850//6283 1852//6283
f 1804//6284 1788//6284 1787//6284
f 1804//6285 1787//6285 5269//6285
f 5247//6286 5249//6286 5270//6286
f 5270//6287 5249//6287 5246//6287
f 5270//6288 5246//6288 5271//6288
f 5271//6289 5246//6289 1525//6289
f 5251//6290 5250//6290 5272//6290
f 5272//6291 5250//6291 5252//6291
f 5272//6292 5252//6292 5270//6292
f 5270//6293 5252//6293 5248//6293
f 5270//6294 5248//6294 5247//6294
f 5251//6295 5272//6295 5255//6295
f 5255//6296 5272//6296 5273//6296
f 5255//6297 5273//6297 5253//6297
f 5258//6298 5257//6298 5274//6298
f 5274//6299 5257//6299 5256//6299
f 5274//6300 5256//6300 5273//6300
f 5273//6301 5256//6301 5254//6301
f 5273//6302 5254//6302 5253//6302
f 5258//6303 5274//6303 5259//6303
f 5259//6304 5274//6304 5275//6304
f 5259//6305 5275//6305 5260//6305
f 5276//6306 5263//6306 5245//6306
f 5245//6307 5244//6307 5276//6307
f 5276//6308 5244//6308 5261//6308
f 5276//6309 5261//6309 5275//6309
f 5275//6310 5261//6310 5262//6310
f 5275//6311 5262//6311 5260//6311
f 5265//6312 1856//6312 5266//6312
f 5266//6313 1856//6313 1858//6313
f 5263//6314 5276//6314 5264//6314
f 5264//6315 5276//6315 5277//6315
f 5264//6316 5277//6316 5265//6316
f 5265//6317 5277//6317 1809//6317
f 5265//6318 1809//6318 1856//6318
f 5223//6319 5243//6319 5278//6319
f 5278//6320 5243//6320 1852//6320
f 5278//6321 1852//6321 1854//6321
f 5227//6322 5279//6322 5228//6322
f 5228//6323 5279//6323 5280//6323
f 5228//6324 5280//6324 5229//6324
f 5227//6325 5226//6325 5279//6325
f 5279//6326 5226//6326 5225//6326
f 5279//6327 5225//6327 5278//6327
f 5278//6328 5225//6328 5224//6328
f 5278//6329 5224//6329 5223//6329
f 5268//6330 5233//6330 5281//6330
f 5233//6331 5232//6331 5281//6331
f 5281//6332 5232//6332 5231//6332
f 5281//6333 5231//6333 5280//6333
f 5280//6334 5231//6334 5230//6334
f 5280//6335 5230//6335 5229//6335
f 5267//6336 5240//6336 5282//6336
f 5282//6337 5240//6337 5239//6337
f 5282//6338 5239//6338 5238//6338
f 5238//6339 5237//6339 5282//6339
f 5282//6340 5237//6340 5236//6340
f 5282//6341 5236//6341 5268//6341
f 5268//6342 5236//6342 5235//6342
f 5268//6343 5235//6343 5234//6343
f 5241//6344 5267//6344 5242//6344
f 5242//6345 5267//6345 5283//6345
f 5242//6346 5283//6346 1787//6346
f 5284//6347 1855//6347 1810//6347
f 1524//6348 1804//6348 1525//6348
f 1525//6349 1804//6349 5269//6349
f 1525//6350 5269//6350 5271//6350
f 5271//6351 5269//6351 5285//6351
f 5271//6351 5285//6351 5270//6351
f 5270//6352 5285//6352 5286//6352
f 5270//6352 5286//6352 5272//6352
f 5272//6353 5286//6353 5287//6353
f 5272//6353 5287//6353 5273//6353
f 5273//6354 5287//6354 5288//6354
f 5273//6354 5288//6354 5274//6354
f 5274//6355 5288//6355 5289//6355
f 5274//6356 5289//6356 5275//6356
f 5275//6357 5289//6357 5290//6357
f 5275//6357 5290//6357 5276//6357
f 5276//6358 5290//6358 5284//6358
f 5276//6358 5284//6358 5277//6358
f 5277//6359 5284//6359 1810//6359
f 5277//6360 1810//6360 1809//6360
f 1787//6361 5283//6361 5269//6361
f 5269//6362 5283//6362 5267//6362
f 5269//6363 5267//6363 5285//6363
f 5285//6364 5267//6364 5282//6364
f 5285//6364 5282//6364 5286//6364
f 5286//6365 5282//6365 5268//6365
f 5286//6365 5268//6365 5287//6365
f 5287//6366 5268//6366 5281//6366
f 5287//6366 5281//6366 5288//6366
f 5288//6367 5281//6367 5280//6367
f 5288//6367 5280//6367 5289//6367
f 5289//6368 5280//6368 5279//6368
f 5289//6368 5279//6368 5290//6368
f 5290//6369 5279//6369 5278//6369
f 5290//6370 5278//6370 5284//6370
f 5284//6371 5278//6371 1854//6371
f 5284//6371 1854//6371 1855//6371
f 5291//6372 5292//6372 1654//6372
f 1654//6373 5292//6373 5293//6373
f 1654//6374 5293//6374 1655//6374
f 1655//6375 5293//6375 5294//6375
f 1655//6376 5294//6376 1882//6376
f 1882//6377 5294//6377 5295//6377
f 1882//6378 5295//6378 1883//6378
f 5295//6379 5296//6379 1883//6379
f 1883//6380 5296//6380 5297//6380
f 1883//6381 5297//6381 1884//6381
f 1884//6382 5297//6382 5298//6382
f 1884//6383 5298//6383 1885//6383
f 5298//6384 5299//6384 1885//6384
f 1885//6385 5299//6385 5300//6385
f 1885//6386 5300//6386 1888//6386
f 1888//6387 5300//6387 5301//6387
f 1888//6388 5301//6388 1887//6388
f 1887//6389 5301//6389 5302//6389
f 1887//6390 5302//6390 1886//6390
f 5302//6391 5303//6391 1886//6391
f 1886//6392 5303//6392 5304//6392
f 1886//6393 5304//6393 1889//6393
f 1889//6394 5304//6394 5305//6394
f 1889//6395 5305//6395 1890//6395
f 1890//6396 5305//6396 5306//6396
f 5306//6397 5307//6397 1890//6397
f 1890//6398 5307//6398 5308//6398
f 1890//6399 5308//6399 1891//6399
f 1891//6400 5308//6400 5309//6400
f 1891//6401 5309//6401 1892//6401
f 1892//6402 5309//6402 5310//6402
f 1892//6403 5310//6403 1893//6403
f 1893//6404 5310//6404 1936//6404
f 1893//6405 1936//6405 1894//6405
f 1659//6406 1863//6406 1654//6406
f 1654//6407 1863//6407 5311//6407
f 1654//6408 5311//6408 5291//6408
f 5312//6409 5313//6409 1922//6409
f 5314//6410 1913//6410 1924//6410
f 1924//6411 1913//6411 1912//6411
f 1924//6412 1912//6412 1911//6412
f 5315//6413 5316//6413 1915//6413
f 5314//6414 5317//6414 1913//6414
f 1913//6415 5317//6415 5315//6415
f 1913//6416 5315//6416 1914//6416
f 1914//6417 5315//6417 1915//6417
f 5318//6418 5319//6418 1917//6418
f 5316//6419 5320//6419 1915//6419
f 1915//6420 5320//6420 5318//6420
f 1915//6421 5318//6421 1916//6421
f 1916//6422 5318//6422 1917//6422
f 5321//6423 5322//6423 1919//6423
f 5319//6424 5323//6424 1917//6424
f 1917//6425 5323//6425 5321//6425
f 1917//6426 5321//6426 1918//6426
f 1918//6427 5321//6427 1919//6427
f 5322//6428 5324//6428 1919//6428
f 1919//6429 5324//6429 5325//6429
f 1919//6430 5325//6430 1920//6430
f 1920//6431 5325//6431 5326//6431
f 5326//6432 5327//6432 1920//6432
f 1920//6433 5327//6433 5328//6433
f 1920//6434 5328//6434 1921//6434
f 5312//6435 1922//6435 5329//6435
f 1921//6436 5328//6436 1922//6436
f 1922//6437 5328//6437 5330//6437
f 1922//6438 5330//6438 5329//6438
f 5331//6439 1700//6439 5313//6439
f 5313//6440 1700//6440 1701//6440
f 5313//6441 1701//6441 1922//6441
f 5331//6442 5332//6442 1700//6442
f 1700//6443 5332//6443 5333//6443
f 1700//6444 5333//6444 1698//6444
f 1698//6445 5333//6445 5334//6445
f 1698//6446 5334//6446 1813//6446
f 5309//6447 5308//6447 5335//6447
f 5302//6448 5301//6448 5336//6448
f 5311//6449 1863//6449 1861//6449
f 1953//6450 1937//6450 1936//6450
f 1953//6451 1936//6451 5337//6451
f 5315//6452 5317//6452 5338//6452
f 5338//6453 5317//6453 5314//6453
f 5338//6454 5314//6454 5339//6454
f 5339//6455 5314//6455 1924//6455
f 5319//6456 5318//6456 5340//6456
f 5340//6457 5318//6457 5320//6457
f 5340//6458 5320//6458 5338//6458
f 5338//6459 5320//6459 5316//6459
f 5338//6460 5316//6460 5315//6460
f 5319//6461 5340//6461 5323//6461
f 5323//6462 5340//6462 5341//6462
f 5323//6463 5341//6463 5321//6463
f 5326//6464 5325//6464 5342//6464
f 5342//6465 5325//6465 5324//6465
f 5342//6466 5324//6466 5341//6466
f 5341//6467 5324//6467 5322//6467
f 5341//6468 5322//6468 5321//6468
f 5326//6469 5342//6469 5327//6469
f 5327//6470 5342//6470 5343//6470
f 5327//6471 5343//6471 5328//6471
f 5344//6472 5331//6472 5313//6472
f 5313//6473 5312//6473 5344//6473
f 5344//6474 5312//6474 5329//6474
f 5344//6475 5329//6475 5343//6475
f 5343//6476 5329//6476 5330//6476
f 5343//6477 5330//6477 5328//6477
f 5333//6478 1864//6478 5334//6478
f 5334//6479 1864//6479 1813//6479
f 5331//6480 5344//6480 5332//6480
f 5332//6481 5344//6481 5345//6481
f 5332//6482 5345//6482 5333//6482
f 5333//6483 5345//6483 1865//6483
f 5333//6484 1865//6484 1864//6484
f 1868//6485 5346//6485 1861//6485
f 1861//6486 5346//6486 5291//6486
f 1861//6487 5291//6487 5311//6487
f 5295//6488 5347//6488 5296//6488
f 5296//6489 5347//6489 5348//6489
f 5296//6490 5348//6490 5297//6490
f 5295//6491 5294//6491 5347//6491
f 5347//6492 5294//6492 5293//6492
f 5347//6493 5293//6493 5346//6493
f 5346//6494 5293//6494 5292//6494
f 5346//6495 5292//6495 5291//6495
f 5336//6496 5301//6496 5349//6496
f 5301//6497 5300//6497 5349//6497
f 5349//6498 5300//6498 5299//6498
f 5349//6499 5299//6499 5348//6499
f 5348//6500 5299//6500 5298//6500
f 5348//6501 5298//6501 5297//6501
f 5335//6502 5308//6502 5350//6502
f 5350//6503 5308//6503 5307//6503
f 5350//6504 5307//6504 5306//6504
f 5306//6505 5305//6505 5350//6505
f 5350//6506 5305//6506 5304//6506
f 5350//6507 5304//6507 5336//6507
f 5336//6508 5304//6508 5303//6508
f 5336//6509 5303//6509 5302//6509
f 5309//6510 5335//6510 5310//6510
f 5310//6511 5335//6511 5351//6511
f 5310//6512 5351//6512 1936//6512
f 1923//6513 1953//6513 1924//6513
f 1924//6514 1953//6514 5337//6514
f 1924//6515 5337//6515 5339//6515
f 5339//6516 5337//6516 5352//6516
f 5339//6516 5352//6516 5338//6516
f 5338//6517 5352//6517 5353//6517
f 5338//6517 5353//6517 5340//6517
f 5340//6518 5353//6518 5354//6518
f 5340//6518 5354//6518 5341//6518
f 5341//6519 5354//6519 5355//6519
f 5341//6519 5355//6519 5342//6519
f 5342//6520 5355//6520 5356//6520
f 5342//6520 5356//6520 5343//6520
f 5343//6521 5356//6521 5357//6521
f 5343//6521 5357//6521 5344//6521
f 5344//6522 5357//6522 5358//6522
f 5344//6522 5358//6522 5345//6522
f 5345//6523 5358//6523 1867//6523
f 5345//6523 1867//6523 1865//6523
f 1936//6524 5351//6524 5337//6524
f 5337//6525 5351//6525 5335//6525
f 5337//6526 5335//6526 5352//6526
f 5352//6527 5335//6527 5350//6527
f 5352//6527 5350//6527 5353//6527
f 5353//6528 5350//6528 5336//6528
f 5353//6528 5336//6528 5354//6528
f 5354//6529 5336//6529 5349//6529
f 5354//6529 5349//6529 5355//6529
f 5355//6530 5349//6530 5348//6530
f 5355//6530 5348//6530 5356//6530
f 5356//6531 5348//6531 5347//6531
f 5356//6532 5347//6532 5357//6532
f 5357//6533 5347//6533 5346//6533
f 5357//6533 5346//6533 5358//6533
f 5358//6534 5346//6534 1868//6534
f 5358//6534 1868//6534 1867//6534
f 1040//880 1043//880 1041//880
f 1041//849 1044//849 1043//849
f 1041//881 1044//881 980//881
f 980//850 1045//850 1044//850
f 980//882 1045//882 981//882
f 981//882 1045//882 1046//882
f 982//852 1047//852 1046//852
f 982//853 983//853 1047//853
f 983//853 1048//853 1047//853
f 984//854 1049//854 1048//854
f 984//886 1049//886 985//886
f 985//856 986//856 1050//856
f 986//887 1050//887 1051//887
f 986//857 987//857 1051//857
f 987//857 1052//857 1051//857
f 987//889 1052//889 988//889
f 988//859 989//859 1053//859
f 994//864 1059//864 1058//864
f 995//865 1060//865 1059//865
f 995//897 1060//897 996//897
f 996//867 997//867 1061//867
f 997//898 1061//898 1062//898
f 997//899 1062//899 998//899
f 998//899 1062//899 1063//899
f 998//869 999//869 1063//869
f 999//869 1064//869 1063//869
f 999//901 1064//901 1000//901
f 1002//903 1066//903 1067//903
f 1002//904 1067//904 1003//904
f 1003//873 1068//873 1067//873
f 1003//874 1004//874 1068//874
f 1006//907 1070//907 1071//907
f 1006//908 1071//908 1007//908
f 1007//908 1071//908 1072//908
f 1007//878 1008//878 1072//878
f 1008//848 1073//848 1009//848
f 1010//849 1074//849 1075//849
f 1010//850 1075//850 1011//850
f 1011//881 1076//881 1075//881
f 1011//851 1076//851 1012//851
f 1012//852 1077//852 1013//852
f 1015//854 1079//854 1080//854
f 1015//886 1016//886 1080//886
f 1016//886 1081//886 1080//886
f 1016//887 1017//887 1081//887
f 1017//857 1082//857 1018//857
f 1018//888 1083//888 1082//888
f 1019//890 1020//890 1084//890
f 1020//890 1085//890 1084//890
f 1020//891 1021//891 1085//891
f 1021//892 1022//892 1086//892
f 1022//862 1087//862 1023//862
f 1023//862 1087//862 1088//862
f 1023//863 1088//863 1024//863
f 1024//863 1088//863 1089//863
f 1026//896 1091//896 1090//896
f 1026//897 1027//897 1091//897
f 1027//866 1091//866 1092//866
f 1027//867 1092//867 1028//867
f 1029//868 1093//868 1094//868
f 1030//900 1095//900 1094//900
f 1030//870 1095//870 1031//870
f 1031//901 1096//901 1095//901
f 1033//872 1097//872 1098//872
f 1036//906 1101//906 1100//906
f 1037//877 1102//877 1038//877
f 1038//877 1102//877 1103//877
f 1038//909 1039//909 1103//909
f 996//847 5359//847 995//847
f 995//847 5359//847 5360//847
f 995//847 5360//847 994//847
f 994//847 5360//847 5361//847
f 994//847 5361//847 993//847
f 993//847 5361//847 5362//847
f 993//847 5362//847 992//847
f 992//847 5362//847 5363//847
f 992//847 5363//847 991//847
f 991//847 5363//847 5364//847
f 991//847 5364//847 990//847
f 990//847 5364//847 5365//847
f 990//847 5365//847 989//847
f 989//847 5365//847 5366//847
f 989//847 5366//847 988//847
f 988//847 5366//847 5367//847
f 988//847 5367//847 987//847
f 987//847 5367//847 5368//847
f 987//847 5368//847 986//847
f 986//847 5368//847 5369//847
f 986//847 5369//847 985//847
f 985//847 5369//847 5370//847
f 985//847 5370//847 984//847
f 984//847 5370//847 5371//847
f 984//847 5371//847 983//847
f 983//847 5371//847 5372//847
f 983//847 5372//847 982//847
f 982//847 5372//847 5373//847
f 982//847 5373//847 981//847
f 981//847 5373//847 5374//847
f 981//847 5374//847 980//847
f 980//847 5374//847 5375//847
f 980//847 5375//847 1041//847
f 1041//847 5375//847 5376//847
f 1041//847 5376//847 1040//847
f 1040//847 5376//847 5377//847
f 1040//847 5377//847 1039//847
f 1039//847 5377//847 5378//847
f 1039//847 5378//847 1038//847
f 1038//847 5378//847 5379//847
f 1038//847 5379//847 1037//847
f 1037//847 5379//847 5380//847
f 1037//847 5380//847 1036//847
f 1036//847 5380//847 5381//847
f 1036//847 5381//847 1035//847
f 1035//847 5381//847 5382//847
f 1035//847 5382//847 1034//847
f 1034//847 5382//847 5383//847
f 1034//847 5383//847 1033//847
f 1033//847 5383//847 5384//847
f 1033//847 5384//847 1032//847
f 1032//847 5384//847 5385//847
f 1032//847 5385//847 1031//847
f 1031//847 5385//847 5386//847
f 1031//847 5386//847 1030//847
f 1030//847 5386//847 5387//847
f 1030//847 5387//847 1029//847
f 1029//847 5387//847 5388//847
f 1029//847 5388//847 1028//847
f 1028//847 5388//847 5389//847
f 1028//847 5389//847 1027//847
f 1027//847 5389//847 5390//847
f 1027//847 5390//847 1026//847
f 1026//847 5390//847 5391//847
f 1026//847 5391//847 1025//847
f 1025//847 5391//847 5392//847
f 1025//847 5392//847 1024//847
f 1024//847 5392//847 5393//847
f 1024//847 5393//847 1023//847
f 1023//847 5393//847 5394//847
f 1023//847 5394//847 1022//847
f 1022//847 5394//847 5395//847
f 1022//847 5395//847 1021//847
f 1021//847 5395//847 5396//847
f 1021//847 5396//847 1020//847
f 1020//847 5396//847 5397//847
f 1020//847 5397//847 1019//847
f 1019//847 5397//847 5398//847
f 1019//847 5398//847 1018//847
f 1018//847 5398//847 5399//847
f 1018//847 5399//847 1017//847
f 1017//847 5399//847 5400//847
f 1017//847 5400//847 1016//847
f 1016//847 5400//847 5401//847
f 1016//847 5401//847 1015//847
f 1015//847 5401//847 5402//847
f 1015//847 5402//847 1014//847
f 1014//847 5402//847 5403//847
f 1014//847 5403//847 1013//847
f 1013//847 5403//847 5404//847
f 1013//847 5404//847 1012//847
f 1012//847 5404//847 5405//847
f 1012//847 5405//847 1011//847
f 1011//847 5405//847 5406//847
f 1011//847 5406//847 1010//847
f 1010//847 5406//847 5407//847
f 1010//847 5407//847 1009//847
f 1009//847 5407//847 5408//847
f 1009//847 5408//847 1008//847
f 1008//847 5408//847 5409//847
f 1008//847 5409//847 1007//847
f 1007//847 5409//847 5410//847
f 1007//847 5410//847 1006//847
f 1006//847 5410//847 5411//847
f 1006//847 5411//847 1005//847
f 1005//847 5411//847 5412//847
f 1005//847 5412//847 1004//847
f 1004//847 5412//847 5413//847
f 1004//847 5413//847 1003//847
f 1003//847 5413//847 5414//847
f 1003//847 5414//847 1002//847
f 1002//847 5414//847 5415//847
f 1002//847 5415//847 1001//847
f 1001//847 5415//847 5416//847
f 1001//847 5416//847 1000//847
f 1000//847 5416//847 5417//847
f 1000//847 5417//847 999//847
f 999//847 5417//847 5418//847
f 999//847 5418//847 998//847
f 998//847 5418//847 5419//847
f 998//847 5419//847 997//847
f 997//847 5419//847 5420//847
f 997//847 5420//847 996//847
f 996//847 5420//847 5359//847
f 5421//848 5377//848 5422//848
f 5422//849 5377//849 5376//849
f 5422//849 5376//849 5423//849
f 5423//6535 5376//6535 5375//6535
f 5423//850 5375//850 5424//850
f 5424//851 5375//851 5374//851
f 5424//851 5374//851 5425//851
f 5425//852 5374//852 5373//852
f 5425//852 5373//852 5426//852
f 5426//853 5373//853 5372//853
f 5426//853 5372//853 5427//853
f 5427//854 5372//854 5371//854
f 5427//854 5371//854 5428//854
f 5428//855 5371//855 5370//855
f 5428//855 5370//855 5429//855
f 5429//856 5370//856 5369//856
f 5429//856 5369//856 5430//856
f 5430//857 5369//857 5368//857
f 5430//857 5368//857 5431//857
f 5431//858 5368//858 5367//858
f 5431//858 5367//858 5432//858
f 5432//859 5367//859 5366//859
f 5432//859 5366//859 5433//859
f 5433//860 5366//860 5365//860
f 5433//860 5365//860 5434//860
f 5434//861 5365//861 5364//861
f 5434//861 5364//861 5435//861
f 5435//862 5364//862 5363//862
f 5435//862 5363//862 5436//862
f 5436//863 5363//863 5362//863
f 5436//863 5362//863 5437//863
f 5437//864 5362//864 5361//864
f 5437//864 5361//864 5438//864
f 5438//865 5361//865 5360//865
f 5438//865 5360//865 5439//865
f 5439//866 5360//866 5359//866
f 5439//866 5359//866 5440//866
f 5440//867 5359//867 5420//867
f 5440//867 5420//867 5441//867
f 5441//868 5420//868 5419//868
f 5441//868 5419//868 5442//868
f 5442//869 5419//869 5418//869
f 5442//869 5418//869 5443//869
f 5443//870 5418//870 5417//870
f 5443//870 5417//870 5444//870
f 5444//871 5417//871 5416//871
f 5444//871 5416//871 5445//871
f 5445//872 5416//872 5415//872
f 5445//872 5415//872 5446//872
f 5446//873 5415//873 5414//873
f 5446//873 5414//873 5447//873
f 5447//874 5414//874 5413//874
f 5447//874 5413//874 5448//874
f 5448//875 5413//875 5412//875
f 5448//875 5412//875 5449//875
f 5449//876 5412//876 5411//876
f 5449//876 5411//876 5450//876
f 5450//877 5411//877 5410//877
f 5450//877 5410//877 5451//877
f 5451//878 5410//878 5409//878
f 5451//878 5409//878 5452//878
f 5452//879 5409//879 5408//879
f 5452//879 5408//879 5453//879
f 5453//880 5408//880 5407//880
f 5453//880 5407//880 5454//880
f 5454//881 5407//881 5406//881
f 5454//881 5406//881 5455//881
f 5455//882 5406//882 5405//882
f 5455//882 5405//882 5456//882
f 5456//883 5405//883 5404//883
f 5456//883 5404//883 5457//883
f 5457//884 5404//884 5403//884
f 5457//884 5403//884 5458//884
f 5458//885 5403//885 5402//885
f 5458//885 5402//885 5459//885
f 5459//886 5402//886 5401//886
f 5459//886 5401//886 5460//886
f 5460//887 5401//887 5400//887
f 5460//887 5400//887 5461//887
f 5461//888 5400//888 5399//888
f 5461//888 5399//888 5462//888
f 5462//889 5399//889 5398//889
f 5462//889 5398//889 5463//889
f 5463//890 5398//890 5397//890
f 5463//890 5397//890 5464//890
f 5464//891 5397//891 5396//891
f 5464//891 5396//891 5465//891
f 5465//892 5396//892 5395//892
f 5465//892 5395//892 5466//892
f 5466//893 5395//893 5394//893
f 5466//893 5394//893 5467//893
f 5467//894 5394//894 5393//894
f 5467//894 5393//894 5468//894
f 5468//895 5393//895 5392//895
f 5468//895 5392//895 5469//895
f 5469//896 5392//896 5391//896
f 5469//896 5391//896 5470//896
f 5470//897 5391//897 5390//897
f 5470//897 5390//897 5471//897
f 5471//898 5390//898 5389//898
f 5471//898 5389//898 5472//898
f 5472//899 5389//899 5388//899
f 5472//899 5388//899 5473//899
f 5473//900 5388//900 5387//900
f 5473//900 5387//900 5474//900
f 5474//901 5387//901 5386//901
f 5474//901 5386//901 5475//901
f 5475//902 5386//902 5385//902
f 5475//902 5385//902 5476//902
f 5476//903 5385//903 5384//903
f 5476//903 5384//903 5477//903
f 5477//904 5384//904 5383//904
f 5477//904 5383//904 5478//904
f 5478//905 5383//905 5382//905
f 5478//905 5382//905 5479//905
f 5479//906 5382//906 5381//906
f 5479//906 5381//906 5480//906
f 5480//907 5381//907 5380//907
f 5480//913 5380//913 5481//913
f 5481//908 5380//908 5379//908
f 5481//908 5379//908 5482//908
f 5482//909 5379//909 5378//909
f 5482//909 5378//909 5421//909
f 5421//848 5378//848 5377//848
f 1077//910 5456//910 1078//910
f 1078//910 5456//910 5457//910
f 1078//910 5457//910 1079//910
f 1079//910 5457//910 5458//910
f 1079//910 5458//910 1080//910
f 1080//910 5458//910 5459//910
f 1080//910 5459//910 1081//910
f 1081//910 5459//910 5460//910
f 1081//910 5460//910 1082//910
f 1082//910 5460//910 5461//910
f 1082//910 5461//910 1083//910
f 1083//910 5461//910 5462//910
f 1083//910 5462//910 1084//910
f 1084//910 5462//910 5463//910
f 1084//910 5463//910 1085//910
f 1085//910 5463//910 5464//910
f 1085//910 5464//910 1086//910
f 1086//910 5464//910 5465//910
f 1086//910 5465//910 1087//910
f 1087//910 5465//910 5466//910
f 1087//910 5466//910 1088//910
f 1088//910 5466//910 5467//910
f 1088//910 5467//910 1089//910
f 1089//910 5467//910 5468//910
f 1089//910 5468//910 1090//910
f 1090//910 5468//910 5469//910
f 1090//910 5469//910 1091//910
f 1091//910 5469//910 5470//910
f 1091//910 5470//910 1092//910
f 1092//910 5470//910 5471//910
f 1092//910 5471//910 1093//910
f 1093//910 5471//910 5472//910
f 1093//910 5472//910 1094//910
f 1094//910 5472//910 5473//910
f 1094//910 5473//910 1095//910
f 1095//910 5473//910 5474//910
f 1095//910 5474//910 1096//910
f 1096//910 5474//910 5475//910
f 1096//910 5475//910 1097//910
f 1097//910 5475//910 5476//910
f 1097//910 5476//910 1098//910
f 1098//910 5476//910 5477//910
f 1098//910 5477//910 1099//910
f 1099//910 5477//910 5478//910
f 1099//910 5478//910 1100//910
f 1100//910 5478//910 5479//910
f 1100//910 5479//910 1101//910
f 1101//910 5479//910 5480//910
f 1101//910 5480//910 1102//910
f 1102//910 5480//910 5481//910
f 1102//910 5481//910 1103//910
f 1103//910 5481//910 5482//910
f 1103//910 5482//910 1042//910
f 1042//910 5482//910 5421//910
f 1042//910 5421//910 1043//910
f 1043//910 5421//910 5422//910
f 1043//910 5422//910 1044//910
f 1044//910 5422//910 5423//910
f 1044//910 5423//910 1045//910
f 1045//910 5423//910 5424//910
f 1045//910 5424//910 1046//910
f 1046//910 5424//910 5425//910
f 1046//910 5425//910 1047//910
f 1047//910 5425//910 5426//910
f 1047//910 5426//910 1048//910
f 1048//910 5426//910 5427//910
f 1048//910 5427//910 1049//910
f 1049//910 5427//910 5428//910
f 1049//910 5428//910 1050//910
f 1050//910 5428//910 5429//910
f 1050//910 5429//910 1051//910
f 1051//910 5429//910 5430//910
f 1051//910 5430//910 1052//910
f 1052//910 5430//910 5431//910
f 1052//910 5431//910 1053//910
f 1053//910 5431//910 5432//910
f 1053//910 5432//910 1054//910
f 1054//910 5432//910 5433//910
f 1054//910 5433//910 1055//910
f 1055//910 5433//910 5434//910
f 1055//910 5434//910 1056//910
f 1056//910 5434//910 5435//910
f 1056//910 5435//910 1057//910
f 1057//910 5435//910 5436//910
f 1057//910 5436//910 1058//910
f 1058//910 5436//910 5437//910
f 1058//910 5437//910 1059//910
f 1059//910 5437//910 5438//910
f 1059//910 5438//910 1060//910
f 1060//910 5438//910 5439//910
f 1060//910 5439//910 1061//910
f 1061//910 5439//910 5440//910
f 1061//910 5440//910 1062//910
f 1062//910 5440//910 5441//910
f 1062//910 5441//910 1063//910
f 1063//910 5441//910 5442//910
f 1063//910 5442//910 1064//910
f 1064//910 5442//910 5443//910
f 1064//910 5443//910 1065//910
f 1065//910 5443//910 5444//910
f 1065//910 5444//910 1066//910
f 1066//910 5444//910 5445//910
f 1066//910 5445//910 1067//910
f 1067//910 5445//910 5446//910
f 1067//910 5446//910 1068//910
f 1068//910 5446//910 5447//910
f 1068//910 5447//910 1069//910
f 1069//910 5447//910 5448//910
f 1069//910 5448//910 1070//910
f 1070//910 5448//910 5449//910
f 1070//910 5449//910 1071//910
f 1071//910 5449//910 5450//910
f 1071//910 5450//910 1072//910
f 1072//910 5450//910 5451//910
f 1072//910 5451//910 1073//910
f 1073//910 5451//910 5452//910
f 1073//910 5452//910 1074//910
f 1074//910 5452//910 5453//910
f 1074//910 5453//910 1075//910
f 1075//910 5453//910 5454//910
f 1075//910 5454//910 1076//910
f 1076//910 5454//910 5455//910
f 1076//910 5455//910 1077//910
f 1077//910 5455//910 5456//910
f 1289//849 1292//849 1291//849
f 1228//881 1292//881 1293//881
f 1229//882 1293//882 1294//882
f 1229//852 1230//852 1294//852
f 1230//852 1295//852 1294//852
f 1233//855 1298//855 1297//855
f 1233//856 1234//856 1298//856
f 1234//887 1298//887 1299//887
f 1234//888 1299//888 1235//888
f 1235//857 1300//857 1299//857
f 1235//889 1300//889 1236//889
f 1238//860 1303//860 1302//860
f 1239//892 1303//892 1304//892
f 1239//862 1240//862 1304//862
f 1241//894 1305//894 1306//894
f 1242//864 1307//864 1306//864
f 1242//865 1243//865 1307//865
f 1243//865 1308//865 1307//865
f 1243//897 1308//897 1244//897
f 1247//900 1311//900 1312//900
f 1247//901 1312//901 1248//901
f 1248//870 1313//870 1312//870
f 1250//904 1315//904 1251//904
f 1251//873 1316//873 1315//873
f 1252//874 1317//874 1316//874
f 1252//875 1253//875 1317//875
f 1257//848 1321//848 1322//848
f 1257//880 1258//880 1322//880
f 1259//851 1324//851 1260//851
f 1260//882 1325//882 1324//882
f 1261//852 1325//852 1326//852
f 1264//886 1329//886 1328//886
f 1264//887 1265//887 1329//887
f 1266//889 1267//889 1331//889
f 1267//890 1268//890 1332//890
f 1269//891 1334//891 1333//891
f 1270//892 1335//892 1334//892
f 1270//862 1335//862 1271//862
f 1271//862 1335//862 1336//862
f 1271//863 1336//863 1272//863
f 1275//866 1339//866 1340//866
f 1275//867 1340//867 1276//867
f 1276//867 1340//867 1341//867
f 1277//868 1341//868 1342//868
f 1278//900 1343//900 1342//900
f 1278//870 1343//870 1279//870
f 1279//902 1280//902 1344//902
f 1280//903 1281//903 1345//903
f 1246//847 5483//847 1245//847
f 1245//847 5483//847 5484//847
f 1245//847 5484//847 1244//847
f 1244//847 5484//847 5485//847
f 1244//847 5485//847 1243//847
f 1243//847 5485//847 5486//847
f 1243//847 5486//847 1242//847
f 1242//847 5486//847 5487//847
f 1242//847 5487//847 1241//847
f 1241//847 5487//847 5488//847
f 1241//847 5488//847 1240//847
f 1240//847 5488//847 5489//847
f 1240//847 5489//847 1239//847
f 1239//847 5489//847 5490//847
f 1239//847 5490//847 1238//847
f 1238//847 5490//847 5491//847
f 1238//847 5491//847 1237//847
f 1237//847 5491//847 5492//847
f 1237//847 5492//847 1236//847
f 1236//847 5492//847 5493//847
f 1236//847 5493//847 1235//847
f 1235//847 5493//847 5494//847
f 1235//847 5494//847 1234//847
f 1234//847 5494//847 5495//847
f 1234//847 5495//847 1233//847
f 1233//847 5495//847 5496//847
f 1233//847 5496//847 1232//847
f 1232//847 5496//847 5497//847
f 1232//847 5497//847 1231//847
f 1231//847 5497//847 5498//847
f 1231//847 5498//847 1230//847
f 1230//847 5498//847 5499//847
f 1230//847 5499//847 1229//847
f 1229//847 5499//847 5500//847
f 1229//847 5500//847 1228//847
f 1228//847 5500//847 5501//847
f 1228//847 5501//847 1289//847
f 1289//847 5501//847 5502//847
f 1289//847 5502//847 1288//847
f 1288//847 5502//847 5503//847
f 1288//847 5503//847 1287//847
f 1287//847 5503//847 5504//847
f 1287//847 5504//847 1286//847
f 1286//847 5504//847 5505//847
f 1286//847 5505//847 1285//847
f 1285//847 5505//847 5506//847
f 1285//847 5506//847 1284//847
f 1284//847 5506//847 5507//847
f 1284//847 5507//847 1283//847
f 1283//847 5507//847 5508//847
f 1283//847 5508//847 1282//847
f 1282//847 5508//847 5509//847
f 1282//847 5509//847 1281//847
f 1281//847 5509//847 5510//847
f 1281//847 5510//847 1280//847
f 1280//847 5510//847 5511//847
f 1280//847 5511//847 1279//847
f 1279//847 5511//847 5512//847
f 1279//847 5512//847 1278//847
f 1278//847 5512//847 5513//847
f 1278//847 5513//847 1277//847
f 1277//847 5513//847 5514//847
f 1277//847 5514//847 1276//847
f 1276//847 5514//847 5515//847
f 1276//847 5515//847 1275//847
f 1275//847 5515//847 5516//847
f 1275//847 5516//847 1274//847
f 1274//847 5516//847 5517//847
f 1274//847 5517//847 1273//847
f 1273//847 5517//847 5518//847
f 1273//847 5518//847 1272//847
f 1272//847 5518//847 5519//847
f 1272//847 5519//847 1271//847
f 1271//847 5519//847 5520//847
f 1271//847 5520//847 1270//847
f 1270//847 5520//847 5521//847
f 1270//847 5521//847 1269//847
f 1269//847 5521//847 5522//847
f 1269//847 5522//847 1268//847
f 1268//847 5522//847 5523//847
f 1268//847 5523//847 1267//847
f 1267//847 5523//847 5524//847
f 1267//847 5524//847 1266//847
f 1266//847 5524//847 5525//847
f 1266//847 5525//847 1265//847
f 1265//847 5525//847 5526//847
f 1265//847 5526//847 1264//847
f 1264//847 5526//847 5527//847
f 1264//847 5527//847 1263//847
f 1263//847 5527//847 5528//847
f 1263//847 5528//847 1262//847
f 1262//847 5528//847 5529//847
f 1262//847 5529//847 1261//847
f 1261//847 5529//847 5530//847
f 1261//847 5530//847 1260//847
f 1260//847 5530//847 5531//847
f 1260//847 5531//847 1259//847
f 1259//847 5531//847 5532//847
f 1259//847 5532//847 1258//847
f 1258//847 5532//847 5533//847
f 1258//847 5533//847 1257//847
f 1257//847 5533//847 5534//847
f 1257//847 5534//847 1256//847
f 1256//847 5534//847 5535//847
f 1256//847 5535//847 1255//847
f 1255//847 5535//847 5536//847
f 1255//847 5536//847 1254//847
f 1254//847 5536//847 5537//847
f 1254//847 5537//847 1253//847
f 1253//847 5537//847 5538//847
f 1253//847 5538//847 1252//847
f 1252//847 5538//847 5539//847
f 1252//847 5539//847 1251//847
f 1251//847 5539//847 5540//847
f 1251//847 5540//847 1250//847
f 1250//847 5540//847 5541//847
f 1250//847 5541//847 1249//847
f 1249//847 5541//847 5542//847
f 1249//847 5542//847 1248//847
f 1248//847 5542//847 5543//847
f 1248//847 5543//847 1247//847
f 1247//847 5543//847 5544//847
f 1247//847 5544//847 1246//847
f 1246//847 5544//847 5483//847
f 5545//848 5503//848 5546//848
f 5546//849 5503//849 5502//849
f 5546//849 5502//849 5547//849
f 5547//6535 5502//6535 5501//6535
f 5547//850 5501//850 5548//850
f 5548//851 5501//851 5500//851
f 5548//851 5500//851 5549//851
f 5549//852 5500//852 5499//852
f 5549//852 5499//852 5550//852
f 5550//853 5499//853 5498//853
f 5550//853 5498//853 5551//853
f 5551//854 5498//854 5497//854
f 5551//854 5497//854 5552//854
f 5552//855 5497//855 5496//855
f 5552//855 5496//855 5553//855
f 5553//856 5496//856 5495//856
f 5553//856 5495//856 5554//856
f 5554//857 5495//857 5494//857
f 5554//857 5494//857 5555//857
f 5555//858 5494//858 5493//858
f 5555//858 5493//858 5556//858
f 5556//859 5493//859 5492//859
f 5556//859 5492//859 5557//859
f 5557//860 5492//860 5491//860
f 5557//860 5491//860 5558//860
f 5558//861 5491//861 5490//861
f 5558//861 5490//861 5559//861
f 5559//862 5490//862 5489//862
f 5559//862 5489//862 5560//862
f 5560//863 5489//863 5488//863
f 5560//863 5488//863 5561//863
f 5561//864 5488//864 5487//864
f 5561//864 5487//864 5562//864
f 5562//865 5487//865 5486//865
f 5562//865 5486//865 5563//865
f 5563//866 5486//866 5485//866
f 5563//866 5485//866 5564//866
f 5564//867 5485//867 5484//867
f 5564//867 5484//867 5565//867
f 5565//868 5484//868 5483//868
f 5565//868 5483//868 5566//868
f 5566//869 5483//869 5544//869
f 5566//869 5544//869 5567//869
f 5567//870 5544//870 5543//870
f 5567//870 5543//870 5568//870
f 5568//871 5543//871 5542//871
f 5568//871 5542//871 5569//871
f 5569//872 5542//872 5541//872
f 5569//872 5541//872 5570//872
f 5570//873 5541//873 5540//873
f 5570//873 5540//873 5571//873
f 5571//874 5540//874 5539//874
f 5571//874 5539//874 5572//874
f 5572//875 5539//875 5538//875
f 5572//875 5538//875 5573//875
f 5573//876 5538//876 5537//876
f 5573//876 5537//876 5574//876
f 5574//877 5537//877 5536//877
f 5574//877 5536//877 5575//877
f 5575//878 5536//878 5535//878
f 5575//878 5535//878 5576//878
f 5576//879 5535//879 5534//879
f 5576//879 5534//879 5577//879
f 5577//880 5534//880 5533//880
f 5577//880 5533//880 5578//880
f 5578//881 5533//881 5532//881
f 5578//881 5532//881 5579//881
f 5579//882 5532//882 5531//882
f 5579//882 5531//882 5580//882
f 5580//883 5531//883 5530//883
f 5580//883 5530//883 5581//883
f 5581//884 5530//884 5529//884
f 5581//884 5529//884 5582//884
f 5582//885 5529//885 5528//885
f 5582//885 5528//885 5583//885
f 5583//886 5528//886 5527//886
f 5583//886 5527//886 5584//886
f 5584//887 5527//887 5526//887
f 5584//887 5526//887 5585//887
f 5585//888 5526//888 5525//888
f 5585//888 5525//888 5586//888
f 5586//889 5525//889 5524//889
f 5586//889 5524//889 5587//889
f 5587//890 5524//890 5523//890
f 5587//890 5523//890 5588//890
f 5588//891 5523//891 5522//891
f 5588//891 5522//891 5589//891
f 5589//892 5522//892 5521//892
f 5589//892 5521//892 5590//892
f 5590//893 5521//893 5520//893
f 5590//893 5520//893 5591//893
f 5591//894 5520//894 5519//894
f 5591//894 5519//894 5592//894
f 5592//895 5519//895 5518//895
f 5592//895 5518//895 5593//895
f 5593//896 5518//896 5517//896
f 5593//896 5517//896 5594//896
f 5594//897 5517//897 5516//897
f 5594//897 5516//897 5595//897
f 5595//898 5516//898 5515//898
f 5595//898 5515//898 5596//898
f 5596//899 5515//899 5514//899
f 5596//899 5514//899 5597//899
f 5597//900 5514//900 5513//900
f 5597//900 5513//900 5598//900
f 5598//901 5513//901 5512//901
f 5598//901 5512//901 5599//901
f 5599//902 5512//902 5511//902
f 5599//902 5511//902 5600//902
f 5600//903 5511//903 5510//903
f 5600//903 5510//903 5601//903
f 5601//904 5510//904 5509//904
f 5601//904 5509//904 5602//904
f 5602//905 5509//905 5508//905
f 5602//905 5508//905 5603//905
f 5603//906 5508//906 5507//906
f 5603//906 5507//906 5604//906
f 5604//907 5507//907 5506//907
f 5604//913 5506//913 5605//913
f 5605//908 5506//908 5505//908
f 5605//908 5505//908 5606//908
f 5606//909 5505//909 5504//909
f 5606//909 5504//909 5545//909
f 5545//848 5504//848 5503//848
f 1293//910 5548//910 1294//910
f 1294//910 5548//910 5549//910
f 1294//910 5549//910 1295//910
f 1295//910 5549//910 5550//910
f 1295//910 5550//910 1296//910
f 1296//910 5550//910 5551//910
f 1296//910 5551//910 1297//910
f 1297//910 5551//910 5552//910
f 1297//910 5552//910 1298//910
f 1298//910 5552//910 5553//910
f 1298//910 5553//910 1299//910
f 1299//910 5553//910 5554//910
f 1299//910 5554//910 1300//910
f 1300//910 5554//910 5555//910
f 1300//910 5555//910 1301//910
f 1301//910 5555//910 5556//910
f 1301//910 5556//910 1302//910
f 1302//910 5556//910 5557//910
f 1302//910 5557//910 1303//910
f 1303//910 5557//910 5558//910
f 1303//910 5558//910 1304//910
f 1304//910 5558//910 5559//910
f 1304//910 5559//910 1305//910
f 1305//910 5559//910 5560//910
f 1305//910 5560//910 1306//910
f 1306//910 5560//910 5561//910
f 1306//910 5561//910 1307//910
f 1307//910 5561//910 5562//910
f 1307//910 5562//910 1308//910
f 1308//910 5562//910 5563//910
f 1308//910 5563//910 1309//910
f 1309//910 5563//910 5564//910
f 1309//910 5564//910 1310//910
f 1310//910 5564//910 5565//910
f 1310//910 5565//910 1311//910
f 1311//910 5565//910 5566//910
f 1311//910 5566//910 1312//910
f 1312//910 5566//910 5567//910
f 1312//910 5567//910 1313//910
f 1313//910 5567//910 5568//910
f 1313//910 5568//910 1314//910
f 1314//910 5568//910 5569//910
f 1314//910 5569//910 1315//910
f 1315//910 5569//910 5570//910
f 1315//910 5570//910 1316//910
f 1316//910 5570//910 5571//910
f 1316//910 5571//910 1317//910
f 1317//910 5571//910 5572//910
f 1317//910 5572//910 1318//910
f 1318//910 5572//910 5573//910
f 1318//910 5573//910 1319//910
f 1319//910 5573//910 5574//910
f 1319//910 5574//910 1320//910
f 1320//910 5574//910 5575//910
f 1320//910 5575//910 1321//910
f 1321//910 5575//910 5576//910
f 1321//910 5576//910 1322//910
f 1322//910 5576//910 5577//910
f 1322//910 5577//910 1323//910
f 1323//910 5577//910 5578//910
f 1323//910 5578//910 1324//910
f 1324//910 5578//910 5579//910
f 1324//910 5579//910 1325//910
f 1325//910 5579//910 5580//910
f 1325//910 5580//910 1326//910
f 1326//910 5580//910 5581//910
f 1326//910 5581//910 1327//910
f 1327//910 5581//910 5582//910
f 1327//910 5582//910 1328//910
f 1328//910 5582//910 5583//910
f 1328//910 5583//910 1329//910
f 1329//910 5583//910 5584//910
f 1329//910 5584//910 1330//910
f 1330//910 5584//910 5585//910
f 1330//910 5585//910 1331//910
f 1331//910 5585//910 5586//910
f 1331//910 5586//910 1332//910
f 1332//910 5586//910 5587//910
f 1332//910 5587//910 1333//910
f 1333//910 5587//910 5588//910
f 1333//910 5588//910 1334//910
f 1334//910 5588//910 5589//910
f 1334//910 5589//910 1335//910
f 1335//910 5589//910 5590//910
f 1335//910 5590//910 1336//910
f 1336//910 5590//910 5591//910
f 1336//910 5591//910 1337//910
f 1337//910 5591//910 5592//910
f 1337//910 5592//910 1338//910
f 1338//910 5592//910 5593//910
f 1338//910 5593//910 1339//910
f 1339//910 5593//910 5594//910
f 1339//910 5594//910 1340//910
f 1340//910 5594//910 5595//910
f 1340//910 5595//910 1341//910
f 1341//910 5595//910 5596//910
f 1341//910 5596//910 1342//910
f 1342//910 5596//910 5597//910
f 1342//910 5597//910 1343//910
f 1343//910 5597//910 5598//910
f 1343//910 5598//910 1344//910
f 1344//910 5598//910 5599//910
f 1344//910 5599//910 1345//910
f 1345//910 5599//910 5600//910
f 1345//910 5600//910 1346//910
f 1346//910 5600//910 5601//910
f 1346//910 5601//910 1347//910
f 1347//910 5601//910 5602//910
f 1347//910 5602//910 1348//910
f 1348//910 5602//910 5603//910
f 1348//910 5603//910 1349//910
f 1349//910 5603//910 5604//910
f 1349//910 5604//910 1350//910
f 1350//910 5604//910 5605//910
f 1350//910 5605//910 1351//910
f 1351//910 5605//910 5606//910
f 1351//910 5606//910 1290//910
f 1290//910 5606//910 5545//910
f 1290//910 5545//910 1291//910
f 1291//910 5545//910 5546//910
f 1291//910 5546//910 1292//910
f 1292//910 5546//910 5547//910
f 1292//910 5547//910 1293//910
f 1293//910 5547//910 5548//910
