# Blender 4.2.0
# www.blender.org
o viper_wheel_v2
v -0.013508 0.129682 0.233465
v -0.013516 0.112933 0.231533
v -0.029817 0.111335 0.229826
v -0.013526 -0.086340 0.229051
v -0.013518 -0.108796 0.231100
v -0.029817 -0.111335 0.229826
v -0.225622 0.129682 0.059503
v -0.227700 0.147000 0.060660
v -0.222628 0.147000 0.077333
v -0.223790 0.112933 0.058899
v -0.227206 0.111335 0.042848
v -0.221436 -0.086340 0.058122
v -0.223379 -0.108796 0.058763
v -0.227206 -0.111335 0.042848
v -0.125934 0.129682 -0.196245
v -0.124794 0.112933 -0.194687
v -0.110604 0.111335 -0.202901
v -0.123328 -0.086340 -0.192686
v -0.124539 -0.108796 -0.194339
v -0.110604 -0.111335 -0.202901
v 0.147790 0.129682 -0.180346
v 0.148793 0.147000 -0.182504
v 0.134901 0.147000 -0.193008
v 0.146663 0.112933 -0.178778
v 0.158849 0.111335 -0.167803
v 0.145214 -0.086340 -0.176764
v 0.146410 -0.108796 -0.178427
v 0.158849 -0.111335 -0.167803
v 0.217274 0.129682 0.085230
v 0.219634 0.147000 0.085517
v 0.225318 0.147000 0.069043
v 0.215436 0.112933 0.084640
v 0.208778 0.111335 0.099636
v 0.213076 -0.086340 0.083883
v 0.215025 -0.108796 0.084508
v 0.208778 -0.111335 0.099636
v 0.217256 -0.129531 0.085224
v 0.212750 -0.147000 0.101526
v 0.205917 -0.074743 0.098275
v 0.211583 -0.063695 0.083405
v 0.209958 -0.017914 0.082884
v 0.210543 -0.040880 0.083072
v 0.204191 -0.037528 0.097454
v 0.210031 0.022117 0.082907
v 0.209820 -0.001183 0.082840
v 0.203614 0.000000 0.097180
v 0.204191 0.037528 0.097454
v 0.210704 0.045194 0.083123
v 0.213411 0.090618 0.083991
v 0.205917 0.074743 0.098275
v 0.211833 0.068033 0.083485
v 0.212750 0.147000 0.101526
v 0.229771 0.147000 0.052194
v 0.225622 0.129682 0.059503
v 0.221820 0.129682 0.072488
v 0.220527 0.037528 0.050107
v 0.218914 0.041007 0.057290
v 0.219953 0.063821 0.057633
v 0.219904 0.000000 0.049966
v 0.218189 -0.000853 0.057050
v 0.218329 0.018045 0.057096
v 0.222391 -0.074743 0.050528
v 0.220317 -0.070045 0.057753
v 0.219152 -0.047219 0.057368
v 0.225481 -0.111335 0.051225
v 0.223991 -0.114904 0.058965
v 0.221931 -0.092612 0.058285
v 0.225604 -0.129531 0.059498
v 0.229771 -0.147000 0.052194
v 0.224029 -0.129325 0.065129
v 0.225318 -0.147000 0.069043
v 0.222925 -0.129174 0.068774
v 0.221773 -0.129119 0.072406
v 0.219634 -0.147000 0.085517
v 0.219242 -0.129330 0.079867
v 0.220533 -0.129174 0.076146
v 0.147779 -0.129531 -0.180331
v 0.161871 -0.147000 -0.171002
v 0.156672 -0.074743 -0.165499
v 0.144298 -0.063695 -0.175490
v 0.143302 -0.017914 -0.174104
v 0.143661 -0.040880 -0.174603
v 0.155359 -0.037528 -0.164109
v 0.143346 0.022117 -0.174166
v 0.143217 -0.001183 -0.173986
v 0.154920 0.000000 -0.163645
v 0.155359 0.037528 -0.164109
v 0.143760 0.045194 -0.174741
v 0.145420 0.090618 -0.177050
v 0.156672 0.074743 -0.165499
v 0.144452 0.068033 -0.175703
v 0.161871 0.147000 -0.171002
v 0.120274 0.147000 -0.202455
v 0.125934 0.129682 -0.196245
v 0.137092 0.129682 -0.188613
v 0.115435 0.037528 -0.194297
v 0.121759 0.041007 -0.190542
v 0.122406 0.063821 -0.191426
v 0.115108 0.000000 -0.193747
v 0.121307 -0.000853 -0.189925
v 0.121394 0.018045 -0.190044
v 0.116411 -0.074743 -0.195943
v 0.122632 -0.070045 -0.191735
v 0.121907 -0.047219 -0.190744
v 0.118028 -0.111335 -0.198669
v 0.124919 -0.114904 -0.194859
v 0.123637 -0.092612 -0.193107
v 0.125923 -0.129531 -0.196230
v 0.120274 -0.147000 -0.202455
v 0.130785 -0.129325 -0.192990
v 0.134901 -0.147000 -0.193008
v 0.133907 -0.129174 -0.190813
v 0.137001 -0.129119 -0.188593
v 0.148793 -0.147000 -0.182504
v 0.143305 -0.129330 -0.183878
v 0.140169 -0.129174 -0.186257
v -0.141944 0.147000 -0.187884
v -0.155438 0.147000 -0.176874
v -0.147790 0.129682 -0.180346
v -0.149184 0.037528 -0.169745
v -0.143663 0.041007 -0.174607
v -0.144303 0.063821 -0.175496
v -0.148763 -0.000000 -0.169265
v -0.143217 -0.000853 -0.173986
v -0.143303 0.018045 -0.174106
v -0.150446 -0.074743 -0.171183
v -0.144526 -0.070045 -0.175807
v -0.143809 -0.047219 -0.174810
v -0.152536 -0.111335 -0.173566
v -0.146787 -0.114904 -0.178951
v -0.145519 -0.092612 -0.177188
v -0.147779 -0.129531 -0.180331
v -0.155438 -0.147000 -0.176874
v -0.143199 -0.129325 -0.183959
v -0.141944 -0.147000 -0.187884
v -0.133904 -0.129174 -0.190815
v -0.137102 -0.129119 -0.188519
v -0.140166 -0.129174 -0.186259
v -0.130675 -0.129330 -0.193066
v -0.127675 -0.147000 -0.197867
v -0.125923 -0.129531 -0.196230
v -0.112708 -0.147000 -0.206767
v -0.109088 -0.074743 -0.200116
v -0.122401 -0.063695 -0.191420
v -0.121393 -0.017914 -0.190042
v -0.121756 -0.040880 -0.190538
v -0.108174 -0.037528 -0.198435
v -0.121438 0.022117 -0.190104
v -0.121307 -0.001183 -0.189925
v -0.107868 -0.000000 -0.197874
v -0.108174 0.037528 -0.198435
v -0.121856 0.045194 -0.190675
v -0.123536 0.090618 -0.192970
v -0.109088 0.074743 -0.200116
v -0.122557 0.068033 -0.191632
v -0.137092 0.129682 -0.188613
v -0.127675 0.147000 -0.197867
v -0.112708 0.147000 -0.206767
v -0.225604 -0.129531 0.059498
v -0.231529 -0.147000 0.043657
v -0.224092 -0.074743 0.042265
v -0.219946 -0.063695 0.057630
v -0.218327 -0.017914 0.057095
v -0.218910 -0.040880 0.057288
v -0.222214 -0.037528 0.041914
v -0.218399 0.022117 0.057119
v -0.218189 -0.001183 0.057050
v -0.221586 -0.000000 0.041796
v -0.222214 0.037528 0.041914
v -0.219071 0.045194 0.057341
v -0.221769 0.090618 0.058232
v -0.224092 0.074743 0.042265
v -0.220196 0.068033 0.057713
v -0.231529 0.147000 0.043657
v -0.216339 0.147000 0.093585
v -0.217274 0.129682 0.085230
v -0.221820 0.129682 0.072488
v -0.207636 0.037528 0.089833
v -0.210548 0.041007 0.083073
v -0.211590 0.063821 0.083407
v -0.207049 -0.000000 0.089580
v -0.209820 -0.000853 0.082840
v -0.209960 0.018045 0.082885
v -0.209391 -0.074743 0.090590
v -0.211954 -0.070045 0.083524
v -0.210786 -0.047219 0.083149
v -0.212300 -0.111335 0.091844
v -0.215638 -0.114904 0.084705
v -0.213573 -0.092612 0.084043
v -0.217256 -0.129531 0.085224
v -0.216339 -0.147000 0.093585
v -0.219287 -0.129325 0.079741
v -0.222628 -0.147000 0.077333
v -0.220534 -0.129174 0.076142
v -0.221735 -0.129119 0.072526
v -0.227700 -0.147000 0.060660
v -0.224067 -0.129330 0.065000
v -0.222926 -0.129174 0.068771
v 0.004353 0.147000 0.236123
v 0.021733 0.147000 0.235157
v 0.013508 0.129682 0.233465
v 0.020858 0.037528 0.225709
v 0.013538 0.041007 0.226393
v 0.013533 0.063821 0.227488
v 0.020800 0.000000 0.225072
v 0.013541 -0.000853 0.225628
v 0.013541 0.018045 0.225775
v 0.021035 -0.074743 0.227614
v 0.013531 -0.070045 0.227872
v 0.013537 -0.047219 0.226643
v 0.021327 -0.111335 0.230773
v 0.013515 -0.114904 0.231745
v 0.013524 -0.092612 0.229573
v 0.013508 -0.129531 0.233446
v 0.021733 -0.147000 0.235157
v 0.007673 -0.129325 0.233686
v 0.004353 -0.147000 0.236123
v -0.003872 -0.129174 0.233762
v 0.000063 -0.129119 0.233787
v 0.003869 -0.129174 0.233762
v -0.007806 -0.129330 0.233682
v -0.013052 -0.147000 0.235801
v -0.013508 -0.129531 0.233446
v -0.030384 -0.147000 0.234192
v -0.029408 -0.074743 0.226681
v -0.013533 -0.063695 0.227481
v -0.013541 -0.017914 0.225773
v -0.013538 -0.040880 0.226388
v -0.029162 -0.037528 0.224783
v -0.013540 0.022117 0.225850
v -0.013541 -0.001183 0.225628
v -0.029080 -0.000000 0.224149
v -0.029162 0.037528 0.224783
v -0.013537 0.045194 0.226558
v -0.013525 0.090618 0.229403
v -0.029408 0.074743 0.226681
v -0.013532 0.068033 0.227744
v -0.000000 0.129682 0.233856
v -0.013052 0.147000 0.235801
v -0.030384 0.147000 0.234192
v -0.095313 0.111335 -0.210524
v -0.097126 0.147000 -0.214536
v -0.079501 0.111335 -0.216997
v -0.081013 0.147000 -0.221131
v -0.063255 0.111335 -0.222282
v -0.064458 0.147000 -0.226517
v -0.046663 0.111335 -0.226352
v -0.047551 0.147000 -0.230664
v -0.029817 0.111335 -0.229183
v -0.030384 0.147000 -0.233550
v -0.012808 0.111335 -0.230762
v -0.013052 0.147000 -0.235158
v 0.004271 0.111335 -0.231078
v 0.004353 0.147000 -0.235480
v 0.021327 0.111335 -0.230130
v 0.021733 0.147000 -0.234514
v 0.038266 0.111335 -0.227924
v 0.038994 0.147000 -0.232266
v 0.054997 0.111335 -0.224471
v 0.056043 0.147000 -0.228747
v 0.071427 0.111335 -0.219790
v 0.072786 0.147000 -0.223977
v 0.087466 0.111335 -0.213907
v 0.089131 0.147000 -0.217983
v 0.103029 0.111335 -0.206854
v 0.104989 0.147000 -0.210796
v 0.118028 0.111335 -0.198669
v 0.124547 0.108935 -0.194350
v -0.229722 0.111335 0.025931
v -0.234093 0.147000 0.026418
v -0.230984 0.111335 0.008873
v -0.235378 0.147000 0.009036
v -0.230984 0.111335 -0.008231
v -0.235378 0.147000 -0.008393
v -0.229722 0.111335 -0.025288
v -0.234093 0.147000 -0.025775
v -0.227206 0.111335 -0.042205
v -0.231529 0.147000 -0.043014
v -0.223449 0.111335 -0.058891
v -0.227700 0.147000 -0.060017
v -0.218471 0.111335 -0.075252
v -0.222628 0.147000 -0.076690
v -0.212300 0.111335 -0.091201
v -0.216339 0.147000 -0.092943
v -0.204970 0.111335 -0.106650
v -0.208870 0.147000 -0.108686
v -0.196520 0.111335 -0.121515
v -0.200259 0.147000 -0.123833
v -0.186997 0.111335 -0.135715
v -0.190555 0.147000 -0.138303
v -0.176453 0.111335 -0.149171
v -0.179810 0.147000 -0.152015
v -0.164945 0.111335 -0.161811
v -0.168083 0.147000 -0.164896
v -0.152536 0.111335 -0.173566
v -0.146419 0.108935 -0.178439
v -0.046663 0.111335 0.226994
v -0.047551 0.147000 0.231307
v -0.063255 0.111335 0.222925
v -0.064458 0.147000 0.227160
v -0.079501 0.111335 0.217639
v -0.081013 0.147000 0.221774
v -0.095313 0.111335 0.211167
v -0.097126 0.147000 0.215178
v -0.110604 0.111335 0.203543
v -0.112708 0.147000 0.207409
v -0.125291 0.111335 0.194809
v -0.127675 0.147000 0.198509
v -0.139294 0.111335 0.185013
v -0.141944 0.147000 0.188527
v -0.152536 0.111335 0.174208
v -0.155438 0.147000 0.177517
v -0.164945 0.111335 0.162454
v -0.168083 0.147000 0.165539
v -0.176453 0.111335 0.149814
v -0.179810 0.147000 0.152658
v -0.186997 0.111335 0.136357
v -0.190555 0.147000 0.138946
v -0.196520 0.111335 0.122158
v -0.200259 0.147000 0.124476
v -0.204970 0.111335 0.107293
v -0.208870 0.147000 0.109328
v -0.212300 0.111335 0.091844
v -0.215039 0.108935 0.084513
v 0.200882 0.111335 0.114804
v 0.204704 0.147000 0.116982
v 0.191890 0.111335 0.129346
v 0.195541 0.147000 0.131801
v 0.181849 0.111335 0.143183
v 0.185309 0.147000 0.145901
v 0.170816 0.111335 0.156240
v 0.174065 0.147000 0.159207
v 0.158849 0.111335 0.168446
v 0.161871 0.147000 0.171645
v 0.146015 0.111335 0.179733
v 0.148793 0.147000 0.183147
v 0.132383 0.111335 0.190041
v 0.134901 0.147000 0.193650
v 0.118028 0.111335 0.199312
v 0.120274 0.147000 0.203098
v 0.103029 0.111335 0.207497
v 0.104989 0.147000 0.211438
v 0.087466 0.111335 0.214549
v 0.089131 0.147000 0.218625
v 0.071427 0.111335 0.220432
v 0.072786 0.147000 0.224620
v 0.054997 0.111335 0.225113
v 0.056043 0.147000 0.229390
v 0.038266 0.111335 0.228566
v 0.038994 0.147000 0.232909
v 0.021327 0.111335 0.230773
v 0.013517 0.108935 0.231115
v 0.170816 0.111335 -0.155598
v 0.174065 0.147000 -0.158564
v 0.181849 0.111335 -0.142541
v 0.185309 0.147000 -0.145259
v 0.191890 0.111335 -0.128703
v 0.195541 0.147000 -0.131158
v 0.200882 0.111335 -0.114161
v 0.204704 0.147000 -0.116339
v 0.208778 0.111335 -0.098994
v 0.212750 0.147000 -0.100883
v 0.215533 0.111335 -0.083284
v 0.219634 0.147000 -0.084875
v 0.221111 0.111335 -0.067118
v 0.225318 0.147000 -0.068401
v 0.225481 0.111335 -0.050583
v 0.229771 0.147000 -0.051551
v 0.228620 0.111335 -0.033770
v 0.232970 0.147000 -0.034419
v 0.230510 0.111335 -0.016771
v 0.234896 0.147000 -0.017096
v 0.231141 0.111335 0.000321
v 0.235539 0.147000 0.000321
v 0.230510 0.111335 0.017414
v 0.234896 0.147000 0.017739
v 0.228620 0.111335 0.034413
v 0.232970 0.147000 0.035061
v 0.225481 0.111335 0.051225
v 0.223393 0.108935 0.058768
v -0.094006 0.074743 -0.207635
v -0.078411 0.074743 -0.214019
v -0.062388 0.074743 -0.219232
v -0.046024 0.074743 -0.223246
v -0.029408 0.074743 -0.226038
v -0.012632 0.074743 -0.227595
v 0.004213 0.074743 -0.227907
v 0.021035 0.074743 -0.226972
v 0.037742 0.074743 -0.224796
v 0.054243 0.074743 -0.221390
v 0.070448 0.074743 -0.216773
v 0.086268 0.074743 -0.210971
v 0.101617 0.074743 -0.204015
v 0.116411 0.074743 -0.195943
v 0.123335 0.086470 -0.192694
v -0.226574 0.074743 0.025580
v -0.227818 0.074743 0.008756
v -0.227818 0.074743 -0.008114
v -0.226574 0.074743 -0.024937
v -0.224092 0.074743 -0.041623
v -0.220387 0.074743 -0.058079
v -0.215477 0.074743 -0.074217
v -0.209391 0.074743 -0.089947
v -0.202161 0.074743 -0.105185
v -0.193827 0.074743 -0.119846
v -0.184435 0.074743 -0.133851
v -0.174035 0.074743 -0.147123
v -0.162684 0.074743 -0.159589
v -0.150446 0.074743 -0.171183
v -0.145220 0.086470 -0.176773
v -0.046024 0.074743 0.223888
v -0.062388 0.074743 0.219874
v -0.078411 0.074743 0.214661
v -0.094006 0.074743 0.208278
v -0.109088 0.074743 0.200758
v -0.123574 0.074743 0.192144
v -0.137385 0.074743 0.182482
v -0.150446 0.074743 0.171825
v -0.162684 0.074743 0.160232
v -0.174035 0.074743 0.147765
v -0.184435 0.074743 0.134493
v -0.193827 0.074743 0.120488
v -0.202161 0.074743 0.105827
v -0.209391 0.074743 0.090590
v -0.213086 0.086470 0.083887
v 0.198130 0.074743 0.113235
v 0.189260 0.074743 0.127578
v 0.179357 0.074743 0.141225
v 0.168475 0.074743 0.154104
v 0.156672 0.074743 0.166142
v 0.144014 0.074743 0.177275
v 0.130569 0.074743 0.187441
v 0.116411 0.074743 0.196585
v 0.101617 0.074743 0.204657
v 0.086268 0.074743 0.211614
v 0.070448 0.074743 0.217416
v 0.054243 0.074743 0.222033
v 0.037742 0.074743 0.225438
v 0.021035 0.074743 0.227614
v 0.013526 0.086470 0.229062
v 0.168475 0.074743 -0.153461
v 0.179357 0.074743 -0.140583
v 0.189260 0.074743 -0.126935
v 0.198130 0.074743 -0.112592
v 0.205917 0.074743 -0.097633
v 0.212579 0.074743 -0.082138
v 0.218081 0.074743 -0.066193
v 0.222391 0.074743 -0.049885
v 0.225487 0.074743 -0.033303
v 0.227351 0.074743 -0.016537
v 0.227974 0.074743 0.000321
v 0.227351 0.074743 0.017179
v 0.225487 0.074743 0.033945
v 0.222391 0.074743 0.050528
v 0.221446 0.086470 0.058125
v -0.093218 0.037528 -0.205892
v -0.077754 0.037528 -0.212222
v -0.061865 0.037528 -0.217391
v -0.045638 0.037528 -0.221371
v -0.029162 0.037528 -0.224141
v -0.012526 0.037528 -0.225684
v 0.004177 0.037528 -0.225993
v 0.020858 0.037528 -0.225066
v 0.037426 0.037528 -0.222908
v 0.053788 0.037528 -0.219531
v 0.069857 0.037528 -0.214953
v 0.085545 0.037528 -0.209200
v 0.100765 0.037528 -0.202302
v -0.224675 0.037528 0.025368
v -0.225908 0.037528 0.008685
v -0.225908 0.037528 -0.008043
v -0.224675 0.037528 -0.024725
v -0.222214 0.037528 -0.041271
v -0.218539 0.037528 -0.057590
v -0.213671 0.037528 -0.073592
v -0.207636 0.037528 -0.089190
v -0.200466 0.037528 -0.104300
v -0.192202 0.037528 -0.118838
v -0.182889 0.037528 -0.132726
v -0.172576 0.037528 -0.145887
v -0.161321 0.037528 -0.158249
v -0.045638 0.037528 0.222014
v -0.061865 0.037528 0.218034
v -0.077754 0.037528 0.212864
v -0.093218 0.037528 0.206534
v -0.108174 0.037528 0.199078
v -0.122538 0.037528 0.190536
v -0.136233 0.037528 0.180955
v -0.149184 0.037528 0.170388
v -0.161321 0.037528 0.158891
v -0.172576 0.037528 0.146529
v -0.182889 0.037528 0.133368
v -0.192202 0.037528 0.119481
v -0.200466 0.037528 0.104943
v 0.196469 0.037528 0.112288
v 0.187674 0.037528 0.126511
v 0.177854 0.037528 0.140044
v 0.167062 0.037528 0.152815
v 0.155359 0.037528 0.164752
v 0.142806 0.037528 0.175791
v 0.129474 0.037528 0.185872
v 0.115435 0.037528 0.194940
v 0.100765 0.037528 0.202944
v 0.085545 0.037528 0.209842
v 0.069857 0.037528 0.215596
v 0.053788 0.037528 0.220174
v 0.037426 0.037528 0.223551
v 0.167062 0.037528 -0.152172
v 0.177854 0.037528 -0.139402
v 0.187674 0.037528 -0.125868
v 0.196469 0.037528 -0.111646
v 0.204191 0.037528 -0.096812
v 0.210797 0.037528 -0.081447
v 0.216253 0.037528 -0.065636
v 0.220527 0.037528 -0.049464
v 0.223597 0.037528 -0.033021
v 0.225445 0.037528 -0.016395
v 0.226063 0.037528 0.000321
v 0.225445 0.037528 0.017038
v 0.223597 0.037528 0.033664
v -0.092955 -0.000000 -0.205309
v -0.077534 -0.000000 -0.211621
v -0.061690 -0.000000 -0.216776
v -0.045509 -0.000000 -0.220745
v -0.029080 -0.000000 -0.223506
v -0.012491 -0.000000 -0.225046
v 0.004166 0.000000 -0.225354
v 0.020800 0.000000 -0.224430
v 0.037320 0.000000 -0.222278
v 0.053636 0.000000 -0.218910
v 0.069660 0.000000 -0.214345
v 0.085303 0.000000 -0.208608
v 0.100480 0.000000 -0.201729
v -0.224040 -0.000000 0.025297
v -0.225270 -0.000000 0.008662
v -0.225270 -0.000000 -0.008019
v -0.224040 -0.000000 -0.024655
v -0.221586 -0.000000 -0.041153
v -0.217921 -0.000000 -0.057426
v -0.213067 -0.000000 -0.073383
v -0.207049 -0.000000 -0.088937
v -0.199900 -0.000000 -0.104004
v -0.191659 -0.000000 -0.118502
v -0.182372 -0.000000 -0.132350
v -0.172088 -0.000000 -0.145473
v -0.160865 -0.000000 -0.157801
v -0.045509 -0.000000 0.221387
v -0.061690 -0.000000 0.217418
v -0.077534 -0.000000 0.212264
v -0.092955 -0.000000 0.205952
v -0.107868 -0.000000 0.198516
v -0.122192 -0.000000 0.189998
v -0.135848 -0.000000 0.180445
v -0.148763 -0.000000 0.169907
v -0.160865 -0.000000 0.158443
v -0.172088 -0.000000 0.146116
v -0.182372 -0.000000 0.132992
v -0.191659 -0.000000 0.119144
v -0.199900 -0.000000 0.104647
v 0.195913 0.000000 0.111972
v 0.187143 0.000000 0.126154
v 0.177351 0.000000 0.139649
v 0.166590 0.000000 0.152384
v 0.154920 0.000000 0.164287
v 0.142403 0.000000 0.175295
v 0.129108 0.000000 0.185348
v 0.115108 0.000000 0.194390
v 0.100480 0.000000 0.202372
v 0.085303 0.000000 0.209250
v 0.069660 0.000000 0.214988
v 0.053636 0.000000 0.219553
v 0.037320 0.000000 0.222920
v 0.166590 0.000000 -0.151741
v 0.177351 0.000000 -0.139007
v 0.187143 0.000000 -0.125512
v 0.195913 0.000000 -0.111329
v 0.203614 0.000000 -0.096537
v 0.210202 0.000000 -0.081216
v 0.215642 0.000000 -0.065449
v 0.219904 0.000000 -0.049324
v 0.222965 0.000000 -0.032927
v 0.224808 0.000000 -0.016348
v 0.225424 0.000000 0.000321
v 0.224808 0.000000 0.016991
v 0.222965 0.000000 0.033569
v -0.093218 -0.037528 -0.205892
v -0.077754 -0.037528 -0.212222
v -0.061865 -0.037528 -0.217391
v -0.045638 -0.037528 -0.221371
v -0.029162 -0.037528 -0.224141
v -0.012526 -0.037528 -0.225684
v 0.004177 -0.037528 -0.225993
v 0.020858 -0.037528 -0.225066
v 0.037426 -0.037528 -0.222908
v 0.053788 -0.037528 -0.219531
v 0.069857 -0.037528 -0.214953
v 0.085545 -0.037528 -0.209200
v 0.100765 -0.037528 -0.202302
v 0.115435 -0.037528 -0.194297
v 0.121463 -0.024150 -0.190138
v -0.224675 -0.037528 0.025368
v -0.225908 -0.037528 0.008685
v -0.225908 -0.037528 -0.008043
v -0.224675 -0.037528 -0.024725
v -0.222214 -0.037528 -0.041271
v -0.218539 -0.037528 -0.057590
v -0.213671 -0.037528 -0.073592
v -0.207636 -0.037528 -0.089190
v -0.200466 -0.037528 -0.104300
v -0.192202 -0.037528 -0.118838
v -0.182889 -0.037528 -0.132726
v -0.172576 -0.037528 -0.145887
v -0.161321 -0.037528 -0.158249
v -0.149184 -0.037528 -0.169745
v -0.143371 -0.024150 -0.174201
v -0.045638 -0.037528 0.222014
v -0.061865 -0.037528 0.218034
v -0.077754 -0.037528 0.212864
v -0.093218 -0.037528 0.206534
v -0.108174 -0.037528 0.199078
v -0.122538 -0.037528 0.190536
v -0.136233 -0.037528 0.180955
v -0.149184 -0.037528 0.170388
v -0.161321 -0.037528 0.158891
v -0.172576 -0.037528 0.146529
v -0.182889 -0.037528 0.133368
v -0.192202 -0.037528 0.119481
v -0.200466 -0.037528 0.104943
v -0.207636 -0.037528 0.089833
v -0.210071 -0.024150 0.082920
v 0.196469 -0.037528 0.112288
v 0.187674 -0.037528 0.126511
v 0.177854 -0.037528 0.140044
v 0.167062 -0.037528 0.152815
v 0.155359 -0.037528 0.164752
v 0.142806 -0.037528 0.175791
v 0.129474 -0.037528 0.185872
v 0.115435 -0.037528 0.194940
v 0.100765 -0.037528 0.202944
v 0.085545 -0.037528 0.209842
v 0.069857 -0.037528 0.215596
v 0.053788 -0.037528 0.220174
v 0.037426 -0.037528 0.223551
v 0.020858 -0.037528 0.225709
v 0.013540 -0.024150 0.225892
v 0.167062 -0.037528 -0.152172
v 0.177854 -0.037528 -0.139402
v 0.187674 -0.037528 -0.125868
v 0.196469 -0.037528 -0.111646
v 0.204191 -0.037528 -0.096812
v 0.210797 -0.037528 -0.081447
v 0.216253 -0.037528 -0.065636
v 0.220527 -0.037528 -0.049464
v 0.223597 -0.037528 -0.033021
v 0.225445 -0.037528 -0.016395
v 0.226063 -0.037528 0.000321
v 0.225445 -0.037528 0.017038
v 0.223597 -0.037528 0.033664
v 0.220527 -0.037528 0.050107
v 0.218440 -0.024150 0.057133
v -0.094006 -0.074743 -0.207635
v -0.078411 -0.074743 -0.214019
v -0.062388 -0.074743 -0.219232
v -0.046024 -0.074743 -0.223246
v -0.029408 -0.074743 -0.226038
v -0.012632 -0.074743 -0.227595
v 0.004213 -0.074743 -0.227907
v 0.021035 -0.074743 -0.226972
v 0.037742 -0.074743 -0.224796
v 0.054243 -0.074743 -0.221390
v 0.070448 -0.074743 -0.216773
v 0.086268 -0.074743 -0.210971
v 0.101617 -0.074743 -0.204015
v -0.226574 -0.074743 0.025580
v -0.227818 -0.074743 0.008756
v -0.227818 -0.074743 -0.008114
v -0.226574 -0.074743 -0.024937
v -0.224092 -0.074743 -0.041623
v -0.220387 -0.074743 -0.058079
v -0.215477 -0.074743 -0.074217
v -0.209391 -0.074743 -0.089947
v -0.202161 -0.074743 -0.105185
v -0.193827 -0.074743 -0.119846
v -0.184435 -0.074743 -0.133851
v -0.174035 -0.074743 -0.147123
v -0.162684 -0.074743 -0.159589
v -0.046024 -0.074743 0.223888
v -0.062388 -0.074743 0.219874
v -0.078411 -0.074743 0.214661
v -0.094006 -0.074743 0.208278
v -0.109088 -0.074743 0.200758
v -0.123574 -0.074743 0.192144
v -0.137385 -0.074743 0.182482
v -0.150446 -0.074743 0.171825
v -0.162684 -0.074743 0.160232
v -0.174035 -0.074743 0.147765
v -0.184435 -0.074743 0.134493
v -0.193827 -0.074743 0.120488
v -0.202161 -0.074743 0.105827
v 0.198130 -0.074743 0.113235
v 0.189260 -0.074743 0.127578
v 0.179357 -0.074743 0.141225
v 0.168475 -0.074743 0.154104
v 0.156672 -0.074743 0.166142
v 0.144014 -0.074743 0.177275
v 0.130569 -0.074743 0.187441
v 0.116411 -0.074743 0.196585
v 0.101617 -0.074743 0.204657
v 0.086268 -0.074743 0.211614
v 0.070448 -0.074743 0.217416
v 0.054243 -0.074743 0.222033
v 0.037742 -0.074743 0.225438
v 0.168475 -0.074743 -0.153461
v 0.179357 -0.074743 -0.140583
v 0.189260 -0.074743 -0.126935
v 0.198130 -0.074743 -0.112592
v 0.205917 -0.074743 -0.097633
v 0.212579 -0.074743 -0.082138
v 0.218081 -0.074743 -0.066193
v 0.222391 -0.074743 -0.049885
v 0.225487 -0.074743 -0.033303
v 0.227351 -0.074743 -0.016537
v 0.227974 -0.074743 0.000321
v 0.227351 -0.074743 0.017179
v 0.225487 -0.074743 0.033945
v -0.095313 -0.111335 -0.210524
v -0.079501 -0.111335 -0.216997
v -0.063255 -0.111335 -0.222282
v -0.046663 -0.111335 -0.226352
v -0.029817 -0.111335 -0.229183
v -0.012808 -0.111335 -0.230762
v 0.004271 -0.111335 -0.231078
v 0.021327 -0.111335 -0.230130
v 0.038266 -0.111335 -0.227924
v 0.054997 -0.111335 -0.224471
v 0.071427 -0.111335 -0.219790
v 0.087466 -0.111335 -0.213907
v 0.103029 -0.111335 -0.206854
v -0.229722 -0.111335 0.025931
v -0.230984 -0.111335 0.008873
v -0.230984 -0.111335 -0.008231
v -0.229722 -0.111335 -0.025288
v -0.227206 -0.111335 -0.042205
v -0.223449 -0.111335 -0.058891
v -0.218471 -0.111335 -0.075252
v -0.212300 -0.111335 -0.091201
v -0.204970 -0.111335 -0.106650
v -0.196520 -0.111335 -0.121515
v -0.186997 -0.111335 -0.135715
v -0.176453 -0.111335 -0.149171
v -0.164945 -0.111335 -0.161811
v -0.046663 -0.111335 0.226994
v -0.063255 -0.111335 0.222925
v -0.079501 -0.111335 0.217639
v -0.095313 -0.111335 0.211167
v -0.110604 -0.111335 0.203543
v -0.125291 -0.111335 0.194809
v -0.139294 -0.111335 0.185013
v -0.152536 -0.111335 0.174208
v -0.164945 -0.111335 0.162454
v -0.176453 -0.111335 0.149814
v -0.186997 -0.111335 0.136357
v -0.196520 -0.111335 0.122158
v -0.204970 -0.111335 0.107293
v 0.200882 -0.111335 0.114804
v 0.191890 -0.111335 0.129346
v 0.181849 -0.111335 0.143183
v 0.170816 -0.111335 0.156240
v 0.158849 -0.111335 0.168446
v 0.146015 -0.111335 0.179733
v 0.132383 -0.111335 0.190041
v 0.118028 -0.111335 0.199312
v 0.103029 -0.111335 0.207497
v 0.087466 -0.111335 0.214549
v 0.071427 -0.111335 0.220432
v 0.054997 -0.111335 0.225113
v 0.038266 -0.111335 0.228566
v 0.170816 -0.111335 -0.155598
v 0.181849 -0.111335 -0.142541
v 0.191890 -0.111335 -0.128703
v 0.200882 -0.111335 -0.114161
v 0.208778 -0.111335 -0.098994
v 0.215533 -0.111335 -0.083284
v 0.221111 -0.111335 -0.067118
v 0.225481 -0.111335 -0.050583
v 0.228620 -0.111335 -0.033770
v 0.230510 -0.111335 -0.016771
v 0.231141 -0.111335 0.000321
v 0.230510 -0.111335 0.017414
v 0.228620 -0.111335 0.034413
v -0.097126 -0.147000 -0.214536
v -0.081013 -0.147000 -0.221131
v -0.064458 -0.147000 -0.226517
v -0.047551 -0.147000 -0.230664
v -0.030384 -0.147000 -0.233550
v -0.013052 -0.147000 -0.235158
v 0.004353 -0.147000 -0.235480
v 0.021733 -0.147000 -0.234514
v 0.038994 -0.147000 -0.232266
v 0.056043 -0.147000 -0.228747
v 0.072786 -0.147000 -0.223978
v 0.089131 -0.147000 -0.217983
v 0.104989 -0.147000 -0.210796
v -0.234093 -0.147000 0.026418
v -0.235378 -0.147000 0.009036
v -0.235378 -0.147000 -0.008393
v -0.234093 -0.147000 -0.025775
v -0.231529 -0.147000 -0.043015
v -0.227700 -0.147000 -0.060017
v -0.222628 -0.147000 -0.076690
v -0.216339 -0.147000 -0.092943
v -0.208870 -0.147000 -0.108686
v -0.200259 -0.147000 -0.123833
v -0.190555 -0.147000 -0.138303
v -0.179810 -0.147000 -0.152016
v -0.168083 -0.147000 -0.164896
v -0.047551 -0.147000 0.231307
v -0.064458 -0.147000 0.227160
v -0.081013 -0.147000 0.221774
v -0.097126 -0.147000 0.215178
v -0.112708 -0.147000 0.207409
v -0.127675 -0.147000 0.198509
v -0.141944 -0.147000 0.188527
v -0.155438 -0.147000 0.177517
v -0.168083 -0.147000 0.165539
v -0.179810 -0.147000 0.152658
v -0.190555 -0.147000 0.138946
v -0.200259 -0.147000 0.124476
v -0.208870 -0.147000 0.109328
v 0.204704 -0.147000 0.116982
v 0.195541 -0.147000 0.131801
v 0.185309 -0.147000 0.145901
v 0.174065 -0.147000 0.159207
v 0.161871 -0.147000 0.171645
v 0.148793 -0.147000 0.183147
v 0.134901 -0.147000 0.193650
v 0.120274 -0.147000 0.203098
v 0.104989 -0.147000 0.211438
v 0.089131 -0.147000 0.218625
v 0.072786 -0.147000 0.224620
v 0.056043 -0.147000 0.229390
v 0.038994 -0.147000 0.232909
v 0.174065 -0.147000 -0.158564
v 0.185309 -0.147000 -0.145259
v 0.195541 -0.147000 -0.131158
v 0.204704 -0.147000 -0.116339
v 0.212750 -0.147000 -0.100883
v 0.219634 -0.147000 -0.084875
v 0.225318 -0.147000 -0.068401
v 0.229771 -0.147000 -0.051551
v 0.232970 -0.147000 -0.034419
v 0.234896 -0.147000 -0.017096
v 0.235539 -0.147000 0.000321
v 0.234896 -0.147000 0.017739
v 0.232970 -0.147000 0.035061
v -0.246494 0.147000 0.000321
v -0.245230 0.147000 -0.024648
v -0.241449 0.147000 -0.049361
v -0.235190 0.147000 -0.073565
v -0.108555 0.147000 -0.221267
v -0.085609 0.147000 -0.231126
v -0.061784 0.147000 -0.238611
v 0.245230 0.147000 -0.024648
v 0.246494 0.147000 0.000321
v 0.245230 0.147000 0.025291
v -0.226518 0.147000 -0.097010
v -0.215521 0.147000 -0.119457
v -0.169826 0.147000 -0.178566
v -0.150881 0.147000 -0.194851
v -0.130387 0.147000 -0.209134
v -0.037326 0.147000 -0.243644
v -0.012485 0.147000 -0.246173
v 0.012485 0.147000 -0.246173
v 0.226518 0.147000 0.097653
v 0.215521 0.147000 0.120099
v 0.202314 0.147000 0.141317
v 0.187030 0.147000 0.161087
v 0.012485 0.147000 0.246816
v -0.012485 0.147000 0.246816
v -0.037326 0.147000 0.244286
v -0.061784 0.147000 0.239253
v -0.085609 0.147000 0.231769
v -0.108555 0.147000 0.221909
v -0.202314 0.147000 -0.140674
v -0.187030 0.147000 -0.160445
v 0.150881 0.147000 -0.194851
v 0.169826 0.147000 -0.178566
v 0.187030 0.147000 -0.160445
v 0.241449 0.147000 0.050004
v 0.235190 0.147000 0.074207
v 0.169826 0.147000 0.179208
v 0.150881 0.147000 0.195494
v -0.169826 0.147000 0.179208
v -0.187030 0.147000 0.161087
v -0.202314 0.147000 0.141317
v -0.215521 0.147000 0.120099
v -0.235190 0.147000 0.074207
v -0.241449 0.147000 0.050004
v -0.245230 0.147000 0.025291
v 0.226518 0.147000 -0.097010
v 0.235190 0.147000 -0.073565
v 0.241449 0.147000 -0.049361
v -0.226518 0.147000 0.097653
v 0.037326 0.147000 -0.243644
v 0.061784 0.147000 -0.238611
v 0.085609 0.147000 -0.231126
v 0.202314 0.147000 -0.140674
v 0.215521 0.147000 -0.119457
v 0.085609 0.147000 0.231769
v 0.061784 0.147000 0.239253
v 0.037326 0.147000 0.244286
v -0.130387 0.147000 0.209776
v -0.150881 0.147000 0.195494
v 0.108555 0.147000 -0.221267
v 0.130387 0.147000 -0.209134
v 0.130387 0.147000 0.209776
v 0.108555 0.147000 0.221909
v 0.246494 0.129360 0.000321
v 0.245230 0.129360 0.025291
v 0.241449 0.129360 0.050004
v 0.235190 0.129360 0.074207
v 0.226518 0.129360 0.097653
v 0.215521 0.129360 0.120099
v 0.202314 0.129360 0.141317
v 0.187030 0.129360 0.161087
v 0.169826 0.129360 0.179208
v 0.150881 0.129360 0.195494
v 0.130387 0.129360 0.209776
v 0.108555 0.129360 0.221909
v 0.085609 0.129360 0.231769
v 0.061784 0.129360 0.239253
v 0.037326 0.129360 0.244286
v 0.012485 0.129360 0.246816
v -0.012485 0.129360 0.246816
v -0.037326 0.129360 0.244286
v -0.061784 0.129360 0.239253
v -0.085609 0.129360 0.231769
v -0.108555 0.129360 0.221909
v -0.130387 0.129360 0.209776
v -0.150881 0.129360 0.195494
v -0.169826 0.129360 0.179208
v -0.187030 0.129360 0.161087
v -0.202314 0.129360 0.141317
v -0.215521 0.129360 0.120099
v -0.226518 0.129360 0.097653
v -0.235190 0.129360 0.074207
v -0.241449 0.129360 0.050004
v -0.245230 0.129360 0.025291
v -0.246494 0.129360 0.000321
v -0.245230 0.129360 -0.024648
v -0.241449 0.129360 -0.049361
v -0.235190 0.129360 -0.073565
v -0.226518 0.129360 -0.097010
v -0.215521 0.129360 -0.119457
v -0.202314 0.129360 -0.140674
v -0.187030 0.129360 -0.160445
v -0.169826 0.129360 -0.178566
v -0.150881 0.129360 -0.194851
v -0.130387 0.129360 -0.209134
v -0.108555 0.129360 -0.221267
v -0.085609 0.129360 -0.231126
v -0.061784 0.129360 -0.238611
v -0.037326 0.129360 -0.243644
v -0.012485 0.129360 -0.246173
v 0.012485 0.129360 -0.246173
v 0.037326 0.129360 -0.243644
v 0.061784 0.129360 -0.238611
v 0.085609 0.129360 -0.231126
v 0.108555 0.129360 -0.221267
v 0.130387 0.129360 -0.209134
v 0.150881 0.129360 -0.194851
v 0.169826 0.129360 -0.178566
v 0.187030 0.129360 -0.160445
v 0.202314 0.129360 -0.140674
v 0.215521 0.129360 -0.119457
v 0.226518 0.129360 -0.097010
v 0.235190 0.129360 -0.073565
v 0.241449 0.129360 -0.049361
v 0.245230 0.129360 -0.024648
v 0.234145 0.129360 0.073879
v 0.225511 0.129360 0.097220
v 0.214564 0.129360 0.119567
v 0.201414 0.129360 0.140690
v 0.186198 0.129360 0.160373
v 0.169072 0.129360 0.178413
v 0.150210 0.129360 0.194626
v 0.129807 0.129360 0.208845
v 0.108072 0.129360 0.220925
v 0.085228 0.129360 0.230740
v 0.061510 0.129360 0.238192
v 0.037160 0.129360 0.243202
v 0.012429 0.129360 0.245720
v -0.012429 0.129360 0.245720
v -0.037160 0.129360 0.243202
v -0.061510 0.129360 0.238192
v -0.085228 0.129360 0.230740
v -0.108072 0.129360 0.220925
v -0.129807 0.129360 0.208845
v -0.150210 0.129360 0.194626
v -0.169072 0.129360 0.178413
v -0.186198 0.129360 0.160373
v -0.201414 0.129360 0.140690
v -0.214564 0.129360 0.119567
v -0.225511 0.129360 0.097220
v -0.234145 0.129360 0.073879
v -0.240375 0.129360 0.049783
v -0.244140 0.129360 0.025180
v -0.245399 0.129360 0.000321
v -0.244140 0.129360 -0.024537
v -0.240375 0.129360 -0.049141
v -0.234145 0.129360 -0.073236
v -0.225511 0.129360 -0.096578
v -0.214564 0.129360 -0.118924
v -0.201414 0.129360 -0.140047
v -0.186198 0.129360 -0.159730
v -0.169072 0.129360 -0.177771
v -0.150210 0.129360 -0.193983
v -0.129807 0.129360 -0.208203
v -0.108072 0.129360 -0.220282
v -0.085228 0.129360 -0.230098
v -0.061510 0.129360 -0.237549
v -0.037160 0.129360 -0.242559
v -0.012429 0.129360 -0.245077
v 0.012429 0.129360 -0.245077
v 0.037160 0.129360 -0.242559
v 0.061510 0.129360 -0.237549
v 0.085228 0.129360 -0.230098
v 0.108072 0.129360 -0.220282
v 0.129807 0.129360 -0.208203
v 0.150210 0.129360 -0.193983
v 0.169072 0.129360 -0.177771
v 0.186198 0.129360 -0.159730
v 0.201414 0.129360 -0.140047
v 0.214564 0.129360 -0.118924
v 0.225511 0.129360 -0.096578
v 0.234145 0.129360 -0.073236
v 0.240375 0.129360 -0.049141
v 0.244140 0.129360 -0.024537
v 0.245399 0.129360 0.000321
v 0.244140 0.129360 0.025180
v 0.240375 0.129360 0.049783
v 0.245399 0.017640 0.000321
v 0.244140 0.017640 0.025180
v 0.240375 0.017640 0.049783
v 0.234145 0.017640 0.073879
v 0.225511 0.017640 0.097220
v 0.214564 0.017640 0.119567
v 0.201414 0.017640 0.140690
v 0.186198 0.017640 0.160373
v 0.169072 0.017640 0.178413
v 0.150210 0.017640 0.194626
v 0.129807 0.017640 0.208845
v 0.108072 0.017640 0.220925
v 0.085228 0.017640 0.230740
v 0.061510 0.017640 0.238192
v 0.037160 0.017640 0.243202
v 0.012429 0.017640 0.245720
v -0.012429 0.017640 0.245720
v -0.037160 0.017640 0.243202
v -0.061510 0.017640 0.238192
v -0.085228 0.017640 0.230740
v -0.108072 0.017640 0.220925
v -0.129807 0.017640 0.208845
v -0.150210 0.017640 0.194626
v -0.169072 0.017640 0.178413
v -0.186198 0.017640 0.160373
v -0.201414 0.017640 0.140690
v -0.214564 0.017640 0.119567
v -0.225511 0.017640 0.097220
v -0.234145 0.017640 0.073879
v -0.240375 0.017640 0.049783
v -0.244140 0.017640 0.025180
v -0.245399 0.017640 0.000321
v -0.244140 0.017640 -0.024537
v -0.240375 0.017640 -0.049141
v -0.234145 0.017640 -0.073236
v -0.225511 0.017640 -0.096578
v -0.214564 0.017640 -0.118924
v -0.201414 0.017640 -0.140047
v -0.186198 0.017640 -0.159730
v -0.169072 0.017640 -0.177771
v -0.150210 0.017640 -0.193984
v -0.129807 0.017640 -0.208203
v -0.108072 0.017640 -0.220282
v -0.085228 0.017640 -0.230098
v -0.061510 0.017640 -0.237549
v -0.037160 0.017640 -0.242559
v -0.012429 0.017640 -0.245077
v 0.012429 0.017640 -0.245077
v 0.037160 0.017640 -0.242559
v 0.061510 0.017640 -0.237549
v 0.085228 0.017640 -0.230098
v 0.108072 0.017640 -0.220282
v 0.129807 0.017640 -0.208203
v 0.150210 0.017640 -0.193984
v 0.169072 0.017640 -0.177771
v 0.186198 0.017640 -0.159730
v 0.201414 0.017640 -0.140047
v 0.214564 0.017640 -0.118924
v 0.225511 0.017640 -0.096578
v 0.234145 0.017640 -0.073236
v 0.240375 0.017640 -0.049141
v 0.244140 0.017640 -0.024537
v -0.130387 0.017640 0.209776
v -0.108555 0.017640 0.221909
v -0.085609 0.017640 0.231769
v -0.061784 0.017640 0.239253
v -0.037326 0.017640 0.244286
v -0.012485 0.017640 0.246816
v 0.012485 0.017640 0.246816
v 0.037326 0.017640 0.244286
v 0.061784 0.017640 0.239253
v 0.085609 0.017640 0.231769
v 0.108555 0.017640 0.221909
v 0.130387 0.017640 0.209776
v 0.150881 0.017640 0.195494
v 0.169826 0.017640 0.179208
v 0.187030 0.017640 0.161087
v 0.202314 0.017640 0.141317
v 0.215521 0.017640 0.120099
v 0.226518 0.017640 0.097653
v 0.235190 0.017640 0.074207
v 0.241449 0.017640 0.050004
v 0.245230 0.017640 0.025291
v 0.246494 0.017640 0.000321
v 0.245230 0.017640 -0.024648
v 0.241449 0.017640 -0.049361
v 0.235190 0.017640 -0.073565
v 0.226518 0.017640 -0.097010
v 0.215521 0.017640 -0.119457
v 0.202314 0.017640 -0.140674
v 0.187030 0.017640 -0.160445
v 0.169826 0.017640 -0.178566
v 0.150881 0.017640 -0.194851
v 0.130387 0.017640 -0.209134
v 0.108555 0.017640 -0.221267
v 0.085609 0.017640 -0.231126
v 0.061784 0.017640 -0.238611
v 0.037326 0.017640 -0.243644
v 0.012485 0.017640 -0.246173
v -0.012485 0.017640 -0.246173
v -0.037326 0.017640 -0.243644
v -0.061784 0.017640 -0.238611
v -0.085609 0.017640 -0.231126
v -0.108555 0.017640 -0.221267
v -0.130387 0.017640 -0.209134
v -0.150881 0.017640 -0.194851
v -0.169826 0.017640 -0.178566
v -0.187030 0.017640 -0.160445
v -0.202314 0.017640 -0.140674
v -0.215521 0.017640 -0.119457
v -0.226518 0.017640 -0.097010
v -0.235190 0.017640 -0.073565
v -0.241449 0.017640 -0.049361
v -0.245230 0.017640 -0.024648
v -0.246494 0.017640 0.000321
v -0.245230 0.017640 0.025291
v -0.241449 0.017640 0.050004
v -0.235190 0.017640 0.074207
v -0.226518 0.017640 0.097653
v -0.215521 0.017640 0.120099
v -0.202314 0.017640 0.141317
v -0.187030 0.017640 0.161087
v -0.169826 0.017640 0.179208
v -0.150881 0.017640 0.195494
v 0.246494 -0.017640 0.000321
v 0.245230 -0.017640 0.025291
v 0.241449 -0.017640 0.050004
v 0.235190 -0.017640 0.074207
v 0.226518 -0.017640 0.097653
v 0.215521 -0.017640 0.120099
v 0.202314 -0.017640 0.141317
v 0.187030 -0.017640 0.161087
v 0.169826 -0.017640 0.179208
v 0.150881 -0.017640 0.195494
v 0.130387 -0.017640 0.209776
v 0.108555 -0.017640 0.221909
v 0.085609 -0.017640 0.231769
v 0.061784 -0.017640 0.239253
v 0.037326 -0.017640 0.244286
v 0.012485 -0.017640 0.246816
v -0.012485 -0.017640 0.246816
v -0.037326 -0.017640 0.244286
v -0.061784 -0.017640 0.239253
v -0.085609 -0.017640 0.231769
v -0.108555 -0.017640 0.221909
v -0.130387 -0.017640 0.209776
v -0.150881 -0.017640 0.195494
v -0.169826 -0.017640 0.179208
v -0.187030 -0.017640 0.161087
v -0.202314 -0.017640 0.141317
v -0.215521 -0.017640 0.120099
v -0.226518 -0.017640 0.097653
v -0.235190 -0.017640 0.074207
v -0.241449 -0.017640 0.050004
v -0.245230 -0.017640 0.025291
v -0.246494 -0.017640 0.000321
v -0.245230 -0.017640 -0.024648
v -0.241449 -0.017640 -0.049361
v -0.235190 -0.017640 -0.073565
v -0.226518 -0.017640 -0.097010
v -0.215521 -0.017640 -0.119457
v -0.202314 -0.017640 -0.140674
v -0.187030 -0.017640 -0.160445
v -0.169826 -0.017640 -0.178566
v -0.150881 -0.017640 -0.194851
v -0.130387 -0.017640 -0.209134
v -0.108555 -0.017640 -0.221267
v -0.085609 -0.017640 -0.231126
v -0.061784 -0.017640 -0.238611
v -0.037326 -0.017640 -0.243644
v -0.012485 -0.017640 -0.246173
v 0.012485 -0.017640 -0.246173
v 0.037326 -0.017640 -0.243644
v 0.061784 -0.017640 -0.238611
v 0.085609 -0.017640 -0.231126
v 0.108555 -0.017640 -0.221267
v 0.130387 -0.017640 -0.209134
v 0.150881 -0.017640 -0.194851
v 0.169826 -0.017640 -0.178566
v 0.187030 -0.017640 -0.160445
v 0.202314 -0.017640 -0.140674
v 0.215521 -0.017640 -0.119457
v 0.226518 -0.017640 -0.097010
v 0.235190 -0.017640 -0.073565
v 0.241449 -0.017640 -0.049361
v 0.245230 -0.017640 -0.024648
v 0.234145 -0.017640 0.073879
v 0.225511 -0.017640 0.097220
v 0.214564 -0.017640 0.119567
v 0.201414 -0.017640 0.140690
v 0.186198 -0.017640 0.160373
v 0.169072 -0.017640 0.178413
v 0.150210 -0.017640 0.194626
v 0.129807 -0.017640 0.208845
v 0.108072 -0.017640 0.220925
v 0.085228 -0.017640 0.230740
v 0.061510 -0.017640 0.238192
v 0.037160 -0.017640 0.243202
v 0.012429 -0.017640 0.245720
v -0.012429 -0.017640 0.245720
v -0.037160 -0.017640 0.243202
v -0.061510 -0.017640 0.238192
v -0.085228 -0.017640 0.230740
v -0.108072 -0.017640 0.220925
v -0.129807 -0.017640 0.208845
v -0.150210 -0.017640 0.194626
v -0.169072 -0.017640 0.178413
v -0.186198 -0.017640 0.160373
v -0.201414 -0.017640 0.140690
v -0.214564 -0.017640 0.119567
v -0.225511 -0.017640 0.097220
v -0.234145 -0.017640 0.073879
v -0.240375 -0.017640 0.049783
v -0.244140 -0.017640 0.025180
v -0.245399 -0.017640 0.000321
v -0.244140 -0.017640 -0.024537
v -0.240375 -0.017640 -0.049141
v -0.234145 -0.017640 -0.073236
v -0.225511 -0.017640 -0.096578
v -0.214564 -0.017640 -0.118924
v -0.201414 -0.017640 -0.140047
v -0.186198 -0.017640 -0.159730
v -0.169072 -0.017640 -0.177771
v -0.150210 -0.017640 -0.193984
v -0.129807 -0.017640 -0.208203
v -0.108072 -0.017640 -0.220282
v -0.085228 -0.017640 -0.230098
v -0.061510 -0.017640 -0.237549
v -0.037160 -0.017640 -0.242559
v -0.012429 -0.017640 -0.245077
v 0.012429 -0.017640 -0.245077
v 0.037160 -0.017640 -0.242559
v 0.061510 -0.017640 -0.237549
v 0.085228 -0.017640 -0.230098
v 0.108072 -0.017640 -0.220282
v 0.129807 -0.017640 -0.208203
v 0.150210 -0.017640 -0.193984
v 0.169072 -0.017640 -0.177771
v 0.186198 -0.017640 -0.159730
v 0.201414 -0.017640 -0.140047
v 0.214564 -0.017640 -0.118924
v 0.225511 -0.017640 -0.096578
v 0.234145 -0.017640 -0.073236
v 0.240375 -0.017640 -0.049141
v 0.244140 -0.017640 -0.024537
v 0.245399 -0.017640 0.000321
v 0.244140 -0.017640 0.025180
v 0.240375 -0.017640 0.049783
v 0.245399 -0.129360 0.000321
v 0.244140 -0.129360 0.025180
v 0.240375 -0.129360 0.049783
v 0.234145 -0.129360 0.073879
v 0.225511 -0.129360 0.097220
v 0.214564 -0.129360 0.119567
v 0.201414 -0.129360 0.140690
v 0.186198 -0.129360 0.160373
v 0.169072 -0.129360 0.178413
v 0.150210 -0.129360 0.194626
v 0.129807 -0.129360 0.208845
v 0.108072 -0.129360 0.220925
v 0.085228 -0.129360 0.230740
v 0.061510 -0.129360 0.238192
v 0.037160 -0.129360 0.243202
v 0.012429 -0.129360 0.245720
v -0.012429 -0.129360 0.245720
v -0.037160 -0.129360 0.243202
v -0.061510 -0.129360 0.238192
v -0.085228 -0.129360 0.230740
v -0.108072 -0.129360 0.220925
v -0.129807 -0.129360 0.208845
v -0.150210 -0.129360 0.194626
v -0.169072 -0.129360 0.178413
v -0.186198 -0.129360 0.160373
v -0.201414 -0.129360 0.140690
v -0.214564 -0.129360 0.119567
v -0.225511 -0.129360 0.097220
v -0.234145 -0.129360 0.073879
v -0.240375 -0.129360 0.049783
v -0.244140 -0.129360 0.025180
v -0.245399 -0.129360 0.000321
v -0.244140 -0.129360 -0.024537
v -0.240375 -0.129360 -0.049141
v -0.234145 -0.129360 -0.073236
v -0.225511 -0.129360 -0.096578
v -0.214564 -0.129360 -0.118924
v -0.201414 -0.129360 -0.140047
v -0.186198 -0.129360 -0.159730
v -0.169072 -0.129360 -0.177771
v -0.150210 -0.129360 -0.193984
v -0.129807 -0.129360 -0.208203
v -0.108072 -0.129360 -0.220282
v -0.085228 -0.129360 -0.230098
v -0.061510 -0.129360 -0.237549
v -0.037160 -0.129360 -0.242559
v -0.012429 -0.129360 -0.245078
v 0.012429 -0.129360 -0.245078
v 0.037160 -0.129360 -0.242559
v 0.061510 -0.129360 -0.237549
v 0.085228 -0.129360 -0.230098
v 0.108072 -0.129360 -0.220282
v 0.129807 -0.129360 -0.208203
v 0.150210 -0.129360 -0.193984
v 0.169072 -0.129360 -0.177771
v 0.186198 -0.129360 -0.159730
v 0.201414 -0.129360 -0.140047
v 0.214564 -0.129360 -0.118924
v 0.225511 -0.129360 -0.096578
v 0.234145 -0.129360 -0.073236
v 0.240375 -0.129360 -0.049141
v 0.244140 -0.129360 -0.024537
v -0.130387 -0.129360 0.209776
v -0.108555 -0.129360 0.221909
v -0.085609 -0.129360 0.231769
v -0.061784 -0.129360 0.239253
v -0.037326 -0.129360 0.244286
v -0.012485 -0.129360 0.246816
v 0.012485 -0.129360 0.246816
v 0.037326 -0.129360 0.244286
v 0.061784 -0.129360 0.239253
v 0.085609 -0.129360 0.231769
v 0.108555 -0.129360 0.221909
v 0.130387 -0.129360 0.209776
v 0.150881 -0.129360 0.195494
v 0.169826 -0.129360 0.179208
v 0.187030 -0.129360 0.161087
v 0.202314 -0.129360 0.141317
v 0.215521 -0.129360 0.120099
v 0.226518 -0.129360 0.097653
v 0.235190 -0.129360 0.074207
v 0.241449 -0.129360 0.050004
v 0.245230 -0.129360 0.025291
v 0.246494 -0.129360 0.000321
v 0.245230 -0.129360 -0.024648
v 0.241449 -0.129360 -0.049361
v 0.235190 -0.129360 -0.073565
v 0.226518 -0.129360 -0.097010
v 0.215521 -0.129360 -0.119457
v 0.202314 -0.129360 -0.140674
v 0.187030 -0.129360 -0.160445
v 0.169826 -0.129360 -0.178566
v 0.150881 -0.129360 -0.194851
v 0.130387 -0.129360 -0.209134
v 0.108555 -0.129360 -0.221267
v 0.085609 -0.129360 -0.231126
v 0.061784 -0.129360 -0.238611
v 0.037326 -0.129360 -0.243644
v 0.012485 -0.129360 -0.246173
v -0.012485 -0.129360 -0.246173
v -0.037326 -0.129360 -0.243644
v -0.061784 -0.129360 -0.238611
v -0.085609 -0.129360 -0.231126
v -0.108555 -0.129360 -0.221267
v -0.130387 -0.129360 -0.209134
v -0.150881 -0.129360 -0.194851
v -0.169826 -0.129360 -0.178566
v -0.187030 -0.129360 -0.160445
v -0.202314 -0.129360 -0.140674
v -0.215521 -0.129360 -0.119457
v -0.226518 -0.129360 -0.097010
v -0.235190 -0.129360 -0.073565
v -0.241449 -0.129360 -0.049361
v -0.245230 -0.129360 -0.024648
v -0.246494 -0.129360 0.000321
v -0.245230 -0.129360 0.025291
v -0.241449 -0.129360 0.050004
v -0.235190 -0.129360 0.074207
v -0.226518 -0.129360 0.097653
v -0.215521 -0.129360 0.120099
v -0.202314 -0.129360 0.141317
v -0.187030 -0.129360 0.161087
v -0.169826 -0.129360 0.179208
v -0.150881 -0.129360 0.195494
v 0.246494 -0.147000 0.000321
v 0.245230 -0.147000 0.025291
v 0.241449 -0.147000 0.050004
v 0.235190 -0.147000 0.074207
v 0.226518 -0.147000 0.097653
v 0.215521 -0.147000 0.120099
v 0.202314 -0.147000 0.141317
v 0.187030 -0.147000 0.161087
v 0.169826 -0.147000 0.179208
v 0.150881 -0.147000 0.195494
v 0.130387 -0.147000 0.209776
v 0.108555 -0.147000 0.221909
v 0.085609 -0.147000 0.231769
v 0.061784 -0.147000 0.239253
v 0.037326 -0.147000 0.244286
v 0.012485 -0.147000 0.246816
v -0.012485 -0.147000 0.246816
v -0.037326 -0.147000 0.244286
v -0.061784 -0.147000 0.239253
v -0.085609 -0.147000 0.231769
v -0.108555 -0.147000 0.221909
v -0.130387 -0.147000 0.209776
v -0.150881 -0.147000 0.195494
v -0.169826 -0.147000 0.179208
v -0.187030 -0.147000 0.161087
v -0.202314 -0.147000 0.141317
v -0.215521 -0.147000 0.120099
v -0.226518 -0.147000 0.097653
v -0.235190 -0.147000 0.074207
v -0.241449 -0.147000 0.050004
v -0.245230 -0.147000 0.025291
v -0.246494 -0.147000 0.000321
v -0.245230 -0.147000 -0.024648
v -0.241449 -0.147000 -0.049361
v -0.235190 -0.147000 -0.073565
v -0.226518 -0.147000 -0.097010
v -0.215521 -0.147000 -0.119457
v -0.202314 -0.147000 -0.140674
v -0.187030 -0.147000 -0.160445
v -0.169826 -0.147000 -0.178566
v -0.150881 -0.147000 -0.194851
v -0.130387 -0.147000 -0.209134
v -0.108555 -0.147000 -0.221267
v -0.085609 -0.147000 -0.231126
v -0.061784 -0.147000 -0.238611
v -0.037326 -0.147000 -0.243644
v -0.012485 -0.147000 -0.246173
v 0.012485 -0.147000 -0.246173
v 0.037326 -0.147000 -0.243644
v 0.061784 -0.147000 -0.238611
v 0.085609 -0.147000 -0.231126
v 0.108555 -0.147000 -0.221267
v 0.130387 -0.147000 -0.209134
v 0.150881 -0.147000 -0.194851
v 0.169826 -0.147000 -0.178566
v 0.187030 -0.147000 -0.160445
v 0.202314 -0.147000 -0.140674
v 0.215521 -0.147000 -0.119457
v 0.226518 -0.147000 -0.097010
v 0.235190 -0.147000 -0.073565
v 0.241449 -0.147000 -0.049361
v 0.245230 -0.147000 -0.024648
v 0.053750 -0.035280 0.010888
v 0.054513 -0.035280 0.006997
v 0.054670 -0.035437 0.007912
v 0.054698 -0.035460 0.008019
v 0.055034 -0.035706 0.008987
v 0.055093 -0.035746 0.009117
v 0.056238 -0.036438 0.010823
v 0.052376 -0.035280 0.016381
v 0.055609 -0.036071 0.010030
v 0.055553 -0.036037 0.009946
v 0.056329 -0.036489 0.010920
v 0.057061 -0.036892 0.011572
v 0.057123 -0.036925 0.011619
v 0.057998 -0.037385 0.012171
v 0.058099 -0.037437 0.012223
v 0.059023 -0.037904 0.012603
v 0.215440 -0.115747 0.063491
v 0.216574 -0.116303 0.063769
v 0.218072 -0.117340 0.067210
v 0.216669 -0.116349 0.063785
v 0.217735 -0.116856 0.063875
v 0.217906 -0.116936 0.063876
v 0.218891 -0.117390 0.063807
v 0.219116 -0.117492 0.063773
v 0.214516 -0.117492 0.077947
v 0.214354 -0.117390 0.077787
v 0.215689 -0.117340 0.074554
v 0.213570 -0.116919 0.077130
v 0.213459 -0.116856 0.077051
v 0.212510 -0.116330 0.076480
v 0.212363 -0.116252 0.076407
v 0.211377 -0.115747 0.076010
v 0.050442 -0.035280 0.021704
v 0.216923 -0.117280 0.070829
v 0.054960 -0.037904 0.025122
v 0.053930 -0.037409 0.024877
v 0.053878 -0.037385 0.024869
v 0.052891 -0.036944 0.024800
v 0.052755 -0.036886 0.024803
v 0.051710 -0.036457 0.024914
v 0.051663 -0.036438 0.024924
v 0.050714 -0.036080 0.025185
v 0.049688 -0.035280 0.023407
v 0.050559 -0.036025 0.025243
v 0.049622 -0.035710 0.025694
v 0.048781 -0.035463 0.026276
v 0.048685 -0.035437 0.026356
v 0.048021 -0.035280 0.027004
v 0.055980 0.117600 0.025454
v 0.054960 0.117833 0.025122
v 0.211152 -0.113459 0.075937
v 0.209123 -0.090041 0.075277
v 0.207568 -0.066425 0.074771
v 0.206486 -0.042632 0.074419
v 0.206654 0.047131 0.074474
v 0.207828 0.070949 0.074856
v 0.209471 0.094502 0.075390
v 0.211563 0.117600 0.076071
v 0.205877 -0.018681 0.074221
v 0.205733 -0.001234 0.074174
v 0.205953 0.023065 0.074246
v 0.024927 -0.035280 -0.007977
v 0.023442 -0.035280 -0.008375
v 0.008819 -0.035280 -0.021617
v 0.001531 -0.035280 -0.012921
v 0.003016 -0.035280 -0.013320
v 0.015155 -0.035280 -0.005355
v 0.040184 -0.035280 -0.037162
v 0.040279 -0.035280 -0.037004
v 0.008287 -0.035280 -0.024638
v 0.009512 -0.035280 -0.053692
v 0.018735 -0.035280 -0.051218
v 0.004410 -0.035280 -0.029265
v 0.040945 -0.035280 -0.036112
v 0.041961 -0.035280 -0.034934
v 0.008685 -0.035280 -0.023151
v 0.047438 -0.035280 -0.027102
v 0.051473 -0.035280 -0.018437
v 0.021911 -0.035280 -0.008509
v 0.020379 -0.035280 -0.008375
v 0.018894 -0.035280 -0.007977
v 0.004410 -0.035280 -0.013970
v 0.005669 -0.035280 -0.014853
v 0.016242 -0.035280 -0.006443
v 0.023006 -0.035280 -0.049570
v 0.023186 -0.035280 -0.049528
v 0.005669 -0.035280 -0.028382
v 0.026646 -0.035280 -0.047599
v 0.006756 -0.035280 -0.027294
v 0.031439 -0.035280 -0.044592
v 0.007638 -0.035280 -0.026033
v 0.035898 -0.035280 -0.041106
v 0.037282 -0.035280 -0.039862
v 0.021953 -0.035280 -0.049928
v 0.028666 -0.035280 -0.005355
v 0.027579 -0.035280 -0.006443
v 0.026320 -0.035280 -0.007326
v 0.006756 -0.035280 -0.015941
v 0.007638 -0.035280 -0.017202
v 0.017501 -0.035280 -0.007326
v 0.008287 -0.035280 -0.018597
v 0.008685 -0.035280 -0.020084
v -0.004410 -0.035280 -0.013970
v -0.003016 -0.035280 -0.013320
v -0.006398 -0.035280 -0.012251
v -0.001531 -0.035280 -0.012921
v 0.000000 -0.035280 -0.012787
v 0.054513 -0.035280 0.005699
v 0.030715 -0.035280 -0.000189
v 0.054777 -0.035280 0.000321
v 0.030596 -0.035280 -0.001212
v 0.053944 -0.035280 -0.009203
v 0.030198 -0.035280 -0.002699
v 0.029548 -0.035280 -0.004094
v -0.008685 -0.035280 -0.020084
v -0.008287 -0.035280 -0.018597
v -0.047438 -0.035280 -0.027102
v -0.007637 -0.035280 -0.017202
v -0.006756 -0.035280 -0.015941
v -0.005669 -0.035280 -0.014853
v 0.003016 -0.035280 -0.029915
v 0.001531 -0.035280 -0.030314
v 0.000000 -0.035280 -0.054526
v 0.000000 -0.035280 -0.030448
v -0.009512 -0.035280 -0.053692
v -0.008287 -0.035280 -0.024638
v -0.040945 -0.035280 -0.036112
v -0.040279 -0.035280 -0.037004
v -0.040184 -0.035280 -0.037162
v -0.037282 -0.035280 -0.039862
v -0.007637 -0.035280 -0.026033
v -0.032945 -0.035280 -0.043496
v -0.006756 -0.035280 -0.027294
v -0.023186 -0.035280 -0.049528
v -0.005669 -0.035280 -0.028382
v -0.026646 -0.035280 -0.047599
v -0.028256 -0.035280 -0.046665
v -0.041961 -0.035280 -0.034934
v -0.008685 -0.035280 -0.023151
v -0.008819 -0.035280 -0.021617
v -0.001531 -0.035280 -0.030314
v -0.003016 -0.035280 -0.029915
v -0.018735 -0.035280 -0.051218
v -0.004410 -0.035280 -0.029265
v -0.021953 -0.035280 -0.049928
v -0.023006 -0.035280 -0.049570
v 0.029548 -0.035280 0.004736
v 0.030198 -0.035280 0.003341
v 0.030596 -0.035280 0.001855
v 0.054498 -0.035280 0.006812
v 0.030730 -0.035280 0.000321
v 0.001373 -0.035280 -0.007478
v 0.000000 -0.035280 -0.007598
v -0.001373 -0.035280 -0.007478
v -0.002705 -0.035280 -0.007121
v -0.003955 -0.035280 -0.006537
v -0.005084 -0.035280 -0.005746
v -0.006059 -0.035280 -0.004769
v -0.006850 -0.035280 -0.003639
v -0.007433 -0.035280 -0.002387
v -0.007789 -0.035280 -0.001054
v -0.026133 -0.035280 0.048524
v -0.007910 -0.035280 0.000321
v -0.007789 -0.035280 0.001697
v -0.007433 -0.035280 0.003030
v -0.006850 -0.035280 0.004281
v 0.002705 -0.035280 -0.007121
v 0.003955 -0.035280 -0.006537
v 0.014273 -0.035280 -0.004094
v 0.005084 -0.035280 -0.005746
v 0.013623 -0.035280 -0.002699
v 0.006059 -0.035280 -0.004769
v 0.026320 -0.035280 0.007969
v 0.027579 -0.035280 0.007086
v -0.006573 -0.035280 0.054772
v -0.001531 -0.035280 0.030956
v -0.004723 -0.035280 0.054964
v 0.000000 -0.035280 0.031090
v 0.010676 -0.035280 0.054224
v 0.010505 -0.035280 0.054296
v 0.001531 -0.035280 0.030956
v 0.006573 -0.035280 0.054772
v 0.000931 -0.035280 0.055160
v 0.011738 -0.035280 0.053894
v 0.003016 -0.035280 0.030558
v 0.018735 -0.035280 0.051861
v 0.004410 -0.035280 0.029907
v 0.027388 -0.035280 0.047820
v 0.001373 -0.035280 0.008121
v 0.003016 -0.035280 0.013962
v 0.001531 -0.035280 0.013564
v -0.002705 -0.035280 0.007763
v -0.001373 -0.035280 0.008121
v -0.003016 -0.035280 0.013962
v -0.005669 -0.035280 0.015496
v -0.006756 -0.035280 0.016584
v 0.018894 -0.035280 0.008619
v 0.020379 -0.035280 0.009017
v 0.021911 -0.035280 0.009152
v 0.008819 -0.035280 0.022260
v 0.007910 -0.035280 0.000321
v 0.007789 -0.035280 -0.001054
v 0.013226 -0.035280 -0.001212
v 0.007433 -0.035280 -0.002387
v 0.006850 -0.035280 -0.003639
v -0.003955 -0.035280 0.007180
v 0.008685 -0.035280 0.020727
v 0.008287 -0.035280 0.019240
v 0.007638 -0.035280 0.017845
v 0.005669 -0.035280 0.015496
v 0.004410 -0.035280 0.014613
v 0.003955 -0.035280 0.007180
v -0.008819 -0.035280 0.022260
v -0.008685 -0.035280 0.023793
v -0.008287 -0.035280 0.025280
v -0.007637 -0.035280 0.026675
v 0.023442 -0.035280 0.009017
v 0.024927 -0.035280 0.008619
v -0.006756 -0.035280 0.027936
v -0.005669 -0.035280 0.029024
v -0.018735 -0.035280 0.051861
v -0.004410 -0.035280 0.029907
v -0.011738 -0.035280 0.053894
v -0.003016 -0.035280 0.030558
v -0.010676 -0.035280 0.054224
v -0.010505 -0.035280 0.054296
v 0.005669 -0.035280 0.029024
v 0.006756 -0.035280 0.027936
v 0.035210 -0.035280 0.042336
v 0.007638 -0.035280 0.026675
v 0.041961 -0.035280 0.035576
v 0.008287 -0.035280 0.025280
v 0.047258 -0.035280 0.028054
v 0.008685 -0.035280 0.023793
v 0.047900 -0.035280 0.027144
v 0.000000 -0.035280 0.008241
v 0.000000 -0.035280 0.013430
v -0.001531 -0.035280 0.013564
v -0.007637 -0.035280 0.017845
v -0.008287 -0.035280 0.019240
v -0.008685 -0.035280 0.020727
v 0.013092 -0.035280 0.000321
v 0.013226 -0.035280 0.001855
v 0.007789 -0.035280 0.001697
v 0.013623 -0.035280 0.003341
v 0.007433 -0.035280 0.003030
v 0.014273 -0.035280 0.004736
v 0.006850 -0.035280 0.004281
v 0.015155 -0.035280 0.005997
v 0.006059 -0.035280 0.005412
v 0.016242 -0.035280 0.007086
v 0.017501 -0.035280 0.007969
v 0.028666 -0.035280 0.005997
v -0.004410 -0.035280 0.014613
v -0.006059 -0.035280 0.005412
v -0.005084 -0.035280 0.006388
v 0.005084 -0.035280 0.006388
v 0.006756 -0.035280 0.016584
v 0.002705 -0.035280 0.007763
v -0.023442 -0.035280 -0.008375
v -0.024927 -0.035280 -0.007977
v -0.026320 -0.035280 -0.007326
v -0.013092 -0.035280 0.000321
v -0.013226 -0.035280 -0.001212
v -0.013623 -0.035280 -0.002699
v -0.014273 -0.035280 -0.004094
v -0.027579 -0.035280 -0.006443
v -0.028666 -0.035280 -0.005355
v -0.051473 -0.035280 -0.018437
v -0.029548 -0.035280 -0.004094
v -0.053944 -0.035280 -0.009203
v -0.015155 -0.035280 -0.005355
v -0.016242 -0.035280 -0.006443
v -0.017501 -0.035280 -0.007326
v -0.020379 -0.035280 0.009017
v -0.018894 -0.035280 0.008619
v -0.030198 -0.035280 -0.002699
v -0.030596 -0.035280 -0.001212
v -0.054777 -0.035280 0.000321
v -0.030730 -0.035280 0.000321
v -0.054513 -0.035280 0.005699
v -0.030596 -0.035280 0.001855
v -0.054498 -0.035280 0.006812
v -0.030198 -0.035280 0.003341
v -0.054513 -0.035280 0.006997
v -0.053750 -0.035280 0.010888
v -0.017501 -0.035280 0.007969
v -0.016242 -0.035280 0.007086
v -0.015155 -0.035280 0.005997
v -0.014273 -0.035280 0.004736
v -0.013623 -0.035280 0.003341
v -0.013226 -0.035280 0.001855
v -0.018894 -0.035280 -0.007977
v -0.020379 -0.035280 -0.008375
v -0.021911 -0.035280 -0.008509
v -0.047258 -0.035280 0.028054
v -0.027579 -0.035280 0.007086
v -0.041961 -0.035280 0.035576
v -0.026320 -0.035280 0.007969
v -0.035210 -0.035280 0.042336
v -0.024927 -0.035280 0.008619
v -0.027388 -0.035280 0.047820
v -0.023442 -0.035280 0.009017
v -0.021911 -0.035280 0.009152
v -0.047900 -0.035280 0.027144
v -0.048021 -0.035280 0.027004
v -0.028666 -0.035280 0.005997
v -0.049688 -0.035280 0.023407
v -0.029548 -0.035280 0.004736
v -0.051800 -0.035280 0.018154
v -0.053361 -0.035280 0.012709
v 0.059023 0.117833 0.012603
v 0.060042 0.117600 0.012935
v 0.209795 -0.000889 0.061655
v 0.210057 -0.025185 0.061740
v 0.210801 -0.049242 0.061982
v 0.213196 0.090176 0.062761
v 0.215229 0.113604 0.063423
v 0.215625 0.117600 0.063552
v 0.212018 -0.073047 0.062378
v 0.213702 -0.096581 0.062926
v 0.211638 0.066556 0.062255
v 0.210553 0.042764 0.061902
v 0.209941 0.018819 0.061703
v 0.213636 0.117600 0.077150
v 0.215887 0.117600 0.070557
v 0.213536 0.117600 0.077076
v 0.212604 0.117600 0.076504
v 0.058347 0.117600 0.019304
v 0.217936 0.117600 0.063899
v 0.217811 0.117600 0.063900
v 0.216810 0.117600 0.063828
v 0.216706 0.117600 0.063812
v 0.049939 0.135240 0.022858
v 0.051473 0.135240 0.019080
v 0.051473 0.147000 0.019080
v -0.018735 0.147000 0.051861
v -0.011738 0.135240 0.053894
v -0.009512 0.147000 0.054335
v -0.047258 0.135240 0.028054
v -0.041961 0.147000 0.035576
v -0.047438 0.135240 0.027745
v -0.047438 0.147000 0.027745
v -0.049939 0.135240 0.022858
v -0.051473 0.147000 0.019080
v -0.053944 0.135240 0.009845
v -0.053631 0.135240 0.011480
v -0.053944 0.147000 0.009845
v -0.052096 0.135240 0.017270
v -0.051473 0.135240 0.019080
v -0.054513 0.135240 0.005699
v -0.054777 0.147000 0.000321
v -0.040945 0.135240 -0.036112
v -0.041961 0.147000 -0.034934
v -0.036838 0.135240 -0.040270
v -0.035210 0.147000 -0.041694
v -0.035210 0.135240 -0.041694
v -0.021953 0.135240 -0.049928
v -0.018735 0.147000 -0.051218
v -0.027388 0.147000 -0.047178
v -0.027172 0.135240 -0.047302
v -0.027388 0.135240 -0.047178
v -0.032197 0.135240 -0.044051
v 0.021953 0.135240 -0.049928
v 0.018735 0.147000 -0.051218
v 0.027172 0.135240 -0.047302
v 0.027388 0.147000 -0.047178
v 0.035210 0.147000 -0.041694
v 0.032197 0.135240 -0.044051
v 0.027388 0.135240 -0.047178
v 0.040945 0.135240 -0.036112
v 0.041961 0.147000 -0.034934
v 0.036838 0.135240 -0.040270
v 0.035210 0.135240 -0.041694
v 0.054513 0.135240 0.005699
v 0.054777 0.147000 0.000321
v 0.053944 0.135240 0.009845
v 0.053944 0.147000 0.009845
v 0.053631 0.135240 0.011480
v 0.052096 0.135240 0.017270
v 0.047438 0.135240 0.027745
v 0.047438 0.147000 0.027745
v 0.047258 0.135240 0.028054
v 0.041961 0.147000 0.035576
v 0.009512 0.147000 0.054335
v 0.009512 0.135240 0.054335
v 0.018735 0.147000 0.051861
v 0.011738 0.135240 0.053894
v -0.009512 0.135240 0.054335
v -0.005974 0.135240 0.054841
v -0.000000 0.147000 0.055168
v -0.000000 0.135240 0.055168
v 0.005974 0.135240 0.054841
v 0.047438 0.147000 -0.027102
v 0.051473 0.147000 -0.018437
v 0.053944 0.147000 -0.009203
v -0.009512 0.147000 -0.053692
v -0.000000 0.147000 -0.054526
v 0.009512 0.147000 -0.053692
v -0.053944 0.147000 -0.009203
v -0.051473 0.147000 -0.018437
v -0.047438 0.147000 -0.027102
v -0.027388 0.147000 0.047820
v -0.035210 0.147000 0.042336
v 0.035210 0.147000 0.042336
v 0.027388 0.147000 0.047820
v 0.009684 -0.035437 0.054728
v 0.009590 -0.035460 0.054787
v 0.008776 -0.035706 0.055407
v 0.008670 -0.035746 0.055503
v 0.007403 -0.036438 0.057121
v 0.007962 -0.036071 0.056276
v 0.008025 -0.036037 0.056198
v 0.007340 -0.036489 0.057238
v 0.006947 -0.036892 0.058136
v 0.006921 -0.036925 0.058209
v 0.006667 -0.037385 0.059214
v 0.006649 -0.037437 0.059325
v 0.006573 -0.037904 0.060323
v 0.006573 -0.115747 0.225001
v 0.006660 -0.116303 0.226167
v 0.003854 -0.117340 0.228656
v 0.006675 -0.116349 0.226262
v 0.006918 -0.116856 0.227305
v 0.006970 -0.116936 0.227468
v 0.007340 -0.117390 0.228385
v 0.007442 -0.117492 0.228588
v -0.003858 -0.117340 0.228656
v -0.007442 -0.117492 0.228588
v -0.007340 -0.117390 0.228385
v -0.006959 -0.116919 0.227435
v -0.006918 -0.116856 0.227305
v -0.006669 -0.116331 0.226224
v -0.006573 -0.115747 0.225001
v 0.000063 -0.117280 0.228680
v -0.006573 -0.037904 0.060323
v -0.006658 -0.037409 0.059266
v -0.006667 -0.037385 0.059214
v -0.006907 -0.036944 0.058253
v -0.006951 -0.036886 0.058123
v -0.007380 -0.036457 0.057164
v -0.007403 -0.036438 0.057121
v -0.007945 -0.036080 0.056298
v -0.008048 -0.036025 0.056169
v -0.008766 -0.035710 0.055416
v -0.009579 -0.035463 0.054795
v -0.009684 -0.035437 0.054728
v -0.006573 0.117600 0.061396
v -0.006573 0.117833 0.060323
v -0.006573 -0.113459 0.224764
v -0.006573 -0.090041 0.222627
v -0.006573 -0.066425 0.220990
v -0.006573 -0.042632 0.219851
v -0.006573 0.047131 0.220028
v -0.006573 0.070949 0.221264
v -0.006573 0.094502 0.222994
v -0.006573 0.117600 0.225196
v -0.006573 -0.018681 0.219210
v -0.006573 -0.001234 0.219058
v -0.006573 0.023065 0.219289
v 0.006573 0.117833 0.060323
v 0.006573 0.117600 0.061396
v 0.006573 -0.000889 0.219058
v 0.006573 -0.025185 0.219334
v 0.006573 -0.049242 0.220117
v 0.006573 0.090176 0.222638
v 0.006573 0.113604 0.224779
v 0.006573 0.117600 0.225196
v 0.006573 -0.073047 0.221398
v 0.006573 -0.096581 0.223172
v 0.006573 0.066556 0.220998
v 0.006573 0.042764 0.219856
v 0.006573 0.018819 0.219212
v -0.006957 0.117600 0.227503
v -0.000000 0.117600 0.227610
v -0.006918 0.117600 0.227385
v -0.006663 0.117600 0.226322
v -0.000000 0.117600 0.061750
v 0.006957 0.117600 0.227503
v 0.006918 0.117600 0.227385
v 0.006677 0.117600 0.226410
v 0.006660 0.117600 0.226305
v 0.024104 -0.035437 -0.049394
v 0.024214 -0.035460 -0.049387
v 0.025238 -0.035706 -0.049409
v 0.025379 -0.035746 -0.049425
v 0.027354 -0.036438 -0.049988
v 0.026406 -0.036071 -0.049633
v 0.026309 -0.036037 -0.049606
v 0.027473 -0.036489 -0.050045
v 0.028319 -0.036892 -0.050540
v 0.028383 -0.036925 -0.050585
v 0.029178 -0.037385 -0.051248
v 0.029258 -0.037437 -0.051327
v 0.029905 -0.037904 -0.052090
v 0.126576 -0.115747 -0.185317
v 0.127190 -0.116303 -0.186311
v 0.130921 -0.117340 -0.186674
v 0.127234 -0.116349 -0.186397
v 0.127650 -0.116856 -0.187384
v 0.127703 -0.116936 -0.187547
v 0.127942 -0.117390 -0.188506
v 0.127979 -0.117492 -0.188731
v 0.137161 -0.117340 -0.182135
v 0.140020 -0.117492 -0.179971
v 0.139819 -0.117390 -0.179866
v 0.138953 -0.116919 -0.179322
v 0.138843 -0.116856 -0.179241
v 0.138007 -0.116330 -0.178513
v 0.137211 -0.115747 -0.177579
v 0.134003 -0.117280 -0.184462
v 0.040541 -0.037904 -0.044352
v 0.039989 -0.037409 -0.043447
v 0.039966 -0.037385 -0.043400
v 0.039595 -0.036944 -0.042481
v 0.039555 -0.036886 -0.042351
v 0.039339 -0.036457 -0.041322
v 0.039333 -0.036438 -0.041274
v 0.039288 -0.036080 -0.040289
v 0.039295 -0.036025 -0.040124
v 0.039434 -0.035710 -0.039092
v 0.039727 -0.035463 -0.038111
v 0.039773 -0.035437 -0.037995
v 0.041171 0.117600 -0.045221
v 0.040541 0.117833 -0.044352
v 0.137072 -0.113459 -0.177388
v 0.135818 -0.090040 -0.175659
v 0.134857 -0.066425 -0.174335
v 0.134188 -0.042632 -0.173413
v 0.134292 0.047131 -0.173556
v 0.135018 0.070949 -0.174557
v 0.136034 0.094502 -0.175956
v 0.137326 0.117600 -0.177738
v 0.133812 -0.018681 -0.172894
v 0.133723 -0.001234 -0.172772
v 0.133859 0.023065 -0.172959
v 0.029905 0.117833 -0.052090
v 0.030535 0.117600 -0.052958
v 0.123087 -0.000889 -0.180509
v 0.123249 -0.025185 -0.180732
v 0.123709 -0.049242 -0.181366
v 0.125189 0.090176 -0.183405
v 0.126446 0.113604 -0.185137
v 0.126691 0.117600 -0.185475
v 0.124461 -0.073047 -0.182402
v 0.125502 -0.096581 -0.183837
v 0.124226 0.066556 -0.182079
v 0.123556 0.042764 -0.181154
v 0.123178 0.018819 -0.180633
v 0.138992 0.117600 -0.179378
v 0.133426 0.117600 -0.183559
v 0.138890 0.117600 -0.179306
v 0.138059 0.117600 -0.178596
v 0.036060 0.117600 -0.049375
v 0.127734 0.117600 -0.187568
v 0.127697 0.117600 -0.187449
v 0.127319 0.117600 -0.186518
v 0.127271 0.117600 -0.186423
v -0.039773 -0.035437 -0.037995
v -0.039732 -0.035460 -0.038098
v -0.039437 -0.035706 -0.039079
v -0.039408 -0.035746 -0.039219
v -0.039333 -0.036438 -0.041274
v -0.039289 -0.036071 -0.040261
v -0.039293 -0.036037 -0.040161
v -0.039350 -0.036489 -0.041405
v -0.039559 -0.036892 -0.042364
v -0.039582 -0.036925 -0.042438
v -0.039966 -0.037385 -0.043400
v -0.040016 -0.037437 -0.043501
v -0.040541 -0.037904 -0.044352
v -0.137211 -0.115747 -0.177579
v -0.137966 -0.116303 -0.178472
v -0.137158 -0.117340 -0.182137
v -0.138034 -0.116349 -0.178540
v -0.138843 -0.116856 -0.179241
v -0.138981 -0.116936 -0.179342
v -0.139819 -0.117390 -0.179866
v -0.140020 -0.117492 -0.179971
v -0.130919 -0.117340 -0.186676
v -0.127979 -0.117492 -0.188731
v -0.127942 -0.117390 -0.188506
v -0.127693 -0.116919 -0.187513
v -0.127650 -0.116856 -0.187384
v -0.127217 -0.116330 -0.186363
v -0.126576 -0.115747 -0.185317
v -0.134104 -0.117280 -0.184388
v -0.029905 -0.037904 -0.052090
v -0.029216 -0.037409 -0.051285
v -0.029178 -0.037385 -0.051248
v -0.028420 -0.036944 -0.050611
v -0.028308 -0.036886 -0.050533
v -0.027398 -0.036457 -0.050009
v -0.027354 -0.036438 -0.049988
v -0.026432 -0.036080 -0.049641
v -0.026274 -0.036025 -0.049597
v -0.025251 -0.035710 -0.049410
v -0.024228 -0.035463 -0.049386
v -0.024104 -0.035437 -0.049394
v -0.030535 0.117600 -0.052958
v -0.029905 0.117833 -0.052090
v -0.126437 -0.113459 -0.185125
v -0.125183 -0.090040 -0.183396
v -0.124222 -0.066425 -0.182072
v -0.123553 -0.042632 -0.181150
v -0.123657 0.047131 -0.181294
v -0.124383 0.070949 -0.182294
v -0.125398 0.094502 -0.183693
v -0.126691 0.117600 -0.185475
v -0.123176 -0.018681 -0.180632
v -0.123088 -0.001234 -0.180509
v -0.123223 0.023065 -0.180696
v -0.040541 0.117833 -0.044352
v -0.041171 0.117600 -0.045221
v -0.133723 -0.000889 -0.172772
v -0.133885 -0.025185 -0.172995
v -0.134345 -0.049242 -0.173628
v -0.135825 0.090176 -0.175668
v -0.137081 0.113604 -0.177400
v -0.137326 0.117600 -0.177738
v -0.135097 -0.073047 -0.174665
v -0.136138 -0.096581 -0.176100
v -0.134862 0.066556 -0.174341
v -0.134191 0.042764 -0.173417
v -0.133813 0.018819 -0.172896
v -0.127734 0.117600 -0.187568
v -0.133426 0.117600 -0.183559
v -0.127697 0.117600 -0.187449
v -0.127279 0.117600 -0.186438
v -0.036060 0.117600 -0.049375
v -0.138991 0.117600 -0.179378
v -0.138890 0.117600 -0.179306
v -0.138123 0.117600 -0.178658
v -0.138048 0.117600 -0.178584
v -0.048685 -0.035437 0.026356
v -0.048770 -0.035460 0.026285
v -0.049611 -0.035706 0.025701
v -0.049734 -0.035746 0.025630
v -0.051663 -0.036438 0.024924
v -0.050688 -0.036071 0.025195
v -0.050594 -0.036037 0.025230
v -0.051793 -0.036489 0.024899
v -0.052768 -0.036892 0.024802
v -0.052845 -0.036925 0.024801
v -0.053878 -0.037385 0.024869
v -0.053989 -0.037437 0.024886
v -0.054960 -0.037904 0.025122
v -0.211377 -0.115747 0.076010
v -0.212458 -0.116303 0.076454
v -0.215690 -0.117340 0.074551
v -0.212544 -0.116349 0.076497
v -0.213459 -0.116856 0.077051
v -0.213599 -0.116936 0.077151
v -0.214354 -0.117390 0.077787
v -0.214516 -0.117492 0.077947
v -0.218073 -0.117340 0.067207
v -0.219116 -0.117492 0.063773
v -0.218891 -0.117390 0.063807
v -0.217871 -0.116919 0.063876
v -0.217735 -0.116856 0.063875
v -0.216632 -0.116330 0.063779
v -0.215440 -0.115747 0.063491
v -0.216884 -0.117280 0.070948
v -0.059023 -0.037904 0.012603
v -0.058046 -0.037409 0.012196
v -0.057998 -0.037385 0.012171
v -0.057160 -0.036944 0.011646
v -0.057051 -0.036886 0.011564
v -0.056271 -0.036457 0.010859
v -0.056238 -0.036438 0.010823
v -0.055624 -0.036080 0.010053
v -0.055533 -0.036025 0.009916
v -0.055040 -0.035710 0.008999
v -0.054701 -0.035463 0.008033
v -0.054670 -0.035437 0.007912
v -0.060042 0.117600 0.012935
v -0.059023 0.117833 0.012603
v -0.215215 -0.113459 0.063418
v -0.213185 -0.090041 0.062758
v -0.211631 -0.066425 0.062252
v -0.210548 -0.042632 0.061900
v -0.210716 0.047131 0.061955
v -0.211891 0.070949 0.062337
v -0.213534 0.094502 0.062871
v -0.215625 0.117600 0.063552
v -0.209939 -0.018681 0.061702
v -0.209795 -0.001234 0.061655
v -0.210015 0.023065 0.061727
v -0.054960 0.117833 0.025122
v -0.055980 0.117600 0.025454
v -0.205733 -0.000889 0.074174
v -0.205995 -0.025185 0.074259
v -0.206738 -0.049242 0.074501
v -0.209133 0.090176 0.075280
v -0.211166 0.113604 0.075942
v -0.211563 0.117600 0.076071
v -0.207955 -0.073047 0.074897
v -0.209640 -0.096581 0.075445
v -0.207575 0.066556 0.074774
v -0.206491 0.042764 0.074421
v -0.205879 0.018819 0.074222
v -0.217936 0.117600 0.063899
v -0.215887 0.117600 0.070557
v -0.217811 0.117600 0.063900
v -0.216722 0.117600 0.063815
v -0.058347 0.117600 0.019304
v -0.213636 0.117600 0.077150
v -0.213536 0.117600 0.077076
v -0.212684 0.117600 0.076545
v -0.212590 0.117600 0.076496
v 0.016981 0.147000 0.029771
v 0.021830 0.147000 0.026371
v 0.026016 0.147000 0.022179
v 0.029411 0.147000 0.017324
v 0.031913 0.147000 0.011952
v 0.033445 0.147000 0.006226
v 0.033961 0.147000 0.000321
v 0.033445 0.147000 -0.005584
v 0.031913 0.147000 -0.011309
v 0.029411 0.147000 -0.016681
v 0.026016 0.147000 -0.021537
v 0.021830 0.147000 -0.025728
v 0.016981 0.147000 -0.029128
v 0.011615 0.147000 -0.031633
v 0.005897 0.147000 -0.033167
v -0.000000 0.147000 -0.033684
v -0.005897 0.147000 -0.033167
v -0.011615 0.147000 -0.031633
v -0.016981 0.147000 -0.029128
v -0.021830 0.147000 -0.025728
v -0.026016 0.147000 -0.021537
v -0.029411 0.147000 -0.016681
v -0.031913 0.147000 -0.011309
v -0.033445 0.147000 -0.005584
v -0.033961 0.147000 0.000321
v -0.033445 0.147000 0.006226
v -0.031913 0.147000 0.011952
v -0.029411 0.147000 0.017324
v -0.026016 0.147000 0.022179
v -0.021830 0.147000 0.026371
v -0.016981 0.147000 0.029771
v -0.011615 0.147000 0.032276
v -0.005897 0.147000 0.033810
v -0.000000 0.147000 0.034326
v 0.005897 0.147000 0.033810
v 0.011615 0.147000 0.032276
v -0.029411 0.023520 -0.016681
v -0.031913 0.023520 -0.011309
v -0.009157 0.023520 -0.008564
v 0.033961 0.023520 0.000321
v 0.026840 0.023520 0.000321
v 0.026766 0.023520 0.001178
v -0.004269 0.023520 0.024728
v -0.004633 0.023520 0.023948
v -0.008874 0.023520 0.033145
v 0.033445 0.023520 0.006226
v 0.026543 0.023520 0.002010
v 0.026180 0.023520 0.002789
v -0.000000 0.023520 0.034326
v -0.000000 0.023520 0.027196
v -0.000856 0.023520 0.027121
v -0.003777 0.023520 0.025433
v 0.011043 0.023520 -0.006063
v 0.011983 0.023520 -0.004046
v 0.017641 0.023520 -0.002147
v 0.012558 0.023520 -0.001896
v 0.017278 0.023520 -0.001367
v 0.017056 0.023520 -0.000536
v 0.023597 0.023520 -0.004317
v 0.024376 0.023520 -0.003954
v 0.032782 0.023520 -0.008564
v -0.005897 0.023520 0.033810
v -0.001686 0.023520 0.026899
v -0.002465 0.023520 0.026535
v -0.003169 0.023520 0.026041
v 0.009768 0.023520 -0.007886
v 0.018134 0.023520 -0.002852
v 0.009157 0.023520 -0.008564
v 0.025079 0.023520 -0.003460
v 0.025687 0.023520 -0.002852
v 0.033445 0.023520 -0.005584
v -0.004633 0.023520 0.020572
v -0.004269 0.023520 0.019792
v -0.008874 0.023520 0.009490
v 0.002465 0.023520 0.017985
v 0.006376 0.023520 0.011379
v 0.004361 0.023520 0.012319
v 0.005897 0.023520 0.033810
v 0.001686 0.023520 0.026899
v 0.000856 0.023520 0.027121
v 0.018742 0.023520 -0.003460
v 0.019446 0.023520 -0.003954
v 0.020224 0.023520 -0.004317
v 0.026180 0.023520 -0.002147
v 0.026543 0.023520 -0.001367
v 0.026766 0.023520 -0.000536
v -0.003777 0.023520 0.019087
v -0.003169 0.023520 0.018479
v -0.008197 0.023520 0.010102
v -0.004855 0.023520 0.023117
v -0.004930 0.023520 0.022260
v -0.004855 0.023520 0.021403
v -0.006376 0.023520 0.011379
v -0.002465 0.023520 0.017985
v -0.004361 0.023520 0.012319
v -0.001686 0.023520 0.017622
v -0.002214 0.023520 0.012895
v -0.000856 0.023520 0.017399
v -0.000000 0.023520 0.013089
v -0.000000 0.023520 0.017324
v 0.002214 0.023520 0.012895
v 0.000856 0.023520 0.017399
v 0.001686 0.023520 0.017622
v 0.023597 0.023520 0.004960
v 0.022767 0.023520 0.005183
v 0.004269 0.023520 0.019792
v 0.021911 0.023520 0.005258
v 0.021055 0.023520 0.005183
v 0.020224 0.023520 0.004960
v 0.019446 0.023520 0.004596
v 0.018742 0.023520 0.004103
v 0.018134 0.023520 0.003494
v 0.017641 0.023520 0.002789
v 0.003169 0.023520 0.018479
v 0.009768 0.023520 0.008528
v 0.008197 0.023520 0.010102
v 0.016981 0.023520 0.000321
v 0.012752 0.023520 0.000321
v 0.017056 0.023520 0.001178
v 0.012558 0.023520 0.002538
v 0.017278 0.023520 0.002010
v 0.011983 0.023520 0.004688
v 0.011043 0.023520 0.006705
v 0.021055 0.023520 -0.004540
v 0.021911 0.023520 -0.004615
v 0.022767 0.023520 -0.004540
v 0.025687 0.023520 0.003494
v 0.025079 0.023520 0.004103
v 0.024376 0.023520 0.004596
v 0.031913 0.023520 0.011952
v 0.004633 0.023520 0.020572
v 0.029411 0.023520 0.017324
v 0.004855 0.023520 0.021403
v 0.026016 0.023520 0.022179
v 0.004930 0.023520 0.022260
v 0.021830 0.023520 0.026371
v 0.004855 0.023520 0.023117
v 0.016981 0.023520 0.029771
v 0.004633 0.023520 0.023948
v 0.004269 0.023520 0.024728
v 0.011615 0.023520 0.032276
v 0.003777 0.023520 0.025433
v 0.003169 0.023520 0.026041
v 0.002465 0.023520 0.026535
v 0.003777 0.023520 0.019087
v -0.033445 0.023520 0.006226
v -0.031913 0.023520 0.011952
v -0.025687 0.023520 0.003494
v -0.026766 0.023520 0.001178
v -0.033961 0.023520 0.000321
v -0.026543 0.023520 0.002010
v -0.026180 0.023520 0.002789
v -0.026840 0.023520 0.000321
v -0.026766 0.023520 -0.000536
v -0.033445 0.023520 -0.005584
v -0.016981 0.023520 0.029771
v -0.021055 0.023520 0.005183
v -0.021830 0.023520 0.026371
v -0.021911 0.023520 0.005258
v -0.026016 0.023520 0.022179
v -0.022767 0.023520 0.005183
v -0.029411 0.023520 0.017324
v -0.017641 0.023520 0.002789
v -0.011043 0.023520 0.006705
v -0.011983 0.023520 0.004688
v -0.018134 0.023520 0.003494
v -0.018742 0.023520 0.004103
v -0.019446 0.023520 0.004596
v -0.020224 0.023520 0.004960
v -0.009768 0.023520 0.008528
v -0.011615 0.023520 0.032276
v -0.023597 0.023520 0.004960
v -0.024376 0.023520 0.004596
v -0.025079 0.023520 0.004103
v -0.026543 0.023520 -0.001367
v -0.026180 0.023520 -0.002147
v -0.025687 0.023520 -0.002852
v -0.020224 0.023520 -0.004317
v -0.019446 0.023520 -0.003954
v -0.018742 0.023520 -0.003460
v -0.018134 0.023520 -0.002852
v -0.009768 0.023520 -0.007886
v -0.011043 0.023520 -0.006063
v -0.017641 0.023520 -0.002147
v -0.011983 0.023520 -0.004046
v -0.017278 0.023520 -0.001367
v -0.012558 0.023520 -0.001896
v -0.017056 0.023520 -0.000536
v -0.012752 0.023520 0.000321
v -0.016981 0.023520 0.000321
v -0.012558 0.023520 0.002538
v -0.017056 0.023520 0.001178
v -0.017278 0.023520 0.002010
v -0.025079 0.023520 -0.003460
v -0.024376 0.023520 -0.003954
v -0.023597 0.023520 -0.004317
v -0.022767 0.023520 -0.004540
v -0.021911 0.023520 -0.004615
v -0.021055 0.023520 -0.004540
v -0.011615 0.023520 -0.031633
v -0.016981 0.023520 -0.029128
v -0.008874 0.023520 -0.008848
v -0.021830 0.023520 -0.025728
v -0.026016 0.023520 -0.021537
v -0.003777 0.023520 -0.024790
v -0.003169 0.023520 -0.025399
v -0.000000 0.023520 -0.026554
v 0.000856 0.023520 -0.026479
v -0.000000 0.023520 -0.033684
v 0.011615 0.023520 -0.031633
v 0.005897 0.023520 -0.033167
v 0.002465 0.023520 -0.025892
v -0.005897 0.023520 -0.033167
v 0.001686 0.023520 -0.026256
v 0.003169 0.023520 -0.025399
v 0.003777 0.023520 -0.024790
v 0.016981 0.023520 -0.029128
v -0.003777 0.023520 -0.018445
v -0.004269 0.023520 -0.019149
v -0.004855 0.023520 -0.022475
v -0.004633 0.023520 -0.023306
v -0.004269 0.023520 -0.024086
v -0.002465 0.023520 -0.025892
v -0.001686 0.023520 -0.026256
v -0.000856 0.023520 -0.026479
v -0.004633 0.023520 -0.019929
v -0.004855 0.023520 -0.020760
v -0.004930 0.023520 -0.021617
v -0.003169 0.023520 -0.017836
v -0.008197 0.023520 -0.009460
v -0.006376 0.023520 -0.010736
v -0.002214 0.023520 -0.012253
v -0.000856 0.023520 -0.016756
v -0.001686 0.023520 -0.016979
v -0.004361 0.023520 -0.011677
v -0.002465 0.023520 -0.017343
v 0.004269 0.023520 -0.024086
v 0.004633 0.023520 -0.023306
v 0.021830 0.023520 -0.025728
v 0.004855 0.023520 -0.022475
v 0.026016 0.023520 -0.021537
v 0.004930 0.023520 -0.021617
v 0.029411 0.023520 -0.016681
v 0.004855 0.023520 -0.020760
v 0.031913 0.023520 -0.011309
v 0.004633 0.023520 -0.019929
v 0.004269 0.023520 -0.019149
v 0.003777 0.023520 -0.018445
v 0.003169 0.023520 -0.017836
v -0.000000 0.023520 -0.016681
v -0.000000 0.023520 -0.012447
v 0.000856 0.023520 -0.016756
v 0.002214 0.023520 -0.012253
v 0.001686 0.023520 -0.016979
v 0.004361 0.023520 -0.011677
v 0.002465 0.023520 -0.017343
v 0.006376 0.023520 -0.010736
v 0.008197 0.023520 -0.009460
v -0.006731 -0.031763 0.001510
v -0.010442 0.018793 0.002165
v -0.006423 -0.031763 0.002662
v -0.009964 0.018793 0.003952
v -0.005920 -0.031763 0.003743
v -0.009182 0.018793 0.005630
v -0.005236 -0.031763 0.004721
v -0.008122 0.018793 0.007146
v -0.004394 -0.031763 0.005564
v -0.006815 0.018793 0.008454
v -0.003418 -0.031763 0.006248
v -0.005302 0.018793 0.009516
v -0.002338 -0.031763 0.006753
v -0.003626 0.018793 0.010298
v -0.001187 -0.031763 0.007061
v -0.001841 0.018793 0.010777
v 0.000000 -0.031763 0.007165
v -0.000000 0.018793 0.010938
v 0.001187 -0.031763 0.007061
v 0.001841 0.018793 0.010777
v 0.002338 -0.031763 0.006753
v 0.003626 0.018793 0.010298
v 0.003418 -0.031763 0.006248
v 0.005302 0.018793 0.009516
v 0.004394 -0.031763 0.005564
v 0.006815 0.018793 0.008454
v 0.005236 -0.031763 0.004721
v 0.008122 0.018793 0.007146
v 0.005920 -0.031763 0.003743
v 0.009183 0.018793 0.005630
v 0.006423 -0.031763 0.002662
v 0.009964 0.018793 0.003952
v 0.006731 -0.031763 0.001510
v 0.010442 0.018793 0.002165
v 0.006835 -0.031763 0.000321
v 0.010603 0.018793 0.000321
v 0.006731 -0.031763 -0.000867
v 0.010442 0.018793 -0.001522
v 0.006423 -0.031763 -0.002020
v 0.009964 0.018793 -0.003310
v 0.005920 -0.031763 -0.003101
v 0.009183 0.018793 -0.004987
v 0.005236 -0.031763 -0.004078
v 0.008122 0.018793 -0.006503
v 0.004394 -0.031763 -0.004922
v 0.006815 0.018793 -0.007812
v 0.003418 -0.031763 -0.005606
v 0.005302 0.018793 -0.008873
v 0.002338 -0.031763 -0.006110
v 0.003626 0.018793 -0.009655
v 0.001187 -0.031763 -0.006419
v 0.001841 0.018793 -0.010134
v 0.000000 -0.031763 -0.006523
v -0.000000 0.018793 -0.010295
v -0.001187 -0.031763 -0.006419
v -0.001841 0.018793 -0.010134
v -0.002338 -0.031763 -0.006110
v -0.003626 0.018793 -0.009655
v -0.003418 -0.031763 -0.005606
v -0.005302 0.018793 -0.008873
v -0.004394 -0.031763 -0.004922
v -0.006815 0.018793 -0.007812
v -0.005236 -0.031763 -0.004078
v -0.008122 0.018793 -0.006503
v -0.005920 -0.031763 -0.003101
v -0.009182 0.018793 -0.004987
v -0.006423 -0.031763 -0.002020
v -0.009964 0.018793 -0.003310
v -0.006731 -0.031763 -0.000867
v -0.010442 0.018793 -0.001522
v -0.006835 -0.031763 0.000321
v -0.010603 0.018793 0.000321
v 0.007956 0.023434 -0.009172
v 0.006189 0.023434 -0.010411
v 0.004233 0.023434 -0.011324
v 0.002149 0.023434 -0.011884
v -0.000000 0.023434 -0.012072
v -0.002149 0.023434 -0.011884
v -0.004233 0.023434 -0.011324
v -0.006189 0.023434 -0.010411
v -0.007956 0.023434 -0.009172
v -0.009482 0.023434 -0.007645
v -0.010719 0.023434 0.006518
v -0.011631 0.023434 0.004560
v -0.012189 0.023434 0.002473
v -0.012377 0.023434 0.000321
v -0.012189 0.023434 -0.001831
v -0.011631 0.023434 -0.003917
v -0.010719 0.023434 -0.005875
v -0.007956 0.023434 0.009815
v -0.009482 0.023434 0.008287
v -0.006189 0.023434 0.011054
v -0.004233 0.023434 0.011967
v -0.002149 0.023434 0.012526
v -0.000000 0.023434 0.012714
v 0.002149 0.023434 0.012526
v 0.004233 0.023434 0.011967
v 0.006189 0.023434 0.011054
v 0.007956 0.023434 0.009815
v 0.009482 0.023434 0.008287
v 0.010719 0.023434 0.006518
v 0.011631 0.023434 0.004560
v 0.012189 0.023434 0.002473
v 0.012377 0.023434 0.000321
v 0.012189 0.023434 -0.001831
v 0.011631 0.023434 -0.003917
v 0.010719 0.023434 -0.005875
v 0.009482 0.023434 -0.007645
v 0.011831 0.023177 0.002410
v 0.011289 0.023177 0.004436
v 0.010404 0.023177 0.006336
v 0.009203 0.023177 0.008054
v 0.007722 0.023177 0.009536
v 0.006007 0.023177 0.010739
v 0.004109 0.023177 0.011625
v 0.002086 0.023177 0.012168
v -0.000000 0.023177 0.012351
v -0.002086 0.023177 0.012168
v -0.004109 0.023177 0.011625
v -0.006007 0.023177 0.010739
v -0.007722 0.023177 0.009536
v -0.009203 0.023177 0.008054
v -0.010404 0.023177 0.006336
v -0.011289 0.023177 0.004436
v -0.011831 0.023177 0.002410
v -0.012014 0.023177 0.000321
v -0.011831 0.023177 -0.001768
v -0.011289 0.023177 -0.003793
v -0.010404 0.023177 -0.005693
v -0.009203 0.023177 -0.007411
v -0.007722 0.023177 -0.008894
v -0.006007 0.023177 -0.010096
v -0.004109 0.023177 -0.010983
v -0.002086 0.023177 -0.011525
v -0.000000 0.023177 -0.011708
v 0.002086 0.023177 -0.011525
v 0.004109 0.023177 -0.010983
v 0.006007 0.023177 -0.010096
v 0.007722 0.023177 -0.008894
v 0.009203 0.023177 -0.007411
v 0.010404 0.023177 -0.005693
v 0.011289 0.023177 -0.003793
v 0.011831 0.023177 -0.001768
v 0.012014 0.023177 0.000321
v 0.011495 0.022757 0.002351
v 0.010968 0.022757 0.004319
v 0.010109 0.022757 0.006165
v 0.008942 0.022757 0.007834
v 0.007503 0.022757 0.009274
v 0.005836 0.022757 0.010443
v 0.003992 0.022757 0.011304
v 0.002027 0.022757 0.011831
v -0.000000 0.022757 0.012009
v -0.002027 0.022757 0.011831
v -0.003992 0.022757 0.011304
v -0.005836 0.022757 0.010443
v -0.007503 0.022757 0.009274
v -0.008942 0.022757 0.007834
v -0.010109 0.022757 0.006165
v -0.010968 0.022757 0.004319
v -0.011495 0.022757 0.002351
v -0.011672 0.022757 0.000321
v -0.011495 0.022757 -0.001708
v -0.010968 0.022757 -0.003676
v -0.010109 0.022757 -0.005522
v -0.008942 0.022757 -0.007191
v -0.007503 0.022757 -0.008632
v -0.005836 0.022757 -0.009800
v -0.003992 0.022757 -0.010661
v -0.002027 0.022757 -0.011188
v -0.000000 0.022757 -0.011366
v 0.002027 0.022757 -0.011188
v 0.003992 0.022757 -0.010661
v 0.005836 0.022757 -0.009800
v 0.007503 0.022757 -0.008632
v 0.008942 0.022757 -0.007191
v 0.010109 0.022757 -0.005522
v 0.010968 0.022757 -0.003676
v 0.011495 0.022757 -0.001708
v 0.011672 0.022757 0.000321
v 0.011190 0.022187 0.002297
v 0.010677 0.022187 0.004212
v 0.009840 0.022187 0.006010
v 0.008704 0.022187 0.007634
v 0.007304 0.022187 0.009037
v 0.005681 0.022187 0.010174
v 0.003886 0.022187 0.011012
v 0.001973 0.022187 0.011525
v -0.000000 0.022187 0.011698
v -0.001973 0.022187 0.011525
v -0.003886 0.022187 0.011012
v -0.005681 0.022187 0.010174
v -0.007304 0.022187 0.009037
v -0.008704 0.022187 0.007634
v -0.009840 0.022187 0.006010
v -0.010677 0.022187 0.004212
v -0.011190 0.022187 0.002297
v -0.011362 0.022187 0.000321
v -0.011190 0.022187 -0.001654
v -0.010677 0.022187 -0.003570
v -0.009840 0.022187 -0.005367
v -0.008704 0.022187 -0.006992
v -0.007304 0.022187 -0.008394
v -0.005681 0.022187 -0.009532
v -0.003886 0.022187 -0.010370
v -0.001973 0.022187 -0.010883
v -0.000000 0.022187 -0.011056
v 0.001973 0.022187 -0.010883
v 0.003886 0.022187 -0.010370
v 0.005681 0.022187 -0.009532
v 0.007304 0.022187 -0.008394
v 0.008704 0.022187 -0.006992
v 0.009840 0.022187 -0.005367
v 0.010677 0.022187 -0.003570
v 0.011190 0.022187 -0.001654
v 0.011362 0.022187 0.000321
v 0.010925 0.021484 0.002250
v 0.010424 0.021484 0.004120
v 0.009607 0.021484 0.005875
v 0.008498 0.021484 0.007461
v 0.007131 0.021484 0.008830
v 0.005547 0.021484 0.009941
v 0.003794 0.021484 0.010759
v 0.001926 0.021484 0.011260
v -0.000000 0.021484 0.011429
v -0.001926 0.021484 0.011260
v -0.003794 0.021484 0.010759
v -0.005547 0.021484 0.009941
v -0.007131 0.021484 0.008830
v -0.008498 0.021484 0.007461
v -0.009607 0.021484 0.005875
v -0.010424 0.021484 0.004120
v -0.010925 0.021484 0.002250
v -0.011093 0.021484 0.000321
v -0.010925 0.021484 -0.001608
v -0.010424 0.021484 -0.003478
v -0.009607 0.021484 -0.005233
v -0.008498 0.021484 -0.006819
v -0.007131 0.021484 -0.008188
v -0.005547 0.021484 -0.009298
v -0.003794 0.021484 -0.010116
v -0.001926 0.021484 -0.010618
v -0.000000 0.021484 -0.010786
v 0.001926 0.021484 -0.010618
v 0.003794 0.021484 -0.010116
v 0.005547 0.021484 -0.009298
v 0.007131 0.021484 -0.008188
v 0.008498 0.021484 -0.006819
v 0.009607 0.021484 -0.005233
v 0.010424 0.021484 -0.003478
v 0.010925 0.021484 -0.001608
v 0.011093 0.021484 0.000321
v 0.010708 0.020667 0.002212
v 0.010217 0.020667 0.004045
v 0.009416 0.020667 0.005765
v 0.008329 0.020667 0.007319
v 0.006989 0.020667 0.008661
v 0.005437 0.020667 0.009750
v 0.003719 0.020667 0.010552
v 0.001888 0.020667 0.011043
v -0.000000 0.020667 0.011208
v -0.001888 0.020667 0.011043
v -0.003719 0.020667 0.010552
v -0.005437 0.020667 0.009750
v -0.006989 0.020667 0.008661
v -0.008329 0.020667 0.007319
v -0.009416 0.020667 0.005765
v -0.010217 0.020667 0.004045
v -0.010708 0.020667 0.002212
v -0.010873 0.020667 0.000321
v -0.010708 0.020667 -0.001569
v -0.010217 0.020667 -0.003402
v -0.009416 0.020667 -0.005122
v -0.008329 0.020667 -0.006677
v -0.006989 0.020667 -0.008019
v -0.005437 0.020667 -0.009107
v -0.003719 0.020667 -0.009909
v -0.001888 0.020667 -0.010400
v -0.000000 0.020667 -0.010566
v 0.001888 0.020667 -0.010400
v 0.003719 0.020667 -0.009909
v 0.005437 0.020667 -0.009107
v 0.006989 0.020667 -0.008019
v 0.008329 0.020667 -0.006677
v 0.009416 0.020667 -0.005122
v 0.010217 0.020667 -0.003402
v 0.010708 0.020667 -0.001569
v 0.010873 0.020667 0.000321
v 0.010545 0.019761 0.002183
v 0.010062 0.019761 0.003988
v 0.009273 0.019761 0.005682
v 0.008203 0.019761 0.007213
v 0.006883 0.019761 0.008535
v 0.005354 0.019761 0.009607
v 0.003662 0.019761 0.010396
v 0.001859 0.019761 0.010880
v -0.000000 0.019761 0.011043
v -0.001859 0.019761 0.010880
v -0.003662 0.019761 0.010396
v -0.005354 0.019761 0.009607
v -0.006883 0.019761 0.008535
v -0.008203 0.019761 0.007213
v -0.009273 0.019761 0.005682
v -0.010062 0.019761 0.003988
v -0.010545 0.019761 0.002183
v -0.010708 0.019761 0.000321
v -0.010545 0.019761 -0.001541
v -0.010062 0.019761 -0.003346
v -0.009273 0.019761 -0.005040
v -0.008203 0.019761 -0.006571
v -0.006883 0.019761 -0.007892
v -0.005354 0.019761 -0.008964
v -0.003662 0.019761 -0.009754
v -0.001859 0.019761 -0.010238
v -0.000000 0.019761 -0.010400
v 0.001859 0.019761 -0.010238
v 0.003662 0.019761 -0.009754
v 0.005354 0.019761 -0.008964
v 0.006883 0.019761 -0.007892
v 0.008203 0.019761 -0.006571
v 0.009273 0.019761 -0.005040
v 0.010062 0.019761 -0.003346
v 0.010545 0.019761 -0.001541
v 0.010708 0.019761 0.000321
v 0.006711 -0.032232 0.001506
v 0.006404 -0.032232 0.002655
v 0.005902 -0.032232 0.003733
v 0.005220 -0.032232 0.004707
v 0.004380 -0.032232 0.005548
v 0.003407 -0.032232 0.006231
v 0.002331 -0.032232 0.006733
v 0.001183 -0.032232 0.007041
v 0.000000 -0.032232 0.007145
v -0.001183 -0.032232 0.007041
v -0.002331 -0.032232 0.006733
v -0.003407 -0.032232 0.006231
v -0.004380 -0.032232 0.005548
v -0.005220 -0.032232 0.004707
v -0.005902 -0.032232 0.003733
v -0.006404 -0.032232 0.002655
v -0.006711 -0.032232 0.001506
v -0.006815 -0.032232 0.000321
v -0.006711 -0.032232 -0.000864
v -0.006404 -0.032232 -0.002012
v -0.005902 -0.032232 -0.003090
v -0.005220 -0.032232 -0.004065
v -0.004380 -0.032232 -0.004906
v -0.003407 -0.032232 -0.005588
v -0.002331 -0.032232 -0.006091
v -0.001183 -0.032232 -0.006399
v 0.000000 -0.032232 -0.006502
v 0.001183 -0.032232 -0.006399
v 0.002331 -0.032232 -0.006091
v 0.003407 -0.032232 -0.005588
v 0.004380 -0.032232 -0.004906
v 0.005220 -0.032232 -0.004065
v 0.005902 -0.032232 -0.003090
v 0.006404 -0.032232 -0.002012
v 0.006711 -0.032232 -0.000864
v 0.006815 -0.032232 0.000321
v 0.006719 -0.032704 0.001508
v 0.006411 -0.032704 0.002658
v 0.005908 -0.032704 0.003737
v 0.005226 -0.032704 0.004712
v 0.004385 -0.032704 0.005554
v 0.003411 -0.032704 0.006237
v 0.002333 -0.032704 0.006741
v 0.001185 -0.032704 0.007049
v 0.000000 -0.032704 0.007152
v -0.001185 -0.032704 0.007049
v -0.002333 -0.032704 0.006741
v -0.003411 -0.032704 0.006237
v -0.004385 -0.032704 0.005554
v -0.005226 -0.032704 0.004712
v -0.005908 -0.032704 0.003737
v -0.006411 -0.032704 0.002658
v -0.006719 -0.032704 0.001508
v -0.006822 -0.032704 0.000321
v -0.006719 -0.032704 -0.000865
v -0.006411 -0.032704 -0.002015
v -0.005908 -0.032704 -0.003094
v -0.005226 -0.032704 -0.004070
v -0.004385 -0.032704 -0.004912
v -0.003411 -0.032704 -0.005595
v -0.002333 -0.032704 -0.006098
v -0.001185 -0.032704 -0.006406
v 0.000000 -0.032704 -0.006510
v 0.001185 -0.032704 -0.006406
v 0.002333 -0.032704 -0.006098
v 0.003411 -0.032704 -0.005595
v 0.004385 -0.032704 -0.004912
v 0.005226 -0.032704 -0.004070
v 0.005908 -0.032704 -0.003094
v 0.006411 -0.032704 -0.002015
v 0.006719 -0.032704 -0.000865
v 0.006822 -0.032704 0.000321
v 0.006754 -0.033166 0.001514
v 0.006445 -0.033166 0.002670
v 0.005939 -0.033166 0.003755
v 0.005254 -0.033166 0.004735
v 0.004408 -0.033166 0.005582
v 0.003429 -0.033166 0.006268
v 0.002346 -0.033166 0.006774
v 0.001191 -0.033166 0.007084
v 0.000000 -0.033166 0.007188
v -0.001191 -0.033166 0.007084
v -0.002346 -0.033166 0.006774
v -0.003429 -0.033166 0.006268
v -0.004408 -0.033166 0.005582
v -0.005254 -0.033166 0.004735
v -0.005939 -0.033166 0.003755
v -0.006445 -0.033166 0.002670
v -0.006754 -0.033166 0.001514
v -0.006858 -0.033166 0.000321
v -0.006754 -0.033166 -0.000871
v -0.006445 -0.033166 -0.002027
v -0.005939 -0.033166 -0.003112
v -0.005254 -0.033166 -0.004093
v -0.004408 -0.033166 -0.004939
v -0.003429 -0.033166 -0.005626
v -0.002346 -0.033166 -0.006132
v -0.001191 -0.033166 -0.006441
v 0.000000 -0.033166 -0.006546
v 0.001191 -0.033166 -0.006441
v 0.002346 -0.033166 -0.006132
v 0.003429 -0.033166 -0.005626
v 0.004408 -0.033166 -0.004939
v 0.005254 -0.033166 -0.004093
v 0.005939 -0.033166 -0.003112
v 0.006445 -0.033166 -0.002027
v 0.006754 -0.033166 -0.000871
v 0.006858 -0.033166 0.000321
v 0.006816 -0.033607 0.001525
v 0.006504 -0.033607 0.002691
v 0.005994 -0.033607 0.003786
v 0.005302 -0.033607 0.004776
v 0.004449 -0.033607 0.005630
v 0.003460 -0.033607 0.006323
v 0.002367 -0.033607 0.006833
v 0.001202 -0.033607 0.007146
v 0.000000 -0.033607 0.007251
v -0.001202 -0.033607 0.007146
v -0.002367 -0.033607 0.006833
v -0.003460 -0.033607 0.006323
v -0.004449 -0.033607 0.005630
v -0.005302 -0.033607 0.004776
v -0.005994 -0.033607 0.003786
v -0.006504 -0.033607 0.002691
v -0.006816 -0.033607 0.001525
v -0.006921 -0.033607 0.000321
v -0.006816 -0.033607 -0.000882
v -0.006504 -0.033607 -0.002049
v -0.005994 -0.033607 -0.003144
v -0.005302 -0.033607 -0.004133
v -0.004449 -0.033607 -0.004987
v -0.003460 -0.033607 -0.005680
v -0.002367 -0.033607 -0.006191
v -0.001202 -0.033607 -0.006503
v 0.000000 -0.033607 -0.006609
v 0.001202 -0.033607 -0.006503
v 0.002367 -0.033607 -0.006191
v 0.003460 -0.033607 -0.005680
v 0.004449 -0.033607 -0.004987
v 0.005302 -0.033607 -0.004133
v 0.005994 -0.033607 -0.003144
v 0.006504 -0.033607 -0.002049
v 0.006816 -0.033607 -0.000882
v 0.006921 -0.033607 0.000321
v 0.006903 -0.034015 0.001540
v 0.006587 -0.034015 0.002722
v 0.006070 -0.034015 0.003830
v 0.005369 -0.034015 0.004833
v 0.004505 -0.034015 0.005698
v 0.003505 -0.034015 0.006399
v 0.002397 -0.034015 0.006916
v 0.001217 -0.034015 0.007233
v 0.000000 -0.034015 0.007340
v -0.001217 -0.034015 0.007233
v -0.002397 -0.034015 0.006916
v -0.003505 -0.034015 0.006399
v -0.004505 -0.034015 0.005698
v -0.005369 -0.034015 0.004833
v -0.006070 -0.034015 0.003830
v -0.006587 -0.034015 0.002722
v -0.006903 -0.034015 0.001540
v -0.007009 -0.034015 0.000321
v -0.006903 -0.034015 -0.000897
v -0.006587 -0.034015 -0.002079
v -0.006070 -0.034015 -0.003188
v -0.005369 -0.034015 -0.004190
v -0.004505 -0.034015 -0.005055
v -0.003505 -0.034015 -0.005757
v -0.002397 -0.034015 -0.006274
v -0.001217 -0.034015 -0.006590
v 0.000000 -0.034015 -0.006697
v 0.001217 -0.034015 -0.006590
v 0.002397 -0.034015 -0.006274
v 0.003505 -0.034015 -0.005757
v 0.004505 -0.034015 -0.005055
v 0.005369 -0.034015 -0.004190
v 0.006070 -0.034015 -0.003188
v 0.006587 -0.034015 -0.002079
v 0.006903 -0.034015 -0.000897
v 0.007009 -0.034015 0.000321
v 0.007013 -0.034380 0.001559
v 0.006691 -0.034380 0.002760
v 0.006167 -0.034380 0.003886
v 0.005455 -0.034380 0.004904
v 0.004577 -0.034380 0.005783
v 0.003560 -0.034380 0.006496
v 0.002435 -0.034380 0.007021
v 0.001236 -0.034380 0.007343
v 0.000000 -0.034380 0.007451
v -0.001236 -0.034380 0.007343
v -0.002435 -0.034380 0.007021
v -0.003560 -0.034380 0.006496
v -0.004577 -0.034380 0.005783
v -0.005455 -0.034380 0.004904
v -0.006167 -0.034380 0.003886
v -0.006691 -0.034380 0.002760
v -0.007013 -0.034380 0.001559
v -0.007121 -0.034380 0.000321
v -0.007013 -0.034380 -0.000917
v -0.006691 -0.034380 -0.002117
v -0.006167 -0.034380 -0.003244
v -0.005455 -0.034380 -0.004262
v -0.004577 -0.034380 -0.005141
v -0.003560 -0.034380 -0.005853
v -0.002435 -0.034380 -0.006379
v -0.001236 -0.034380 -0.006700
v 0.000000 -0.034380 -0.006809
v 0.001236 -0.034380 -0.006700
v 0.002435 -0.034380 -0.006379
v 0.003560 -0.034380 -0.005853
v 0.004577 -0.034380 -0.005141
v 0.005455 -0.034380 -0.004262
v 0.006167 -0.034380 -0.003244
v 0.006691 -0.034380 -0.002117
v 0.007013 -0.034380 -0.000917
v 0.007121 -0.034380 0.000321
v 0.007142 -0.034693 0.001582
v 0.006815 -0.034693 0.002805
v 0.006281 -0.034693 0.003952
v 0.005556 -0.034693 0.004989
v 0.004662 -0.034693 0.005884
v 0.003626 -0.034693 0.006610
v 0.002481 -0.034693 0.007145
v 0.001259 -0.034693 0.007473
v 0.000000 -0.034693 0.007583
v -0.001259 -0.034693 0.007473
v -0.002481 -0.034693 0.007145
v -0.003626 -0.034693 0.006610
v -0.004662 -0.034693 0.005884
v -0.005556 -0.034693 0.004989
v -0.006281 -0.034693 0.003952
v -0.006815 -0.034693 0.002805
v -0.007142 -0.034693 0.001582
v -0.007253 -0.034693 0.000321
v -0.007142 -0.034693 -0.000940
v -0.006815 -0.034693 -0.002162
v -0.006281 -0.034693 -0.003310
v -0.005556 -0.034693 -0.004347
v -0.004662 -0.034693 -0.005242
v -0.003626 -0.034693 -0.005968
v -0.002481 -0.034693 -0.006503
v -0.001259 -0.034693 -0.006830
v 0.000000 -0.034693 -0.006941
v 0.001259 -0.034693 -0.006830
v 0.002481 -0.034693 -0.006503
v 0.003626 -0.034693 -0.005968
v 0.004662 -0.034693 -0.005242
v 0.005556 -0.034693 -0.004347
v 0.006281 -0.034693 -0.003310
v 0.006815 -0.034693 -0.002162
v 0.007142 -0.034693 -0.000940
v 0.007253 -0.034693 0.000321
v 0.007289 -0.034945 0.001608
v 0.006955 -0.034945 0.002856
v 0.006410 -0.034945 0.004027
v 0.005670 -0.034945 0.005085
v 0.004758 -0.034945 0.005998
v 0.003701 -0.034945 0.006739
v 0.002531 -0.034945 0.007285
v 0.001285 -0.034945 0.007620
v 0.000000 -0.034945 0.007732
v -0.001285 -0.034945 0.007620
v -0.002531 -0.034945 0.007285
v -0.003701 -0.034945 0.006739
v -0.004758 -0.034945 0.005998
v -0.005670 -0.034945 0.005085
v -0.006410 -0.034945 0.004027
v -0.006955 -0.034945 0.002856
v -0.007289 -0.034945 0.001608
v -0.007401 -0.034945 0.000321
v -0.007289 -0.034945 -0.000966
v -0.006955 -0.034945 -0.002213
v -0.006410 -0.034945 -0.003384
v -0.005670 -0.034945 -0.004442
v -0.004758 -0.034945 -0.005356
v -0.003701 -0.034945 -0.006097
v -0.002531 -0.034945 -0.006643
v -0.001285 -0.034945 -0.006977
v 0.000000 -0.034945 -0.007090
v 0.001285 -0.034945 -0.006977
v 0.002531 -0.034945 -0.006643
v 0.003701 -0.034945 -0.006097
v 0.004758 -0.034945 -0.005356
v 0.005670 -0.034945 -0.004442
v 0.006410 -0.034945 -0.003384
v 0.006955 -0.034945 -0.002213
v 0.007289 -0.034945 -0.000966
v 0.007401 -0.034945 0.000321
v 0.007448 -0.035129 0.001636
v 0.007107 -0.035129 0.002911
v 0.006550 -0.035129 0.004108
v 0.005794 -0.035129 0.005189
v 0.004862 -0.035129 0.006123
v 0.003782 -0.035129 0.006880
v 0.002587 -0.035129 0.007438
v 0.001313 -0.035129 0.007779
v 0.000000 -0.035129 0.007894
v -0.001313 -0.035129 0.007779
v -0.002587 -0.035129 0.007438
v -0.003782 -0.035129 0.006880
v -0.004862 -0.035129 0.006123
v -0.005794 -0.035129 0.005189
v -0.006550 -0.035129 0.004108
v -0.007107 -0.035129 0.002911
v -0.007448 -0.035129 0.001636
v -0.007563 -0.035129 0.000321
v -0.007448 -0.035129 -0.000994
v -0.007107 -0.035129 -0.002269
v -0.006550 -0.035129 -0.003465
v -0.005794 -0.035129 -0.004547
v -0.004862 -0.035129 -0.005480
v -0.003782 -0.035129 -0.006237
v -0.002587 -0.035129 -0.006795
v -0.001313 -0.035129 -0.007137
v 0.000000 -0.035129 -0.007252
v 0.001313 -0.035129 -0.007137
v 0.002587 -0.035129 -0.006795
v 0.003782 -0.035129 -0.006237
v 0.004862 -0.035129 -0.005480
v 0.005794 -0.035129 -0.004547
v 0.006550 -0.035129 -0.003465
v 0.007107 -0.035129 -0.002269
v 0.007448 -0.035129 -0.000994
v 0.007563 -0.035129 0.000321
v 0.007617 -0.035242 0.001666
v 0.007268 -0.035242 0.002970
v 0.006698 -0.035242 0.004193
v 0.005925 -0.035242 0.005299
v 0.004971 -0.035242 0.006254
v 0.003867 -0.035242 0.007028
v 0.002645 -0.035242 0.007598
v 0.001343 -0.035242 0.007948
v 0.000000 -0.035242 0.008065
v -0.001343 -0.035242 0.007948
v -0.002645 -0.035242 0.007598
v -0.003867 -0.035242 0.007028
v -0.004971 -0.035242 0.006254
v -0.005925 -0.035242 0.005299
v -0.006698 -0.035242 0.004193
v -0.007268 -0.035242 0.002970
v -0.007617 -0.035242 0.001666
v -0.007734 -0.035242 0.000321
v -0.007617 -0.035242 -0.001023
v -0.007268 -0.035242 -0.002327
v -0.006698 -0.035242 -0.003551
v -0.005925 -0.035242 -0.004657
v -0.004971 -0.035242 -0.005611
v -0.003867 -0.035242 -0.006385
v -0.002645 -0.035242 -0.006956
v -0.001343 -0.035242 -0.007305
v 0.000000 -0.035242 -0.007423
v 0.001343 -0.035242 -0.007305
v 0.002645 -0.035242 -0.006956
v 0.003867 -0.035242 -0.006385
v 0.004971 -0.035242 -0.005611
v 0.005925 -0.035242 -0.004657
v 0.006698 -0.035242 -0.003551
v 0.007268 -0.035242 -0.002327
v 0.007617 -0.035242 -0.001023
v 0.007734 -0.035242 0.000321
v 0.004930 -0.011760 -0.021617
v 0.004855 -0.011760 -0.020760
v 0.004633 -0.011760 -0.019929
v 0.004269 -0.011760 -0.019149
v 0.003777 -0.011760 -0.018445
v 0.003169 -0.011760 -0.017836
v 0.002465 -0.011760 -0.017343
v 0.001686 -0.011760 -0.016979
v 0.000856 -0.011760 -0.016756
v 0.000000 -0.011760 -0.016681
v -0.000856 -0.011760 -0.016756
v -0.001686 -0.011760 -0.016979
v -0.002465 -0.011760 -0.017343
v -0.003169 -0.011760 -0.017836
v -0.003777 -0.011760 -0.018445
v -0.004269 -0.011760 -0.019149
v -0.004633 -0.011760 -0.019929
v -0.004855 -0.011760 -0.020760
v -0.004930 -0.011760 -0.021617
v -0.004855 -0.011760 -0.022475
v -0.004633 -0.011760 -0.023306
v -0.004269 -0.011760 -0.024086
v -0.003777 -0.011760 -0.024790
v -0.003169 -0.011760 -0.025399
v -0.002465 -0.011760 -0.025892
v -0.001686 -0.011760 -0.026256
v -0.000856 -0.011760 -0.026479
v 0.000000 -0.011760 -0.026554
v 0.000856 -0.011760 -0.026479
v 0.001686 -0.011760 -0.026256
v 0.002465 -0.011760 -0.025892
v 0.003169 -0.011760 -0.025399
v 0.003777 -0.011760 -0.024790
v 0.004269 -0.011760 -0.024086
v 0.004633 -0.011760 -0.023306
v 0.004855 -0.011760 -0.022475
v 0.008236 -0.011760 -0.018616
v 0.007590 -0.011760 -0.017230
v 0.006714 -0.011760 -0.015977
v 0.005634 -0.011760 -0.014895
v 0.004382 -0.011760 -0.014018
v 0.002998 -0.011760 -0.013371
v 0.001522 -0.011760 -0.012975
v 0.000000 -0.011760 -0.012842
v -0.001522 -0.011760 -0.012975
v -0.002998 -0.011760 -0.013371
v -0.004382 -0.011760 -0.014018
v -0.005634 -0.011760 -0.014895
v -0.006714 -0.011760 -0.015977
v -0.007590 -0.011760 -0.017230
v -0.008236 -0.011760 -0.018616
v -0.008631 -0.011760 -0.020094
v -0.008764 -0.011760 -0.021617
v -0.008631 -0.011760 -0.023141
v -0.008236 -0.011760 -0.024619
v -0.007590 -0.011760 -0.026005
v -0.006714 -0.011760 -0.027258
v -0.005634 -0.011760 -0.028340
v -0.004382 -0.011760 -0.029217
v -0.002998 -0.011760 -0.029864
v -0.001522 -0.011760 -0.030260
v 0.000000 -0.011760 -0.030393
v 0.001522 -0.011760 -0.030260
v 0.002998 -0.011760 -0.029864
v 0.004382 -0.011760 -0.029217
v 0.005634 -0.011760 -0.028340
v 0.006714 -0.011760 -0.027258
v 0.007590 -0.011760 -0.026005
v 0.008236 -0.011760 -0.024619
v 0.008631 -0.011760 -0.023141
v 0.008764 -0.011760 -0.021617
v 0.008631 -0.011760 -0.020094
v 0.008764 -0.035133 -0.021617
v 0.008631 -0.035133 -0.020094
v 0.008236 -0.035133 -0.018616
v 0.007590 -0.035133 -0.017230
v 0.006714 -0.035133 -0.015977
v 0.005634 -0.035133 -0.014895
v 0.004382 -0.035133 -0.014018
v 0.002998 -0.035133 -0.013371
v 0.001522 -0.035133 -0.012975
v 0.000000 -0.035133 -0.012842
v -0.001522 -0.035133 -0.012975
v -0.002998 -0.035133 -0.013371
v -0.004382 -0.035133 -0.014018
v -0.005634 -0.035133 -0.014895
v -0.006714 -0.035133 -0.015977
v -0.007590 -0.035133 -0.017230
v -0.008236 -0.035133 -0.018616
v -0.008631 -0.035133 -0.020094
v -0.008764 -0.035133 -0.021617
v -0.008631 -0.035133 -0.023141
v -0.008236 -0.035133 -0.024619
v -0.007590 -0.035133 -0.026005
v -0.006714 -0.035133 -0.027258
v -0.005634 -0.035133 -0.028340
v -0.004382 -0.035133 -0.029217
v -0.002998 -0.035133 -0.029864
v -0.001522 -0.035133 -0.030260
v 0.000000 -0.035133 -0.030393
v 0.001522 -0.035133 -0.030260
v 0.002998 -0.035133 -0.029864
v 0.004382 -0.035133 -0.029217
v 0.005634 -0.035133 -0.028340
v 0.006714 -0.035133 -0.027258
v 0.007590 -0.035133 -0.026005
v 0.008236 -0.035133 -0.024619
v 0.008631 -0.035133 -0.023141
v 0.026840 -0.011760 0.000321
v 0.026766 -0.011760 0.001178
v 0.026543 -0.011760 0.002010
v 0.026180 -0.011760 0.002789
v 0.025687 -0.011760 0.003494
v 0.025079 -0.011760 0.004103
v 0.024376 -0.011760 0.004596
v 0.023597 -0.011760 0.004960
v 0.022767 -0.011760 0.005183
v 0.021911 -0.011760 0.005258
v 0.021055 -0.011760 0.005183
v 0.020224 -0.011760 0.004960
v 0.019446 -0.011760 0.004596
v 0.018742 -0.011760 0.004103
v 0.018134 -0.011760 0.003494
v 0.017641 -0.011760 0.002789
v 0.017278 -0.011760 0.002010
v 0.017056 -0.011760 0.001178
v 0.016981 -0.011760 0.000321
v 0.017056 -0.011760 -0.000536
v 0.017278 -0.011760 -0.001367
v 0.017641 -0.011760 -0.002147
v 0.018134 -0.011760 -0.002852
v 0.018742 -0.011760 -0.003460
v 0.019446 -0.011760 -0.003954
v 0.020224 -0.011760 -0.004317
v 0.021055 -0.011760 -0.004540
v 0.021911 -0.011760 -0.004615
v 0.022767 -0.011760 -0.004540
v 0.023597 -0.011760 -0.004317
v 0.024376 -0.011760 -0.003954
v 0.025079 -0.011760 -0.003460
v 0.025687 -0.011760 -0.002852
v 0.026180 -0.011760 -0.002147
v 0.026543 -0.011760 -0.001367
v 0.026766 -0.011760 -0.000536
v 0.028624 -0.011760 0.005962
v 0.027544 -0.011760 0.007044
v 0.026293 -0.011760 0.007921
v 0.024908 -0.011760 0.008568
v 0.023432 -0.011760 0.008963
v 0.021911 -0.011760 0.009097
v 0.020389 -0.011760 0.008963
v 0.018913 -0.011760 0.008568
v 0.017528 -0.011760 0.007921
v 0.016277 -0.011760 0.007044
v 0.015197 -0.011760 0.005962
v 0.014321 -0.011760 0.004709
v 0.013675 -0.011760 0.003323
v 0.013280 -0.011760 0.001845
v 0.013146 -0.011760 0.000321
v 0.013280 -0.011760 -0.001203
v 0.013675 -0.011760 -0.002680
v 0.014321 -0.011760 -0.004066
v 0.015197 -0.011760 -0.005319
v 0.016277 -0.011760 -0.006401
v 0.017528 -0.011760 -0.007279
v 0.018913 -0.011760 -0.007925
v 0.020389 -0.011760 -0.008321
v 0.021911 -0.011760 -0.008454
v 0.023432 -0.011760 -0.008321
v 0.024908 -0.011760 -0.007925
v 0.026293 -0.011760 -0.007279
v 0.027544 -0.011760 -0.006401
v 0.028624 -0.011760 -0.005319
v 0.029501 -0.011760 -0.004066
v 0.030146 -0.011760 -0.002680
v 0.030542 -0.011760 -0.001203
v 0.030675 -0.011760 0.000321
v 0.030542 -0.011760 0.001845
v 0.030146 -0.011760 0.003323
v 0.029501 -0.011760 0.004709
v 0.030675 -0.035133 0.000321
v 0.030542 -0.035133 0.001845
v 0.030146 -0.035133 0.003323
v 0.029501 -0.035133 0.004709
v 0.028624 -0.035133 0.005962
v 0.027544 -0.035133 0.007044
v 0.026293 -0.035133 0.007921
v 0.024908 -0.035133 0.008568
v 0.023432 -0.035133 0.008963
v 0.021911 -0.035133 0.009097
v 0.020389 -0.035133 0.008963
v 0.018913 -0.035133 0.008568
v 0.017528 -0.035133 0.007921
v 0.016277 -0.035133 0.007044
v 0.015197 -0.035133 0.005962
v 0.014321 -0.035133 0.004709
v 0.013675 -0.035133 0.003323
v 0.013280 -0.035133 0.001845
v 0.013146 -0.035133 0.000321
v 0.013280 -0.035133 -0.001203
v 0.013675 -0.035133 -0.002680
v 0.014321 -0.035133 -0.004066
v 0.015197 -0.035133 -0.005320
v 0.016277 -0.035133 -0.006401
v 0.017528 -0.035133 -0.007279
v 0.018913 -0.035133 -0.007925
v 0.020389 -0.035133 -0.008321
v 0.021911 -0.035133 -0.008454
v 0.023432 -0.035133 -0.008321
v 0.024908 -0.035133 -0.007925
v 0.026293 -0.035133 -0.007279
v 0.027544 -0.035133 -0.006401
v 0.028624 -0.035133 -0.005320
v 0.029501 -0.035133 -0.004066
v 0.030146 -0.035133 -0.002680
v 0.030542 -0.035133 -0.001203
v 0.004930 -0.011760 0.022260
v 0.004855 -0.011760 0.023117
v 0.004633 -0.011760 0.023948
v 0.004269 -0.011760 0.024728
v 0.003777 -0.011760 0.025433
v 0.003169 -0.011760 0.026041
v 0.002465 -0.011760 0.026535
v 0.001686 -0.011760 0.026899
v 0.000856 -0.011760 0.027121
v 0.000000 -0.011760 0.027196
v -0.000856 -0.011760 0.027121
v -0.001686 -0.011760 0.026899
v -0.002465 -0.011760 0.026535
v -0.003169 -0.011760 0.026041
v -0.003777 -0.011760 0.025433
v -0.004269 -0.011760 0.024728
v -0.004633 -0.011760 0.023948
v -0.004855 -0.011760 0.023117
v -0.004930 -0.011760 0.022260
v -0.004855 -0.011760 0.021403
v -0.004633 -0.011760 0.020572
v -0.004269 -0.011760 0.019792
v -0.003777 -0.011760 0.019087
v -0.003169 -0.011760 0.018479
v -0.002465 -0.011760 0.017985
v -0.001686 -0.011760 0.017622
v -0.000856 -0.011760 0.017399
v 0.000000 -0.011760 0.017324
v 0.000856 -0.011760 0.017399
v 0.001686 -0.011760 0.017622
v 0.002465 -0.011760 0.017985
v 0.003169 -0.011760 0.018479
v 0.003777 -0.011760 0.019087
v 0.004269 -0.011760 0.019792
v 0.004633 -0.011760 0.020572
v 0.004855 -0.011760 0.021403
v 0.008236 -0.011760 0.025261
v 0.007590 -0.011760 0.026648
v 0.006714 -0.011760 0.027901
v 0.005634 -0.011760 0.028982
v 0.004382 -0.011760 0.029860
v 0.002998 -0.011760 0.030506
v 0.001522 -0.011760 0.030902
v 0.000000 -0.011760 0.031036
v -0.001522 -0.011760 0.030902
v -0.002998 -0.011760 0.030506
v -0.004382 -0.011760 0.029860
v -0.005634 -0.011760 0.028982
v -0.006714 -0.011760 0.027901
v -0.007590 -0.011760 0.026648
v -0.008236 -0.011760 0.025261
v -0.008631 -0.011760 0.023784
v -0.008764 -0.011760 0.022260
v -0.008631 -0.011760 0.020736
v -0.008236 -0.011760 0.019259
v -0.007590 -0.011760 0.017872
v -0.006714 -0.011760 0.016619
v -0.005634 -0.011760 0.015538
v -0.004382 -0.011760 0.014660
v -0.002998 -0.011760 0.014014
v -0.001522 -0.011760 0.013618
v 0.000000 -0.011760 0.013485
v 0.001522 -0.011760 0.013618
v 0.002998 -0.011760 0.014014
v 0.004382 -0.011760 0.014660
v 0.005634 -0.011760 0.015538
v 0.006714 -0.011760 0.016619
v 0.007590 -0.011760 0.017872
v 0.008236 -0.011760 0.019259
v 0.008631 -0.011760 0.020736
v 0.008764 -0.011760 0.022260
v 0.008631 -0.011760 0.023784
v 0.008764 -0.035133 0.022260
v 0.008631 -0.035133 0.023784
v 0.008236 -0.035133 0.025261
v 0.007590 -0.035133 0.026648
v 0.006714 -0.035133 0.027901
v 0.005634 -0.035133 0.028982
v 0.004382 -0.035133 0.029860
v 0.002998 -0.035133 0.030506
v 0.001522 -0.035133 0.030902
v 0.000000 -0.035133 0.031036
v -0.001522 -0.035133 0.030902
v -0.002998 -0.035133 0.030506
v -0.004382 -0.035133 0.029860
v -0.005634 -0.035133 0.028982
v -0.006714 -0.035133 0.027901
v -0.007590 -0.035133 0.026648
v -0.008236 -0.035133 0.025261
v -0.008631 -0.035133 0.023784
v -0.008764 -0.035133 0.022260
v -0.008631 -0.035133 0.020736
v -0.008236 -0.035133 0.019259
v -0.007590 -0.035133 0.017872
v -0.006714 -0.035133 0.016619
v -0.005634 -0.035133 0.015538
v -0.004382 -0.035133 0.014660
v -0.002998 -0.035133 0.014014
v -0.001522 -0.035133 0.013618
v 0.000000 -0.035133 0.013485
v 0.001522 -0.035133 0.013618
v 0.002998 -0.035133 0.014014
v 0.004382 -0.035133 0.014660
v 0.005634 -0.035133 0.015538
v 0.006714 -0.035133 0.016619
v 0.007590 -0.035133 0.017872
v 0.008236 -0.035133 0.019259
v 0.008631 -0.035133 0.020736
v -0.016981 -0.011760 0.000321
v -0.017056 -0.011760 0.001178
v -0.017278 -0.011760 0.002010
v -0.017641 -0.011760 0.002789
v -0.018134 -0.011760 0.003494
v -0.018742 -0.011760 0.004103
v -0.019446 -0.011760 0.004596
v -0.020224 -0.011760 0.004960
v -0.021055 -0.011760 0.005183
v -0.021911 -0.011760 0.005258
v -0.022767 -0.011760 0.005183
v -0.023597 -0.011760 0.004960
v -0.024376 -0.011760 0.004596
v -0.025079 -0.011760 0.004103
v -0.025687 -0.011760 0.003494
v -0.026180 -0.011760 0.002789
v -0.026543 -0.011760 0.002010
v -0.026766 -0.011760 0.001178
v -0.026840 -0.011760 0.000321
v -0.026766 -0.011760 -0.000536
v -0.026543 -0.011760 -0.001367
v -0.026180 -0.011760 -0.002147
v -0.025687 -0.011760 -0.002852
v -0.025079 -0.011760 -0.003460
v -0.024376 -0.011760 -0.003954
v -0.023597 -0.011760 -0.004317
v -0.022767 -0.011760 -0.004540
v -0.021911 -0.011760 -0.004615
v -0.021055 -0.011760 -0.004540
v -0.020224 -0.011760 -0.004317
v -0.019446 -0.011760 -0.003954
v -0.018742 -0.011760 -0.003460
v -0.018134 -0.011760 -0.002852
v -0.017641 -0.011760 -0.002147
v -0.017278 -0.011760 -0.001367
v -0.017056 -0.011760 -0.000536
v -0.013675 -0.011760 0.003323
v -0.014321 -0.011760 0.004709
v -0.015197 -0.011760 0.005962
v -0.016277 -0.011760 0.007044
v -0.017528 -0.011760 0.007921
v -0.018913 -0.011760 0.008568
v -0.020389 -0.011760 0.008963
v -0.021911 -0.011760 0.009097
v -0.023432 -0.011760 0.008963
v -0.024908 -0.011760 0.008568
v -0.026293 -0.011760 0.007921
v -0.027544 -0.011760 0.007044
v -0.028624 -0.011760 0.005962
v -0.029501 -0.011760 0.004709
v -0.030146 -0.011760 0.003323
v -0.030542 -0.011760 0.001845
v -0.030675 -0.011760 0.000321
v -0.030542 -0.011760 -0.001203
v -0.030146 -0.011760 -0.002680
v -0.029501 -0.011760 -0.004066
v -0.028624 -0.011760 -0.005319
v -0.027544 -0.011760 -0.006401
v -0.026293 -0.011760 -0.007279
v -0.024908 -0.011760 -0.007925
v -0.023432 -0.011760 -0.008321
v -0.021911 -0.011760 -0.008454
v -0.020389 -0.011760 -0.008321
v -0.018913 -0.011760 -0.007925
v -0.017528 -0.011760 -0.007279
v -0.016277 -0.011760 -0.006401
v -0.015197 -0.011760 -0.005319
v -0.014321 -0.011760 -0.004066
v -0.013675 -0.011760 -0.002680
v -0.013280 -0.011760 -0.001203
v -0.013146 -0.011760 0.000321
v -0.013280 -0.011760 0.001845
v -0.013146 -0.035133 0.000321
v -0.013280 -0.035133 0.001845
v -0.013675 -0.035133 0.003323
v -0.014321 -0.035133 0.004709
v -0.015197 -0.035133 0.005962
v -0.016277 -0.035133 0.007044
v -0.017528 -0.035133 0.007921
v -0.018913 -0.035133 0.008568
v -0.020389 -0.035133 0.008963
v -0.021911 -0.035133 0.009097
v -0.023432 -0.035133 0.008963
v -0.024908 -0.035133 0.008568
v -0.026293 -0.035133 0.007921
v -0.027544 -0.035133 0.007044
v -0.028624 -0.035133 0.005962
v -0.029501 -0.035133 0.004709
v -0.030146 -0.035133 0.003323
v -0.030542 -0.035133 0.001845
v -0.030675 -0.035133 0.000321
v -0.030542 -0.035133 -0.001203
v -0.030146 -0.035133 -0.002680
v -0.029501 -0.035133 -0.004066
v -0.028624 -0.035133 -0.005320
v -0.027544 -0.035133 -0.006401
v -0.026293 -0.035133 -0.007279
v -0.024908 -0.035133 -0.007925
v -0.023432 -0.035133 -0.008321
v -0.021911 -0.035133 -0.008454
v -0.020389 -0.035133 -0.008321
v -0.018913 -0.035133 -0.007925
v -0.017528 -0.035133 -0.007279
v -0.016277 -0.035133 -0.006401
v -0.015197 -0.035133 -0.005320
v -0.014321 -0.035133 -0.004066
v -0.013675 -0.035133 -0.002680
v -0.013280 -0.035133 -0.001203
v -0.128093 0.118422 -0.189723
v -0.128099 0.118559 -0.189906
v -0.134614 0.118455 -0.185197
v -0.125946 0.129639 -0.196231
v -0.140724 0.118271 -0.180307
v -0.134027 0.117815 -0.184388
v -0.139816 0.117768 -0.179885
v -0.143412 0.121163 -0.180949
v -0.143253 0.120941 -0.180933
v -0.135687 0.120936 -0.186675
v -0.142147 0.119571 -0.180748
v -0.135171 0.119504 -0.185965
v -0.142037 0.119451 -0.180722
v -0.140928 0.118422 -0.180386
v -0.136858 0.127144 -0.188290
v -0.146532 0.126703 -0.180744
v -0.136540 0.124803 -0.187852
v -0.145609 0.124814 -0.180911
v -0.144981 0.123654 -0.180972
v -0.147773 0.129639 -0.180353
v -0.146733 0.127146 -0.180694
v -0.126592 0.127146 -0.195347
v -0.127584 0.122730 -0.193254
v -0.136147 0.122717 -0.187309
v -0.144440 0.122731 -0.180992
v -0.127362 0.123823 -0.193852
v -0.127146 0.124813 -0.194342
v -0.126701 0.126703 -0.195170
v -0.127894 0.120941 -0.192105
v -0.127860 0.121163 -0.192263
v -0.127812 0.121465 -0.192469
v -0.128054 0.119642 -0.191061
v -0.128070 0.119452 -0.190884
v -0.127830 0.117623 -0.187906
v -0.127967 0.117780 -0.188544
v -0.127983 0.117816 -0.188639
v -0.128005 0.117873 -0.188778
v -0.126810 -0.126001 -0.194942
v -0.126582 -0.126952 -0.195325
v -0.125388 -0.108815 -0.193689
v -0.125935 -0.129488 -0.196216
v -0.126379 0.113100 -0.193265
v -0.127440 0.113757 -0.191432
v -0.127736 0.114250 -0.190421
v -0.127823 0.115499 -0.188342
v -0.127610 0.116223 -0.187330
v -0.127233 0.116988 -0.186370
v -0.125939 0.093871 -0.184587
v -0.127865 0.114836 -0.189382
v -0.126983 0.113370 -0.192389
v -0.125643 0.112953 -0.194038
v -0.127138 -0.124563 -0.194306
v -0.127574 -0.122436 -0.193207
v -0.127239 -0.124100 -0.194085
v -0.126124 -0.108957 -0.192916
v -0.127881 -0.120610 -0.192049
v -0.127710 -0.121683 -0.192759
v -0.126728 -0.109217 -0.192039
v -0.128012 -0.119549 -0.191227
v -0.127987 -0.119789 -0.191426
v -0.127184 -0.109590 -0.191081
v -0.128048 -0.119132 -0.190857
v -0.128070 -0.118053 -0.189669
v -0.128079 -0.118419 -0.190123
v -0.127479 -0.110065 -0.190068
v -0.128025 -0.117672 -0.189085
v -0.127607 -0.110629 -0.189027
v -0.124930 0.070475 -0.183197
v -0.124209 0.046816 -0.182204
v -0.123779 0.022911 -0.181611
v -0.123644 -0.001226 -0.181425
v -0.123733 -0.018556 -0.181547
v -0.124106 -0.042347 -0.182062
v -0.124771 -0.065981 -0.182977
v -0.125725 -0.089440 -0.184292
v -0.126970 -0.112703 -0.186008
v -0.127349 -0.111966 -0.186970
v -0.126112 -0.088854 -0.185266
v -0.125164 -0.065549 -0.183960
v -0.124504 -0.042070 -0.183051
v -0.124133 -0.018435 -0.182540
v -0.124045 -0.001218 -0.182419
v -0.124179 0.022761 -0.182604
v -0.124606 0.046510 -0.183193
v -0.125323 0.070014 -0.184179
v -0.126324 0.093258 -0.185558
v -0.127563 -0.111269 -0.187985
v -0.126333 -0.088301 -0.186293
v -0.125391 -0.065141 -0.184996
v -0.124736 -0.041808 -0.184093
v -0.124367 -0.018320 -0.183585
v -0.124279 -0.001210 -0.183466
v -0.124412 0.022619 -0.183649
v -0.124837 0.046220 -0.184233
v -0.125549 0.069578 -0.185213
v -0.126545 0.092676 -0.186583
v -0.126384 -0.087793 -0.187345
v -0.125447 -0.064766 -0.186057
v -0.124795 -0.041567 -0.185160
v -0.124428 -0.018214 -0.184655
v -0.124341 -0.001203 -0.184536
v -0.124473 0.022489 -0.184718
v -0.124896 0.045954 -0.185299
v -0.125604 0.069177 -0.186273
v -0.126594 0.092144 -0.187634
v -0.126262 -0.087345 -0.188396
v -0.125329 -0.064435 -0.187114
v -0.124680 -0.041355 -0.186223
v -0.124314 -0.018121 -0.185721
v -0.124228 -0.001197 -0.185602
v -0.124360 0.022374 -0.185783
v -0.124781 0.045719 -0.186361
v -0.125485 0.068824 -0.187329
v -0.126471 0.091673 -0.188683
v -0.125970 -0.086968 -0.189416
v -0.125041 -0.064157 -0.188141
v -0.124394 -0.041176 -0.187253
v -0.124030 -0.018043 -0.186754
v -0.123944 -0.001192 -0.186636
v -0.124075 0.022277 -0.186816
v -0.124494 0.045522 -0.187391
v -0.125197 0.068527 -0.188355
v -0.126179 0.091278 -0.189702
v -0.125518 -0.086673 -0.190380
v -0.124590 -0.063939 -0.189109
v -0.123945 -0.041037 -0.188225
v -0.123581 -0.017982 -0.187727
v -0.123496 -0.001188 -0.187610
v -0.123627 0.022202 -0.187789
v -0.124045 0.045367 -0.188362
v -0.124746 0.068294 -0.189322
v -0.125726 0.090968 -0.190665
v -0.124915 -0.086466 -0.191261
v -0.123989 -0.063787 -0.189994
v -0.123344 -0.040939 -0.189112
v -0.122981 -0.017939 -0.188615
v -0.122896 -0.001185 -0.188498
v -0.123026 0.022149 -0.188677
v -0.123444 0.045260 -0.189248
v -0.124144 0.068132 -0.190206
v -0.125123 0.090751 -0.191545
v -0.124179 -0.086354 -0.192037
v -0.123253 -0.063705 -0.190771
v -0.122608 -0.040887 -0.189889
v -0.122245 -0.017916 -0.189394
v -0.122160 -0.001183 -0.189277
v -0.122290 0.022121 -0.189455
v -0.122708 0.045201 -0.190026
v -0.123408 0.068044 -0.190983
v -0.124386 0.090634 -0.192320
v -0.145539 0.108954 -0.179047
v -0.146909 -0.127395 -0.180626
v -0.146740 -0.127007 -0.180671
v -0.145907 -0.114925 -0.179558
v -0.145630 -0.124669 -0.180886
v -0.145578 -0.124565 -0.180893
v -0.144946 -0.115074 -0.180020
v -0.142105 -0.119228 -0.180714
v -0.142015 -0.119128 -0.180693
v -0.141827 -0.116245 -0.180436
v -0.138526 -0.094716 -0.178082
v -0.137622 -0.095309 -0.177556
v -0.139450 0.111411 -0.179356
v -0.136818 -0.095937 -0.176890
v -0.143318 -0.120773 -0.180915
v -0.143204 -0.120613 -0.180903
v -0.142878 -0.115743 -0.180465
v -0.142381 -0.119549 -0.180773
v -0.145335 -0.124100 -0.180920
v -0.144482 -0.122577 -0.180968
v -0.143927 -0.115350 -0.180325
v -0.143859 -0.121573 -0.180957
v -0.147762 -0.129488 -0.180337
v -0.144577 0.109096 -0.179509
v -0.143558 0.109357 -0.179813
v -0.142507 0.109730 -0.179951
v -0.140426 0.110771 -0.179720
v -0.135785 -0.072559 -0.175465
v -0.135038 -0.048913 -0.174436
v -0.134582 -0.025016 -0.173807
v -0.134421 -0.000883 -0.173585
v -0.134511 0.018693 -0.173709
v -0.134886 0.042478 -0.174226
v -0.135552 0.066112 -0.175144
v -0.136507 0.089574 -0.176461
v -0.137755 0.112846 -0.178181
v -0.138551 0.112109 -0.178838
v -0.137313 0.088988 -0.177130
v -0.136364 0.065679 -0.175822
v -0.135703 0.042200 -0.174911
v -0.135330 0.018570 -0.174397
v -0.135241 -0.000877 -0.174274
v -0.135401 -0.024853 -0.174494
v -0.135854 -0.048593 -0.175119
v -0.136595 -0.072084 -0.176141
v -0.138220 0.088434 -0.177659
v -0.137277 0.065270 -0.176359
v -0.136621 0.041937 -0.175453
v -0.136251 0.018454 -0.174942
v -0.136163 -0.000872 -0.174820
v -0.136321 -0.024698 -0.175039
v -0.136771 -0.048290 -0.175660
v -0.137507 -0.071634 -0.176676
v -0.139204 0.087926 -0.178032
v -0.138268 0.064894 -0.176739
v -0.137616 0.041696 -0.175839
v -0.137248 0.018348 -0.175331
v -0.137160 -0.000867 -0.175210
v -0.137318 -0.024555 -0.175427
v -0.137765 -0.048012 -0.176045
v -0.138496 -0.071223 -0.177054
v -0.139508 -0.094171 -0.178453
v -0.140801 -0.116841 -0.180238
v -0.140968 -0.118120 -0.180378
v -0.141454 0.110205 -0.179920
v -0.140239 0.087477 -0.178240
v -0.139309 0.064563 -0.176954
v -0.138661 0.041483 -0.176058
v -0.138295 0.018255 -0.175553
v -0.138208 -0.000863 -0.175432
v -0.138365 -0.024430 -0.175648
v -0.138809 -0.047767 -0.176263
v -0.139536 -0.070859 -0.177267
v -0.140542 -0.093690 -0.178659
v -0.141299 0.087099 -0.178278
v -0.140373 0.064284 -0.176997
v -0.139728 0.041304 -0.176104
v -0.139365 0.018176 -0.175601
v -0.139278 -0.000859 -0.175481
v -0.139434 -0.024325 -0.175696
v -0.139875 -0.047561 -0.176308
v -0.140599 -0.070553 -0.177309
v -0.141600 -0.093286 -0.178695
v -0.142354 0.086803 -0.178145
v -0.141432 0.064066 -0.176867
v -0.140790 0.041164 -0.175977
v -0.140428 0.018114 -0.175475
v -0.140341 -0.000856 -0.175355
v -0.140496 -0.024242 -0.175570
v -0.140936 -0.047399 -0.176180
v -0.141657 -0.070314 -0.177178
v -0.142654 -0.092969 -0.178561
v -0.143377 0.086597 -0.177843
v -0.142458 0.063914 -0.176567
v -0.141817 0.041066 -0.175679
v -0.141456 0.018071 -0.175177
v -0.141370 -0.000854 -0.175058
v -0.141525 -0.024184 -0.175272
v -0.141964 -0.047287 -0.175882
v -0.142682 -0.070146 -0.176878
v -0.143676 -0.092748 -0.178259
v -0.144341 0.086485 -0.177382
v -0.143423 0.063831 -0.176106
v -0.142784 0.041013 -0.175218
v -0.142423 0.018048 -0.174717
v -0.142337 -0.000853 -0.174597
v -0.142492 -0.024153 -0.174812
v -0.142930 -0.047226 -0.175421
v -0.143647 -0.070056 -0.176417
v -0.144640 -0.092628 -0.177797
v -0.133670 -0.126674 -0.190502
v -0.128293 -0.118180 -0.189702
v -0.131486 -0.118015 -0.187474
v -0.132026 -0.119084 -0.188230
v -0.140743 -0.118175 -0.180649
v -0.141818 -0.120681 -0.182074
v -0.142663 -0.124518 -0.183213
v -0.142974 -0.126826 -0.183640
v -0.142275 -0.122453 -0.182686
v -0.141303 -0.119243 -0.181390
v -0.137741 -0.118015 -0.182924
v -0.128822 -0.119249 -0.190464
v -0.129313 -0.120686 -0.191166
v -0.129753 -0.122458 -0.191791
v -0.130132 -0.124523 -0.192324
v -0.130442 -0.126832 -0.192752
v -0.132525 -0.120523 -0.188927
v -0.132972 -0.122296 -0.189547
v -0.133357 -0.124363 -0.190076
v -0.136873 -0.126617 -0.188204
v -0.136563 -0.124305 -0.187776
v -0.136178 -0.122237 -0.187246
v -0.135729 -0.120463 -0.186627
v -0.135226 -0.119025 -0.185933
v -0.134680 -0.117955 -0.185181
v -0.138292 -0.119084 -0.183672
v -0.138799 -0.120522 -0.184363
v -0.139250 -0.122296 -0.184980
v -0.139634 -0.124362 -0.185510
v -0.139942 -0.126673 -0.185940
v -0.220094 0.118422 0.063575
v -0.220269 0.118559 0.063524
v -0.217809 0.118455 0.071183
v -0.225612 0.129639 0.059519
v -0.215054 0.118271 0.078512
v -0.216860 0.117815 0.070874
v -0.214372 0.117768 0.077778
v -0.216494 0.121163 0.080874
v -0.216414 0.120893 0.080695
v -0.219545 0.120936 0.071748
v -0.215912 0.119571 0.079731
v -0.218712 0.119504 0.071476
v -0.215853 0.119451 0.079634
v -0.215191 0.118422 0.078682
v -0.221441 0.127144 0.072364
v -0.217263 0.126703 0.083908
v -0.220927 0.124803 0.072197
v -0.217135 0.124789 0.082964
v -0.217001 0.123654 0.082360
v -0.217275 0.129639 0.085211
v -0.217278 0.127133 0.084109
v -0.224971 0.127146 0.060408
v -0.223291 0.122730 0.061998
v -0.220290 0.122717 0.071990
v -0.216846 0.122693 0.081818
v -0.223790 0.123823 0.061603
v -0.224189 0.124813 0.061246
v -0.224838 0.126703 0.060566
v -0.222295 0.120941 0.062649
v -0.222434 0.121163 0.062568
v -0.222615 0.121465 0.062458
v -0.221352 0.119642 0.063124
v -0.221189 0.119452 0.063194
v -0.218286 0.117623 0.063885
v -0.218935 0.117780 0.063819
v -0.219030 0.117816 0.063805
v -0.219169 0.117873 0.063783
v -0.224655 -0.126001 0.060740
v -0.224963 -0.127007 0.060385
v -0.223025 -0.108815 0.059773
v -0.225595 -0.129488 0.059513
v -0.222928 0.113100 0.060848
v -0.221516 0.113757 0.062424
v -0.220647 0.114250 0.063019
v -0.218699 0.115499 0.063744
v -0.217671 0.116223 0.063854
v -0.216643 0.116987 0.063792
v -0.214549 0.093871 0.063110
v -0.219700 0.114836 0.063463
v -0.222283 0.113370 0.061694
v -0.223435 0.112953 0.059908
v -0.224191 -0.124666 0.061213
v -0.223310 -0.122575 0.061954
v -0.223973 -0.124100 0.061413
v -0.222518 -0.108957 0.060713
v -0.223243 -0.122436 0.062004
v -0.222337 -0.120771 0.062597
v -0.222859 -0.121683 0.062272
v -0.221871 -0.109217 0.061559
v -0.222237 -0.120610 0.062654
v -0.221157 -0.119132 0.063182
v -0.221294 -0.119295 0.063124
v -0.221103 -0.109590 0.062289
v -0.221497 -0.119549 0.063033
v -0.221679 -0.119789 0.062947
v -0.220036 -0.118053 0.063569
v -0.220470 -0.118419 0.063437
v -0.220232 -0.110065 0.062884
v -0.219467 -0.117672 0.063707
v -0.219283 -0.110629 0.063327
v -0.212918 0.070475 0.062579
v -0.211752 0.046816 0.062200
v -0.211055 0.022911 0.061973
v -0.210837 -0.001226 0.061902
v -0.210980 -0.018556 0.061949
v -0.211585 -0.042347 0.062146
v -0.212659 -0.065981 0.062495
v -0.214203 -0.089440 0.062998
v -0.216218 -0.112703 0.063653
v -0.217249 -0.111966 0.063717
v -0.215248 -0.088854 0.063065
v -0.213715 -0.065549 0.062566
v -0.212648 -0.042070 0.062219
v -0.212047 -0.018435 0.062023
v -0.211906 -0.001218 0.061977
v -0.212122 0.022761 0.062047
v -0.212813 0.046510 0.062272
v -0.213972 0.070014 0.062650
v -0.215592 0.093257 0.063177
v -0.218279 -0.111269 0.063607
v -0.216292 -0.088301 0.062959
v -0.214769 -0.065141 0.062463
v -0.213709 -0.041808 0.062117
v -0.213113 -0.018320 0.061923
v -0.212972 -0.001210 0.061877
v -0.213187 0.022619 0.061947
v -0.213874 0.046220 0.062171
v -0.215024 0.069578 0.062546
v -0.216633 0.092676 0.063070
v -0.217307 -0.087793 0.062682
v -0.215794 -0.064766 0.062188
v -0.214740 -0.041567 0.061844
v -0.214147 -0.018214 0.061650
v -0.214008 -0.001203 0.061605
v -0.214221 0.022489 0.061674
v -0.214904 0.045954 0.061897
v -0.216047 0.069177 0.062270
v -0.217647 0.092144 0.062793
v -0.218267 -0.087345 0.062241
v -0.216762 -0.064435 0.061749
v -0.215714 -0.041355 0.061406
v -0.215125 -0.018121 0.061213
v -0.214985 -0.001197 0.061168
v -0.215198 0.022374 0.061237
v -0.215877 0.045719 0.061459
v -0.217014 0.068824 0.061831
v -0.218605 0.091673 0.062351
v -0.219147 -0.086968 0.061648
v -0.217648 -0.064157 0.061157
v -0.216605 -0.041176 0.060815
v -0.216018 -0.018043 0.060623
v -0.215879 -0.001192 0.060577
v -0.216091 0.022277 0.060647
v -0.216767 0.045522 0.060868
v -0.217899 0.068527 0.061239
v -0.219483 0.091278 0.061758
v -0.219922 -0.086673 0.060919
v -0.218429 -0.063939 0.060429
v -0.217389 -0.041037 0.060087
v -0.216804 -0.017982 0.059895
v -0.216666 -0.001188 0.059850
v -0.216877 0.022202 0.059919
v -0.217550 0.045367 0.060140
v -0.218679 0.068294 0.060511
v -0.220257 0.090968 0.061029
v -0.220573 -0.086466 0.060073
v -0.219083 -0.063787 0.059583
v -0.218046 -0.040939 0.059241
v -0.217462 -0.017939 0.059049
v -0.217324 -0.001185 0.059004
v -0.217534 0.022149 0.059073
v -0.218206 0.045260 0.059294
v -0.219332 0.068132 0.059665
v -0.220907 0.090751 0.060183
v -0.221082 -0.086354 0.059132
v -0.219593 -0.063705 0.058642
v -0.218557 -0.040887 0.058300
v -0.217974 -0.017916 0.058108
v -0.217836 -0.001183 0.058062
v -0.218046 0.022121 0.058132
v -0.218718 0.045201 0.058353
v -0.219842 0.068044 0.058724
v -0.221416 0.090634 0.059242
v -0.215344 0.108954 0.083488
v -0.217267 -0.127395 0.084304
v -0.217258 -0.127007 0.084129
v -0.215944 -0.114925 0.083680
v -0.217119 -0.124669 0.083006
v -0.217109 -0.124565 0.082954
v -0.216086 -0.115074 0.082622
v -0.215867 -0.119228 0.079702
v -0.215819 -0.119128 0.079623
v -0.215516 -0.116245 0.079523
v -0.212261 -0.094716 0.077107
v -0.211482 -0.095309 0.076408
v -0.213756 0.111411 0.077593
v -0.210600 -0.095937 0.075849
v -0.216433 -0.120773 0.080795
v -0.216386 -0.120613 0.080690
v -0.215869 -0.115743 0.080515
v -0.216008 -0.119549 0.079947
v -0.217060 -0.124100 0.082714
v -0.216842 -0.122577 0.081887
v -0.216061 -0.115350 0.081557
v -0.216639 -0.121573 0.081297
v -0.217257 -0.129488 0.085206
v -0.215486 0.109096 0.082429
v -0.215460 0.109357 0.081363
v -0.215267 0.109730 0.080321
v -0.214403 0.110771 0.078410
v -0.208928 -0.072559 0.075305
v -0.207719 -0.048913 0.074912
v -0.206981 -0.025016 0.074672
v -0.206721 -0.000883 0.074587
v -0.206866 0.018693 0.074635
v -0.207473 0.042478 0.074832
v -0.208550 0.066112 0.075183
v -0.210097 0.089574 0.075686
v -0.212116 0.112846 0.076342
v -0.212987 0.112109 0.076898
v -0.210982 0.088988 0.076246
v -0.209446 0.065679 0.075747
v -0.208376 0.042200 0.075399
v -0.207773 0.018570 0.075203
v -0.207629 -0.000877 0.075156
v -0.207887 -0.024853 0.075240
v -0.208621 -0.048593 0.075478
v -0.209820 -0.072084 0.075868
v -0.211764 0.088434 0.076946
v -0.210238 0.065269 0.076451
v -0.209175 0.041937 0.076105
v -0.208576 0.018454 0.075911
v -0.208432 -0.000872 0.075864
v -0.208689 -0.024698 0.075948
v -0.209418 -0.048290 0.076184
v -0.210610 -0.071635 0.076571
v -0.212423 0.087926 0.077768
v -0.210905 0.064894 0.077276
v -0.209849 0.041696 0.076933
v -0.209253 0.018348 0.076740
v -0.209111 -0.000867 0.076694
v -0.209366 -0.024555 0.076777
v -0.210090 -0.048012 0.077012
v -0.211275 -0.071223 0.077396
v -0.212916 -0.094171 0.077928
v -0.215012 -0.116841 0.078607
v -0.215196 -0.118120 0.078723
v -0.214911 0.110205 0.079327
v -0.212941 0.087477 0.078690
v -0.211431 0.064563 0.078201
v -0.210380 0.041483 0.077861
v -0.209787 0.018255 0.077669
v -0.209645 -0.000863 0.077623
v -0.209899 -0.024430 0.077705
v -0.210620 -0.047767 0.077939
v -0.211799 -0.070859 0.078320
v -0.213432 -0.093691 0.078849
v -0.213304 0.087099 0.079687
v -0.211801 0.064284 0.079201
v -0.210754 0.041304 0.078863
v -0.210163 0.018176 0.078672
v -0.210022 -0.000859 0.078627
v -0.210275 -0.024325 0.078709
v -0.210993 -0.047561 0.078940
v -0.212167 -0.070553 0.079320
v -0.213793 -0.093286 0.079845
v -0.213503 0.086803 0.080733
v -0.212004 0.064066 0.080250
v -0.210960 0.041164 0.079913
v -0.210372 0.018114 0.079724
v -0.210231 -0.000856 0.079678
v -0.210483 -0.024242 0.079760
v -0.211199 -0.047399 0.079990
v -0.212370 -0.070314 0.080368
v -0.213991 -0.092969 0.080890
v -0.213533 0.086597 0.081800
v -0.212037 0.063914 0.081319
v -0.210995 0.041066 0.080984
v -0.210407 0.018071 0.080795
v -0.210267 -0.000854 0.080750
v -0.210519 -0.024184 0.080831
v -0.211233 -0.047287 0.081061
v -0.212402 -0.070146 0.081436
v -0.214020 -0.092748 0.081957
v -0.213393 0.086485 0.082861
v -0.211897 0.063831 0.082381
v -0.210856 0.041013 0.082047
v -0.210269 0.018048 0.081858
v -0.210129 -0.000853 0.081813
v -0.210380 -0.024153 0.081894
v -0.211094 -0.047226 0.082123
v -0.212262 -0.070056 0.082498
v -0.213879 -0.092628 0.083017
v -0.222557 -0.126674 0.068645
v -0.220135 -0.118180 0.063772
v -0.219006 -0.118015 0.067501
v -0.219891 -0.119084 0.067781
v -0.215384 -0.118175 0.078425
v -0.217070 -0.120681 0.079008
v -0.218413 -0.124518 0.079461
v -0.218915 -0.126826 0.079625
v -0.217793 -0.122453 0.079254
v -0.216260 -0.119243 0.078730
v -0.216617 -0.118015 0.074863
v -0.221023 -0.119249 0.064040
v -0.221842 -0.120686 0.064290
v -0.222571 -0.122458 0.064516
v -0.223194 -0.124523 0.064713
v -0.223697 -0.126832 0.064876
v -0.220707 -0.120523 0.068041
v -0.221434 -0.122296 0.068276
v -0.222056 -0.124363 0.068478
v -0.221364 -0.126617 0.072405
v -0.220862 -0.124305 0.072242
v -0.220240 -0.122237 0.072040
v -0.219513 -0.120463 0.071803
v -0.218698 -0.119025 0.071538
v -0.217815 -0.117955 0.071251
v -0.217498 -0.119084 0.075157
v -0.218311 -0.120522 0.075427
v -0.219037 -0.122296 0.075665
v -0.219659 -0.124362 0.075867
v -0.220162 -0.126673 0.076027
v -0.007932 0.118422 0.229458
v -0.008035 0.118559 0.229610
v -0.000000 0.118455 0.229634
v -0.013490 0.129639 0.233460
v 0.007813 0.118271 0.229275
v -0.000000 0.117815 0.228634
v 0.007327 0.117768 0.228399
v 0.009612 0.121163 0.231376
v 0.009492 0.120941 0.231269
v -0.000000 0.120936 0.231462
v 0.008706 0.119571 0.230469
v -0.000000 0.119504 0.230584
v 0.008632 0.119451 0.230383
v 0.007932 0.118422 0.229458
v -0.000000 0.127144 0.233458
v 0.012256 0.126703 0.233046
v -0.000000 0.124803 0.232916
v 0.011411 0.124814 0.232638
v 0.010867 0.123654 0.232318
v 0.013490 0.129639 0.233460
v 0.012448 0.127146 0.233124
v -0.012448 0.127146 0.233124
v -0.010417 0.122730 0.232016
v -0.000000 0.122717 0.232245
v 0.010418 0.122731 0.232016
v -0.010948 0.123823 0.232369
v -0.011410 0.124813 0.232638
v -0.012256 0.126703 0.233046
v -0.009492 0.120941 0.231269
v -0.009612 0.121163 0.231376
v -0.009772 0.121465 0.231514
v -0.008749 0.119642 0.230517
v -0.008633 0.119452 0.230383
v -0.007079 0.117623 0.227833
v -0.007342 0.117780 0.228431
v -0.007385 0.117816 0.228517
v -0.007449 0.117873 0.228642
v -0.012034 -0.126001 0.232926
v -0.012443 -0.126952 0.233101
v -0.012449 -0.108815 0.231075
v -0.013490 -0.129488 0.233441
v -0.011398 0.113100 0.231315
v -0.009464 0.113757 0.230457
v -0.008631 0.114250 0.229813
v -0.007341 0.115499 0.228182
v -0.006918 0.116223 0.227238
v -0.006660 0.116987 0.226240
v -0.006660 0.093871 0.224035
v -0.007917 0.114836 0.229048
v -0.010395 0.113370 0.230962
v -0.012448 0.112953 0.231507
v -0.011396 -0.124563 0.232604
v -0.010397 -0.122436 0.231972
v -0.011184 -0.124100 0.232484
v -0.011400 -0.108957 0.230882
v -0.009469 -0.120610 0.231215
v -0.010024 -0.121683 0.231689
v -0.010396 -0.109217 0.230528
v -0.008881 -0.119549 0.230627
v -0.009018 -0.119789 0.230773
v -0.009465 -0.109590 0.230022
v -0.008634 -0.119132 0.230349
v -0.007920 -0.118053 0.229401
v -0.008179 -0.118419 0.229774
v -0.008632 -0.110065 0.229377
v -0.007613 -0.117672 0.228902
v -0.007917 -0.110629 0.228609
v -0.006660 0.070475 0.222317
v -0.006660 0.046816 0.221089
v -0.006660 0.022911 0.220356
v -0.006660 -0.001226 0.220127
v -0.006660 -0.018556 0.220277
v -0.006660 -0.042347 0.220914
v -0.006660 -0.065981 0.222045
v -0.006660 -0.089440 0.223670
v -0.006660 -0.112703 0.225792
v -0.006918 -0.111966 0.226793
v -0.006919 -0.088854 0.224686
v -0.006919 -0.065549 0.223072
v -0.006920 -0.042070 0.221949
v -0.006920 -0.018435 0.221316
v -0.006920 -0.001218 0.221167
v -0.006920 0.022761 0.221395
v -0.006920 0.046510 0.222123
v -0.006919 0.070014 0.223343
v -0.006919 0.093257 0.225048
v -0.007341 -0.111269 0.227740
v -0.007342 -0.088301 0.225647
v -0.007343 -0.065141 0.224044
v -0.007344 -0.041808 0.222928
v -0.007344 -0.018320 0.222300
v -0.007344 -0.001210 0.222151
v -0.007344 0.022619 0.222378
v -0.007344 0.046220 0.223101
v -0.007343 0.069577 0.224313
v -0.007342 0.092676 0.226007
v -0.007919 -0.087793 0.226529
v -0.007921 -0.064766 0.224935
v -0.007922 -0.041567 0.223825
v -0.007923 -0.018214 0.223201
v -0.007923 -0.001203 0.223054
v -0.007923 0.022489 0.223279
v -0.007922 0.045954 0.223998
v -0.007921 0.069177 0.225202
v -0.007919 0.092144 0.226886
v -0.008635 -0.087345 0.227307
v -0.008637 -0.064435 0.225721
v -0.008639 -0.041355 0.224618
v -0.008640 -0.018121 0.223996
v -0.008640 -0.001197 0.223850
v -0.008640 0.022374 0.224074
v -0.008639 0.045719 0.224789
v -0.008637 0.068824 0.225987
v -0.008634 0.091673 0.227662
v -0.009470 -0.086968 0.227961
v -0.009473 -0.064157 0.226382
v -0.009475 -0.041176 0.225283
v -0.009477 -0.018043 0.224665
v -0.009477 -0.001192 0.224519
v -0.009476 0.022277 0.224742
v -0.009475 0.045522 0.225454
v -0.009472 0.068527 0.226647
v -0.009469 0.091278 0.228315
v -0.010402 -0.086673 0.228474
v -0.010406 -0.063939 0.226900
v -0.010409 -0.041037 0.225805
v -0.010411 -0.017982 0.225188
v -0.010411 -0.001188 0.225043
v -0.010411 0.022202 0.225265
v -0.010409 0.045367 0.225975
v -0.010405 0.068294 0.227164
v -0.010401 0.090968 0.228827
v -0.011406 -0.086466 0.228832
v -0.011412 -0.063787 0.227262
v -0.011415 -0.040939 0.226169
v -0.011417 -0.017939 0.225553
v -0.011418 -0.001185 0.225408
v -0.011417 0.022149 0.225630
v -0.011415 0.045260 0.226338
v -0.011411 0.068132 0.227525
v -0.011405 0.090751 0.229184
v -0.012457 -0.086354 0.229026
v -0.012463 -0.063705 0.227457
v -0.012468 -0.040887 0.226365
v -0.012470 -0.017916 0.225750
v -0.012471 -0.001183 0.225605
v -0.012470 0.022121 0.225827
v -0.012467 0.045201 0.226534
v -0.012462 0.068044 0.227720
v -0.012456 0.090634 0.229378
v 0.012449 0.108954 0.231089
v 0.012631 -0.127395 0.233173
v 0.012467 -0.127007 0.233110
v 0.012447 -0.114925 0.231719
v 0.011443 -0.124669 0.232630
v 0.011397 -0.124565 0.232605
v 0.011398 -0.115074 0.231527
v 0.008692 -0.119228 0.230416
v 0.008632 -0.119128 0.230346
v 0.008631 -0.116245 0.230028
v 0.007342 -0.094716 0.226181
v 0.006919 -0.095309 0.225223
v 0.007341 0.111411 0.227755
v 0.006660 -0.095937 0.224211
v 0.009556 -0.120773 0.231293
v 0.009471 -0.120613 0.231216
v 0.009464 -0.115743 0.230670
v 0.008881 -0.119549 0.230627
v 0.011184 -0.124100 0.232484
v 0.010466 -0.122577 0.232021
v 0.010394 -0.115350 0.231175
v 0.009969 -0.121573 0.231645
v 0.013490 -0.129488 0.233441
v 0.011400 0.109096 0.230897
v 0.010396 0.109357 0.230543
v 0.009465 0.109730 0.230036
v 0.007917 0.110771 0.228624
v 0.006660 -0.072559 0.222450
v 0.006660 -0.048913 0.221178
v 0.006660 -0.025016 0.220401
v 0.006660 -0.000883 0.220127
v 0.006660 0.018693 0.220279
v 0.006660 0.042478 0.220919
v 0.006660 0.066112 0.222053
v 0.006660 0.089574 0.223681
v 0.006660 0.112846 0.225807
v 0.006918 0.112109 0.226808
v 0.006919 0.088988 0.224697
v 0.006919 0.065679 0.223080
v 0.006920 0.042200 0.221954
v 0.006920 0.018570 0.221319
v 0.006920 -0.000877 0.221167
v 0.006920 -0.024853 0.221439
v 0.006919 -0.048593 0.222211
v 0.006919 -0.072084 0.223474
v 0.007342 0.088434 0.225658
v 0.007343 0.065269 0.224052
v 0.007344 0.041937 0.222933
v 0.007344 0.018454 0.222302
v 0.007344 -0.000872 0.222151
v 0.007344 -0.024698 0.222422
v 0.007344 -0.048290 0.223188
v 0.007343 -0.071635 0.224443
v 0.007919 0.087925 0.226539
v 0.007921 0.064894 0.224942
v 0.007922 0.041696 0.223830
v 0.007923 0.018348 0.223203
v 0.007923 -0.000867 0.223053
v 0.007923 -0.024555 0.223322
v 0.007922 -0.048012 0.224084
v 0.007921 -0.071223 0.225332
v 0.007919 -0.094171 0.227059
v 0.007917 -0.116841 0.229264
v 0.007969 -0.118120 0.229475
v 0.008632 0.110205 0.229391
v 0.008635 0.087477 0.227317
v 0.008637 0.064563 0.225729
v 0.008639 0.041483 0.224622
v 0.008640 0.018255 0.223999
v 0.008640 -0.000863 0.223850
v 0.008640 -0.024430 0.224117
v 0.008639 -0.047767 0.224875
v 0.008637 -0.070859 0.226116
v 0.008634 -0.093691 0.227834
v 0.009470 0.087099 0.227971
v 0.009473 0.064284 0.226390
v 0.009475 0.041304 0.225288
v 0.009477 0.018176 0.224667
v 0.009477 -0.000859 0.224519
v 0.009476 -0.024325 0.224785
v 0.009475 -0.047561 0.225540
v 0.009472 -0.070553 0.226775
v 0.009468 -0.093286 0.228486
v 0.010402 0.086803 0.228484
v 0.010406 0.064066 0.226908
v 0.010409 0.041164 0.225810
v 0.010411 0.018114 0.225191
v 0.010411 -0.000856 0.225043
v 0.010410 -0.024242 0.225308
v 0.010408 -0.047399 0.226061
v 0.010405 -0.070314 0.227292
v 0.010400 -0.092969 0.228997
v 0.011406 0.086597 0.228843
v 0.011412 0.063914 0.227269
v 0.011415 0.041066 0.226173
v 0.011417 0.018071 0.225556
v 0.011418 -0.000854 0.225408
v 0.011417 -0.024184 0.225673
v 0.011414 -0.047287 0.226424
v 0.011410 -0.070146 0.227653
v 0.011405 -0.092748 0.229355
v 0.012457 0.086485 0.229037
v 0.012463 0.063831 0.227465
v 0.012468 0.041013 0.226370
v 0.012470 0.018048 0.225752
v 0.012471 -0.000853 0.225605
v 0.012470 -0.024153 0.225869
v 0.012467 -0.047226 0.226620
v 0.012462 -0.070056 0.227848
v 0.012455 -0.092628 0.229548
v -0.003878 -0.126674 0.233371
v -0.007758 -0.118180 0.229559
v -0.003867 -0.118015 0.229636
v -0.003875 -0.119084 0.230565
v 0.007628 -0.118175 0.229562
v 0.007661 -0.120681 0.231348
v 0.007677 -0.124518 0.232767
v 0.007677 -0.126826 0.233295
v 0.007672 -0.122453 0.232112
v 0.007647 -0.119243 0.230491
v 0.003864 -0.118015 0.229636
v -0.007778 -0.119249 0.230487
v -0.007793 -0.120687 0.231344
v -0.007804 -0.122458 0.232108
v -0.007809 -0.124523 0.232763
v -0.007810 -0.126832 0.233291
v -0.003879 -0.120523 0.231423
v -0.003882 -0.122296 0.232188
v -0.003881 -0.124363 0.232842
v 0.000063 -0.126617 0.233397
v 0.000063 -0.124305 0.232868
v 0.000063 -0.122237 0.232213
v 0.000063 -0.120463 0.231448
v 0.000063 -0.119025 0.230590
v 0.000063 -0.117955 0.229660
v 0.003871 -0.119084 0.230565
v 0.003876 -0.120522 0.231423
v 0.003878 -0.122296 0.232188
v 0.003878 -0.124362 0.232842
v 0.003874 -0.126674 0.233371
v 0.215191 0.118422 0.078682
v 0.215303 0.118559 0.078827
v 0.217809 0.118455 0.071183
v 0.217275 0.129639 0.085211
v 0.219882 0.118271 0.063632
v 0.216860 0.117815 0.070874
v 0.218900 0.117768 0.063824
v 0.222434 0.121163 0.062568
v 0.222264 0.120893 0.062667
v 0.219545 0.120936 0.071748
v 0.221292 0.119571 0.063150
v 0.218712 0.119504 0.071476
v 0.221188 0.119451 0.063194
v 0.220094 0.118422 0.063575
v 0.221441 0.127144 0.072364
v 0.224838 0.126703 0.060566
v 0.220927 0.124803 0.072197
v 0.224179 0.124789 0.061254
v 0.223717 0.123654 0.061664
v 0.225612 0.129639 0.059519
v 0.224968 0.127133 0.060412
v 0.217278 0.127146 0.084115
v 0.216852 0.122730 0.081839
v 0.220290 0.122717 0.071990
v 0.223273 0.122693 0.062012
v 0.217024 0.123823 0.082453
v 0.217137 0.124813 0.082976
v 0.217263 0.126703 0.083908
v 0.216429 0.120941 0.080727
v 0.216494 0.121163 0.080874
v 0.216576 0.121465 0.081070
v 0.215945 0.119642 0.079788
v 0.215854 0.119452 0.079635
v 0.213911 0.117623 0.077367
v 0.214398 0.117780 0.077803
v 0.214466 0.117816 0.077870
v 0.214566 0.117873 0.077970
v 0.217217 -0.126001 0.083660
v 0.217258 -0.127007 0.084129
v 0.215331 -0.108815 0.083483
v 0.217257 -0.129488 0.085206
v 0.215884 0.113100 0.082557
v 0.215666 0.113757 0.080450
v 0.215313 0.114250 0.079457
v 0.214162 0.115499 0.077725
v 0.213396 0.116223 0.077030
v 0.212527 0.116987 0.076476
v 0.210433 0.093871 0.075795
v 0.214807 0.114836 0.078541
v 0.215858 0.113370 0.081492
v 0.215742 0.112953 0.083615
v 0.217119 -0.124666 0.083005
v 0.216842 -0.122575 0.081886
v 0.217060 -0.124100 0.082714
v 0.215472 -0.108957 0.082424
v 0.216817 -0.122436 0.081806
v 0.216432 -0.120771 0.080794
v 0.216664 -0.121683 0.081364
v 0.215446 -0.109217 0.081359
v 0.216385 -0.120610 0.080689
v 0.215821 -0.119132 0.079626
v 0.215897 -0.119295 0.079753
v 0.215253 -0.109590 0.080316
v 0.216008 -0.119549 0.079947
v 0.216105 -0.119789 0.080123
v 0.215141 -0.118053 0.078653
v 0.215415 -0.118419 0.079015
v 0.214898 -0.110065 0.079323
v 0.214762 -0.117672 0.078207
v 0.214390 -0.110629 0.078406
v 0.208802 0.070475 0.075264
v 0.207635 0.046816 0.074885
v 0.206939 0.022911 0.074658
v 0.206721 -0.001226 0.074587
v 0.206864 -0.018556 0.074634
v 0.207469 -0.042347 0.074831
v 0.208543 -0.065981 0.075180
v 0.210087 -0.089440 0.075682
v 0.212102 -0.112703 0.076338
v 0.212973 -0.111966 0.076893
v 0.210972 -0.088854 0.076242
v 0.209439 -0.065549 0.075744
v 0.208371 -0.042070 0.075397
v 0.207771 -0.018435 0.075202
v 0.207629 -0.001218 0.075156
v 0.207846 0.022761 0.075226
v 0.208537 0.046510 0.075451
v 0.209695 0.070014 0.075828
v 0.211316 0.093257 0.076354
v 0.213742 -0.111269 0.077588
v 0.211754 -0.088301 0.076943
v 0.210231 -0.065141 0.076448
v 0.209170 -0.041808 0.076104
v 0.208574 -0.018320 0.075910
v 0.208433 -0.001210 0.075864
v 0.208648 0.022619 0.075934
v 0.209335 0.046220 0.076157
v 0.210486 0.069578 0.076531
v 0.212096 0.092676 0.077054
v 0.212413 -0.087793 0.077765
v 0.210898 -0.064766 0.077274
v 0.209844 -0.041567 0.076932
v 0.209251 -0.018214 0.076740
v 0.209111 -0.001203 0.076694
v 0.209325 0.022489 0.076764
v 0.210008 0.045954 0.076985
v 0.211152 0.069177 0.077356
v 0.212752 0.092144 0.077875
v 0.212931 -0.087345 0.078686
v 0.211424 -0.064435 0.078199
v 0.210375 -0.041355 0.077859
v 0.209785 -0.018121 0.077668
v 0.209646 -0.001197 0.077623
v 0.209858 0.022374 0.077692
v 0.210538 0.045719 0.077912
v 0.211676 0.068824 0.078280
v 0.213269 0.091673 0.078796
v 0.213294 -0.086968 0.079683
v 0.211794 -0.064157 0.079199
v 0.210749 -0.041176 0.078862
v 0.210161 -0.018043 0.078672
v 0.210022 -0.001192 0.078627
v 0.210234 0.022277 0.078695
v 0.210911 0.045522 0.078914
v 0.212045 0.068527 0.079280
v 0.213631 0.091278 0.079792
v 0.213493 -0.086673 0.080730
v 0.211997 -0.063939 0.080247
v 0.210956 -0.041037 0.079912
v 0.210370 -0.017982 0.079723
v 0.210231 -0.001188 0.079678
v 0.210443 0.022202 0.079747
v 0.211118 0.045367 0.079964
v 0.212248 0.068294 0.080328
v 0.213829 0.090968 0.080838
v 0.213523 -0.086466 0.081797
v 0.212030 -0.063787 0.081317
v 0.210990 -0.040939 0.080983
v 0.210405 -0.017939 0.080794
v 0.210267 -0.001185 0.080750
v 0.210478 0.022149 0.080818
v 0.211152 0.045260 0.081034
v 0.212280 0.068132 0.081397
v 0.213858 0.090751 0.081905
v 0.213383 -0.086354 0.082858
v 0.211890 -0.063705 0.082379
v 0.210852 -0.040887 0.082045
v 0.210267 -0.017916 0.081858
v 0.210129 -0.001183 0.081813
v 0.210340 0.022121 0.081881
v 0.211013 0.045201 0.082097
v 0.212140 0.068044 0.082459
v 0.213717 0.090634 0.082965
v 0.223038 0.108954 0.059777
v 0.225074 -0.127395 0.060248
v 0.224963 -0.127007 0.060385
v 0.223636 -0.114925 0.059974
v 0.224192 -0.124669 0.061212
v 0.224153 -0.124565 0.061248
v 0.223130 -0.115074 0.060914
v 0.221239 -0.119228 0.063147
v 0.221153 -0.119128 0.063183
v 0.220850 -0.116245 0.063086
v 0.216798 -0.094716 0.063124
v 0.215758 -0.095309 0.063231
v 0.218293 0.111411 0.063612
v 0.214717 -0.095937 0.063165
v 0.222338 -0.120773 0.062596
v 0.222239 -0.120613 0.062653
v 0.221718 -0.115743 0.062491
v 0.221497 -0.119549 0.063033
v 0.223973 -0.124100 0.061413
v 0.223311 -0.122577 0.061954
v 0.222485 -0.115350 0.061761
v 0.222800 -0.121573 0.062311
v 0.225595 -0.129488 0.059513
v 0.222531 0.109096 0.060717
v 0.221885 0.109357 0.061564
v 0.221116 0.109730 0.062294
v 0.219296 0.110771 0.063331
v 0.213044 -0.072559 0.062620
v 0.211836 -0.048913 0.062227
v 0.211097 -0.025016 0.061987
v 0.210837 -0.000883 0.061902
v 0.210982 0.018693 0.061950
v 0.211590 0.042478 0.062147
v 0.212667 0.066112 0.062498
v 0.214213 0.089574 0.063001
v 0.216232 0.112846 0.063658
v 0.217263 0.112109 0.063721
v 0.215258 0.088988 0.063069
v 0.213722 0.065679 0.062568
v 0.212653 0.042200 0.062220
v 0.212050 0.018570 0.062024
v 0.211905 -0.000877 0.061977
v 0.212164 -0.024853 0.062061
v 0.212897 -0.048593 0.062300
v 0.214097 -0.072084 0.062690
v 0.216302 0.088434 0.062962
v 0.214776 0.065269 0.062465
v 0.213714 0.041937 0.062119
v 0.213115 0.018454 0.061923
v 0.212972 -0.000872 0.061877
v 0.213228 -0.024698 0.061960
v 0.213957 -0.048290 0.062198
v 0.215148 -0.071635 0.062586
v 0.217317 0.087926 0.062685
v 0.215801 0.064894 0.062190
v 0.214745 0.041696 0.061845
v 0.214150 0.018348 0.061651
v 0.214007 -0.000867 0.061604
v 0.214262 -0.024555 0.061688
v 0.214986 -0.048012 0.061924
v 0.216171 -0.071223 0.062311
v 0.217811 -0.094171 0.062846
v 0.219904 -0.116841 0.063530
v 0.220121 -0.118120 0.063545
v 0.220246 0.110205 0.062888
v 0.218277 0.087477 0.062244
v 0.216769 0.064563 0.061751
v 0.215719 0.041483 0.061407
v 0.215127 0.018255 0.061214
v 0.214985 -0.000863 0.061167
v 0.215239 -0.024430 0.061251
v 0.215959 -0.047767 0.061486
v 0.217137 -0.070859 0.061871
v 0.218768 -0.093691 0.062405
v 0.219157 0.087099 0.061651
v 0.217655 0.064284 0.061159
v 0.216610 0.041304 0.060817
v 0.216020 0.018176 0.060623
v 0.215879 -0.000859 0.060577
v 0.216132 -0.024325 0.060660
v 0.216848 -0.047561 0.060895
v 0.218021 -0.070553 0.061279
v 0.219645 -0.093286 0.061812
v 0.219932 0.086803 0.060922
v 0.218436 0.064066 0.060431
v 0.217394 0.041164 0.060089
v 0.216806 0.018114 0.059896
v 0.216666 -0.000856 0.059850
v 0.216918 -0.024242 0.059932
v 0.217632 -0.047399 0.060167
v 0.218800 -0.070314 0.060551
v 0.220419 -0.092969 0.061082
v 0.220583 0.086597 0.060076
v 0.219090 0.063914 0.059585
v 0.218050 0.041066 0.059243
v 0.217464 0.018071 0.059050
v 0.217324 -0.000854 0.059004
v 0.217575 -0.024184 0.059087
v 0.218288 -0.047287 0.059321
v 0.219454 -0.070146 0.059705
v 0.221068 -0.092748 0.060236
v 0.221092 0.086485 0.059136
v 0.219600 0.063831 0.058644
v 0.218561 0.041013 0.058301
v 0.217976 0.018048 0.058108
v 0.217836 -0.000853 0.058062
v 0.218087 -0.024153 0.058145
v 0.218799 -0.047226 0.058380
v 0.219964 -0.070056 0.058764
v 0.221577 -0.092628 0.059296
v 0.220161 -0.126674 0.076030
v 0.215341 -0.118180 0.078548
v 0.216616 -0.118015 0.074866
v 0.217497 -0.119084 0.075160
v 0.220099 -0.118175 0.063897
v 0.221805 -0.120681 0.064417
v 0.223157 -0.124518 0.064840
v 0.223659 -0.126826 0.065003
v 0.222534 -0.122453 0.064643
v 0.220986 -0.119243 0.064166
v 0.219005 -0.118015 0.067504
v 0.216217 -0.119249 0.078853
v 0.217025 -0.120686 0.079132
v 0.217748 -0.122458 0.079379
v 0.218368 -0.124523 0.079586
v 0.218870 -0.126832 0.079750
v 0.218310 -0.120523 0.075430
v 0.219036 -0.122296 0.075668
v 0.219658 -0.124363 0.075870
v 0.221403 -0.126617 0.072286
v 0.220900 -0.124305 0.072122
v 0.220279 -0.122237 0.071920
v 0.219552 -0.120463 0.071683
v 0.218737 -0.119025 0.071418
v 0.217854 -0.117955 0.071131
v 0.219890 -0.119084 0.067784
v 0.220706 -0.120522 0.068045
v 0.221433 -0.122296 0.068279
v 0.222055 -0.124362 0.068482
v 0.222556 -0.126673 0.068648
v 0.140928 0.118422 -0.180386
v 0.141100 0.118559 -0.180448
v 0.134614 0.118455 -0.185197
v 0.147773 0.129639 -0.180353
v 0.128082 0.118271 -0.189504
v 0.134027 0.117815 -0.184388
v 0.127961 0.117768 -0.188509
v 0.127860 0.121163 -0.192263
v 0.127901 0.120893 -0.192071
v 0.135687 0.120936 -0.186675
v 0.128060 0.119571 -0.190996
v 0.135171 0.119504 -0.185965
v 0.128070 0.119451 -0.190883
v 0.128093 0.118422 -0.189723
v 0.136858 0.127144 -0.188290
v 0.126701 0.126703 -0.195170
v 0.136540 0.124803 -0.187852
v 0.127152 0.124789 -0.194331
v 0.127398 0.123654 -0.193764
v 0.125946 0.129639 -0.196231
v 0.126595 0.127133 -0.195342
v 0.146733 0.127146 -0.180694
v 0.144440 0.122730 -0.180992
v 0.136147 0.122717 -0.187309
v 0.127591 0.122693 -0.193233
v 0.145076 0.123823 -0.180966
v 0.145608 0.124813 -0.180912
v 0.146532 0.126703 -0.180744
v 0.143252 0.120941 -0.180933
v 0.143412 0.121163 -0.180949
v 0.143623 0.121465 -0.180966
v 0.142211 0.119642 -0.180762
v 0.142037 0.119452 -0.180722
v 0.139284 0.117623 -0.179573
v 0.139847 0.117780 -0.179902
v 0.139932 0.117816 -0.179947
v 0.140058 0.117873 -0.180010
v 0.146282 -0.126001 -0.180777
v 0.146740 -0.127007 -0.180671
v 0.145531 -0.108815 -0.179035
v 0.147763 -0.129488 -0.180337
v 0.144822 0.113100 -0.179848
v 0.142753 0.113757 -0.180292
v 0.141701 0.114250 -0.180262
v 0.139700 0.115499 -0.179702
v 0.138804 0.116223 -0.179186
v 0.138009 0.116987 -0.178531
v 0.136715 0.093871 -0.176747
v 0.140675 0.114836 -0.180064
v 0.143803 0.113370 -0.180153
v 0.145784 0.112953 -0.179386
v 0.145629 -0.124666 -0.180886
v 0.144481 -0.122575 -0.180968
v 0.145335 -0.124100 -0.180920
v 0.144569 -0.108957 -0.179497
v 0.144398 -0.122436 -0.180969
v 0.143317 -0.120771 -0.180915
v 0.143930 -0.121683 -0.180960
v 0.143549 -0.109217 -0.179802
v 0.143202 -0.120610 -0.180903
v 0.142019 -0.119132 -0.180694
v 0.142163 -0.119295 -0.180727
v 0.142499 -0.109590 -0.179940
v 0.142381 -0.119549 -0.180773
v 0.142578 -0.119789 -0.180811
v 0.140884 -0.118053 -0.180347
v 0.141313 -0.118419 -0.180496
v 0.141446 -0.110065 -0.179908
v 0.140343 -0.117672 -0.180124
v 0.140417 -0.110629 -0.179708
v 0.135707 0.070475 -0.175358
v 0.134986 0.046816 -0.174364
v 0.134556 0.022911 -0.173771
v 0.134421 -0.001226 -0.173585
v 0.134509 -0.018556 -0.173707
v 0.134883 -0.042347 -0.174222
v 0.135547 -0.065981 -0.175137
v 0.136501 -0.089440 -0.176452
v 0.137746 -0.112703 -0.178169
v 0.138543 -0.111966 -0.178827
v 0.137307 -0.088854 -0.177122
v 0.136359 -0.065549 -0.175816
v 0.135700 -0.042070 -0.174907
v 0.135329 -0.018435 -0.174395
v 0.135242 -0.001218 -0.174274
v 0.135375 0.022761 -0.174459
v 0.135802 0.046510 -0.175048
v 0.136518 0.070014 -0.176034
v 0.137519 0.093258 -0.177415
v 0.139441 -0.111269 -0.179344
v 0.138213 -0.088301 -0.177650
v 0.137273 -0.065141 -0.176352
v 0.136618 -0.041808 -0.175449
v 0.136250 -0.018320 -0.174941
v 0.136163 -0.001210 -0.174821
v 0.136296 0.022619 -0.175004
v 0.136720 0.046220 -0.175589
v 0.137430 0.069578 -0.176570
v 0.138424 0.092676 -0.177941
v 0.139198 -0.087793 -0.178024
v 0.138263 -0.064766 -0.176733
v 0.137613 -0.041567 -0.175835
v 0.137247 -0.018214 -0.175329
v 0.137161 -0.001203 -0.175210
v 0.137293 0.022489 -0.175392
v 0.137714 0.045954 -0.175974
v 0.138420 0.069177 -0.176949
v 0.139407 0.092144 -0.178313
v 0.140233 -0.087345 -0.178232
v 0.139304 -0.064435 -0.176948
v 0.138658 -0.041355 -0.176054
v 0.138294 -0.018121 -0.175551
v 0.138208 -0.001197 -0.175432
v 0.138339 0.022374 -0.175613
v 0.138758 0.045719 -0.176193
v 0.139460 0.068824 -0.177163
v 0.140441 0.091673 -0.178520
v 0.141293 -0.086968 -0.178270
v 0.140368 -0.064157 -0.176991
v 0.139725 -0.041176 -0.176100
v 0.139363 -0.018043 -0.175599
v 0.139278 -0.001192 -0.175481
v 0.139408 0.022277 -0.175661
v 0.139825 0.045522 -0.176238
v 0.140523 0.068527 -0.177205
v 0.141500 0.091278 -0.178557
v 0.142348 -0.086673 -0.178136
v 0.141428 -0.063939 -0.176861
v 0.140787 -0.041037 -0.175973
v 0.140426 -0.017982 -0.175473
v 0.140341 -0.001188 -0.175355
v 0.140471 0.022202 -0.175535
v 0.140886 0.045367 -0.176111
v 0.141582 0.068294 -0.177074
v 0.142554 0.090968 -0.178422
v 0.143371 -0.086466 -0.177835
v 0.142453 -0.063787 -0.176561
v 0.141815 -0.040939 -0.175675
v 0.141455 -0.017939 -0.175176
v 0.141370 -0.001185 -0.175058
v 0.141500 0.022149 -0.175238
v 0.141914 0.045260 -0.175812
v 0.142607 0.068132 -0.176775
v 0.143577 0.090751 -0.178120
v 0.144335 -0.086354 -0.177373
v 0.143419 -0.063705 -0.176100
v 0.142781 -0.040887 -0.175214
v 0.142422 -0.017916 -0.174715
v 0.142337 -0.001183 -0.174598
v 0.142467 0.022121 -0.174777
v 0.142880 0.045201 -0.175352
v 0.143572 0.068044 -0.176314
v 0.144540 0.090634 -0.177659
v 0.125396 0.108954 -0.193701
v 0.126472 -0.127395 -0.195493
v 0.126568 -0.127007 -0.195346
v 0.125768 -0.114925 -0.194209
v 0.127115 -0.124669 -0.194355
v 0.127138 -0.124565 -0.194307
v 0.126504 -0.115074 -0.193436
v 0.128041 -0.119228 -0.190945
v 0.128049 -0.119128 -0.190853
v 0.127863 -0.116245 -0.190595
v 0.126647 -0.094716 -0.186724
v 0.126427 -0.095309 -0.185700
v 0.127572 0.111411 -0.187997
v 0.126042 -0.095937 -0.184729
v 0.127857 -0.120773 -0.192163
v 0.127881 -0.120613 -0.192050
v 0.127566 -0.115743 -0.191605
v 0.128012 -0.119549 -0.191227
v 0.127239 -0.124100 -0.194085
v 0.127548 -0.122577 -0.193287
v 0.127109 -0.115350 -0.192560
v 0.127729 -0.121573 -0.192691
v 0.125935 -0.129488 -0.196216
v 0.126132 0.109096 -0.192927
v 0.126736 0.109357 -0.192050
v 0.127192 0.109730 -0.191093
v 0.127615 0.110771 -0.189039
v 0.125008 -0.072559 -0.183304
v 0.124261 -0.048913 -0.182275
v 0.123805 -0.025016 -0.181647
v 0.123644 -0.000883 -0.181425
v 0.123734 0.018693 -0.181548
v 0.124109 0.042478 -0.182066
v 0.124775 0.066112 -0.182983
v 0.125731 0.089574 -0.184301
v 0.126979 0.112846 -0.186020
v 0.127358 0.112109 -0.186982
v 0.126118 0.088988 -0.185274
v 0.125168 0.065679 -0.183966
v 0.124507 0.042200 -0.183055
v 0.124134 0.018570 -0.182542
v 0.124045 -0.000877 -0.182419
v 0.124205 -0.024853 -0.182639
v 0.124658 -0.048593 -0.183264
v 0.125400 -0.072084 -0.184285
v 0.126340 0.088434 -0.186301
v 0.125396 0.065270 -0.185002
v 0.124738 0.041937 -0.184097
v 0.124368 0.018454 -0.183587
v 0.124279 -0.000872 -0.183465
v 0.124438 -0.024698 -0.183684
v 0.124889 -0.048290 -0.184304
v 0.125626 -0.071634 -0.185319
v 0.126390 0.087926 -0.187354
v 0.125451 0.064894 -0.186063
v 0.124798 0.041696 -0.185164
v 0.124429 0.018348 -0.184657
v 0.124341 -0.000867 -0.184536
v 0.124499 -0.024555 -0.184753
v 0.124947 -0.048012 -0.185369
v 0.125680 -0.071223 -0.186378
v 0.126696 -0.094171 -0.187774
v 0.127992 -0.116841 -0.189556
v 0.128073 -0.118120 -0.189758
v 0.127488 0.110205 -0.190080
v 0.126268 0.087477 -0.188404
v 0.125333 0.064563 -0.187120
v 0.124683 0.041483 -0.186226
v 0.124316 0.018255 -0.185722
v 0.124228 -0.000863 -0.185602
v 0.124385 -0.024430 -0.185818
v 0.124831 -0.047767 -0.186431
v 0.125561 -0.070859 -0.187433
v 0.126572 -0.093690 -0.188822
v 0.125977 0.087099 -0.189425
v 0.125045 0.064284 -0.188147
v 0.124397 0.041304 -0.187257
v 0.124031 0.018176 -0.186756
v 0.123944 -0.000859 -0.186636
v 0.124100 -0.024325 -0.186851
v 0.124545 -0.047561 -0.187461
v 0.125272 -0.070553 -0.188459
v 0.126280 -0.093286 -0.189841
v 0.125524 0.086803 -0.190388
v 0.124595 0.064066 -0.189115
v 0.123948 0.041164 -0.188229
v 0.123583 0.018114 -0.187729
v 0.123496 -0.000856 -0.187610
v 0.123652 -0.024242 -0.187824
v 0.124095 -0.047399 -0.188431
v 0.124821 -0.070314 -0.189426
v 0.125826 -0.092969 -0.190803
v 0.124921 0.086597 -0.191270
v 0.123993 0.063914 -0.190000
v 0.123347 0.041066 -0.189115
v 0.122983 0.018071 -0.188617
v 0.122895 -0.000854 -0.188498
v 0.123052 -0.024184 -0.188711
v 0.123495 -0.047287 -0.189317
v 0.124219 -0.070146 -0.190309
v 0.125223 -0.092748 -0.191683
v 0.124185 0.086485 -0.192045
v 0.123257 0.063831 -0.190777
v 0.122611 0.041013 -0.189893
v 0.122246 0.018048 -0.189395
v 0.122159 -0.000853 -0.189276
v 0.122316 -0.024153 -0.189490
v 0.122759 -0.047226 -0.190095
v 0.123483 -0.070056 -0.191086
v 0.124487 -0.092628 -0.192458
v 0.139945 -0.126674 -0.185938
v 0.140846 -0.118180 -0.180570
v 0.137743 -0.118015 -0.182922
v 0.138295 -0.119084 -0.183670
v 0.128401 -0.118175 -0.189628
v 0.129421 -0.120681 -0.191092
v 0.130242 -0.124518 -0.192249
v 0.130552 -0.126826 -0.192677
v 0.129862 -0.122453 -0.191717
v 0.128930 -0.119243 -0.190390
v 0.131489 -0.118015 -0.187472
v 0.141407 -0.119249 -0.181309
v 0.141922 -0.120686 -0.181994
v 0.142379 -0.122458 -0.182606
v 0.142768 -0.124523 -0.183132
v 0.143079 -0.126832 -0.183559
v 0.138802 -0.120523 -0.184360
v 0.139253 -0.122296 -0.184978
v 0.139637 -0.124363 -0.185508
v 0.136772 -0.126617 -0.188278
v 0.136461 -0.124305 -0.187850
v 0.136077 -0.122237 -0.187320
v 0.135628 -0.120463 -0.186701
v 0.135124 -0.119025 -0.186007
v 0.134578 -0.117955 -0.185255
v 0.132028 -0.119084 -0.188228
v 0.132528 -0.120522 -0.188925
v 0.132975 -0.122296 -0.189545
v 0.133360 -0.124362 -0.190074
v 0.133673 -0.126673 -0.190500
v 0.022975 0.132185 -0.049578
v 0.023401 0.130974 -0.049485
v 0.024040 0.129229 -0.049399
v 0.024095 0.129082 -0.049395
v 0.024871 0.127079 -0.049383
v 0.025132 0.126433 -0.049399
v 0.025209 0.126246 -0.049406
v 0.026029 0.124323 -0.049537
v 0.026212 0.123912 -0.049581
v 0.026302 0.123714 -0.049605
v 0.027182 0.121878 -0.049911
v 0.027351 0.121547 -0.049987
v 0.027826 0.120663 -0.050231
v 0.028227 0.119972 -0.050478
v 0.028314 0.119829 -0.050537
v 0.028620 0.119349 -0.050761
v 0.028796 0.119090 -0.050902
v 0.029106 0.118667 -0.051179
v 0.029175 0.118579 -0.051245
v 0.029385 0.118328 -0.051460
v 0.021968 0.135193 -0.049922
v 0.039571 0.127496 -0.038563
v 0.039776 0.129078 -0.037988
v 0.040361 0.117992 -0.044093
v 0.039965 0.118577 -0.043399
v 0.039923 0.118666 -0.043312
v 0.039983 0.118540 -0.043436
v 0.039558 0.119826 -0.042359
v 0.039529 0.119968 -0.042259
v 0.039676 0.119349 -0.042718
v 0.039332 0.121549 -0.041269
v 0.039313 0.121878 -0.041086
v 0.039459 0.120368 -0.041988
v 0.039301 0.122161 -0.040932
v 0.039293 0.123713 -0.040154
v 0.039299 0.123912 -0.040061
v 0.039317 0.124389 -0.039842
v 0.039443 0.126245 -0.039051
v 0.039525 0.127079 -0.038722
v 0.039460 0.126433 -0.038976
v 0.039797 0.129226 -0.037937
v 0.040111 0.131174 -0.037290
v 0.040296 0.132183 -0.036977
v 0.040934 0.135193 -0.036124
v 0.036905 0.132177 -0.040344
v 0.029317 0.118664 -0.051062
v 0.028337 0.121727 -0.049343
v 0.035390 0.117868 -0.048451
v 0.039746 0.118664 -0.043475
v 0.040491 0.117868 -0.044295
v 0.039048 0.119963 -0.042706
v 0.038417 0.121727 -0.042010
v 0.037872 0.123901 -0.041410
v 0.037430 0.126420 -0.040923
v 0.037104 0.129207 -0.040564
v 0.027368 0.129207 -0.047647
v 0.027609 0.126420 -0.048068
v 0.027221 0.132177 -0.047389
v 0.027935 0.123901 -0.048639
v 0.028802 0.119963 -0.050159
v 0.029881 0.117900 -0.051940
v 0.034739 0.118664 -0.047554
v 0.034129 0.119963 -0.046713
v 0.033577 0.121727 -0.045953
v 0.033101 0.123901 -0.045297
v 0.032714 0.126420 -0.044764
v 0.032430 0.129207 -0.044372
v 0.032256 0.132177 -0.044132
v -0.040296 0.132185 -0.036977
v -0.040076 0.130974 -0.037354
v -0.039798 0.129229 -0.037936
v -0.039777 0.129082 -0.037987
v -0.039525 0.127079 -0.038722
v -0.039460 0.126433 -0.038976
v -0.039443 0.126246 -0.039051
v -0.039314 0.124323 -0.039872
v -0.039299 0.123912 -0.040061
v -0.039294 0.123714 -0.040153
v -0.039313 0.121878 -0.041086
v -0.039332 0.121547 -0.041270
v -0.039418 0.120663 -0.041799
v -0.039528 0.119972 -0.042257
v -0.039557 0.119829 -0.042357
v -0.039676 0.119349 -0.042718
v -0.039756 0.119090 -0.042929
v -0.039922 0.118667 -0.043310
v -0.039964 0.118579 -0.043396
v -0.040103 0.118328 -0.043663
v -0.040934 0.135193 -0.036124
v -0.024706 0.127496 -0.049378
v -0.024096 0.129078 -0.049395
v -0.029714 0.117992 -0.051839
v -0.029177 0.118577 -0.051247
v -0.029107 0.118666 -0.051180
v -0.029206 0.118540 -0.051276
v -0.028316 0.119826 -0.050538
v -0.028229 0.119968 -0.050479
v -0.028620 0.119349 -0.050761
v -0.027350 0.121549 -0.049986
v -0.027182 0.121878 -0.049911
v -0.027993 0.120368 -0.050329
v -0.027040 0.122161 -0.049852
v -0.026303 0.123713 -0.049605
v -0.026212 0.123912 -0.049581
v -0.025999 0.124389 -0.049530
v -0.025209 0.126245 -0.049406
v -0.024871 0.127079 -0.049383
v -0.025132 0.126433 -0.049399
v -0.024041 0.129226 -0.049399
v -0.023330 0.131174 -0.049498
v -0.022975 0.132183 -0.049578
v -0.021968 0.135193 -0.049922
v -0.027221 0.132177 -0.047389
v -0.039746 0.118664 -0.043475
v -0.038417 0.121727 -0.042010
v -0.035390 0.117868 -0.048451
v -0.029317 0.118664 -0.051062
v -0.029866 0.117868 -0.052024
v -0.028802 0.119963 -0.050159
v -0.028337 0.121727 -0.049343
v -0.027935 0.123901 -0.048639
v -0.027609 0.126420 -0.048068
v -0.027368 0.129207 -0.047647
v -0.037104 0.129207 -0.040564
v -0.037430 0.126420 -0.040923
v -0.036905 0.132177 -0.040344
v -0.037872 0.123901 -0.041410
v -0.039048 0.119963 -0.042706
v -0.040406 0.117900 -0.044283
v -0.034739 0.118664 -0.047554
v -0.034129 0.119963 -0.046713
v -0.033577 0.121727 -0.045953
v -0.033101 0.123901 -0.045297
v -0.032714 0.126420 -0.044764
v -0.032430 0.129207 -0.044372
v -0.032256 0.132177 -0.044132
v -0.047879 0.132185 0.027169
v -0.048170 0.130974 0.026843
v -0.048636 0.129229 0.026398
v -0.048678 0.129082 0.026362
v -0.049299 0.127079 0.025895
v -0.049520 0.126433 0.025755
v -0.049586 0.126246 0.025715
v -0.050326 0.124323 0.025338
v -0.050500 0.123912 0.025266
v -0.050587 0.123714 0.025232
v -0.051478 0.121878 0.024963
v -0.051660 0.121547 0.024924
v -0.052188 0.120663 0.024842
v -0.052657 0.119972 0.024806
v -0.052762 0.119829 0.024802
v -0.053141 0.119349 0.024804
v -0.053366 0.119090 0.024815
v -0.053780 0.118667 0.024855
v -0.053874 0.118579 0.024869
v -0.054170 0.118328 0.024919
v -0.047267 0.135193 0.028040
v -0.054840 0.127496 0.008490
v -0.054668 0.129078 0.007905
v -0.058725 0.117992 0.012499
v -0.057998 0.118577 0.012171
v -0.057912 0.118666 0.012125
v -0.058034 0.118540 0.012190
v -0.057058 0.119826 0.011569
v -0.056975 0.119968 0.011505
v -0.057364 0.119349 0.011790
v -0.056235 0.121549 0.010820
v -0.056112 0.121878 0.010683
v -0.056760 0.120368 0.011327
v -0.056012 0.122161 0.010566
v -0.055549 0.123713 0.009941
v -0.055499 0.123912 0.009862
v -0.055385 0.124389 0.009675
v -0.055023 0.126245 0.008961
v -0.054896 0.127079 0.008646
v -0.054993 0.126433 0.008890
v -0.054656 0.129226 0.007851
v -0.054530 0.131174 0.007143
v -0.054495 0.132183 0.006781
v -0.054511 0.135193 0.005715
v -0.052191 0.132177 0.017301
v -0.053882 0.118664 0.024637
v -0.052079 0.121727 0.023824
v -0.057261 0.117868 0.018951
v -0.057865 0.118664 0.012361
v -0.058949 0.117868 0.012587
v -0.056849 0.119963 0.012150
v -0.055930 0.121727 0.011958
v -0.055137 0.123901 0.011793
v -0.054493 0.126420 0.011659
v -0.054019 0.129207 0.011561
v -0.053729 0.132177 0.011500
v -0.050030 0.132177 0.022899
v -0.050300 0.129207 0.023021
v -0.050742 0.126420 0.023220
v -0.051341 0.123901 0.023490
v -0.052935 0.119963 0.024210
v -0.054853 0.117900 0.025015
v -0.056209 0.118664 0.018608
v -0.055221 0.119963 0.018287
v -0.054329 0.121727 0.017996
v -0.053558 0.123901 0.017746
v -0.052933 0.126420 0.017542
v -0.052473 0.129207 0.017393
v 0.054495 0.132185 0.006780
v 0.054539 0.130974 0.007215
v 0.054655 0.129229 0.007849
v 0.054668 0.129082 0.007903
v 0.054896 0.127079 0.008646
v 0.054993 0.126433 0.008890
v 0.055023 0.126246 0.008960
v 0.055400 0.124323 0.009701
v 0.055499 0.123912 0.009862
v 0.055549 0.123714 0.009940
v 0.056112 0.121878 0.010683
v 0.056236 0.121547 0.010821
v 0.056615 0.120663 0.011198
v 0.056973 0.119972 0.011504
v 0.057056 0.119829 0.011568
v 0.057364 0.119349 0.011790
v 0.057552 0.119090 0.011914
v 0.057911 0.118667 0.012124
v 0.057995 0.118579 0.012169
v 0.058264 0.118328 0.012303
v 0.054511 0.135193 0.005715
v 0.049162 0.127496 0.025988
v 0.048679 0.129078 0.026361
v 0.054658 0.117992 0.025032
v 0.053877 0.118577 0.024869
v 0.053781 0.118666 0.024856
v 0.053918 0.118540 0.024875
v 0.052764 0.119826 0.024802
v 0.052659 0.119968 0.024806
v 0.053141 0.119349 0.024804
v 0.051659 0.121549 0.024924
v 0.051478 0.121878 0.024963
v 0.052380 0.120368 0.024823
v 0.051329 0.122161 0.024998
v 0.050587 0.123713 0.025232
v 0.050500 0.123912 0.025266
v 0.050298 0.124389 0.025350
v 0.049586 0.126245 0.025715
v 0.049299 0.127079 0.025895
v 0.049520 0.126433 0.025755
v 0.048637 0.129226 0.026397
v 0.048120 0.131174 0.026895
v 0.047880 0.132183 0.027168
v 0.047267 0.135193 0.028040
v 0.057865 0.118664 0.012361
v 0.055930 0.121727 0.011958
v 0.057261 0.117868 0.018951
v 0.053882 0.118664 0.024637
v 0.054891 0.117868 0.025092
v 0.052935 0.119963 0.024210
v 0.052079 0.121727 0.023824
v 0.051341 0.123901 0.023490
v 0.050742 0.126420 0.023220
v 0.050300 0.129207 0.023021
v 0.050030 0.132177 0.022899
v 0.053729 0.132177 0.011500
v 0.054019 0.129207 0.011561
v 0.054493 0.126420 0.011659
v 0.055137 0.123901 0.011793
v 0.056849 0.119963 0.012150
v 0.058873 0.117900 0.012626
v 0.052191 0.132177 0.017301
v 0.056209 0.118664 0.018608
v 0.055221 0.119963 0.018287
v 0.054329 0.121727 0.017996
v 0.053558 0.123901 0.017746
v 0.052933 0.126420 0.017542
v 0.052473 0.129207 0.017393
v 0.010705 0.132185 0.054212
v 0.010306 0.130974 0.054388
v 0.009739 0.129229 0.054695
v 0.009692 0.129082 0.054724
v 0.009057 0.127079 0.055170
v 0.008855 0.126433 0.055337
v 0.008797 0.126246 0.055388
v 0.008211 0.124323 0.055976
v 0.008088 0.123912 0.056120
v 0.008029 0.123714 0.056192
v 0.007497 0.121878 0.056958
v 0.007405 0.121547 0.057118
v 0.007164 0.120663 0.057596
v 0.006984 0.119972 0.058031
v 0.006949 0.119829 0.058130
v 0.006833 0.119349 0.058491
v 0.006774 0.119090 0.058710
v 0.006685 0.118667 0.059116
v 0.006668 0.118579 0.059210
v 0.006624 0.118328 0.059508
v 0.011722 0.135193 0.053898
v -0.009187 0.127496 0.055069
v -0.009691 0.129078 0.054724
v -0.006581 0.117992 0.060007
v -0.006667 0.118577 0.059213
v -0.006684 0.118666 0.059117
v -0.006661 0.118540 0.059253
v -0.006948 0.119826 0.058132
v -0.006984 0.119968 0.058034
v -0.006833 0.119349 0.058491
v -0.007405 0.121549 0.057118
v -0.007497 0.121878 0.056958
v -0.007086 0.120368 0.057774
v -0.007578 0.122161 0.056826
v -0.008029 0.123713 0.056192
v -0.008088 0.123912 0.056120
v -0.008231 0.124389 0.055954
v -0.008797 0.126245 0.055388
v -0.009057 0.127079 0.055170
v -0.008855 0.126433 0.055337
v -0.009738 0.129226 0.054695
v -0.010371 0.131174 0.054357
v -0.010705 0.132183 0.054212
v -0.011722 0.135193 0.053898
v 0.006446 0.118664 0.059146
v 0.006230 0.121727 0.057178
v -0.000000 0.117868 0.060607
v -0.006446 0.118664 0.059146
v -0.006566 0.117868 0.060247
v -0.006332 0.119963 0.058112
v -0.006230 0.121727 0.057178
v -0.006142 0.123901 0.056372
v -0.006070 0.126420 0.055718
v -0.006017 0.129207 0.055236
v -0.005985 0.132177 0.054940
v 0.005985 0.132177 0.054940
v 0.006017 0.129207 0.055236
v 0.006070 0.126420 0.055718
v 0.006142 0.123901 0.056372
v 0.006332 0.119963 0.058112
v 0.006505 0.117900 0.060187
v -0.000000 0.118664 0.059499
v -0.000000 0.119963 0.058459
v -0.000000 0.121727 0.057519
v -0.000000 0.123901 0.056708
v -0.000000 0.126420 0.056050
v -0.000000 0.129207 0.055565
v -0.000000 0.132177 0.055268
v -0.086826 0.129360 0.235061
v -0.062663 0.129360 0.242652
v -0.037857 0.129360 0.247756
v -0.012662 0.129360 0.250321
v 0.012662 0.129360 0.250321
v 0.037857 0.129360 0.247756
v 0.062663 0.129360 0.242652
v 0.086826 0.129360 0.235061
v 0.110099 0.129360 0.225061
v 0.132241 0.129360 0.212755
v 0.153027 0.129360 0.198269
v 0.172242 0.129360 0.181752
v 0.189690 0.129360 0.163374
v 0.205191 0.129360 0.143322
v 0.218587 0.129360 0.121803
v 0.229739 0.129360 0.099037
v 0.238535 0.129360 0.075258
v 0.244882 0.129360 0.050711
v 0.248717 0.129360 0.025646
v 0.250000 0.129360 0.000321
v 0.248717 0.129360 -0.025003
v 0.244882 0.129360 -0.050068
v 0.238535 0.129360 -0.074616
v 0.229739 0.129360 -0.098394
v 0.218587 0.129360 -0.121160
v 0.205191 0.129360 -0.142679
v 0.189690 0.129360 -0.162731
v 0.172242 0.129360 -0.181110
v 0.153027 0.129360 -0.197627
v 0.132241 0.129360 -0.212112
v 0.110099 0.129360 -0.224418
v 0.086826 0.129360 -0.234418
v 0.062663 0.129360 -0.242009
v 0.037857 0.129360 -0.247113
v 0.012662 0.129360 -0.249679
v -0.012662 0.129360 -0.249679
v -0.037857 0.129360 -0.247113
v -0.062663 0.129360 -0.242009
v -0.086826 0.129360 -0.234418
v -0.110099 0.129360 -0.224418
v -0.132241 0.129360 -0.212112
v -0.153026 0.129360 -0.197627
v -0.172242 0.129360 -0.181110
v -0.189690 0.129360 -0.162731
v -0.205191 0.129360 -0.142679
v -0.218587 0.129360 -0.121160
v -0.229739 0.129360 -0.098394
v -0.238535 0.129360 -0.074616
v -0.244882 0.129360 -0.050068
v -0.248717 0.129360 -0.025003
v -0.250000 0.129360 0.000321
v -0.248717 0.129360 0.025646
v -0.244882 0.129360 0.050711
v -0.238535 0.129360 0.075258
v -0.229739 0.129360 0.099037
v -0.218587 0.129360 0.121803
v -0.205191 0.129360 0.143322
v -0.189690 0.129360 0.163374
v -0.172242 0.129360 0.181752
v -0.153026 0.129360 0.198269
v -0.132241 0.129360 0.212755
v -0.110099 0.129360 0.225061
v 0.250000 0.017640 0.000321
v 0.248717 0.017640 0.025646
v 0.244882 0.017640 0.050711
v 0.238535 0.017640 0.075258
v 0.229739 0.017640 0.099037
v 0.218587 0.017640 0.121803
v 0.205191 0.017640 0.143322
v 0.189690 0.017640 0.163374
v 0.172242 0.017640 0.181752
v 0.153027 0.017640 0.198269
v 0.132241 0.017640 0.212755
v 0.110099 0.017640 0.225061
v 0.086826 0.017640 0.235061
v 0.062663 0.017640 0.242652
v 0.037857 0.017640 0.247756
v 0.012662 0.017640 0.250321
v -0.012662 0.017640 0.250321
v -0.037857 0.017640 0.247756
v -0.062663 0.017640 0.242652
v -0.086826 0.017640 0.235061
v -0.110099 0.017640 0.225061
v -0.132241 0.017640 0.212755
v -0.153026 0.017640 0.198269
v -0.172242 0.017640 0.181752
v -0.189690 0.017640 0.163374
v -0.205191 0.017640 0.143322
v -0.218587 0.017640 0.121803
v -0.229739 0.017640 0.099037
v -0.238535 0.017640 0.075258
v -0.244882 0.017640 0.050711
v -0.248717 0.017640 0.025646
v -0.250000 0.017640 0.000321
v -0.248717 0.017640 -0.025003
v -0.244882 0.017640 -0.050068
v -0.238535 0.017640 -0.074616
v -0.229739 0.017640 -0.098394
v -0.218587 0.017640 -0.121160
v -0.205191 0.017640 -0.142679
v -0.189690 0.017640 -0.162731
v -0.172242 0.017640 -0.181110
v -0.153026 0.017640 -0.197627
v -0.132241 0.017640 -0.212112
v -0.110099 0.017640 -0.224418
v -0.086826 0.017640 -0.234418
v -0.062663 0.017640 -0.242009
v -0.037857 0.017640 -0.247113
v -0.012662 0.017640 -0.249679
v 0.012662 0.017640 -0.249679
v 0.037857 0.017640 -0.247113
v 0.062663 0.017640 -0.242009
v 0.086826 0.017640 -0.234418
v 0.110099 0.017640 -0.224418
v 0.132241 0.017640 -0.212112
v 0.153027 0.017640 -0.197627
v 0.172242 0.017640 -0.181110
v 0.189690 0.017640 -0.162731
v 0.205191 0.017640 -0.142679
v 0.218587 0.017640 -0.121160
v 0.229739 0.017640 -0.098394
v 0.238535 0.017640 -0.074616
v 0.244882 0.017640 -0.050068
v 0.248717 0.017640 -0.025003
v -0.132241 -0.017640 0.212755
v -0.110099 -0.017640 0.225061
v -0.086826 -0.017640 0.235061
v -0.062663 -0.017640 0.242652
v -0.037857 -0.017640 0.247756
v -0.012662 -0.017640 0.250321
v 0.012662 -0.017640 0.250321
v 0.037857 -0.017640 0.247756
v 0.062663 -0.017640 0.242652
v 0.086826 -0.017640 0.235061
v 0.110099 -0.017640 0.225061
v 0.132241 -0.017640 0.212755
v 0.153027 -0.017640 0.198269
v 0.172242 -0.017640 0.181752
v 0.189690 -0.017640 0.163374
v 0.205191 -0.017640 0.143322
v 0.218587 -0.017640 0.121803
v 0.229739 -0.017640 0.099037
v 0.238535 -0.017640 0.075258
v 0.244882 -0.017640 0.050711
v 0.248717 -0.017640 0.025646
v 0.250000 -0.017640 0.000321
v 0.248717 -0.017640 -0.025003
v 0.244882 -0.017640 -0.050068
v 0.238535 -0.017640 -0.074616
v 0.229739 -0.017640 -0.098394
v 0.218587 -0.017640 -0.121160
v 0.205191 -0.017640 -0.142679
v 0.189690 -0.017640 -0.162731
v 0.172242 -0.017640 -0.181110
v 0.153027 -0.017640 -0.197627
v 0.132241 -0.017640 -0.212112
v 0.110099 -0.017640 -0.224418
v 0.086826 -0.017640 -0.234418
v 0.062663 -0.017640 -0.242009
v 0.037857 -0.017640 -0.247113
v 0.012662 -0.017640 -0.249679
v -0.012662 -0.017640 -0.249679
v -0.037857 -0.017640 -0.247113
v -0.062663 -0.017640 -0.242009
v -0.086826 -0.017640 -0.234418
v -0.110099 -0.017640 -0.224418
v -0.132241 -0.017640 -0.212112
v -0.153026 -0.017640 -0.197627
v -0.172242 -0.017640 -0.181110
v -0.189690 -0.017640 -0.162731
v -0.205191 -0.017640 -0.142679
v -0.218587 -0.017640 -0.121160
v -0.229739 -0.017640 -0.098394
v -0.238535 -0.017640 -0.074616
v -0.244882 -0.017640 -0.050068
v -0.248717 -0.017640 -0.025003
v -0.250000 -0.017640 0.000321
v -0.248717 -0.017640 0.025646
v -0.244882 -0.017640 0.050711
v -0.238535 -0.017640 0.075258
v -0.229739 -0.017640 0.099037
v -0.218587 -0.017640 0.121803
v -0.205191 -0.017640 0.143322
v -0.189690 -0.017640 0.163374
v -0.172242 -0.017640 0.181752
v -0.153026 -0.017640 0.198269
v 0.250000 -0.129360 0.000321
v 0.248717 -0.129360 0.025646
v 0.244882 -0.129360 0.050711
v 0.238535 -0.129360 0.075258
v 0.229739 -0.129360 0.099037
v 0.218587 -0.129360 0.121803
v 0.205191 -0.129360 0.143322
v 0.189690 -0.129360 0.163374
v 0.172242 -0.129360 0.181752
v 0.153027 -0.129360 0.198269
v 0.132241 -0.129360 0.212755
v 0.110099 -0.129360 0.225061
v 0.086826 -0.129360 0.235061
v 0.062663 -0.129360 0.242652
v 0.037857 -0.129360 0.247756
v 0.012662 -0.129360 0.250321
v -0.012662 -0.129360 0.250321
v -0.037857 -0.129360 0.247756
v -0.062663 -0.129360 0.242652
v -0.086826 -0.129360 0.235061
v -0.110099 -0.129360 0.225061
v -0.132241 -0.129360 0.212755
v -0.153026 -0.129360 0.198269
v -0.172242 -0.129360 0.181752
v -0.189690 -0.129360 0.163374
v -0.205191 -0.129360 0.143322
v -0.218587 -0.129360 0.121803
v -0.229739 -0.129360 0.099037
v -0.238535 -0.129360 0.075258
v -0.244882 -0.129360 0.050711
v -0.248717 -0.129360 0.025646
v -0.250000 -0.129360 0.000321
v -0.248717 -0.129360 -0.025003
v -0.244882 -0.129360 -0.050068
v -0.238535 -0.129360 -0.074616
v -0.229739 -0.129360 -0.098394
v -0.218587 -0.129360 -0.121160
v -0.205191 -0.129360 -0.142679
v -0.189690 -0.129360 -0.162731
v -0.172242 -0.129360 -0.181110
v -0.153026 -0.129360 -0.197627
v -0.132241 -0.129360 -0.212112
v -0.110099 -0.129360 -0.224418
v -0.086826 -0.129360 -0.234418
v -0.062663 -0.129360 -0.242009
v -0.037857 -0.129360 -0.247113
v -0.012662 -0.129360 -0.249679
v 0.012662 -0.129360 -0.249679
v 0.037857 -0.129360 -0.247113
v 0.062663 -0.129360 -0.242009
v 0.086826 -0.129360 -0.234418
v 0.110099 -0.129360 -0.224418
v 0.132241 -0.129360 -0.212112
v 0.153027 -0.129360 -0.197627
v 0.172242 -0.129360 -0.181110
v 0.189690 -0.129360 -0.162731
v 0.205191 -0.129360 -0.142679
v 0.218587 -0.129360 -0.121160
v 0.229739 -0.129360 -0.098394
v 0.238535 -0.129360 -0.074616
v 0.244882 -0.129360 -0.050068
v 0.248717 -0.129360 -0.025003
vn 0.0924 0.1141 -0.9892
vn 0.0916 -0.0905 -0.9917
vn 0.9482 0.1330 -0.2884
vn 0.9694 0.1139 -0.2176
vn 0.9715 -0.0903 -0.2192
vn 0.5073 0.1140 0.8542
vn 0.5093 -0.0905 0.8558
vn -0.5978 0.1331 0.7906
vn -0.6566 0.1140 0.7456
vn -0.6574 -0.0904 0.7481
vn -0.9369 0.1330 -0.3233
vn -0.9125 0.1140 -0.3930
vn -0.9151 -0.0904 -0.3930
vn -0.9205 -0.1120 -0.3744
vn -0.9142 -0.0687 -0.3994
vn -0.9167 -0.0266 -0.3987
vn -0.9178 -0.0476 -0.3943
vn -0.9174 0.0095 -0.3978
vn -0.9180 -0.0086 -0.3966
vn -0.9160 0.0305 -0.4000
vn -0.9209 0.0946 -0.3781
vn -0.9142 0.0728 -0.3987
vn -0.9189 0.0516 -0.3910
vn -0.9108 0.1306 -0.3916
vn -0.9595 0.1228 -0.2536
vn -0.9507 0.1367 -0.2784
vn -0.9348 0.1225 -0.3335
vn -0.9694 0.0478 -0.2408
vn -0.9721 0.0078 -0.2344
vn -0.9685 -0.0535 -0.2432
vn -0.9682 -0.0965 -0.2309
vn -0.9574 -0.1182 -0.2635
vn -0.9591 -0.1261 -0.2535
vn -0.9502 -0.1318 -0.2823
vn -0.9455 -0.1314 -0.2979
vn -0.9108 -0.1306 -0.3917
vn -0.9278 -0.1322 -0.3489
vn -0.9380 -0.1243 -0.3236
vn -0.9364 -0.1199 -0.3299
vn -0.9409 -0.1275 -0.3138
vn -0.6414 -0.1120 0.7590
vn -0.6632 -0.0688 0.7453
vn -0.6633 -0.0266 0.7479
vn -0.6594 -0.0476 0.7503
vn -0.6627 0.0095 0.7489
vn -0.6616 -0.0086 0.7498
vn -0.6644 0.0305 0.7468
vn -0.6450 0.0946 0.7583
vn -0.6625 0.0729 0.7455
vn -0.6566 0.0516 0.7524
vn -0.6548 0.1307 0.7445
vn -0.5384 0.1230 0.8337
vn -0.5593 0.1367 0.8176
vn -0.6069 0.1225 0.7853
vn -0.5293 0.0478 0.8471
vn -0.5240 0.0078 0.8517
vn -0.5314 -0.0536 0.8454
vn -0.5195 -0.0966 0.8490
vn -0.5472 -0.1183 0.8286
vn -0.5382 -0.1262 0.8333
vn -0.5627 -0.1319 0.8161
vn -0.5764 -0.1315 0.8065
vn -0.6548 -0.1306 0.7445
vn -0.6194 -0.1322 0.7738
vn -0.5984 -0.1243 0.7915
vn -0.6038 -0.1200 0.7881
vn -0.5901 -0.1275 0.7972
vn 0.6274 0.1229 0.7689
vn 0.6430 0.0478 0.7644
vn 0.6489 0.0078 0.7609
vn 0.6407 -0.0536 0.7659
vn 0.6478 -0.0966 0.7556
vn 0.6198 -0.1182 0.7758
vn 0.6271 -0.1262 0.7686
vn 0.5770 -0.1276 0.8067
vn 0.5900 -0.1315 0.7967
vn 0.6031 -0.1319 0.7867
vn 0.5638 -0.1200 0.8171
vn 0.5688 -0.1243 0.8130
vn 0.5457 -0.1321 0.8275
vn 0.5067 -0.1307 0.8521
vn 0.5248 -0.1120 0.8438
vn 0.5049 -0.0688 0.8604
vn 0.5074 -0.0266 0.8613
vn 0.5108 -0.0476 0.8584
vn 0.5085 0.0095 0.8610
vn 0.5096 -0.0086 0.8603
vn 0.5060 0.0305 0.8620
vn 0.5230 0.0947 0.8471
vn 0.5053 0.0728 0.8599
vn 0.5137 0.0517 0.8564
vn 0.6057 0.1367 0.7838
vn 0.5603 0.1225 0.8192
vn 0.5682 0.1332 0.8121
vn 0.5067 0.1308 0.8521
vn 0.9649 -0.1120 -0.2374
vn 0.9745 -0.0688 -0.2135
vn 0.9761 -0.0266 -0.2156
vn 0.9744 -0.0475 -0.2198
vn 0.9762 0.0094 -0.2167
vn 0.9759 -0.0086 -0.2180
vn 0.9763 0.0305 -0.2141
vn 0.9674 0.0946 -0.2348
vn 0.9741 0.0728 -0.2141
vn 0.9734 0.0516 -0.2231
vn 0.9672 0.1306 -0.2178
vn 0.9255 0.1228 -0.3582
vn 0.9330 0.1367 -0.3329
vn 0.9525 0.1225 -0.2789
vn 0.9261 0.0478 -0.3743
vn 0.9245 0.0078 -0.3811
vn 0.9268 -0.0535 -0.3718
vn 0.9193 -0.0965 -0.3816
vn 0.9297 -0.1181 -0.3488
vn 0.9252 -0.1261 -0.3580
vn 0.9349 -0.1318 -0.3295
vn 0.9403 -0.1314 -0.3140
vn 0.9672 -0.1305 -0.2178
vn 0.9559 -0.1321 -0.2622
vn 0.9493 -0.1242 -0.2888
vn 0.9516 -0.1200 -0.2830
vn 0.9458 -0.1274 -0.2987
vn -0.0551 0.1230 -0.9909
vn -0.0704 0.0478 -0.9964
vn -0.0773 0.0078 -0.9970
vn -0.0678 -0.0536 -0.9963
vn -0.0793 -0.0966 -0.9922
vn -0.0450 -0.1183 -0.9920
vn -0.0551 -0.1262 -0.9905
vn 0.0081 -0.1276 -0.9918
vn -0.0084 -0.1315 -0.9913
vn -0.0250 -0.1319 -0.9909
vn 0.0246 -0.1201 -0.9925
vn 0.0184 -0.1244 -0.9921
vn 0.0457 -0.1323 -0.9902
vn 0.0916 -0.1307 -0.9872
vn 0.0722 -0.1121 -0.9911
vn 0.0979 -0.0688 -0.9928
vn 0.0965 -0.0266 -0.9950
vn 0.0920 -0.0476 -0.9946
vn 0.0955 0.0095 -0.9954
vn 0.0941 -0.0086 -0.9955
vn 0.0980 0.0305 -0.9947
vn 0.0754 0.0947 -0.9926
vn 0.0973 0.0729 -0.9926
vn 0.0884 0.0516 -0.9947
vn -0.0287 0.1368 -0.9902
vn 0.0287 0.1226 -0.9920
vn 0.0183 0.1332 -0.9909
vn 0.0916 0.1307 -0.9872
vn 0.5148 0.1223 0.8485
vn 0.4428 0.1224 0.8882
vn 0.3760 0.1224 0.9185
vn 0.3759 0.1224 0.9185
vn 0.3070 0.1224 0.9438
vn 0.2364 0.1224 0.9639
vn 0.1645 0.1224 0.9788
vn 0.1645 0.1225 0.9787
vn 0.0917 0.1225 0.9882
vn 0.0917 0.1224 0.9882
vn 0.0184 0.1224 0.9923
vn -0.0551 0.1224 0.9909
vn -0.1282 0.1224 0.9842
vn -0.2006 0.1224 0.9720
vn -0.2719 0.1224 0.9545
vn -0.3418 0.1224 0.9318
vn -0.3417 0.1224 0.9318
vn -0.4097 0.1224 0.9040
vn -0.4754 0.1224 0.8712
vn -0.5164 0.1225 0.8475
vn -0.5581 0.1124 0.8221
vn 0.9663 0.1223 -0.2266
vn 0.9817 0.1223 -0.1460
vn 0.9898 0.1223 -0.0732
vn 0.9925 0.1223 -0.0000
vn 0.9898 0.1223 0.0732
vn 0.9817 0.1223 0.1460
vn 0.9683 0.1223 0.2180
vn 0.9682 0.1223 0.2180
vn 0.9495 0.1223 0.2889
vn 0.9256 0.1223 0.3581
vn 0.9256 0.1223 0.3582
vn 0.8967 0.1223 0.4254
vn 0.8628 0.1223 0.4905
vn 0.8243 0.1223 0.5528
vn 0.7812 0.1224 0.6122
vn 0.7812 0.1223 0.6122
vn 0.7339 0.1224 0.6682
vn 0.7339 0.1224 0.6681
vn 0.6825 0.1224 0.7205
vn 0.6473 0.1225 0.7523
vn 0.6105 0.1124 0.7840
vn 0.0830 0.1224 -0.9890
vn 0.1645 0.1224 -0.9787
vn 0.1645 0.1225 -0.9787
vn 0.2364 0.1225 -0.9639
vn 0.2364 0.1224 -0.9639
vn 0.3071 0.1224 -0.9438
vn 0.3070 0.1224 -0.9438
vn 0.3760 0.1224 -0.9185
vn 0.4429 0.1224 -0.8882
vn 0.4428 0.1224 -0.8882
vn 0.5073 0.1224 -0.8530
vn 0.5073 0.1224 -0.8531
vn 0.5689 0.1224 -0.8132
vn 0.6275 0.1224 -0.7690
vn 0.6274 0.1224 -0.7690
vn 0.6825 0.1224 -0.7206
vn 0.6825 0.1224 -0.7205
vn 0.7339 0.1224 -0.6682
vn 0.7339 0.1224 -0.6681
vn 0.7812 0.1223 -0.6121
vn 0.7812 0.1224 -0.6122
vn 0.8243 0.1224 -0.5528
vn 0.8243 0.1223 -0.5528
vn 0.8628 0.1223 -0.4905
vn 0.8967 0.1223 -0.4254
vn 0.9159 0.1224 -0.3823
vn 0.9346 0.1123 -0.3375
vn -0.9152 0.1223 -0.3840
vn -0.8803 0.1223 -0.4583
vn -0.8441 0.1223 -0.5220
vn -0.8033 0.1224 -0.5829
vn -0.7581 0.1224 -0.6406
vn -0.7087 0.1224 -0.6948
vn -0.6554 0.1224 -0.7453
vn -0.5986 0.1224 -0.7916
vn -0.5985 0.1224 -0.7917
vn -0.5385 0.1224 -0.8337
vn -0.4754 0.1224 -0.8712
vn -0.4096 0.1224 -0.9040
vn -0.4097 0.1224 -0.9040
vn -0.3418 0.1224 -0.9318
vn -0.2719 0.1224 -0.9545
vn -0.2006 0.1224 -0.9720
vn -0.2006 0.1225 -0.9720
vn -0.1282 0.1225 -0.9842
vn -0.1282 0.1224 -0.9842
vn -0.0810 0.1225 -0.9892
vn -0.0325 0.1125 -0.9931
vn -0.6488 0.1223 0.7510
vn -0.7087 0.1224 0.6948
vn -0.7087 0.1223 0.6948
vn -0.7581 0.1223 0.6406
vn -0.7580 0.1224 0.6406
vn -0.8033 0.1224 0.5829
vn -0.8441 0.1223 0.5220
vn -0.8442 0.1223 0.5220
vn -0.8803 0.1223 0.4583
vn -0.9118 0.1223 0.3920
vn -0.9118 0.1223 0.3921
vn -0.9382 0.1223 0.3237
vn -0.9595 0.1223 0.2536
vn -0.9596 0.1223 0.2536
vn -0.9756 0.1223 0.1822
vn -0.9864 0.1223 0.1097
vn -0.9918 0.1223 0.0366
vn -0.9918 0.1223 -0.0366
vn -0.9864 0.1223 -0.1097
vn -0.9756 0.1223 -0.1822
vn -0.9658 0.1224 -0.2284
vn -0.9546 0.1123 -0.2757
vn 0.5064 0.0863 0.8580
vn 0.4445 0.0863 0.8916
vn 0.3774 0.0863 0.9220
vn 0.3082 0.0863 0.9474
vn 0.2373 0.0863 0.9676
vn 0.1651 0.0863 0.9825
vn 0.0921 0.0863 0.9920
vn 0.0184 0.0863 0.9961
vn -0.0553 0.0863 0.9947
vn -0.1287 0.0863 0.9879
vn -0.2014 0.0863 0.9757
vn -0.2730 0.0863 0.9581
vn -0.3430 0.0863 0.9353
vn -0.3431 0.0863 0.9353
vn -0.4112 0.0863 0.9074
vn -0.4772 0.0863 0.8746
vn -0.4772 0.0862 0.8745
vn -0.5392 0.0862 0.8378
vn -0.5266 0.0907 0.8453
vn 0.9727 0.0862 -0.2156
vn 0.9854 0.0862 -0.1466
vn 0.9936 0.0862 -0.0735
vn 0.9963 0.0862 -0.0000
vn 0.9936 0.0862 0.0735
vn 0.9854 0.0862 0.1466
vn 0.9719 0.0862 0.2188
vn 0.9531 0.0862 0.2900
vn 0.9292 0.0862 0.3595
vn 0.9001 0.0862 0.4271
vn 0.8661 0.0862 0.4923
vn 0.8274 0.0862 0.5549
vn 0.7842 0.0862 0.6145
vn 0.7366 0.0862 0.6708
vn 0.7367 0.0862 0.6707
vn 0.6852 0.0863 0.7232
vn 0.6852 0.0862 0.7233
vn 0.6311 0.0862 0.7709
vn 0.6421 0.0907 0.7613
vn 0.0954 0.0863 -0.9917
vn 0.1651 0.0863 -0.9825
vn 0.1652 0.0863 -0.9825
vn 0.2373 0.0863 -0.9676
vn 0.3082 0.0863 -0.9474
vn 0.3083 0.0863 -0.9474
vn 0.3774 0.0863 -0.9220
vn 0.4446 0.0863 -0.8916
vn 0.4445 0.0863 -0.8916
vn 0.5092 0.0863 -0.8563
vn 0.5711 0.0863 -0.8163
vn 0.6298 0.0863 -0.7719
vn 0.6299 0.0862 -0.7719
vn 0.6852 0.0862 -0.7233
vn 0.6851 0.0863 -0.7233
vn 0.7367 0.0862 -0.6707
vn 0.7842 0.0862 -0.6145
vn 0.8274 0.0862 -0.5549
vn 0.8661 0.0862 -0.4923
vn 0.9001 0.0862 -0.4271
vn 0.9285 0.0862 -0.3611
vn 0.9228 0.0907 -0.3745
vn -0.9139 0.0862 -0.3966
vn -0.8837 0.0862 -0.4600
vn -0.8473 0.0862 -0.5240
vn -0.8474 0.0862 -0.5240
vn -0.8063 0.0862 -0.5851
vn -0.7610 0.0862 -0.6430
vn -0.7114 0.0862 -0.6975
vn -0.6580 0.0862 -0.7481
vn -0.6579 0.0862 -0.7481
vn -0.6009 0.0862 -0.7947
vn -0.6009 0.0863 -0.7947
vn -0.5405 0.0863 -0.8369
vn -0.4772 0.0863 -0.8746
vn -0.4772 0.0863 -0.8745
vn -0.4113 0.0863 -0.9074
vn -0.4117 0.0865 -0.9072
vn -0.3430 0.0863 -0.9354
vn -0.3431 0.0863 -0.9353
vn -0.2730 0.0863 -0.9581
vn -0.2013 0.0863 -0.9757
vn -0.2014 0.0863 -0.9757
vn -0.1287 0.0863 -0.9879
vn -0.0570 0.0863 -0.9946
vn -0.0714 0.0907 -0.9933
vn -0.6605 0.0863 0.7459
vn -0.7114 0.0862 0.6975
vn -0.7610 0.0862 0.6430
vn -0.8064 0.0862 0.5851
vn -0.8473 0.0862 0.5240
vn -0.8474 0.0862 0.5240
vn -0.8837 0.0862 0.4600
vn -0.8837 0.0862 0.4601
vn -0.9153 0.0862 0.3935
vn -0.9418 0.0862 0.3250
vn -0.9632 0.0862 0.2546
vn -0.9794 0.0862 0.1829
vn -0.9794 0.0862 0.1828
vn -0.9902 0.0862 0.1101
vn -0.9956 0.0862 0.0368
vn -0.9956 0.0862 -0.0368
vn -0.9902 0.0862 -0.1101
vn -0.9794 0.0862 -0.1828
vn -0.9794 0.0862 -0.1829
vn -0.9636 0.0862 -0.2529
vn -0.9668 0.0906 -0.2388
vn 0.5143 0.0513 0.8561
vn 0.4456 0.0513 0.8937
vn 0.4456 0.0513 0.8938
vn 0.3783 0.0513 0.9242
vn 0.3090 0.0513 0.9497
vn 0.2379 0.0513 0.9699
vn 0.1656 0.0513 0.9849
vn 0.1655 0.0513 0.9849
vn 0.0922 0.0513 0.9944
vn 0.0923 0.0513 0.9944
vn 0.0185 0.0513 0.9985
vn -0.0554 0.0513 0.9971
vn -0.1290 0.0513 0.9903
vn -0.2019 0.0513 0.9781
vn -0.2736 0.0513 0.9605
vn -0.3438 0.0513 0.9376
vn -0.3439 0.0513 0.9376
vn -0.4123 0.0513 0.9096
vn -0.4122 0.0513 0.9096
vn -0.4784 0.0513 0.8767
vn -0.4783 0.0513 0.8767
vn -0.5397 0.0513 0.8403
vn -0.5171 0.0690 0.8531
vn 0.9733 0.0512 -0.2237
vn 0.9878 0.0512 -0.1469
vn 0.9960 0.0512 -0.0736
vn 0.9960 0.0513 -0.0736
vn 0.9987 0.0513 -0.0000
vn 0.9960 0.0513 0.0736
vn 0.9960 0.0512 0.0736
vn 0.9878 0.0512 0.1469
vn 0.9743 0.0512 0.2194
vn 0.9743 0.0513 0.2194
vn 0.9555 0.0513 0.2907
vn 0.9554 0.0512 0.2907
vn 0.9314 0.0513 0.3604
vn 0.9023 0.0513 0.4281
vn 0.8682 0.0513 0.4935
vn 0.8295 0.0513 0.5562
vn 0.8294 0.0513 0.5562
vn 0.7861 0.0513 0.6160
vn 0.7385 0.0513 0.6723
vn 0.7384 0.0513 0.6724
vn 0.6868 0.0513 0.7251
vn 0.6868 0.0513 0.7250
vn 0.6334 0.0513 0.7722
vn 0.6525 0.0690 0.7547
vn 0.0878 0.0513 -0.9948
vn 0.1655 0.0513 -0.9849
vn 0.2379 0.0513 -0.9699
vn 0.3090 0.0513 -0.9497
vn 0.3783 0.0513 -0.9242
vn 0.3783 0.0513 -0.9243
vn 0.4456 0.0513 -0.8938
vn 0.4456 0.0513 -0.8937
vn 0.5105 0.0513 -0.8584
vn 0.5104 0.0513 -0.8584
vn 0.5725 0.0513 -0.8183
vn 0.6314 0.0513 -0.7738
vn 0.6868 0.0513 -0.7250
vn 0.7385 0.0513 -0.6723
vn 0.7385 0.0513 -0.6724
vn 0.7861 0.0513 -0.6160
vn 0.8294 0.0513 -0.5562
vn 0.8682 0.0513 -0.4935
vn 0.9023 0.0513 -0.4281
vn 0.9305 0.0513 -0.3628
vn 0.9198 0.0689 -0.3864
vn -0.9192 0.0512 -0.3904
vn -0.8858 0.0513 -0.4611
vn -0.8859 0.0513 -0.4611
vn -0.8494 0.0513 -0.5252
vn -0.8494 0.0513 -0.5253
vn -0.8083 0.0513 -0.5865
vn -0.7628 0.0513 -0.6446
vn -0.7131 0.0513 -0.6992
vn -0.6595 0.0513 -0.7500
vn -0.6596 0.0513 -0.7499
vn -0.6023 0.0513 -0.7966
vn -0.5419 0.0513 -0.8389
vn -0.5418 0.0513 -0.8389
vn -0.4783 0.0513 -0.8767
vn -0.4123 0.0513 -0.9096
vn -0.3439 0.0513 -0.9376
vn -0.2736 0.0513 -0.9605
vn -0.2019 0.0513 -0.9781
vn -0.2018 0.0513 -0.9781
vn -0.1290 0.0513 -0.9903
vn -0.0580 0.0513 -0.9970
vn -0.0838 0.0691 -0.9941
vn -0.6562 0.0513 0.7528
vn -0.7131 0.0513 0.6992
vn -0.7628 0.0513 0.6446
vn -0.8083 0.0513 0.5865
vn -0.8494 0.0513 0.5253
vn -0.8858 0.0513 0.4611
vn -0.9175 0.0513 0.3945
vn -0.9441 0.0513 0.3258
vn -0.9441 0.0512 0.3258
vn -0.9655 0.0512 0.2552
vn -0.9817 0.0512 0.1833
vn -0.9926 0.0512 0.1103
vn -0.9926 0.0513 0.1104
vn -0.9980 0.0513 0.0369
vn -0.9980 0.0512 0.0369
vn -0.9980 0.0512 -0.0369
vn -0.9980 0.0513 -0.0369
vn -0.9926 0.0513 -0.1103
vn -0.9926 0.0512 -0.1104
vn -0.9817 0.0512 -0.1833
vn -0.9662 0.0513 -0.2527
vn -0.9714 0.0690 -0.2273
vn 0.5176 0.0170 0.8555
vn 0.4461 0.0170 0.8948
vn 0.3788 0.0170 0.9253
vn 0.3093 0.0170 0.9508
vn 0.2382 0.0170 0.9711
vn 0.1657 0.0170 0.9860
vn 0.1658 0.0170 0.9860
vn 0.0924 0.0170 0.9956
vn 0.0923 0.0170 0.9956
vn 0.0185 0.0170 0.9997
vn -0.0555 0.0170 0.9983
vn -0.1292 0.0170 0.9915
vn -0.1291 0.0170 0.9915
vn -0.2021 0.0170 0.9792
vn -0.2739 0.0170 0.9616
vn -0.2740 0.0170 0.9616
vn -0.3443 0.0170 0.9387
vn -0.3442 0.0170 0.9387
vn -0.4128 0.0170 0.9107
vn -0.4127 0.0170 0.9107
vn -0.4789 0.0170 0.8777
vn -0.5433 0.0170 0.8393
vn -0.5212 0.0268 0.8530
vn 0.9737 0.0170 -0.2271
vn 0.9890 0.0170 -0.1471
vn 0.9971 0.0170 -0.0737
vn 0.9999 0.0170 -0.0000
vn 0.9971 0.0170 0.0737
vn 0.9890 0.0170 0.1471
vn 0.9754 0.0170 0.2197
vn 0.9566 0.0170 0.2910
vn 0.9325 0.0170 0.3608
vn 0.9033 0.0170 0.4286
vn 0.8692 0.0170 0.4941
vn 0.8304 0.0170 0.5569
vn 0.7870 0.0170 0.6167
vn 0.7394 0.0170 0.6731
vn 0.7393 0.0170 0.6731
vn 0.6876 0.0170 0.7259
vn 0.6313 0.0170 0.7754
vn 0.6511 0.0268 0.7585
vn 0.0848 0.0170 -0.9963
vn 0.1658 0.0170 -0.9860
vn 0.1657 0.0170 -0.9860
vn 0.2382 0.0170 -0.9711
vn 0.2382 0.0171 -0.9711
vn 0.3093 0.0170 -0.9508
vn 0.3094 0.0170 -0.9508
vn 0.3788 0.0170 -0.9253
vn 0.4462 0.0170 -0.8948
vn 0.4461 0.0170 -0.8948
vn 0.5110 0.0170 -0.8594
vn 0.5111 0.0170 -0.8594
vn 0.5731 0.0170 -0.8193
vn 0.5732 0.0170 -0.8193
vn 0.6321 0.0170 -0.7747
vn 0.6876 0.0170 -0.7259
vn 0.7393 0.0170 -0.6731
vn 0.7870 0.0170 -0.6167
vn 0.8304 0.0170 -0.5569
vn 0.8692 0.0170 -0.4941
vn 0.9033 0.0170 -0.4286
vn 0.9329 0.0170 -0.3598
vn 0.9230 0.0268 -0.3838
vn -0.9215 0.0170 -0.3880
vn -0.8869 0.0170 -0.4617
vn -0.8504 0.0170 -0.5259
vn -0.8093 0.0170 -0.5872
vn -0.8092 0.0170 -0.5872
vn -0.7637 0.0170 -0.6453
vn -0.7637 0.0170 -0.6454
vn -0.7140 0.0170 -0.7000
vn -0.6603 0.0170 -0.7508
vn -0.6030 0.0170 -0.7975
vn -0.5425 0.0170 -0.8399
vn -0.4789 0.0170 -0.8777
vn -0.4127 0.0170 -0.9107
vn -0.3443 0.0170 -0.9387
vn -0.2739 0.0170 -0.9616
vn -0.2740 0.0170 -0.9616
vn -0.2021 0.0170 -0.9792
vn -0.1292 0.0170 -0.9915
vn -0.1291 0.0170 -0.9915
vn -0.0544 0.0170 -0.9984
vn -0.0804 0.0268 -0.9964
vn -0.6546 0.0170 0.7558
vn -0.7140 0.0170 0.7000
vn -0.7637 0.0170 0.6454
vn -0.8093 0.0170 0.5872
vn -0.8504 0.0170 0.5258
vn -0.8504 0.0170 0.5259
vn -0.8869 0.0170 0.4617
vn -0.9185 0.0170 0.3950
vn -0.9186 0.0170 0.3949
vn -0.9452 0.0170 0.3261
vn -0.9452 0.0170 0.3262
vn -0.9667 0.0170 0.2555
vn -0.9829 0.0170 0.1835
vn -0.9937 0.0170 0.1105
vn -0.9992 0.0170 0.0369
vn -0.9992 0.0170 -0.0369
vn -0.9937 0.0170 -0.1105
vn -0.9829 0.0170 -0.1835
vn -0.9664 0.0170 -0.2565
vn -0.9725 0.0267 -0.2313
vn 0.5178 -0.0170 0.8553
vn 0.4461 -0.0170 0.8948
vn 0.3788 -0.0170 0.9253
vn 0.3093 -0.0170 0.9508
vn 0.2382 -0.0170 0.9711
vn 0.1658 -0.0170 0.9860
vn 0.1657 -0.0170 0.9860
vn 0.0923 -0.0170 0.9956
vn 0.0924 -0.0170 0.9956
vn 0.0185 -0.0170 0.9997
vn -0.0555 -0.0170 0.9983
vn -0.1291 -0.0170 0.9915
vn -0.1292 -0.0170 0.9915
vn -0.2021 -0.0170 0.9792
vn -0.2740 -0.0170 0.9616
vn -0.2739 -0.0170 0.9616
vn -0.3442 -0.0170 0.9387
vn -0.3443 -0.0170 0.9387
vn -0.4127 -0.0170 0.9107
vn -0.4128 -0.0170 0.9107
vn -0.4789 -0.0170 0.8777
vn -0.5419 -0.0170 0.8403
vn -0.5259 -0.0113 0.8505
vn 0.9737 -0.0170 -0.2273
vn 0.9890 -0.0170 -0.1471
vn 0.9971 -0.0170 -0.0737
vn 0.9999 -0.0170 -0.0000
vn 0.9971 -0.0170 0.0737
vn 0.9890 -0.0170 0.1471
vn 0.9754 -0.0170 0.2197
vn 0.9566 -0.0170 0.2910
vn 0.9325 -0.0170 0.3608
vn 0.9033 -0.0170 0.4286
vn 0.8692 -0.0170 0.4941
vn 0.8304 -0.0170 0.5569
vn 0.7870 -0.0170 0.6167
vn 0.7393 -0.0170 0.6731
vn 0.7394 -0.0170 0.6731
vn 0.6876 -0.0170 0.7259
vn 0.6326 -0.0170 0.7743
vn 0.6471 -0.0113 0.7623
vn 0.0845 -0.0170 -0.9963
vn 0.1657 -0.0170 -0.9860
vn 0.1658 -0.0170 -0.9860
vn 0.2382 -0.0170 -0.9711
vn 0.2382 -0.0171 -0.9711
vn 0.3094 -0.0170 -0.9508
vn 0.3093 -0.0170 -0.9508
vn 0.3788 -0.0170 -0.9253
vn 0.4461 -0.0170 -0.8948
vn 0.4462 -0.0170 -0.8948
vn 0.5111 -0.0170 -0.8594
vn 0.5110 -0.0170 -0.8594
vn 0.5732 -0.0170 -0.8193
vn 0.5731 -0.0170 -0.8193
vn 0.6321 -0.0170 -0.7747
vn 0.6876 -0.0170 -0.7259
vn 0.7393 -0.0170 -0.6731
vn 0.7870 -0.0170 -0.6167
vn 0.8304 -0.0170 -0.5569
vn 0.8692 -0.0170 -0.4941
vn 0.9033 -0.0170 -0.4286
vn 0.9323 -0.0170 -0.3613
vn 0.9253 -0.0113 -0.3790
vn -0.9216 -0.0170 -0.3877
vn -0.8869 -0.0170 -0.4617
vn -0.8504 -0.0170 -0.5259
vn -0.8092 -0.0170 -0.5872
vn -0.8093 -0.0170 -0.5872
vn -0.7637 -0.0170 -0.6454
vn -0.7637 -0.0170 -0.6453
vn -0.7140 -0.0170 -0.7000
vn -0.6603 -0.0170 -0.7508
vn -0.6030 -0.0170 -0.7975
vn -0.5425 -0.0170 -0.8399
vn -0.4789 -0.0170 -0.8777
vn -0.4127 -0.0170 -0.9107
vn -0.3443 -0.0170 -0.9387
vn -0.2740 -0.0170 -0.9616
vn -0.2739 -0.0170 -0.9616
vn -0.2021 -0.0170 -0.9792
vn -0.1291 -0.0170 -0.9915
vn -0.1292 -0.0170 -0.9915
vn -0.0561 -0.0170 -0.9983
vn -0.0750 -0.0113 -0.9971
vn -0.6544 -0.0170 0.7560
vn -0.7140 -0.0170 0.7000
vn -0.7637 -0.0170 0.6454
vn -0.8093 -0.0170 0.5872
vn -0.8504 -0.0170 0.5259
vn -0.8504 -0.0170 0.5258
vn -0.8869 -0.0170 0.4617
vn -0.9186 -0.0170 0.3949
vn -0.9185 -0.0170 0.3950
vn -0.9452 -0.0170 0.3262
vn -0.9452 -0.0170 0.3261
vn -0.9667 -0.0170 0.2555
vn -0.9829 -0.0170 0.1835
vn -0.9937 -0.0170 0.1105
vn -0.9992 -0.0170 0.0369
vn -0.9992 -0.0170 -0.0369
vn -0.9937 -0.0170 -0.1105
vn -0.9829 -0.0170 -0.1835
vn -0.9668 -0.0170 -0.2548
vn -0.9715 -0.0113 -0.2366
vn 0.5160 -0.0513 0.8551
vn 0.4456 -0.0513 0.8938
vn 0.3783 -0.0513 0.9242
vn 0.3090 -0.0513 0.9497
vn 0.2379 -0.0513 0.9699
vn 0.1655 -0.0513 0.9849
vn 0.1656 -0.0513 0.9849
vn 0.0923 -0.0513 0.9944
vn 0.0922 -0.0513 0.9944
vn 0.0185 -0.0513 0.9985
vn -0.0554 -0.0513 0.9971
vn -0.1290 -0.0513 0.9903
vn -0.2019 -0.0513 0.9781
vn -0.2736 -0.0513 0.9605
vn -0.3439 -0.0513 0.9376
vn -0.3438 -0.0513 0.9376
vn -0.4122 -0.0513 0.9096
vn -0.4123 -0.0513 0.9096
vn -0.4783 -0.0513 0.8767
vn -0.4784 -0.0513 0.8767
vn -0.5386 -0.0513 0.8410
vn -0.5178 -0.0324 0.8549
vn 0.9729 -0.0512 -0.2257
vn 0.9878 -0.0512 -0.1469
vn 0.9960 -0.0512 -0.0736
vn 0.9960 -0.0513 -0.0736
vn 0.9987 -0.0513 -0.0000
vn 0.9960 -0.0513 0.0736
vn 0.9960 -0.0512 0.0736
vn 0.9878 -0.0512 0.1469
vn 0.9743 -0.0512 0.2194
vn 0.9743 -0.0513 0.2194
vn 0.9554 -0.0513 0.2907
vn 0.9555 -0.0512 0.2907
vn 0.9314 -0.0513 0.3604
vn 0.9023 -0.0513 0.4281
vn 0.8682 -0.0513 0.4935
vn 0.8294 -0.0513 0.5562
vn 0.8295 -0.0513 0.5562
vn 0.7861 -0.0513 0.6160
vn 0.7384 -0.0513 0.6724
vn 0.7385 -0.0513 0.6723
vn 0.6868 -0.0513 0.7250
vn 0.6868 -0.0513 0.7251
vn 0.6343 -0.0513 0.7713
vn 0.6539 -0.0324 0.7559
vn 0.0859 -0.0513 -0.9950
vn 0.1655 -0.0513 -0.9849
vn 0.2379 -0.0513 -0.9699
vn 0.3090 -0.0513 -0.9497
vn 0.3783 -0.0513 -0.9243
vn 0.3783 -0.0513 -0.9242
vn 0.4456 -0.0513 -0.8937
vn 0.4456 -0.0513 -0.8938
vn 0.5104 -0.0513 -0.8584
vn 0.5105 -0.0513 -0.8584
vn 0.5725 -0.0513 -0.8183
vn 0.6314 -0.0513 -0.7738
vn 0.6868 -0.0513 -0.7250
vn 0.7385 -0.0513 -0.6724
vn 0.7385 -0.0513 -0.6723
vn 0.7861 -0.0513 -0.6160
vn 0.8294 -0.0513 -0.5562
vn 0.8682 -0.0513 -0.4935
vn 0.9023 -0.0513 -0.4281
vn 0.9300 -0.0513 -0.3640
vn 0.9214 -0.0324 -0.3873
vn -0.9200 -0.0512 -0.3886
vn -0.8859 -0.0513 -0.4611
vn -0.8858 -0.0513 -0.4611
vn -0.8494 -0.0513 -0.5253
vn -0.8494 -0.0513 -0.5252
vn -0.8083 -0.0513 -0.5865
vn -0.7628 -0.0513 -0.6446
vn -0.7131 -0.0513 -0.6992
vn -0.6596 -0.0513 -0.7499
vn -0.6595 -0.0513 -0.7500
vn -0.6023 -0.0513 -0.7966
vn -0.5418 -0.0513 -0.8389
vn -0.5419 -0.0513 -0.8389
vn -0.4783 -0.0513 -0.8767
vn -0.4123 -0.0513 -0.9096
vn -0.3439 -0.0513 -0.9376
vn -0.2736 -0.0513 -0.9605
vn -0.2018 -0.0513 -0.9781
vn -0.2019 -0.0513 -0.9781
vn -0.1290 -0.0513 -0.9903
vn -0.0593 -0.0513 -0.9969
vn -0.0842 -0.0324 -0.9959
vn -0.6547 -0.0513 0.7542
vn -0.7131 -0.0513 0.6992
vn -0.7628 -0.0513 0.6446
vn -0.8083 -0.0513 0.5865
vn -0.8494 -0.0513 0.5253
vn -0.8858 -0.0513 0.4611
vn -0.9175 -0.0513 0.3945
vn -0.9441 -0.0513 0.3258
vn -0.9441 -0.0512 0.3258
vn -0.9655 -0.0512 0.2552
vn -0.9817 -0.0512 0.1833
vn -0.9926 -0.0512 0.1104
vn -0.9926 -0.0513 0.1103
vn -0.9980 -0.0513 0.0369
vn -0.9980 -0.0512 0.0369
vn -0.9980 -0.0512 -0.0369
vn -0.9980 -0.0513 -0.0369
vn -0.9926 -0.0513 -0.1104
vn -0.9926 -0.0512 -0.1103
vn -0.9817 -0.0512 -0.1833
vn -0.9665 -0.0513 -0.2514
vn -0.9732 -0.0324 -0.2275
vn 0.5152 -0.0862 0.8527
vn 0.4445 -0.0863 0.8916
vn 0.3774 -0.0863 0.9220
vn 0.3082 -0.0863 0.9474
vn 0.2373 -0.0863 0.9676
vn 0.1651 -0.0863 0.9825
vn 0.0921 -0.0863 0.9920
vn 0.0184 -0.0863 0.9961
vn -0.0553 -0.0863 0.9947
vn -0.1287 -0.0863 0.9879
vn -0.2014 -0.0863 0.9757
vn -0.2730 -0.0863 0.9581
vn -0.3431 -0.0863 0.9353
vn -0.3430 -0.0863 0.9353
vn -0.4112 -0.0863 0.9074
vn -0.4772 -0.0863 0.8745
vn -0.4772 -0.0862 0.8746
vn -0.5415 -0.0862 0.8363
vn -0.5193 -0.0749 0.8513
vn 0.9704 -0.0862 -0.2256
vn 0.9854 -0.0862 -0.1466
vn 0.9936 -0.0862 -0.0735
vn 0.9963 -0.0862 -0.0000
vn 0.9936 -0.0862 0.0735
vn 0.9854 -0.0862 0.1466
vn 0.9719 -0.0862 0.2188
vn 0.9531 -0.0862 0.2900
vn 0.9292 -0.0862 0.3595
vn 0.9001 -0.0862 0.4271
vn 0.8661 -0.0862 0.4923
vn 0.8274 -0.0862 0.5549
vn 0.7842 -0.0862 0.6145
vn 0.7367 -0.0862 0.6707
vn 0.7366 -0.0862 0.6708
vn 0.6852 -0.0863 0.7233
vn 0.6852 -0.0862 0.7232
vn 0.6289 -0.0862 0.7727
vn 0.6501 -0.0749 0.7562
vn 0.0851 -0.0863 -0.9926
vn 0.1652 -0.0863 -0.9825
vn 0.1651 -0.0863 -0.9825
vn 0.2373 -0.0863 -0.9676
vn 0.3083 -0.0863 -0.9474
vn 0.3082 -0.0863 -0.9474
vn 0.3774 -0.0863 -0.9220
vn 0.4445 -0.0863 -0.8916
vn 0.4446 -0.0863 -0.8916
vn 0.5092 -0.0863 -0.8563
vn 0.5711 -0.0863 -0.8163
vn 0.6299 -0.0863 -0.7719
vn 0.6298 -0.0862 -0.7719
vn 0.6851 -0.0862 -0.7233
vn 0.6852 -0.0863 -0.7233
vn 0.7367 -0.0862 -0.6707
vn 0.7842 -0.0862 -0.6145
vn 0.8274 -0.0862 -0.5549
vn 0.8661 -0.0862 -0.4923
vn 0.9001 -0.0862 -0.4271
vn 0.9295 -0.0862 -0.3585
vn 0.9204 -0.0749 -0.3836
vn -0.9180 -0.0862 -0.3872
vn -0.8837 -0.0862 -0.4600
vn -0.8474 -0.0862 -0.5240
vn -0.8473 -0.0862 -0.5240
vn -0.8063 -0.0862 -0.5851
vn -0.7610 -0.0862 -0.6430
vn -0.7114 -0.0862 -0.6975
vn -0.6579 -0.0862 -0.7481
vn -0.6580 -0.0862 -0.7481
vn -0.6009 -0.0862 -0.7947
vn -0.6009 -0.0863 -0.7947
vn -0.5405 -0.0863 -0.8369
vn -0.4772 -0.0863 -0.8745
vn -0.4772 -0.0863 -0.8746
vn -0.4116 -0.0863 -0.9073
vn -0.4113 -0.0862 -0.9074
vn -0.3431 -0.0863 -0.9353
vn -0.3430 -0.0863 -0.9353
vn -0.2730 -0.0863 -0.9581
vn -0.2014 -0.0863 -0.9757
vn -0.2013 -0.0863 -0.9757
vn -0.1287 -0.0863 -0.9879
vn -0.0541 -0.0863 -0.9948
vn -0.0811 -0.0749 -0.9939
vn -0.6527 -0.0862 0.7527
vn -0.7114 -0.0862 0.6975
vn -0.7610 -0.0862 0.6430
vn -0.8064 -0.0862 0.5851
vn -0.8474 -0.0862 0.5240
vn -0.8473 -0.0862 0.5240
vn -0.8837 -0.0862 0.4601
vn -0.8837 -0.0862 0.4600
vn -0.9153 -0.0862 0.3935
vn -0.9418 -0.0862 0.3250
vn -0.9632 -0.0862 0.2546
vn -0.9794 -0.0862 0.1828
vn -0.9794 -0.0862 0.1829
vn -0.9902 -0.0862 0.1101
vn -0.9956 -0.0862 0.0368
vn -0.9956 -0.0862 -0.0368
vn -0.9902 -0.0862 -0.1101
vn -0.9794 -0.0862 -0.1829
vn -0.9794 -0.0862 -0.1828
vn -0.9629 -0.0862 -0.2556
vn -0.9703 -0.0748 -0.2299
vn 0.5033 -0.1224 0.8554
vn 0.4428 -0.1224 0.8882
vn 0.3759 -0.1224 0.9185
vn 0.3760 -0.1224 0.9185
vn 0.3071 -0.1224 0.9438
vn 0.3070 -0.1224 0.9438
vn 0.2364 -0.1224 0.9639
vn 0.1645 -0.1224 0.9787
vn 0.1645 -0.1225 0.9787
vn 0.0917 -0.1225 0.9882
vn 0.0917 -0.1224 0.9882
vn 0.0184 -0.1224 0.9923
vn -0.0551 -0.1224 0.9909
vn -0.1282 -0.1224 0.9842
vn -0.2006 -0.1224 0.9720
vn -0.2719 -0.1224 0.9545
vn -0.3418 -0.1224 0.9318
vn -0.4097 -0.1224 0.9040
vn -0.4754 -0.1224 0.8712
vn -0.5395 -0.1224 0.8331
vn -0.5256 -0.1151 0.8429
vn 0.9692 -0.1223 -0.2136
vn 0.9817 -0.1223 -0.1460
vn 0.9898 -0.1223 -0.0732
vn 0.9925 -0.1223 -0.0000
vn 0.9898 -0.1223 0.0732
vn 0.9817 -0.1223 0.1460
vn 0.9682 -0.1223 0.2181
vn 0.9683 -0.1223 0.2180
vn 0.9495 -0.1223 0.2889
vn 0.9256 -0.1223 0.3582
vn 0.9256 -0.1223 0.3581
vn 0.8967 -0.1223 0.4254
vn 0.8628 -0.1224 0.4905
vn 0.8628 -0.1223 0.4905
vn 0.8243 -0.1223 0.5528
vn 0.7812 -0.1224 0.6121
vn 0.7812 -0.1224 0.6122
vn 0.7339 -0.1224 0.6682
vn 0.6825 -0.1224 0.7205
vn 0.6265 -0.1224 0.7697
vn 0.6401 -0.1151 0.7596
vn 0.0963 -0.1225 -0.9878
vn 0.1645 -0.1224 -0.9788
vn 0.1645 -0.1225 -0.9787
vn 0.2364 -0.1225 -0.9639
vn 0.2364 -0.1224 -0.9639
vn 0.3071 -0.1224 -0.9438
vn 0.3760 -0.1224 -0.9185
vn 0.4428 -0.1224 -0.8882
vn 0.4429 -0.1224 -0.8882
vn 0.5073 -0.1224 -0.8531
vn 0.5073 -0.1224 -0.8530
vn 0.5689 -0.1224 -0.8132
vn 0.6274 -0.1224 -0.7690
vn 0.6275 -0.1224 -0.7690
vn 0.6825 -0.1224 -0.7205
vn 0.7339 -0.1224 -0.6681
vn 0.7339 -0.1224 -0.6682
vn 0.7812 -0.1223 -0.6122
vn 0.7812 -0.1224 -0.6121
vn 0.8243 -0.1224 -0.5528
vn 0.8243 -0.1223 -0.5528
vn 0.8628 -0.1223 -0.4905
vn 0.8967 -0.1223 -0.4254
vn 0.9260 -0.1223 -0.3571
vn 0.9207 -0.1151 -0.3730
vn -0.9099 -0.1223 -0.3963
vn -0.8803 -0.1223 -0.4583
vn -0.8441 -0.1223 -0.5220
vn -0.8033 -0.1224 -0.5829
vn -0.7581 -0.1224 -0.6406
vn -0.7581 -0.1223 -0.6406
vn -0.7087 -0.1224 -0.6948
vn -0.6555 -0.1224 -0.7453
vn -0.6554 -0.1224 -0.7453
vn -0.5985 -0.1224 -0.7917
vn -0.5986 -0.1224 -0.7916
vn -0.5385 -0.1224 -0.8337
vn -0.5384 -0.1224 -0.8337
vn -0.4754 -0.1224 -0.8712
vn -0.4097 -0.1224 -0.9040
vn -0.4096 -0.1224 -0.9040
vn -0.3418 -0.1224 -0.9318
vn -0.2719 -0.1224 -0.9545
vn -0.2006 -0.1224 -0.9720
vn -0.2006 -0.1225 -0.9720
vn -0.1282 -0.1225 -0.9842
vn -0.1282 -0.1224 -0.9842
vn -0.0539 -0.1224 -0.9910
vn -0.0707 -0.1152 -0.9908
vn -0.6589 -0.1224 0.7422
vn -0.7087 -0.1224 0.6948
vn -0.7087 -0.1223 0.6949
vn -0.7580 -0.1223 0.6406
vn -0.7581 -0.1224 0.6406
vn -0.8033 -0.1224 0.5829
vn -0.8441 -0.1223 0.5220
vn -0.8803 -0.1223 0.4583
vn -0.9118 -0.1223 0.3921
vn -0.9118 -0.1223 0.3920
vn -0.9382 -0.1223 0.3237
vn -0.9595 -0.1223 0.2536
vn -0.9756 -0.1223 0.1822
vn -0.9864 -0.1223 0.1097
vn -0.9918 -0.1223 0.0366
vn -0.9918 -0.1223 -0.0366
vn -0.9864 -0.1223 -0.1097
vn -0.9756 -0.1223 -0.1822
vn -0.9592 -0.1223 -0.2547
vn -0.9643 -0.1150 -0.2387
vn -0.0000 1.0000 -0.0000
vn 0.9987 -0.0000 0.0506
vn 0.9885 -0.0000 0.1512
vn 0.9682 -0.0000 0.2504
vn 0.9379 -0.0000 0.3469
vn 0.8980 -0.0000 0.4400
vn 0.8490 -0.0000 0.5284
vn 0.7911 -0.0000 0.6116
vn 0.7252 -0.0000 0.6885
vn 0.6519 -0.0000 0.7583
vn 0.5717 -0.0000 0.8204
vn 0.4858 -0.0000 0.8741
vn 0.3948 -0.0000 0.9188
vn 0.2997 -0.0000 0.9540
vn 0.2016 -0.0000 0.9795
vn 0.1013 -0.0000 0.9949
vn -0.0000 -0.0000 1.0000
vn -0.1013 -0.0000 0.9949
vn -0.2016 -0.0000 0.9795
vn -0.2997 -0.0000 0.9540
vn -0.3948 -0.0000 0.9188
vn -0.4858 -0.0000 0.8741
vn -0.5717 -0.0000 0.8204
vn -0.6519 -0.0000 0.7583
vn -0.7252 -0.0000 0.6885
vn -0.7911 -0.0000 0.6116
vn -0.8490 -0.0000 0.5284
vn -0.8980 -0.0000 0.4400
vn -0.9379 -0.0000 0.3469
vn -0.9682 -0.0000 0.2504
vn -0.9885 -0.0000 0.1512
vn -0.9987 -0.0000 0.0506
vn -0.9987 -0.0000 -0.0506
vn -0.9885 -0.0000 -0.1512
vn -0.9682 -0.0000 -0.2504
vn -0.9379 -0.0000 -0.3469
vn -0.8980 -0.0000 -0.4400
vn -0.8980 -0.0000 -0.4399
vn -0.8490 -0.0000 -0.5285
vn -0.7912 -0.0000 -0.6116
vn -0.7252 -0.0000 -0.6885
vn -0.6519 -0.0000 -0.7583
vn -0.5718 -0.0000 -0.8204
vn -0.4858 -0.0000 -0.8741
vn -0.3948 -0.0000 -0.9188
vn -0.2997 -0.0000 -0.9540
vn -0.2016 -0.0000 -0.9795
vn -0.1013 -0.0000 -0.9949
vn -0.0000 -0.0000 -1.0000
vn 0.1013 -0.0000 -0.9949
vn 0.2016 -0.0000 -0.9795
vn 0.2997 -0.0000 -0.9540
vn 0.3948 -0.0000 -0.9188
vn 0.4858 -0.0000 -0.8741
vn 0.5718 -0.0000 -0.8204
vn 0.6519 -0.0000 -0.7583
vn 0.7252 -0.0000 -0.6885
vn 0.7912 -0.0000 -0.6116
vn 0.8490 -0.0000 -0.5285
vn 0.8980 -0.0000 -0.4399
vn 0.8980 -0.0000 -0.4400
vn 0.9379 -0.0000 -0.3469
vn 0.9682 -0.0000 -0.2504
vn 0.9885 -0.0000 -0.1512
vn 0.9987 -0.0000 -0.0506
vn -0.0000 -1.0000 -0.0000
vn 0.8980 -0.0000 0.4399
vn -0.2015 -0.0000 -0.9795
vn -0.2015 -0.0000 0.9795
vn -0.6518 -0.0000 0.7584
vn -0.7912 -0.0000 0.6116
vn -0.8980 -0.0000 0.4399
vn 0.9682 -0.0000 -0.2503
vn -0.9885 -0.0000 -0.1513
vn 0.8489 -0.0000 0.5285
vn -0.8489 -0.0000 -0.5285
vn 0.7912 -0.0000 0.6116
vn 0.6518 -0.0000 0.7584
vn 0.2015 -0.0000 -0.9795
vn -0.5718 -0.0000 0.8204
vn 0.7253 -0.0000 -0.6885
vn 0.8489 -0.0000 -0.5285
vn -0.9682 -0.0000 0.2503
vn 0.9682 -0.0000 0.2503
vn 0.9885 -0.0000 -0.1513
vn 0.9885 -0.0000 0.1513
vn -0.9682 -0.0000 -0.2503
vn -0.7253 -0.0000 -0.6885
vn 0.5718 -0.0000 0.8204
vn 0.6518 -0.0000 -0.7584
vn -0.8489 -0.0000 0.5285
vn -0.9885 -0.0000 0.1513
vn -0.4222 -0.9027 -0.0828
vn -0.4228 -0.9024 -0.0830
vn -0.4222 -0.9027 -0.0829
vn -0.4224 -0.9026 -0.0828
vn -0.4093 -0.9074 -0.0953
vn -0.4310 -0.8959 -0.1078
vn -0.4225 -0.9026 -0.0827
vn -0.4223 -0.9026 -0.0829
vn -0.4105 -0.9068 -0.0963
vn -0.4115 -0.9062 -0.0973
vn -0.4122 -0.9058 -0.0982
vn -0.4133 -0.9052 -0.0993
vn -0.4140 -0.9047 -0.1005
vn -0.4149 -0.9041 -0.1021
vn -0.4208 -0.9028 -0.0889
vn -0.4215 -0.9025 -0.0885
vn -0.4215 -0.9025 -0.0886
vn -0.4223 -0.9022 -0.0884
vn -0.4224 -0.9021 -0.0884
vn -0.4227 -0.9020 -0.0885
vn -0.3943 -0.9019 -0.1766
vn -0.3939 -0.9020 -0.1766
vn -0.3933 -0.9024 -0.1762
vn -0.3933 -0.9024 -0.1760
vn -0.3930 -0.9027 -0.1754
vn -0.3928 -0.9028 -0.1750
vn -0.3928 -0.9030 -0.1742
vn -0.4016 -0.9038 -0.1476
vn -0.4021 -0.9039 -0.1461
vn -0.4121 -0.9038 -0.1158
vn -0.4157 -0.9036 -0.1037
vn -0.4203 -0.9030 -0.0896
vn -0.3928 -0.9030 -0.1741
vn -0.3921 -0.9031 -0.1751
vn -0.3908 -0.9034 -0.1766
vn -0.3910 -0.9033 -0.1764
vn -0.3906 -0.9034 -0.1769
vn -0.3902 -0.9035 -0.1771
vn -0.3902 -0.9035 -0.1773
vn -0.3897 -0.9037 -0.1772
vn -0.3974 -0.9006 -0.1759
vn -0.3904 -0.9027 -0.1810
vn -0.3906 -0.9026 -0.1810
vn -0.3904 -0.9027 -0.1809
vn -0.3903 -0.9028 -0.1809
vn -0.3095 -0.0000 0.9509
vn -0.3094 -0.0001 0.9509
vn -0.3094 -0.0000 0.9509
vn 0.3098 -0.0000 -0.9508
vn 0.3094 -0.0000 -0.9509
vn -0.0000 1.0000 0.0001
vn 0.9265 -0.0000 0.3762
vn -0.2790 -0.0000 0.9603
vn -0.2591 0.0128 0.9658
vn -0.8627 0.0681 0.5011
vn -0.8195 -0.0000 0.5731
vn -0.8902 -0.0000 0.4556
vn -0.9064 0.0174 0.4221
vn -0.9822 -0.0000 0.1880
vn -0.9666 0.0099 0.2562
vn -0.9660 0.0114 0.2585
vn -0.9457 -0.0000 0.3251
vn -0.9265 -0.0000 0.3762
vn -0.9907 -0.0000 0.1360
vn -0.9960 0.0175 0.0871
vn -0.9988 -0.0000 0.0490
vn -0.7114 0.0089 -0.7027
vn -0.7075 0.0124 -0.7066
vn -0.6584 -0.0000 -0.7527
vn -0.3721 -0.0000 -0.9282
vn -0.4230 0.0164 -0.9060
vn -0.4495 0.0012 -0.8933
vn -0.4984 -0.0000 -0.8669
vn -0.5741 -0.0000 -0.8188
vn -0.5449 0.0283 -0.8380
vn -0.6161 -0.0000 -0.7876
vn 0.4493 0.0250 -0.8930
vn 0.4231 0.0018 -0.9061
vn 0.5740 0.0170 -0.8187
vn 0.5451 -0.0000 -0.8384
vn 0.4984 -0.0000 -0.8669
vn 0.7573 -0.0000 -0.6531
vn 0.7114 0.0089 -0.7027
vn 0.7075 0.0124 -0.7066
vn 0.6584 -0.0000 -0.7527
vn 0.6161 -0.0000 -0.7876
vn 0.9900 0.0397 0.1356
vn 0.9962 -0.0000 0.0871
vn 0.9821 -0.0000 0.1885
vn 0.9660 0.0102 0.2585
vn 0.9665 0.0118 0.2562
vn 0.9457 -0.0000 0.3251
vn 0.8898 0.0302 0.4554
vn 0.9065 -0.0000 0.4221
vn 0.8647 -0.0000 0.5023
vn 0.8195 0.0025 0.5731
vn 0.8176 -0.0000 0.5758
vn 0.2591 -0.0000 0.9659
vn 0.1939 0.0542 0.9795
vn -0.1943 -0.0000 0.9809
vn -0.1416 -0.0000 0.9899
vn -0.0872 0.0166 0.9960
vn -0.0547 -0.0000 0.9985
vn 0.0872 -0.0000 0.9962
vn 0.0546 0.0265 0.9982
vn 0.1416 -0.0000 0.9899
vn 0.8195 -0.0000 -0.5731
vn 0.9065 -0.0000 -0.4221
vn 0.9660 -0.0000 -0.2585
vn 0.9962 -0.0000 -0.0871
vn 0.9988 -0.0000 0.0490
vn -0.2591 -0.0000 -0.9659
vn -0.0873 -0.0000 -0.9962
vn 0.0873 -0.0000 -0.9962
vn 0.2591 -0.0000 -0.9659
vn 0.3721 -0.0000 -0.9282
vn -0.9962 -0.0000 -0.0871
vn -0.9660 -0.0000 -0.2585
vn -0.9065 -0.0000 -0.4221
vn -0.8195 -0.0000 -0.5731
vn -0.7573 -0.0000 -0.6531
vn -0.4112 -0.0000 0.9116
vn -0.4231 0.0006 0.9061
vn -0.4892 -0.0000 0.8722
vn -0.5741 -0.0000 0.8188
vn -0.7076 -0.0000 0.7066
vn -0.8176 -0.0000 0.5758
vn 0.7076 -0.0000 0.7066
vn 0.5741 -0.0000 0.8188
vn 0.4231 -0.0000 0.9061
vn 0.2790 -0.0000 0.9603
vn -0.0517 -0.9029 -0.4268
vn -0.0517 -0.9029 -0.4267
vn -0.0517 -0.9027 -0.4271
vn -0.0357 -0.9076 -0.4182
vn -0.0305 -0.8961 -0.4428
vn -0.0517 -0.9028 -0.4270
vn -0.0351 -0.9070 -0.4197
vn -0.0346 -0.9064 -0.4209
vn -0.0339 -0.9060 -0.4219
vn -0.0333 -0.9054 -0.4232
vn -0.0321 -0.9049 -0.4244
vn -0.0312 -0.9044 -0.4256
vn -0.0452 -0.9030 -0.4272
vn -0.0457 -0.9028 -0.4277
vn -0.0461 -0.9026 -0.4280
vn -0.0462 -0.9026 -0.4281
vn -0.0463 -0.9024 -0.4285
vn -0.0464 -0.9020 -0.4291
vn 0.0464 -0.9021 -0.4291
vn 0.0463 -0.9022 -0.4287
vn 0.0461 -0.9024 -0.4285
vn 0.0461 -0.9027 -0.4278
vn 0.0454 -0.9030 -0.4273
vn 0.0448 -0.9032 -0.4269
vn 0.0164 -0.9040 -0.4272
vn 0.0148 -0.9041 -0.4272
vn -0.0170 -0.9040 -0.4273
vn -0.0296 -0.9038 -0.4270
vn -0.0447 -0.9032 -0.4269
vn 0.0443 -0.9032 -0.4269
vn 0.0453 -0.9033 -0.4267
vn 0.0474 -0.9036 -0.4258
vn 0.0471 -0.9035 -0.4260
vn 0.0478 -0.9035 -0.4258
vn 0.0479 -0.9036 -0.4256
vn 0.0483 -0.9038 -0.4252
vn 0.0484 -0.9039 -0.4251
vn 0.0445 -0.9007 -0.4321
vn 0.0518 -0.9028 -0.4269
vn 0.0517 -0.9028 -0.4269
vn 0.0517 -0.9029 -0.4268
vn 0.0517 -0.9028 -0.4270
vn -1.0000 -0.0000 -0.0000
vn 1.0000 -0.0000 -0.0000
vn -0.2092 -0.9030 0.3753
vn -0.2097 -0.9027 0.3757
vn -0.2092 -0.9029 0.3754
vn -0.2095 -0.9028 0.3756
vn -0.2172 -0.9076 0.3592
vn -0.2359 -0.8961 0.3761
vn -0.2093 -0.9028 0.3757
vn -0.2094 -0.9028 0.3757
vn -0.2186 -0.9069 0.3601
vn -0.2197 -0.9064 0.3608
vn -0.2209 -0.9059 0.3612
vn -0.2222 -0.9054 0.3618
vn -0.2241 -0.9048 0.3622
vn -0.2257 -0.9042 0.3626
vn -0.2147 -0.9029 0.3724
vn -0.2146 -0.9027 0.3730
vn -0.2146 -0.9026 0.3732
vn -0.2147 -0.9024 0.3737
vn -0.2150 -0.9021 0.3743
vn -0.2900 -0.9020 0.3198
vn -0.2898 -0.9021 0.3197
vn -0.2893 -0.9024 0.3193
vn -0.2892 -0.9025 0.3192
vn -0.2882 -0.9029 0.3190
vn -0.2877 -0.9031 0.3189
vn -0.2647 -0.9039 0.3359
vn -0.2634 -0.9040 0.3369
vn -0.2377 -0.9039 0.3557
vn -0.2273 -0.9037 0.3628
vn -0.2150 -0.9031 0.3716
vn -0.2872 -0.9031 0.3193
vn -0.2881 -0.9032 0.3181
vn -0.2887 -0.9034 0.3171
vn -0.2887 -0.9034 0.3170
vn -0.2891 -0.9035 0.3165
vn -0.2892 -0.9036 0.3160
vn -0.2891 -0.9038 0.3155
vn -0.2893 -0.9037 0.3156
vn -0.2904 -0.9007 0.3231
vn -0.2929 -0.9029 0.3146
vn -0.2931 -0.9027 0.3150
vn -0.2930 -0.9028 0.3148
vn -0.2930 -0.9027 0.3150
vn -0.2927 -0.9030 0.3146
vn 0.8093 -0.0000 0.5873
vn 0.8094 0.0002 0.5872
vn 0.8094 -0.0000 0.5873
vn -0.8093 -0.0000 -0.5874
vn -0.8094 -0.0000 -0.5873
vn -0.8094 -0.0001 -0.5873
vn 0.2930 -0.9028 0.3150
vn 0.2932 -0.9027 0.3149
vn 0.2930 -0.9028 0.3149
vn 0.2748 -0.9078 0.3169
vn 0.2854 -0.8959 0.3406
vn 0.2930 -0.9027 0.3150
vn 0.2929 -0.9027 0.3151
vn 0.2755 -0.9069 0.3188
vn 0.2757 -0.9063 0.3203
vn 0.2759 -0.9058 0.3215
vn 0.2759 -0.9054 0.3228
vn 0.2758 -0.9047 0.3247
vn 0.2756 -0.9042 0.3262
vn 0.2880 -0.9029 0.3191
vn 0.2887 -0.9027 0.3191
vn 0.2892 -0.9025 0.3191
vn 0.2895 -0.9024 0.3192
vn 0.2896 -0.9023 0.3194
vn 0.2901 -0.9019 0.3201
vn 0.2148 -0.9021 0.3743
vn 0.2148 -0.9022 0.3741
vn 0.2146 -0.9024 0.3736
vn 0.2146 -0.9026 0.3733
vn 0.2148 -0.9029 0.3725
vn 0.2150 -0.9031 0.3717
vn 0.2381 -0.9040 0.3552
vn 0.2394 -0.9040 0.3542
vn 0.2652 -0.9039 0.3357
vn 0.2752 -0.9037 0.3280
vn 0.2876 -0.9031 0.3190
vn 0.2155 -0.9031 0.3713
vn 0.2140 -0.9033 0.3719
vn 0.2127 -0.9037 0.3716
vn 0.2126 -0.9035 0.3722
vn 0.2121 -0.9035 0.3724
vn 0.2116 -0.9036 0.3724
vn 0.2114 -0.9037 0.3723
vn 0.2109 -0.9039 0.3722
vn 0.2180 -0.9007 0.3757
vn 0.2096 -0.9027 0.3756
vn 0.2093 -0.9028 0.3756
vn 0.2092 -0.9029 0.3755
vn 0.2092 -0.9028 0.3757
vn 0.2092 -0.9030 0.3753
vn 0.8095 -0.0000 -0.5871
vn 0.8093 0.0001 -0.5873
vn 0.8094 -0.0000 -0.5873
vn 0.8094 0.0001 -0.5873
vn -0.8096 -0.0000 0.5870
vn -0.8094 -0.0000 0.5873
vn -0.8094 0.0001 0.5873
vn -0.0000 1.0000 0.0002
vn 0.3903 -0.9028 -0.1809
vn 0.3907 -0.9026 -0.1809
vn 0.3905 -0.9027 -0.1809
vn 0.3903 -0.9027 -0.1810
vn 0.3872 -0.9074 -0.1631
vn 0.4123 -0.8959 -0.1658
vn 0.3904 -0.9027 -0.1810
vn 0.3886 -0.9069 -0.1630
vn 0.3901 -0.9063 -0.1629
vn 0.3911 -0.9059 -0.1627
vn 0.3925 -0.9053 -0.1623
vn 0.3943 -0.9047 -0.1616
vn 0.3960 -0.9041 -0.1608
vn 0.3928 -0.9028 -0.1750
vn 0.3930 -0.9026 -0.1755
vn 0.3933 -0.9024 -0.1763
vn 0.3938 -0.9022 -0.1762
vn 0.3938 -0.9021 -0.1765
vn 0.3940 -0.9020 -0.1765
vn 0.4225 -0.9020 -0.0885
vn 0.4225 -0.9020 -0.0884
vn 0.4219 -0.9023 -0.0884
vn 0.4217 -0.9024 -0.0885
vn 0.4209 -0.9027 -0.0890
vn 0.4203 -0.9030 -0.0893
vn 0.4118 -0.9038 -0.1164
vn 0.4113 -0.9039 -0.1179
vn 0.4016 -0.9038 -0.1481
vn 0.3973 -0.9036 -0.1601
vn 0.3926 -0.9030 -0.1746
vn 0.4202 -0.9030 -0.0898
vn 0.4202 -0.9031 -0.0885
vn 0.4198 -0.9034 -0.0876
vn 0.4201 -0.9033 -0.0868
vn 0.4200 -0.9034 -0.0862
vn 0.4198 -0.9036 -0.0854
vn 0.4198 -0.9036 -0.0853
vn 0.4197 -0.9036 -0.0854
vn 0.4249 -0.9007 -0.0908
vn 0.4223 -0.9027 -0.0827
vn 0.4224 -0.9026 -0.0830
vn 0.4221 -0.9028 -0.0827
vn 0.4226 -0.9025 -0.0828
vn 0.4222 -0.9027 -0.0828
vn -0.3095 -0.0000 -0.9509
vn -0.3094 0.0001 -0.9509
vn -0.3094 -0.0000 -0.9509
vn 0.3095 -0.0000 0.9509
vn 0.3094 -0.0000 0.9509
vn -0.9660 -0.0011 0.2585
vn -0.9761 -0.0000 0.2172
vn -0.9962 -0.0000 0.0871
vn -0.9065 -0.0000 -0.4222
vn -0.7076 -0.0000 -0.7066
vn -0.4230 -0.0000 -0.9061
vn -0.2591 -0.0000 -0.9658
vn -0.0872 -0.0000 -0.9962
vn 0.0872 -0.0000 -0.9962
vn 0.2180 -0.0000 -0.9759
vn 0.2591 -0.0010 -0.9658
vn 0.3022 -0.0000 -0.9532
vn 0.4230 -0.0000 -0.9061
vn 0.5741 -0.0000 -0.8188
vn 0.7076 -0.0000 -0.7066
vn 0.9065 -0.0000 -0.4222
vn 0.9660 -0.0000 0.2585
vn 0.9065 -0.0000 0.4222
vn 0.8196 -0.0000 0.5730
vn 0.7075 -0.0000 0.7067
vn 0.4230 -0.0000 0.9061
vn 0.2591 -0.0000 0.9658
vn 0.0873 -0.0000 0.9962
vn -0.0873 -0.0000 0.9962
vn -0.2591 -0.0000 0.9658
vn -0.4230 -0.0000 0.9061
vn -0.7075 -0.0000 0.7067
vn -0.8196 -0.0000 0.5730
vn -0.9065 -0.0000 0.4222
vn -0.9534 -0.0000 0.3018
vn 0.9634 0.0741 -0.2576
vn 0.9634 0.0741 -0.2577
vn 0.9040 0.0741 -0.4210
vn 0.9039 0.0740 -0.4213
vn 0.8172 0.0741 -0.5716
vn 0.8173 0.0741 -0.5715
vn 0.7056 0.0741 -0.7047
vn 0.7054 0.0741 -0.7049
vn 0.5723 0.0741 -0.8167
vn 0.5725 0.0741 -0.8166
vn 0.4221 0.0741 -0.9035
vn 0.4220 0.0741 -0.9036
vn 0.2583 0.0741 -0.9632
vn 0.2585 0.0741 -0.9632
vn 0.0870 0.0741 -0.9934
vn 0.0869 0.0741 -0.9935
vn -0.0870 0.0741 -0.9934
vn -0.0869 0.0741 -0.9935
vn -0.2583 0.0741 -0.9632
vn -0.2585 0.0741 -0.9632
vn -0.4220 0.0741 -0.9036
vn -0.4217 0.0741 -0.9037
vn -0.5723 0.0741 -0.8167
vn -0.5729 0.0741 -0.8162
vn -0.7056 0.0741 -0.7047
vn -0.7054 0.0741 -0.7049
vn -0.8172 0.0741 -0.5716
vn -0.8170 0.0741 -0.5718
vn -0.9040 0.0741 -0.4211
vn -0.9041 0.0741 -0.4208
vn -0.9634 0.0741 -0.2576
vn -0.9634 0.0741 -0.2577
vn -0.9935 0.0740 -0.0869
vn -0.9935 0.0740 -0.0867
vn -0.9935 0.0740 0.0870
vn -0.9935 0.0740 0.0868
vn -0.9634 0.0740 0.2578
vn -0.9634 0.0741 0.2576
vn -0.9040 0.0741 0.4210
vn -0.8172 0.0741 0.5716
vn -0.8170 0.0741 0.5718
vn -0.7055 0.0741 0.7048
vn -0.7057 0.0741 0.7046
vn -0.5723 0.0741 0.8167
vn -0.5726 0.0741 0.8165
vn -0.4217 0.0741 0.9037
vn -0.2582 0.0741 0.9632
vn -0.2585 0.0741 0.9632
vn -0.0870 0.0741 0.9934
vn -0.0869 0.0741 0.9935
vn 0.0870 0.0741 0.9934
vn 0.0869 0.0741 0.9935
vn 0.2586 0.0741 0.9631
vn 0.2585 0.0741 0.9632
vn 0.4217 0.0741 0.9037
vn 0.5723 0.0741 0.8167
vn 0.5726 0.0741 0.8165
vn 0.7057 0.0741 0.7047
vn 0.7057 0.0741 0.7046
vn 0.8169 0.0741 0.5719
vn 0.8173 0.0741 0.5715
vn 0.9042 0.0740 0.4207
vn 0.9040 0.0741 0.4210
vn 0.9634 0.0740 0.2577
vn 0.9634 0.0741 0.2576
vn 0.9935 0.0740 0.0867
vn 0.9935 0.0740 0.0868
vn 0.9935 0.0740 -0.0869
vn 0.9935 0.0740 -0.0867
vn -0.1294 0.9742 0.1847
vn -0.0955 0.9742 0.2044
vn -0.0954 0.9742 0.2044
vn -0.0585 0.9742 0.2179
vn -0.0197 0.9743 0.2246
vn -0.0197 0.9742 0.2246
vn 0.0197 0.9742 0.2246
vn 0.0197 0.9742 0.2247
vn 0.0585 0.9742 0.2178
vn 0.0585 0.9742 0.2179
vn 0.0955 0.9742 0.2044
vn 0.0954 0.9742 0.2044
vn 0.1296 0.9742 0.1848
vn 0.1295 0.9742 0.1847
vn 0.1508 0.9744 0.1670
vn 0.1426 0.9795 0.1424
vn 0.1426 0.9795 0.1421
vn 0.1851 0.9742 -0.1295
vn 0.2044 0.9742 -0.0952
vn 0.2047 0.9742 -0.0953
vn 0.2181 0.9742 -0.0584
vn 0.2182 0.9742 -0.0584
vn 0.2250 0.9742 -0.0197
vn 0.2249 0.9742 -0.0197
vn 0.2250 0.9742 0.0197
vn 0.2181 0.9742 0.0584
vn 0.2047 0.9742 0.0953
vn 0.2046 0.9742 0.0953
vn 0.1849 0.9742 0.1294
vn 0.1849 0.9742 0.1293
vn 0.1672 0.9744 0.1506
vn 0.1379 0.9821 -0.1282
vn 0.1597 0.9742 -0.1596
vn 0.1849 0.9742 -0.1294
vn 0.1508 0.9744 -0.1670
vn 0.1295 0.9742 -0.1848
vn 0.1294 0.9742 -0.1846
vn 0.0955 0.9742 -0.2044
vn 0.0954 0.9742 -0.2044
vn 0.0585 0.9742 -0.2178
vn 0.0585 0.9742 -0.2179
vn 0.0197 0.9743 -0.2246
vn 0.0197 0.9742 -0.2247
vn -0.0197 0.9742 -0.2246
vn -0.0197 0.9742 -0.2247
vn -0.0585 0.9742 -0.2179
vn -0.0585 0.9742 -0.2178
vn -0.0955 0.9742 -0.2045
vn -0.0954 0.9742 -0.2044
vn -0.1295 0.9742 -0.1848
vn -0.1295 0.9742 -0.1847
vn -0.1597 0.9742 -0.1595
vn -0.1597 0.9742 -0.1596
vn -0.1850 0.9742 -0.1294
vn -0.1849 0.9742 -0.1294
vn -0.2048 0.9742 -0.0953
vn -0.2046 0.9742 -0.0953
vn -0.2182 0.9742 -0.0584
vn -0.2181 0.9742 -0.0584
vn -0.2250 0.9742 -0.0197
vn -0.2249 0.9742 0.0197
vn -0.2250 0.9742 0.0197
vn -0.2183 0.9741 0.0584
vn -0.2181 0.9742 0.0584
vn -0.2047 0.9742 0.0953
vn -0.2046 0.9742 0.0953
vn -0.1850 0.9742 0.1294
vn -0.1848 0.9742 0.1293
vn -0.1672 0.9743 0.1506
vn -0.1426 0.9795 0.1424
vn -0.1535 0.9743 0.1646
vn -0.1295 0.9742 0.1847
vn -0.5766 0.8155 -0.0504
vn -0.5591 0.8155 -0.1496
vn -0.5590 0.8156 -0.1497
vn -0.5244 0.8157 -0.2443
vn -0.5244 0.8157 -0.2442
vn -0.4741 0.8157 -0.3314
vn -0.4741 0.8157 -0.3315
vn -0.4094 0.8156 -0.4089
vn -0.4091 0.8159 -0.4085
vn -0.3320 0.8160 -0.4732
vn -0.3321 0.8157 -0.4736
vn -0.2447 0.8157 -0.5242
vn -0.1499 0.8157 -0.5586
vn -0.1498 0.8159 -0.5585
vn -0.0504 0.8160 -0.5759
vn -0.0504 0.8159 -0.5759
vn 0.0504 0.8160 -0.5759
vn 0.0505 0.8159 -0.5760
vn 0.1498 0.8159 -0.5585
vn 0.1499 0.8157 -0.5587
vn 0.2446 0.8159 -0.5238
vn 0.2447 0.8157 -0.5242
vn 0.3322 0.8157 -0.4736
vn 0.3320 0.8158 -0.4735
vn 0.4089 0.8160 -0.4087
vn 0.4093 0.8157 -0.4087
vn 0.4741 0.8157 -0.3315
vn 0.4740 0.8157 -0.3315
vn 0.5244 0.8157 -0.2443
vn 0.5588 0.8157 -0.1495
vn 0.5591 0.8155 -0.1495
vn 0.5763 0.8157 -0.0503
vn 0.5765 0.8156 -0.0504
vn 0.5765 0.8156 0.0504
vn 0.5766 0.8155 0.0504
vn 0.5591 0.8155 0.1496
vn 0.5588 0.8157 0.1495
vn 0.5244 0.8157 0.2443
vn 0.5244 0.8157 0.2442
vn 0.4741 0.8157 0.3314
vn 0.4739 0.8160 0.3312
vn 0.4090 0.8160 0.4085
vn 0.4093 0.8157 0.4087
vn 0.3320 0.8158 0.4735
vn 0.3321 0.8157 0.4736
vn 0.2449 0.8157 0.5240
vn 0.2446 0.8158 0.5240
vn 0.1498 0.8159 0.5584
vn 0.0504 0.8160 0.5759
vn 0.0504 0.8159 0.5760
vn -0.0505 0.8159 0.5760
vn -0.0504 0.8159 0.5760
vn -0.1498 0.8160 0.5584
vn -0.1498 0.8159 0.5585
vn -0.2446 0.8158 0.5240
vn -0.2447 0.8157 0.5242
vn -0.3320 0.8159 0.4734
vn -0.3321 0.8158 0.4736
vn -0.4094 0.8156 0.4088
vn -0.4093 0.8157 0.4087
vn -0.4740 0.8158 0.3314
vn -0.4741 0.8156 0.3317
vn -0.5244 0.8157 0.2443
vn -0.5588 0.8157 0.1496
vn -0.5591 0.8155 0.1496
vn -0.5765 0.8155 0.0505
vn -0.5764 0.8156 0.0504
vn -0.7737 0.6300 -0.0676
vn -0.7503 0.6299 -0.2008
vn -0.7503 0.6298 -0.2008
vn -0.7040 0.6301 -0.3278
vn -0.7040 0.6299 -0.3279
vn -0.6364 0.6301 -0.4450
vn -0.5494 0.6301 -0.5488
vn -0.5494 0.6302 -0.5487
vn -0.4457 0.6303 -0.6357
vn -0.3285 0.6302 -0.7035
vn -0.3284 0.6303 -0.7035
vn -0.2012 0.6303 -0.7499
vn -0.2012 0.6303 -0.7498
vn -0.0679 0.6302 -0.7735
vn -0.0677 0.6303 -0.7734
vn 0.0677 0.6304 -0.7733
vn 0.0679 0.6302 -0.7735
vn 0.2012 0.6301 -0.7500
vn 0.2012 0.6304 -0.7497
vn 0.3285 0.6303 -0.7034
vn 0.3285 0.6302 -0.7036
vn 0.4457 0.6303 -0.6357
vn 0.5494 0.6301 -0.5487
vn 0.5494 0.6302 -0.5487
vn 0.6363 0.6301 -0.4450
vn 0.7040 0.6300 -0.3278
vn 0.7041 0.6299 -0.3279
vn 0.7502 0.6300 -0.2007
vn 0.7502 0.6300 -0.2008
vn 0.7736 0.6300 -0.0676
vn 0.7737 0.6300 -0.0678
vn 0.7737 0.6300 0.0675
vn 0.7737 0.6300 0.0676
vn 0.7502 0.6300 0.2007
vn 0.7502 0.6300 0.2008
vn 0.7040 0.6301 0.3278
vn 0.7039 0.6301 0.3279
vn 0.6364 0.6301 0.4450
vn 0.6363 0.6302 0.4450
vn 0.5494 0.6301 0.5487
vn 0.5493 0.6302 0.5487
vn 0.4457 0.6303 0.6357
vn 0.4457 0.6302 0.6358
vn 0.3284 0.6303 0.7035
vn 0.3286 0.6306 0.7031
vn 0.2010 0.6307 0.7496
vn 0.2011 0.6304 0.7498
vn 0.0679 0.6302 0.7735
vn 0.0679 0.6300 0.7736
vn -0.0678 0.6303 0.7734
vn -0.0679 0.6302 0.7735
vn -0.2011 0.6303 0.7498
vn -0.2012 0.6304 0.7498
vn -0.3284 0.6303 0.7034
vn -0.3285 0.6302 0.7035
vn -0.4457 0.6304 0.6356
vn -0.4457 0.6303 0.6357
vn -0.5494 0.6301 0.5487
vn -0.5493 0.6302 0.5487
vn -0.6363 0.6301 0.4450
vn -0.7040 0.6300 0.3278
vn -0.7040 0.6301 0.3278
vn -0.7502 0.6299 0.2008
vn -0.7502 0.6300 0.2008
vn -0.7737 0.6300 0.0676
vn -0.7737 0.6300 0.0678
vn -0.7737 0.6300 -0.0675
vn -0.8761 0.4760 -0.0764
vn -0.8494 0.4761 -0.2276
vn -0.8494 0.4763 -0.2274
vn -0.7971 0.4763 -0.3712
vn -0.7204 0.4766 -0.5039
vn -0.7205 0.4764 -0.5039
vn -0.6221 0.4764 -0.6213
vn -0.6221 0.4763 -0.6214
vn -0.5047 0.4765 -0.7199
vn -0.5047 0.4766 -0.7198
vn -0.3718 0.4770 -0.7964
vn -0.3719 0.4767 -0.7965
vn -0.2278 0.4767 -0.8491
vn -0.2278 0.4766 -0.8491
vn -0.0767 0.4768 -0.8756
vn -0.0767 0.4768 -0.8757
vn 0.0767 0.4768 -0.8757
vn 0.0767 0.4768 -0.8756
vn 0.2278 0.4767 -0.8490
vn 0.2278 0.4766 -0.8491
vn 0.3719 0.4767 -0.7966
vn 0.3719 0.4770 -0.7964
vn 0.5047 0.4766 -0.7198
vn 0.6221 0.4764 -0.6213
vn 0.7205 0.4764 -0.5039
vn 0.7205 0.4763 -0.5039
vn 0.7971 0.4762 -0.3712
vn 0.7971 0.4762 -0.3713
vn 0.8493 0.4763 -0.2275
vn 0.8495 0.4761 -0.2275
vn 0.8761 0.4760 -0.0763
vn 0.8760 0.4762 -0.0768
vn 0.8759 0.4764 0.0763
vn 0.8760 0.4763 0.0766
vn 0.8495 0.4761 0.2274
vn 0.8495 0.4760 0.2275
vn 0.7971 0.4763 0.3712
vn 0.7205 0.4765 0.5038
vn 0.7204 0.4767 0.5037
vn 0.6221 0.4766 0.6212
vn 0.5047 0.4767 0.7198
vn 0.5047 0.4765 0.7199
vn 0.3719 0.4766 0.7966
vn 0.3719 0.4764 0.7967
vn 0.2278 0.4766 0.8491
vn 0.2278 0.4767 0.8491
vn 0.0767 0.4766 0.8757
vn 0.0768 0.4766 0.8758
vn -0.0768 0.4764 0.8759
vn -0.0767 0.4766 0.8758
vn -0.2278 0.4766 0.8491
vn -0.2278 0.4767 0.8490
vn -0.3719 0.4766 0.7966
vn -0.3719 0.4765 0.7966
vn -0.5047 0.4766 0.7198
vn -0.5047 0.4765 0.7199
vn -0.6221 0.4766 0.6212
vn -0.7205 0.4767 0.5037
vn -0.7205 0.4765 0.5039
vn -0.7971 0.4763 0.3712
vn -0.7970 0.4764 0.3713
vn -0.8494 0.4764 0.2272
vn -0.8495 0.4761 0.2275
vn -0.8761 0.4760 0.0763
vn -0.8760 0.4762 0.0766
vn -0.8760 0.4762 -0.0767
vn -0.9310 0.3558 -0.0813
vn -0.9027 0.3561 -0.2417
vn -0.9026 0.3561 -0.2417
vn -0.8471 0.3559 -0.3946
vn -0.8471 0.3560 -0.3945
vn -0.7658 0.3560 -0.5355
vn -0.7657 0.3562 -0.5356
vn -0.6612 0.3559 -0.6604
vn -0.6612 0.3562 -0.6603
vn -0.5364 0.3562 -0.7651
vn -0.5364 0.3561 -0.7652
vn -0.3953 0.3564 -0.8466
vn -0.3952 0.3564 -0.8466
vn -0.2420 0.3564 -0.9024
vn -0.2420 0.3564 -0.9025
vn -0.0817 0.3563 -0.9308
vn -0.0816 0.3562 -0.9308
vn 0.0817 0.3562 -0.9308
vn 0.0816 0.3563 -0.9308
vn 0.2420 0.3564 -0.9025
vn 0.2420 0.3564 -0.9024
vn 0.3951 0.3564 -0.8467
vn 0.3953 0.3563 -0.8466
vn 0.5366 0.3559 -0.7651
vn 0.5364 0.3563 -0.7651
vn 0.6612 0.3562 -0.6603
vn 0.6610 0.3561 -0.6605
vn 0.7658 0.3562 -0.5355
vn 0.7658 0.3560 -0.5355
vn 0.8471 0.3560 -0.3945
vn 0.9027 0.3560 -0.2416
vn 0.9025 0.3564 -0.2418
vn 0.9309 0.3561 -0.0813
vn 0.9309 0.3562 -0.0810
vn 0.9310 0.3559 0.0813
vn 0.9310 0.3560 0.0813
vn 0.9026 0.3561 0.2418
vn 0.9027 0.3561 0.2416
vn 0.8471 0.3560 0.3945
vn 0.8471 0.3560 0.3946
vn 0.7659 0.3559 0.5355
vn 0.7658 0.3562 0.5354
vn 0.6612 0.3562 0.6602
vn 0.6612 0.3562 0.6603
vn 0.5365 0.3563 0.7650
vn 0.5364 0.3563 0.7651
vn 0.3953 0.3564 0.8466
vn 0.3953 0.3562 0.8467
vn 0.2421 0.3563 0.9024
vn 0.2420 0.3564 0.9025
vn 0.0812 0.3563 0.9308
vn 0.0815 0.3565 0.9308
vn -0.0815 0.3564 0.9308
vn -0.0816 0.3563 0.9308
vn -0.2425 0.3564 0.9023
vn -0.2421 0.3563 0.9025
vn -0.3953 0.3563 0.8466
vn -0.3953 0.3564 0.8466
vn -0.5364 0.3562 0.7651
vn -0.6612 0.3562 0.6602
vn -0.7658 0.3562 0.5355
vn -0.7659 0.3559 0.5354
vn -0.8470 0.3561 0.3947
vn -0.8472 0.3559 0.3945
vn -0.9026 0.3562 0.2417
vn -0.9027 0.3561 0.2417
vn -0.9309 0.3562 0.0811
vn -0.9310 0.3560 -0.0813
vn -0.9621 0.2595 -0.0841
vn -0.9329 0.2594 -0.2499
vn -0.9329 0.2596 -0.2495
vn -0.8755 0.2593 -0.4077
vn -0.8755 0.2596 -0.4076
vn -0.7914 0.2595 -0.5535
vn -0.7914 0.2596 -0.5535
vn -0.6833 0.2599 -0.6823
vn -0.5544 0.2597 -0.7907
vn -0.5543 0.2599 -0.7907
vn -0.4085 0.2596 -0.8751
vn -0.4085 0.2595 -0.8751
vn -0.2502 0.2598 -0.9327
vn -0.2502 0.2594 -0.9328
vn -0.0843 0.2599 -0.9620
vn 0.0841 0.2602 -0.9619
vn 0.0844 0.2595 -0.9621
vn 0.2502 0.2597 -0.9327
vn 0.2502 0.2599 -0.9327
vn 0.4085 0.2596 -0.8751
vn 0.4084 0.2596 -0.8751
vn 0.5547 0.2595 -0.7905
vn 0.5543 0.2595 -0.7908
vn 0.6833 0.2599 -0.6823
vn 0.7913 0.2599 -0.5535
vn 0.7914 0.2595 -0.5534
vn 0.8755 0.2596 -0.4077
vn 0.8754 0.2597 -0.4077
vn 0.9329 0.2595 -0.2496
vn 0.9329 0.2594 -0.2499
vn 0.9621 0.2594 -0.0839
vn 0.9621 0.2594 -0.0840
vn 0.9621 0.2594 0.0841
vn 0.9621 0.2595 0.0841
vn 0.9328 0.2597 0.2499
vn 0.9328 0.2596 0.2499
vn 0.8754 0.2597 0.4077
vn 0.7914 0.2595 0.5534
vn 0.7914 0.2599 0.5534
vn 0.6833 0.2599 0.6823
vn 0.5543 0.2599 0.7907
vn 0.5542 0.2595 0.7909
vn 0.4085 0.2596 0.8751
vn 0.4085 0.2595 0.8751
vn 0.2502 0.2598 0.9327
vn 0.0843 0.2597 0.9620
vn 0.0842 0.2597 0.9620
vn -0.0843 0.2598 0.9620
vn -0.0843 0.2599 0.9620
vn -0.2502 0.2598 0.9327
vn -0.2503 0.2597 0.9327
vn -0.4085 0.2596 0.8751
vn -0.4084 0.2596 0.8751
vn -0.5544 0.2599 0.7906
vn -0.5544 0.2597 0.7907
vn -0.6833 0.2599 0.6823
vn -0.7914 0.2599 0.5532
vn -0.7914 0.2597 0.5534
vn -0.8755 0.2595 0.4077
vn -0.8754 0.2595 0.4078
vn -0.9328 0.2596 0.2499
vn -0.9329 0.2595 0.2496
vn -0.9621 0.2595 0.0840
vn -0.9621 0.2594 -0.0840
vn -0.9801 0.1791 -0.0855
vn -0.9504 0.1788 -0.2544
vn -0.9505 0.1787 -0.2543
vn -0.8919 0.1787 -0.4154
vn -0.8919 0.1788 -0.4154
vn -0.8064 0.1789 -0.5636
vn -0.8063 0.1788 -0.5639
vn -0.6962 0.1786 -0.6953
vn -0.6962 0.1788 -0.6953
vn -0.5648 0.1786 -0.8056
vn -0.5651 0.1789 -0.8054
vn -0.4162 0.1788 -0.8915
vn -0.2550 0.1789 -0.9502
vn -0.2548 0.1791 -0.9503
vn -0.0859 0.1791 -0.9801
vn -0.0859 0.1788 -0.9801
vn 0.0859 0.1788 -0.9801
vn 0.0857 0.1791 -0.9801
vn 0.2551 0.1791 -0.9502
vn 0.2550 0.1789 -0.9503
vn 0.4162 0.1789 -0.8915
vn 0.4162 0.1788 -0.8915
vn 0.5648 0.1789 -0.8056
vn 0.5649 0.1787 -0.8056
vn 0.6962 0.1786 -0.6953
vn 0.6962 0.1787 -0.6953
vn 0.8063 0.1786 -0.5639
vn 0.8062 0.1789 -0.5639
vn 0.8919 0.1788 -0.4154
vn 0.8919 0.1787 -0.4154
vn 0.9505 0.1786 -0.2543
vn 0.9505 0.1787 -0.2543
vn 0.9802 0.1788 -0.0856
vn 0.9802 0.1785 -0.0855
vn 0.9802 0.1785 0.0858
vn 0.9801 0.1790 0.0856
vn 0.9504 0.1789 0.2543
vn 0.9505 0.1786 0.2544
vn 0.8919 0.1788 0.4154
vn 0.8920 0.1784 0.4154
vn 0.8062 0.1789 0.5639
vn 0.8063 0.1786 0.5639
vn 0.6961 0.1786 0.6953
vn 0.6962 0.1789 0.6952
vn 0.5648 0.1790 0.8056
vn 0.5648 0.1789 0.8056
vn 0.4162 0.1788 0.8915
vn 0.4162 0.1787 0.8915
vn 0.2551 0.1786 0.9503
vn 0.2550 0.1787 0.9503
vn 0.0859 0.1789 0.9801
vn 0.0860 0.1790 0.9801
vn -0.0859 0.1789 0.9801
vn -0.0859 0.1788 0.9801
vn -0.2549 0.1789 0.9503
vn -0.2548 0.1786 0.9503
vn -0.4163 0.1787 0.8915
vn -0.4162 0.1788 0.8915
vn -0.5648 0.1789 0.8056
vn -0.5648 0.1790 0.8056
vn -0.6960 0.1789 0.6954
vn -0.6961 0.1788 0.6953
vn -0.8063 0.1786 0.5639
vn -0.8063 0.1788 0.5638
vn -0.8920 0.1784 0.4154
vn -0.8919 0.1787 0.4154
vn -0.9505 0.1788 0.2543
vn -0.9505 0.1786 0.2543
vn -0.9801 0.1790 0.0858
vn -0.9802 0.1785 0.0856
vn -0.9802 0.1785 -0.0858
vn -0.9905 0.1073 -0.0866
vn -0.9604 0.1074 -0.2570
vn -0.9604 0.1073 -0.2570
vn -0.9013 0.1073 -0.4197
vn -0.9013 0.1074 -0.4197
vn -0.8147 0.1074 -0.5698
vn -0.8147 0.1074 -0.5699
vn -0.7033 0.1075 -0.7027
vn -0.7035 0.1073 -0.7025
vn -0.5707 0.1076 -0.8141
vn -0.5708 0.1072 -0.8141
vn -0.4204 0.1073 -0.9010
vn -0.4206 0.1076 -0.9008
vn -0.2576 0.1075 -0.9603
vn -0.2577 0.1074 -0.9602
vn -0.0868 0.1075 -0.9904
vn -0.0868 0.1074 -0.9904
vn 0.0866 0.1074 -0.9904
vn 0.0868 0.1076 -0.9904
vn 0.2576 0.1073 -0.9603
vn 0.2576 0.1076 -0.9602
vn 0.4205 0.1073 -0.9009
vn 0.4202 0.1073 -0.9011
vn 0.5707 0.1075 -0.8141
vn 0.5708 0.1076 -0.8140
vn 0.7035 0.1075 -0.7026
vn 0.7035 0.1075 -0.7025
vn 0.8148 0.1076 -0.5697
vn 0.8147 0.1075 -0.5698
vn 0.9013 0.1075 -0.4196
vn 0.9013 0.1073 -0.4197
vn 0.9604 0.1073 -0.2570
vn 0.9604 0.1075 -0.2570
vn 0.9904 0.1076 -0.0865
vn 0.9904 0.1074 -0.0867
vn 0.9904 0.1074 0.0865
vn 0.9605 0.1072 0.2568
vn 0.9604 0.1073 0.2570
vn 0.9013 0.1075 0.4197
vn 0.9013 0.1072 0.4197
vn 0.8148 0.1078 0.5697
vn 0.8148 0.1076 0.5697
vn 0.7035 0.1076 0.7025
vn 0.7035 0.1075 0.7025
vn 0.5708 0.1074 0.8140
vn 0.5707 0.1077 0.8141
vn 0.4204 0.1073 0.9010
vn 0.4206 0.1078 0.9008
vn 0.2577 0.1078 0.9602
vn 0.2577 0.1076 0.9602
vn 0.0866 0.1080 0.9904
vn 0.0868 0.1075 0.9904
vn -0.0866 0.1074 0.9904
vn -0.0868 0.1075 0.9904
vn -0.2577 0.1080 0.9602
vn -0.2576 0.1075 0.9603
vn -0.4204 0.1078 0.9009
vn -0.4206 0.1073 0.9009
vn -0.5708 0.1072 0.8140
vn -0.5708 0.1074 0.8141
vn -0.7035 0.1075 0.7025
vn -0.7035 0.1074 0.7025
vn -0.8147 0.1076 0.5699
vn -0.8148 0.1074 0.5697
vn -0.9013 0.1074 0.4197
vn -0.9604 0.1073 0.2570
vn -0.9604 0.1072 0.2570
vn -0.9905 0.1071 0.0865
vn -0.9904 0.1074 0.0867
vn -0.9904 0.1074 -0.0865
vn -0.9953 0.0437 -0.0869
vn -0.9650 0.0437 -0.2584
vn -0.9651 0.0436 -0.2583
vn -0.9057 0.0433 -0.4218
vn -0.9058 0.0437 -0.4215
vn -0.8186 0.0436 -0.5726
vn -0.8187 0.0436 -0.5725
vn -0.7069 0.0437 -0.7060
vn -0.5735 0.0438 -0.8180
vn -0.5734 0.0431 -0.8182
vn -0.4227 0.0436 -0.9052
vn -0.4228 0.0439 -0.9052
vn -0.2589 0.0436 -0.9649
vn -0.2589 0.0437 -0.9649
vn -0.0872 0.0436 -0.9952
vn -0.0872 0.0437 -0.9952
vn 0.0872 0.0436 -0.9952
vn 0.0872 0.0437 -0.9952
vn 0.2589 0.0434 -0.9649
vn 0.2589 0.0437 -0.9649
vn 0.4226 0.0437 -0.9053
vn 0.4227 0.0436 -0.9052
vn 0.5736 0.0435 -0.8180
vn 0.5735 0.0437 -0.8180
vn 0.7069 0.0437 -0.7060
vn 0.8187 0.0436 -0.5726
vn 0.9056 0.0433 -0.4219
vn 0.9057 0.0435 -0.4218
vn 0.9651 0.0435 -0.2582
vn 0.9651 0.0436 -0.2582
vn 0.9953 0.0435 -0.0870
vn 0.9953 0.0436 0.0870
vn 0.9953 0.0433 0.0871
vn 0.9651 0.0437 0.2583
vn 0.9651 0.0436 0.2583
vn 0.9056 0.0434 0.4219
vn 0.9057 0.0436 0.4218
vn 0.8187 0.0438 0.5725
vn 0.8187 0.0436 0.5726
vn 0.7069 0.0437 0.7060
vn 0.7069 0.0436 0.7060
vn 0.5735 0.0437 0.8180
vn 0.4226 0.0437 0.9052
vn 0.4227 0.0436 0.9052
vn 0.2589 0.0437 0.9649
vn 0.0873 0.0438 0.9952
vn 0.0872 0.0437 0.9952
vn -0.0872 0.0438 0.9952
vn -0.0872 0.0435 0.9952
vn -0.2589 0.0434 0.9649
vn -0.2589 0.0435 0.9649
vn -0.4228 0.0436 0.9052
vn -0.4227 0.0437 0.9052
vn -0.5735 0.0437 0.8180
vn -0.5735 0.0436 0.8180
vn -0.7069 0.0437 0.7060
vn -0.7069 0.0436 0.7060
vn -0.8186 0.0438 0.5726
vn -0.8187 0.0437 0.5726
vn -0.9056 0.0437 0.4218
vn -0.9058 0.0439 0.4215
vn -0.9650 0.0437 0.2585
vn -0.9651 0.0437 0.2584
vn -0.9953 0.0436 0.0870
vn -0.9953 0.0435 0.0870
vn -0.9953 0.0436 -0.0869
vn -0.9961 -0.0164 -0.0871
vn -0.9659 -0.0163 -0.2584
vn -0.9659 -0.0162 -0.2583
vn -0.9064 -0.0162 -0.4220
vn -0.9064 -0.0163 -0.4221
vn -0.8194 -0.0164 -0.5730
vn -0.8195 -0.0163 -0.5729
vn -0.7074 -0.0165 -0.7066
vn -0.7074 -0.0161 -0.7066
vn -0.5739 -0.0160 -0.8188
vn -0.5740 -0.0163 -0.8187
vn -0.4230 -0.0162 -0.9060
vn -0.4230 -0.0163 -0.9060
vn -0.2591 -0.0163 -0.9657
vn -0.2591 -0.0164 -0.9657
vn -0.0872 -0.0162 -0.9961
vn -0.0872 -0.0163 -0.9961
vn 0.0873 -0.0163 -0.9960
vn 0.0872 -0.0162 -0.9961
vn 0.2591 -0.0162 -0.9657
vn 0.2591 -0.0164 -0.9657
vn 0.4229 -0.0162 -0.9060
vn 0.4230 -0.0161 -0.9060
vn 0.5740 -0.0163 -0.8187
vn 0.5741 -0.0163 -0.8186
vn 0.7074 -0.0165 -0.7066
vn 0.8195 -0.0161 -0.5729
vn 0.8194 -0.0163 -0.5730
vn 0.9064 -0.0161 -0.4221
vn 0.9659 -0.0163 -0.2585
vn 0.9961 -0.0163 -0.0870
vn 0.9961 -0.0161 -0.0871
vn 0.9961 -0.0161 0.0870
vn 0.9961 -0.0162 0.0871
vn 0.9659 -0.0164 0.2585
vn 0.9659 -0.0160 0.2583
vn 0.9064 -0.0163 0.4222
vn 0.9064 -0.0162 0.4221
vn 0.8194 -0.0163 0.5730
vn 0.8193 -0.0165 0.5731
vn 0.7074 -0.0165 0.7066
vn 0.5741 -0.0165 0.8187
vn 0.5740 -0.0162 0.8187
vn 0.4230 -0.0162 0.9060
vn 0.4229 -0.0164 0.9060
vn 0.2591 -0.0163 0.9657
vn 0.2591 -0.0162 0.9657
vn 0.0873 -0.0163 0.9960
vn 0.0873 -0.0163 0.9961
vn -0.0873 -0.0162 0.9961
vn -0.0873 -0.0163 0.9961
vn -0.2591 -0.0162 0.9657
vn -0.4230 -0.0164 0.9060
vn -0.4230 -0.0163 0.9060
vn -0.5740 -0.0163 0.8187
vn -0.5741 -0.0160 0.8187
vn -0.7074 -0.0165 0.7066
vn -0.8194 -0.0162 0.5730
vn -0.9064 -0.0162 0.4221
vn -0.9064 -0.0161 0.4221
vn -0.9659 -0.0162 0.2585
vn -0.9659 -0.0164 0.2585
vn -0.9961 -0.0163 0.0869
vn -0.9961 -0.0161 0.0870
vn -0.9961 -0.0162 -0.0871
vn -0.9933 -0.0767 -0.0868
vn -0.9631 -0.0768 -0.2578
vn -0.9632 -0.0766 -0.2578
vn -0.9039 -0.0767 -0.4209
vn -0.9038 -0.0767 -0.4209
vn -0.8171 -0.0767 -0.5714
vn -0.8171 -0.0770 -0.5714
vn -0.7055 -0.0769 -0.7046
vn -0.7055 -0.0767 -0.7046
vn -0.5724 -0.0769 -0.8164
vn -0.5724 -0.0771 -0.8163
vn -0.4218 -0.0769 -0.9034
vn -0.4219 -0.0768 -0.9034
vn -0.2584 -0.0767 -0.9630
vn -0.2584 -0.0768 -0.9630
vn -0.0870 -0.0768 -0.9932
vn 0.0870 -0.0768 -0.9932
vn 0.0869 -0.0768 -0.9933
vn 0.2584 -0.0766 -0.9630
vn 0.2583 -0.0766 -0.9630
vn 0.4218 -0.0769 -0.9034
vn 0.4219 -0.0768 -0.9034
vn 0.5725 -0.0768 -0.8163
vn 0.5724 -0.0768 -0.8164
vn 0.7055 -0.0767 -0.7046
vn 0.8171 -0.0769 -0.5714
vn 0.8170 -0.0771 -0.5715
vn 0.9036 -0.0770 -0.4214
vn 0.9038 -0.0769 -0.4210
vn 0.9632 -0.0767 -0.2577
vn 0.9632 -0.0768 -0.2578
vn 0.9933 -0.0768 -0.0868
vn 0.9933 -0.0767 -0.0868
vn 0.9933 -0.0769 0.0868
vn 0.9933 -0.0767 0.0868
vn 0.9632 -0.0767 0.2577
vn 0.9632 -0.0768 0.2577
vn 0.9039 -0.0766 0.4208
vn 0.9037 -0.0770 0.4213
vn 0.8172 -0.0769 0.5712
vn 0.8171 -0.0769 0.5714
vn 0.7055 -0.0768 0.7045
vn 0.7054 -0.0768 0.7046
vn 0.5724 -0.0768 0.8164
vn 0.5723 -0.0766 0.8164
vn 0.4220 -0.0771 0.9033
vn 0.4218 -0.0768 0.9034
vn 0.2584 -0.0767 0.9630
vn 0.2584 -0.0763 0.9630
vn 0.0871 -0.0768 0.9932
vn 0.0870 -0.0768 0.9932
vn -0.0870 -0.0768 0.9932
vn -0.0871 -0.0767 0.9932
vn -0.2583 -0.0767 0.9630
vn -0.2584 -0.0769 0.9630
vn -0.4218 -0.0768 0.9034
vn -0.4216 -0.0771 0.9035
vn -0.5724 -0.0768 0.8164
vn -0.5724 -0.0770 0.8164
vn -0.7056 -0.0769 0.7045
vn -0.7055 -0.0767 0.7046
vn -0.8171 -0.0770 0.5713
vn -0.8172 -0.0768 0.5713
vn -0.9039 -0.0767 0.4209
vn -0.9038 -0.0767 0.4210
vn -0.9632 -0.0767 0.2577
vn -0.9933 -0.0768 0.0868
vn -0.9933 -0.0769 0.0867
vn -0.9933 -0.0769 -0.0867
vn -0.9863 -0.1405 -0.0862
vn -0.9564 -0.1405 -0.2560
vn -0.9564 -0.1406 -0.2559
vn -0.8975 -0.1406 -0.4180
vn -0.8975 -0.1405 -0.4180
vn -0.8114 -0.1405 -0.5674
vn -0.8114 -0.1406 -0.5674
vn -0.7005 -0.1409 -0.6996
vn -0.7005 -0.1407 -0.6996
vn -0.5684 -0.1407 -0.8107
vn -0.5684 -0.1406 -0.8107
vn -0.4188 -0.1407 -0.8971
vn -0.4190 -0.1404 -0.8971
vn -0.2566 -0.1406 -0.9562
vn -0.2566 -0.1408 -0.9562
vn -0.0865 -0.1405 -0.9863
vn -0.0864 -0.1408 -0.9863
vn 0.0865 -0.1405 -0.9863
vn 0.0861 -0.1408 -0.9863
vn 0.2566 -0.1406 -0.9562
vn 0.2565 -0.1406 -0.9563
vn 0.4188 -0.1404 -0.8972
vn 0.4189 -0.1407 -0.8971
vn 0.5681 -0.1411 -0.8108
vn 0.5683 -0.1407 -0.8107
vn 0.7005 -0.1408 -0.6997
vn 0.7005 -0.1407 -0.6996
vn 0.8114 -0.1408 -0.5673
vn 0.8113 -0.1405 -0.5674
vn 0.8975 -0.1405 -0.4180
vn 0.9565 -0.1402 -0.2559
vn 0.9564 -0.1406 -0.2559
vn 0.9863 -0.1406 -0.0862
vn 0.9863 -0.1406 -0.0861
vn 0.9863 -0.1405 0.0863
vn 0.9863 -0.1408 0.0861
vn 0.9564 -0.1405 0.2561
vn 0.9565 -0.1407 0.2557
vn 0.8975 -0.1406 0.4180
vn 0.8113 -0.1406 0.5674
vn 0.7005 -0.1407 0.6996
vn 0.7005 -0.1407 0.6997
vn 0.5683 -0.1407 0.8107
vn 0.5684 -0.1407 0.8107
vn 0.4189 -0.1406 0.8971
vn 0.4188 -0.1408 0.8971
vn 0.2564 -0.1405 0.9563
vn 0.2564 -0.1408 0.9563
vn 0.0864 -0.1407 0.9863
vn -0.0864 -0.1408 0.9863
vn -0.0864 -0.1406 0.9863
vn -0.2561 -0.1408 0.9563
vn -0.2566 -0.1408 0.9562
vn -0.4189 -0.1407 0.8971
vn -0.4188 -0.1407 0.8971
vn -0.5683 -0.1405 0.8107
vn -0.5684 -0.1406 0.8106
vn -0.7005 -0.1406 0.6997
vn -0.7005 -0.1406 0.6996
vn -0.8114 -0.1406 0.5674
vn -0.8975 -0.1406 0.4180
vn -0.9565 -0.1407 0.2557
vn -0.9564 -0.1406 0.2559
vn -0.9863 -0.1408 0.0861
vn -0.9863 -0.1406 0.0862
vn -0.9738 -0.2108 -0.0849
vn -0.9444 -0.2107 -0.2525
vn -0.9443 -0.2107 -0.2527
vn -0.8862 -0.2106 -0.4126
vn -0.8862 -0.2107 -0.4127
vn -0.8011 -0.2107 -0.5602
vn -0.8011 -0.2109 -0.5602
vn -0.6917 -0.2109 -0.6908
vn -0.6916 -0.2108 -0.6908
vn -0.5612 -0.2104 -0.8005
vn -0.5609 -0.2110 -0.8005
vn -0.4135 -0.2109 -0.8857
vn -0.4134 -0.2106 -0.8859
vn -0.2536 -0.2107 -0.9441
vn -0.2536 -0.2106 -0.9441
vn -0.0853 -0.2109 -0.9738
vn -0.0853 -0.2112 -0.9737
vn 0.0853 -0.2110 -0.9738
vn 0.0854 -0.2111 -0.9737
vn 0.2534 -0.2109 -0.9441
vn 0.2536 -0.2107 -0.9441
vn 0.4134 -0.2106 -0.8859
vn 0.5611 -0.2110 -0.8004
vn 0.5611 -0.2107 -0.8005
vn 0.6917 -0.2106 -0.6908
vn 0.8011 -0.2108 -0.5602
vn 0.8011 -0.2106 -0.5602
vn 0.8862 -0.2107 -0.4127
vn 0.9443 -0.2108 -0.2526
vn 0.9443 -0.2107 -0.2527
vn 0.9739 -0.2108 -0.0847
vn 0.9739 -0.2106 -0.0851
vn 0.9739 -0.2107 0.0851
vn 0.9738 -0.2106 0.0853
vn 0.9443 -0.2107 0.2528
vn 0.9444 -0.2107 0.2525
vn 0.8862 -0.2107 0.4125
vn 0.8862 -0.2107 0.4127
vn 0.8011 -0.2108 0.5602
vn 0.8011 -0.2107 0.5602
vn 0.6917 -0.2109 0.6908
vn 0.6917 -0.2107 0.6908
vn 0.5613 -0.2108 0.8004
vn 0.5612 -0.2108 0.8004
vn 0.4135 -0.2110 0.8857
vn 0.4136 -0.2108 0.8857
vn 0.2533 -0.2110 0.9441
vn 0.2532 -0.2108 0.9442
vn 0.0856 -0.2108 0.9738
vn 0.0853 -0.2108 0.9738
vn -0.0853 -0.2108 0.9738
vn -0.0854 -0.2109 0.9738
vn -0.2533 -0.2109 0.9441
vn -0.4134 -0.2106 0.8859
vn -0.4136 -0.2109 0.8857
vn -0.5612 -0.2108 0.8004
vn -0.5611 -0.2107 0.8005
vn -0.6916 -0.2108 0.6908
vn -0.6917 -0.2106 0.6908
vn -0.8011 -0.2107 0.5602
vn -0.8862 -0.2107 0.4127
vn -0.8862 -0.2106 0.4127
vn -0.9443 -0.2107 0.2528
vn -0.9444 -0.2107 0.2525
vn -0.9739 -0.2108 0.0848
vn -0.9738 -0.2108 0.0851
vn -0.9738 -0.2107 -0.0851
vn -0.9530 -0.2915 -0.0829
vn -0.9241 -0.2913 -0.2474
vn -0.9241 -0.2912 -0.2473
vn -0.8672 -0.2912 -0.4039
vn -0.7840 -0.2912 -0.5482
vn -0.7841 -0.2913 -0.5480
vn -0.6769 -0.2913 -0.6760
vn -0.6769 -0.2910 -0.6761
vn -0.5491 -0.2914 -0.7833
vn -0.5492 -0.2914 -0.7832
vn -0.4045 -0.2913 -0.8669
vn -0.4049 -0.2915 -0.8666
vn -0.2477 -0.2914 -0.9240
vn -0.2479 -0.2915 -0.9239
vn -0.0833 -0.2915 -0.9529
vn -0.0835 -0.2915 -0.9529
vn 0.0835 -0.2913 -0.9530
vn 0.0838 -0.2915 -0.9529
vn 0.2478 -0.2915 -0.9239
vn 0.2482 -0.2916 -0.9238
vn 0.4045 -0.2915 -0.8668
vn 0.4045 -0.2913 -0.8669
vn 0.5492 -0.2910 -0.7834
vn 0.5492 -0.2914 -0.7832
vn 0.6769 -0.2913 -0.6760
vn 0.6769 -0.2914 -0.6759
vn 0.7839 -0.2914 -0.5483
vn 0.7840 -0.2915 -0.5481
vn 0.8672 -0.2911 -0.4039
vn 0.8672 -0.2912 -0.4039
vn 0.9242 -0.2911 -0.2473
vn 0.9242 -0.2914 -0.2471
vn 0.9530 -0.2912 -0.0832
vn 0.9530 -0.2912 -0.0833
vn 0.9531 -0.2911 0.0833
vn 0.9530 -0.2912 0.0832
vn 0.9242 -0.2910 0.2473
vn 0.9242 -0.2911 0.2473
vn 0.8672 -0.2912 0.4039
vn 0.8672 -0.2911 0.4039
vn 0.7840 -0.2912 0.5482
vn 0.7840 -0.2912 0.5483
vn 0.6769 -0.2912 0.6760
vn 0.6769 -0.2913 0.6760
vn 0.5492 -0.2912 0.7833
vn 0.5491 -0.2914 0.7833
vn 0.4047 -0.2915 0.8668
vn 0.4045 -0.2915 0.8669
vn 0.2480 -0.2914 0.9239
vn 0.2475 -0.2914 0.9241
vn 0.0837 -0.2915 0.9529
vn 0.0835 -0.2915 0.9529
vn -0.0835 -0.2915 0.9529
vn -0.0838 -0.2915 0.9529
vn -0.2479 -0.2915 0.9239
vn -0.2480 -0.2914 0.9239
vn -0.4049 -0.2914 0.8667
vn -0.4047 -0.2915 0.8667
vn -0.5492 -0.2914 0.7833
vn -0.6769 -0.2913 0.6760
vn -0.7840 -0.2913 0.5482
vn -0.7840 -0.2911 0.5483
vn -0.8672 -0.2912 0.4039
vn -0.9242 -0.2911 0.2473
vn -0.9241 -0.2912 0.2473
vn -0.9530 -0.2913 0.0833
vn -0.9531 -0.2911 0.0833
vn -0.9531 -0.2911 -0.0833
vn -0.9184 -0.3875 -0.0802
vn -0.8905 -0.3875 -0.2383
vn -0.8905 -0.3876 -0.2383
vn -0.8357 -0.3875 -0.3892
vn -0.8356 -0.3876 -0.3892
vn -0.7554 -0.3877 -0.5283
vn -0.7554 -0.3876 -0.5283
vn -0.6522 -0.3878 -0.6513
vn -0.6522 -0.3877 -0.6514
vn -0.5292 -0.3878 -0.7547
vn -0.5291 -0.3878 -0.7548
vn -0.3900 -0.3879 -0.8351
vn -0.3897 -0.3881 -0.8351
vn -0.2390 -0.3878 -0.8902
vn -0.2389 -0.3880 -0.8902
vn -0.0803 -0.3877 -0.9183
vn -0.0804 -0.3879 -0.9182
vn 0.0804 -0.3878 -0.9183
vn 0.0803 -0.3877 -0.9183
vn 0.2388 -0.3878 -0.8903
vn 0.2391 -0.3878 -0.8902
vn 0.3899 -0.3878 -0.8352
vn 0.3899 -0.3879 -0.8352
vn 0.5291 -0.3878 -0.7547
vn 0.5292 -0.3876 -0.7548
vn 0.6523 -0.3874 -0.6515
vn 0.7556 -0.3873 -0.5283
vn 0.7554 -0.3875 -0.5283
vn 0.8356 -0.3876 -0.3892
vn 0.8357 -0.3875 -0.3892
vn 0.8905 -0.3875 -0.2383
vn 0.9184 -0.3875 -0.0803
vn 0.9185 -0.3873 -0.0801
vn 0.9183 -0.3876 0.0802
vn 0.9184 -0.3875 0.0803
vn 0.8905 -0.3875 0.2383
vn 0.8905 -0.3875 0.2384
vn 0.8355 -0.3877 0.3893
vn 0.8356 -0.3876 0.3892
vn 0.7554 -0.3876 0.5283
vn 0.7554 -0.3878 0.5282
vn 0.6522 -0.3878 0.6513
vn 0.6523 -0.3874 0.6515
vn 0.5292 -0.3878 0.7547
vn 0.5291 -0.3878 0.7547
vn 0.3900 -0.3879 0.8352
vn 0.3899 -0.3878 0.8352
vn 0.2383 -0.3878 0.8904
vn 0.2387 -0.3877 0.8903
vn 0.0806 -0.3878 0.9182
vn 0.0804 -0.3879 0.9182
vn -0.0805 -0.3878 0.9182
vn -0.0804 -0.3879 0.9182
vn -0.2388 -0.3880 0.8902
vn -0.2384 -0.3878 0.8904
vn -0.3898 -0.3878 0.8352
vn -0.3899 -0.3879 0.8352
vn -0.5291 -0.3878 0.7547
vn -0.5291 -0.3877 0.7548
vn -0.6523 -0.3874 0.6515
vn -0.6522 -0.3877 0.6514
vn -0.7556 -0.3873 0.5283
vn -0.7554 -0.3877 0.5283
vn -0.8356 -0.3876 0.3892
vn -0.8356 -0.3877 0.3893
vn -0.8907 -0.3871 0.2383
vn -0.8905 -0.3875 0.2383
vn -0.9184 -0.3875 0.0802
vn -0.9183 -0.3876 0.0802
vn -0.8584 -0.5074 -0.0751
vn -0.8324 -0.5074 -0.2228
vn -0.8324 -0.5075 -0.2226
vn -0.7812 -0.5076 -0.3636
vn -0.7812 -0.5074 -0.3638
vn -0.7062 -0.5074 -0.4938
vn -0.7062 -0.5075 -0.4937
vn -0.6095 -0.5077 -0.6089
vn -0.6099 -0.5073 -0.6089
vn -0.4946 -0.5076 -0.7055
vn -0.4947 -0.5076 -0.7054
vn -0.3645 -0.5076 -0.7807
vn -0.3645 -0.5079 -0.7805
vn -0.2232 -0.5078 -0.8321
vn -0.2233 -0.5077 -0.8321
vn -0.0752 -0.5077 -0.8582
vn -0.0752 -0.5080 -0.8581
vn 0.0751 -0.5077 -0.8583
vn 0.0750 -0.5082 -0.8580
vn 0.2233 -0.5079 -0.8319
vn 0.2233 -0.5077 -0.8321
vn 0.3645 -0.5078 -0.7806
vn 0.4946 -0.5076 -0.7055
vn 0.4945 -0.5076 -0.7056
vn 0.6095 -0.5076 -0.6089
vn 0.6095 -0.5077 -0.6089
vn 0.7061 -0.5075 -0.4938
vn 0.7811 -0.5076 -0.3637
vn 0.7811 -0.5075 -0.3637
vn 0.8324 -0.5075 -0.2228
vn 0.8325 -0.5073 -0.2228
vn 0.8585 -0.5073 -0.0750
vn 0.8584 -0.5074 -0.0750
vn 0.8584 -0.5074 0.0750
vn 0.8585 -0.5073 0.0750
vn 0.8325 -0.5073 0.2228
vn 0.8324 -0.5075 0.2227
vn 0.7812 -0.5076 0.3636
vn 0.7816 -0.5069 0.3636
vn 0.7061 -0.5075 0.4938
vn 0.6096 -0.5077 0.6088
vn 0.6096 -0.5077 0.6089
vn 0.4946 -0.5076 0.7055
vn 0.4947 -0.5076 0.7054
vn 0.3645 -0.5076 0.7807
vn 0.3645 -0.5077 0.7806
vn 0.2232 -0.5078 0.8321
vn 0.2233 -0.5078 0.8320
vn 0.0752 -0.5079 0.8581
vn 0.0751 -0.5078 0.8582
vn -0.0753 -0.5077 0.8582
vn -0.0753 -0.5078 0.8582
vn -0.2232 -0.5078 0.8320
vn -0.2232 -0.5078 0.8321
vn -0.3645 -0.5077 0.7806
vn -0.3645 -0.5078 0.7806
vn -0.4946 -0.5075 0.7055
vn -0.4947 -0.5078 0.7053
vn -0.6096 -0.5076 0.6089
vn -0.6096 -0.5076 0.6088
vn -0.7061 -0.5075 0.4938
vn -0.7062 -0.5074 0.4938
vn -0.7812 -0.5073 0.3638
vn -0.7812 -0.5076 0.3634
vn -0.8323 -0.5075 0.2229
vn -0.8325 -0.5072 0.2228
vn -0.8584 -0.5075 0.0750
vn -0.8585 -0.5073 0.0750
vn -0.8585 -0.5073 -0.0750
vn -0.7503 -0.6578 -0.0657
vn -0.7273 -0.6581 -0.1945
vn -0.7276 -0.6578 -0.1947
vn -0.6827 -0.6580 -0.3179
vn -0.6828 -0.6579 -0.3179
vn -0.6170 -0.6581 -0.4315
vn -0.6172 -0.6579 -0.4315
vn -0.5328 -0.6581 -0.5320
vn -0.5328 -0.6580 -0.5321
vn -0.4322 -0.6582 -0.6164
vn -0.4322 -0.6582 -0.6165
vn -0.3185 -0.6582 -0.6821
vn -0.1950 -0.6584 -0.7270
vn -0.1952 -0.6582 -0.7271
vn -0.0657 -0.6581 -0.7500
vn -0.0657 -0.6584 -0.7498
vn 0.0657 -0.6583 -0.7499
vn 0.0658 -0.6585 -0.7497
vn 0.1951 -0.6582 -0.7271
vn 0.1951 -0.6583 -0.7270
vn 0.3185 -0.6581 -0.6822
vn 0.3185 -0.6583 -0.6821
vn 0.4322 -0.6581 -0.6165
vn 0.4322 -0.6582 -0.6164
vn 0.5328 -0.6581 -0.5321
vn 0.5328 -0.6580 -0.5321
vn 0.6170 -0.6580 -0.4316
vn 0.6171 -0.6580 -0.4315
vn 0.6826 -0.6580 -0.3178
vn 0.6829 -0.6577 -0.3180
vn 0.7275 -0.6579 -0.1947
vn 0.7273 -0.6581 -0.1947
vn 0.7504 -0.6578 -0.0656
vn 0.7503 -0.6578 -0.0656
vn 0.7503 -0.6578 0.0656
vn 0.7273 -0.6581 0.1945
vn 0.7275 -0.6579 0.1947
vn 0.6826 -0.6580 0.3180
vn 0.6828 -0.6578 0.3179
vn 0.6171 -0.6580 0.4316
vn 0.6172 -0.6579 0.4315
vn 0.5327 -0.6581 0.5321
vn 0.5328 -0.6580 0.5321
vn 0.4322 -0.6581 0.6165
vn 0.4321 -0.6583 0.6163
vn 0.3185 -0.6581 0.6822
vn 0.3185 -0.6583 0.6821
vn 0.1950 -0.6584 0.7270
vn 0.1951 -0.6583 0.7270
vn 0.0657 -0.6583 0.7498
vn 0.0657 -0.6583 0.7499
vn -0.0657 -0.6584 0.7498
vn -0.0657 -0.6583 0.7499
vn -0.1950 -0.6583 0.7270
vn -0.1951 -0.6583 0.7271
vn -0.3185 -0.6582 0.6821
vn -0.3185 -0.6583 0.6821
vn -0.4322 -0.6581 0.6165
vn -0.4322 -0.6582 0.6164
vn -0.5328 -0.6581 0.5321
vn -0.5328 -0.6580 0.5321
vn -0.6171 -0.6580 0.4316
vn -0.6172 -0.6579 0.4315
vn -0.6827 -0.6579 0.3180
vn -0.6827 -0.6579 0.3179
vn -0.7275 -0.6579 0.1947
vn -0.7503 -0.6579 0.0655
vn -0.7503 -0.6578 0.0656
vn -0.7504 -0.6578 -0.0655
vn -0.5502 -0.8336 -0.0481
vn -0.5335 -0.8337 -0.1427
vn -0.5331 -0.8340 -0.1426
vn -0.5005 -0.8338 -0.2331
vn -0.5006 -0.8337 -0.2331
vn -0.4523 -0.8338 -0.3164
vn -0.4529 -0.8334 -0.3168
vn -0.3906 -0.8338 -0.3901
vn -0.3168 -0.8339 -0.4519
vn -0.3169 -0.8338 -0.4520
vn -0.2335 -0.8339 -0.5000
vn -0.2334 -0.8340 -0.5000
vn -0.1430 -0.8340 -0.5329
vn -0.0482 -0.8339 -0.5498
vn -0.0481 -0.8340 -0.5496
vn 0.0482 -0.8339 -0.5497
vn 0.0481 -0.8342 -0.5493
vn 0.1430 -0.8340 -0.5330
vn 0.1430 -0.8341 -0.5328
vn 0.2335 -0.8339 -0.5001
vn 0.2334 -0.8340 -0.5000
vn 0.3169 -0.8338 -0.4520
vn 0.3168 -0.8339 -0.4519
vn 0.3906 -0.8338 -0.3901
vn 0.4523 -0.8338 -0.3164
vn 0.4525 -0.8338 -0.3164
vn 0.5006 -0.8337 -0.2331
vn 0.5005 -0.8338 -0.2330
vn 0.5334 -0.8337 -0.1428
vn 0.5335 -0.8337 -0.1427
vn 0.5502 -0.8336 -0.0480
vn 0.5502 -0.8336 -0.0481
vn 0.5502 -0.8336 0.0481
vn 0.5333 -0.8338 0.1428
vn 0.5336 -0.8336 0.1427
vn 0.5009 -0.8335 0.2333
vn 0.4527 -0.8337 0.3164
vn 0.4524 -0.8338 0.3164
vn 0.3906 -0.8338 0.3902
vn 0.3906 -0.8338 0.3901
vn 0.3168 -0.8339 0.4519
vn 0.3169 -0.8339 0.4519
vn 0.2335 -0.8339 0.5001
vn 0.2334 -0.8340 0.5000
vn 0.1430 -0.8336 0.5335
vn 0.1430 -0.8340 0.5330
vn 0.0482 -0.8340 0.5497
vn 0.0481 -0.8340 0.5497
vn -0.0481 -0.8341 0.5496
vn -0.0482 -0.8339 0.5498
vn -0.1430 -0.8339 0.5330
vn -0.1430 -0.8341 0.5328
vn -0.2335 -0.8340 0.5000
vn -0.3168 -0.8339 0.4519
vn -0.3169 -0.8339 0.4519
vn -0.3906 -0.8338 0.3901
vn -0.3907 -0.8337 0.3902
vn -0.4525 -0.8338 0.3164
vn -0.4527 -0.8337 0.3163
vn -0.5009 -0.8335 0.2332
vn -0.5009 -0.8335 0.2333
vn -0.5336 -0.8336 0.1428
vn -0.5334 -0.8338 0.1427
vn -0.5502 -0.8337 0.0481
vn -0.5503 -0.8336 0.0481
vn -0.5501 -0.8337 -0.0481
vn -0.2111 -0.9773 -0.0185
vn -0.2049 -0.9772 -0.0548
vn -0.2046 -0.9773 -0.0548
vn -0.1924 -0.9772 -0.0897
vn -0.1919 -0.9773 -0.0895
vn -0.1919 -0.9773 -0.0894
vn -0.1739 -0.9772 -0.1216
vn -0.1738 -0.9773 -0.1216
vn -0.1501 -0.9772 -0.1499
vn -0.1499 -0.9773 -0.1498
vn -0.1216 -0.9773 -0.1734
vn -0.1218 -0.9772 -0.1737
vn -0.0896 -0.9773 -0.1920
vn -0.0898 -0.9772 -0.1924
vn -0.0549 -0.9773 -0.2046
vn -0.0185 -0.9774 -0.2107
vn -0.0184 -0.9773 -0.2110
vn 0.0184 -0.9773 -0.2110
vn 0.0185 -0.9773 -0.2110
vn 0.0549 -0.9773 -0.2045
vn 0.0549 -0.9773 -0.2047
vn 0.0897 -0.9773 -0.1921
vn 0.0896 -0.9773 -0.1919
vn 0.1215 -0.9773 -0.1733
vn 0.1215 -0.9773 -0.1735
vn 0.1499 -0.9773 -0.1497
vn 0.1500 -0.9773 -0.1499
vn 0.1736 -0.9773 -0.1214
vn 0.1739 -0.9772 -0.1215
vn 0.1924 -0.9772 -0.0897
vn 0.1920 -0.9773 -0.0895
vn 0.2051 -0.9772 -0.0548
vn 0.2047 -0.9773 -0.0548
vn 0.2112 -0.9773 -0.0185
vn 0.2112 -0.9773 -0.0188
vn 0.2113 -0.9772 0.0184
vn 0.2111 -0.9773 0.0185
vn 0.2049 -0.9772 0.0548
vn 0.2046 -0.9773 0.0548
vn 0.1925 -0.9772 0.0896
vn 0.1921 -0.9773 0.0895
vn 0.1738 -0.9773 0.1214
vn 0.1736 -0.9773 0.1215
vn 0.1500 -0.9773 0.1498
vn 0.1498 -0.9773 0.1498
vn 0.1215 -0.9773 0.1734
vn 0.1218 -0.9772 0.1737
vn 0.0897 -0.9773 0.1920
vn 0.0896 -0.9773 0.1920
vn 0.0549 -0.9773 0.2048
vn 0.0548 -0.9773 0.2046
vn 0.0185 -0.9773 0.2109
vn -0.0185 -0.9773 0.2109
vn -0.0186 -0.9772 0.2114
vn -0.0549 -0.9773 0.2045
vn -0.0548 -0.9773 0.2045
vn -0.0896 -0.9773 0.1920
vn -0.0895 -0.9773 0.1918
vn -0.1216 -0.9773 0.1734
vn -0.1215 -0.9773 0.1734
vn -0.1499 -0.9773 0.1496
vn -0.1498 -0.9773 0.1498
vn -0.1737 -0.9773 0.1214
vn -0.1739 -0.9772 0.1215
vn -0.1924 -0.9772 0.0896
vn -0.1925 -0.9772 0.0896
vn -0.2051 -0.9772 0.0548
vn -0.2047 -0.9773 0.0548
vn -0.2111 -0.9773 0.0185
vn -0.2112 -0.9773 0.0187
vn -0.2110 -0.9773 -0.0186
vn -0.9962 -0.0000 -0.0872
vn -0.9661 -0.0000 -0.2581
vn -0.9660 -0.0000 -0.2584
vn -0.9064 -0.0000 -0.4224
vn -0.9065 -0.0000 -0.4223
vn -0.8194 -0.0000 -0.5732
vn -0.8197 -0.0000 -0.5728
vn -0.7077 -0.0000 -0.7065
vn -0.5739 -0.0000 -0.8189
vn -0.5740 -0.0000 -0.8188
vn -0.4229 -0.0000 -0.9062
vn -0.2595 -0.0000 -0.9658
vn 0.2595 -0.0000 -0.9658
vn 0.5740 -0.0000 -0.8188
vn 0.5739 -0.0000 -0.8189
vn 0.7077 -0.0000 -0.7065
vn 0.8197 -0.0000 -0.5728
vn 0.8194 -0.0000 -0.5732
vn 0.9065 -0.0000 -0.4223
vn 0.9064 -0.0000 -0.4224
vn 0.9661 -0.0000 -0.2581
vn 0.9962 -0.0000 -0.0872
vn 0.9661 -0.0000 0.2581
vn 0.9064 -0.0000 0.4224
vn 0.8194 -0.0000 0.5732
vn 0.8197 -0.0000 0.5728
vn 0.7077 -0.0000 0.7065
vn 0.5739 -0.0000 0.8189
vn 0.5740 -0.0000 0.8188
vn 0.2595 -0.0000 0.9658
vn -0.2595 -0.0000 0.9658
vn -0.4229 -0.0000 0.9062
vn -0.5740 -0.0000 0.8188
vn -0.5739 -0.0000 0.8189
vn -0.7077 -0.0000 0.7065
vn -0.8197 -0.0000 0.5728
vn -0.8194 -0.0000 0.5732
vn -0.9065 -0.0000 0.4221
vn -0.9064 -0.0000 0.4224
vn -0.9661 -0.0000 0.2581
vn -0.9962 -0.0000 -0.0870
vn -0.9661 -0.0000 -0.2582
vn -0.9066 -0.0000 -0.4220
vn -0.8196 -0.0000 -0.5730
vn -0.7078 -0.0000 -0.7065
vn -0.5737 -0.0000 -0.8190
vn -0.4231 -0.0000 -0.9061
vn -0.0871 -0.0000 -0.9962
vn -0.0874 -0.0000 -0.9962
vn 0.0871 -0.0000 -0.9962
vn 0.2591 -0.0000 -0.9658
vn 0.4231 -0.0000 -0.9061
vn 0.5737 -0.0000 -0.8190
vn 0.7078 -0.0000 -0.7065
vn 0.8196 -0.0000 -0.5730
vn 0.9066 -0.0000 -0.4220
vn 0.9661 -0.0000 -0.2582
vn 0.9962 -0.0000 -0.0870
vn 0.9962 -0.0000 0.0869
vn 0.9661 -0.0000 0.2582
vn 0.9064 -0.0000 0.4225
vn 0.9066 -0.0000 0.4220
vn 0.8193 -0.0000 0.5734
vn 0.7078 -0.0000 0.7065
vn 0.5737 -0.0000 0.8190
vn 0.5740 -0.0000 0.8189
vn 0.0874 -0.0000 0.9962
vn 0.0871 -0.0000 0.9962
vn -0.0871 -0.0000 0.9962
vn -0.0874 -0.0000 0.9962
vn -0.4231 -0.0000 0.9061
vn -0.5740 -0.0000 0.8189
vn -0.5737 -0.0000 0.8190
vn -0.7078 -0.0000 0.7065
vn -0.8193 -0.0000 0.5734
vn -0.9066 -0.0000 0.4220
vn -0.9661 -0.0000 0.2582
vn -0.9962 -0.0000 0.0869
vn -0.9056 -0.3481 -0.2424
vn -0.9057 -0.3480 -0.2423
vn -0.8498 -0.3481 -0.3958
vn -0.8499 -0.3481 -0.3957
vn -0.7682 -0.3483 -0.5372
vn -0.7682 -0.3482 -0.5373
vn -0.6632 -0.3484 -0.6624
vn -0.6633 -0.3481 -0.6624
vn -0.5381 -0.3485 -0.7675
vn -0.5381 -0.3484 -0.7675
vn -0.3965 -0.3481 -0.8495
vn -0.3966 -0.3486 -0.8492
vn -0.2429 -0.3484 -0.9053
vn -0.2430 -0.3480 -0.9055
vn -0.0818 -0.3487 -0.9336
vn -0.0818 -0.3485 -0.9337
vn 0.0818 -0.3487 -0.9337
vn 0.0817 -0.3481 -0.9339
vn 0.2429 -0.3484 -0.9053
vn 0.2429 -0.3485 -0.9053
vn 0.2429 -0.3481 -0.9054
vn 0.3966 -0.3481 -0.8495
vn 0.3965 -0.3483 -0.8494
vn 0.5381 -0.3484 -0.7675
vn 0.5382 -0.3481 -0.7676
vn 0.6632 -0.3483 -0.6624
vn 0.6633 -0.3482 -0.6624
vn 0.7681 -0.3483 -0.5373
vn 0.7685 -0.3480 -0.5369
vn 0.8498 -0.3481 -0.3958
vn 0.8499 -0.3481 -0.3957
vn 0.9056 -0.3481 -0.2424
vn 0.9056 -0.3480 -0.2423
vn 0.9339 -0.3481 -0.0816
vn 0.9340 -0.3479 -0.0816
vn 0.9340 -0.3480 0.0816
vn 0.9339 -0.3482 0.0816
vn 0.9056 -0.3480 0.2424
vn 0.9057 -0.3480 0.2423
vn 0.8498 -0.3481 0.3958
vn 0.8499 -0.3479 0.3957
vn 0.7684 -0.3480 0.5372
vn 0.7682 -0.3483 0.5372
vn 0.6632 -0.3484 0.6625
vn 0.6633 -0.3482 0.6624
vn 0.5381 -0.3484 0.7675
vn 0.5382 -0.3482 0.7675
vn 0.3964 -0.3486 0.8493
vn 0.3967 -0.3482 0.8494
vn 0.2429 -0.3484 0.9053
vn 0.2429 -0.3485 0.9053
vn 0.0816 -0.3481 0.9339
vn 0.0818 -0.3486 0.9337
vn -0.0818 -0.3486 0.9337
vn -0.0817 -0.3481 0.9339
vn -0.2428 -0.3486 0.9053
vn -0.2429 -0.3483 0.9054
vn -0.3965 -0.3485 0.8493
vn -0.3965 -0.3483 0.8494
vn -0.5382 -0.3481 0.7676
vn -0.5381 -0.3486 0.7674
vn -0.6632 -0.3482 0.6625
vn -0.6633 -0.3484 0.6623
vn -0.7682 -0.3481 0.5374
vn -0.7683 -0.3482 0.5372
vn -0.7682 -0.3482 0.5372
vn -0.8498 -0.3481 0.3958
vn -0.8499 -0.3480 0.3957
vn -0.9056 -0.3480 0.2424
vn -0.9056 -0.3480 0.2423
vn -0.9339 -0.3482 0.0816
vn -0.9339 -0.3481 0.0816
vn -0.9339 -0.3481 -0.0816
vn -0.9339 -0.3482 -0.0816
vn -0.9962 -0.0000 -0.0869
vn -0.9659 -0.0000 -0.2589
vn -0.9661 -0.0000 -0.2583
vn -0.9066 -0.0000 -0.4221
vn -0.5742 -0.0000 -0.8187
vn 0.2592 -0.0000 -0.9658
vn 0.4232 -0.0000 -0.9061
vn 0.5736 -0.0000 -0.8191
vn 0.9661 -0.0000 -0.2583
vn 0.9962 -0.0000 0.0872
vn 0.9066 -0.0000 0.4219
vn 0.8195 -0.0000 0.5731
vn 0.5744 -0.0000 0.8186
vn 0.4228 -0.0000 0.9062
vn 0.2592 -0.0000 0.9658
vn -0.5742 -0.0000 0.8187
vn -0.7073 -0.0000 0.7069
vn -0.9066 -0.0000 0.4219
vn -0.9660 -0.0000 0.2584
vn -0.9660 -0.0000 0.2587
vn -0.9659 -0.0000 -0.2588
vn -0.8195 -0.0000 -0.5730
vn -0.4232 -0.0000 -0.9060
vn -0.2588 -0.0000 -0.9659
vn 0.0874 -0.0000 -0.9962
vn 0.2590 -0.0000 -0.9659
vn 0.4232 -0.0000 -0.9060
vn 0.4229 -0.0000 -0.9062
vn 0.8193 -0.0000 -0.5734
vn 0.9962 -0.0000 -0.0876
vn 0.9962 -0.0000 0.0876
vn 0.9661 -0.0000 0.2584
vn 0.8198 -0.0000 0.5727
vn 0.7074 -0.0000 0.7068
vn 0.5745 -0.0000 0.8185
vn 0.0875 -0.0000 0.9962
vn -0.0876 -0.0000 0.9962
vn -0.5745 -0.0000 0.8185
vn -0.7074 -0.0000 0.7068
vn -0.9659 -0.0000 0.2590
vn -0.9310 -0.3486 0.1083
vn -0.8645 -0.4970 0.0754
vn -0.9368 -0.3489 0.0270
vn -0.9339 -0.3480 -0.0816
vn -0.9055 -0.3482 -0.2424
vn -0.8498 -0.3482 -0.3958
vn -0.8499 -0.3480 -0.3957
vn -0.7683 -0.3478 -0.5374
vn -0.6632 -0.3485 -0.6624
vn -0.6633 -0.3482 -0.6624
vn -0.5381 -0.3486 -0.7675
vn -0.5382 -0.3482 -0.7675
vn -0.3965 -0.3484 -0.8494
vn -0.3966 -0.3483 -0.8493
vn -0.2429 -0.3481 -0.9054
vn -0.0818 -0.3487 -0.9337
vn -0.0819 -0.3485 -0.9337
vn 0.0818 -0.3487 -0.9336
vn 0.0818 -0.3484 -0.9338
vn 0.2430 -0.3484 -0.9053
vn 0.3966 -0.3481 -0.8494
vn 0.5382 -0.3482 -0.7675
vn 0.6632 -0.3484 -0.6624
vn 0.7682 -0.3481 -0.5373
vn 0.7683 -0.3481 -0.5372
vn 0.8498 -0.3482 -0.3958
vn 0.9339 -0.3482 -0.0817
vn 0.9340 -0.3478 0.0816
vn 0.9339 -0.3481 0.0816
vn 0.9057 -0.3479 0.2424
vn 0.8499 -0.3480 0.3957
vn 0.7683 -0.3480 0.5373
vn 0.7681 -0.3483 0.5372
vn 0.6632 -0.3482 0.6625
vn 0.3966 -0.3483 0.8494
vn 0.2429 -0.3486 0.9053
vn 0.0816 -0.3486 0.9337
vn 0.0818 -0.3485 0.9337
vn -0.0818 -0.3485 0.9337
vn -0.0817 -0.3486 0.9337
vn -0.2429 -0.3484 0.9053
vn -0.3966 -0.3483 0.8494
vn -0.3965 -0.3486 0.8493
vn -0.6632 -0.3483 0.6625
vn -0.6633 -0.3482 0.6624
vn -0.7682 -0.3481 0.5373
vn -0.7682 -0.3480 0.5373
vn -0.8498 -0.3480 0.3958
vn -0.7075 -0.0000 -0.7067
vn -0.7074 -0.0000 -0.7068
vn -0.5744 -0.0000 -0.8186
vn -0.2590 -0.0000 -0.9659
vn 0.5744 -0.0000 -0.8186
vn 0.7074 -0.0000 -0.7068
vn 0.7075 -0.0000 -0.7067
vn 0.9065 -0.0000 0.4223
vn -0.4232 -0.0000 0.9061
vn -0.5744 -0.0000 0.8186
vn -0.9065 -0.0000 0.4223
vn -0.9962 -0.0000 0.0872
vn -0.9661 -0.0000 -0.2584
vn 0.5742 -0.0000 -0.8187
vn 0.9661 -0.0000 -0.2584
vn 0.9660 -0.0000 -0.2584
vn 0.9962 -0.0000 -0.0869
vn 0.5742 -0.0000 0.8187
vn 0.4230 -0.0000 0.9062
vn -0.4234 -0.0000 0.9059
vn -0.9661 -0.0000 0.2584
vn -0.9056 -0.3480 -0.2424
vn -0.9056 -0.3481 -0.2423
vn -0.8497 -0.3482 -0.3959
vn -0.6632 -0.3482 -0.6625
vn -0.5383 -0.3479 -0.7676
vn -0.2429 -0.3482 -0.9054
vn -0.0818 -0.3492 -0.9335
vn -0.0818 -0.3478 -0.9340
vn 0.0818 -0.3489 -0.9336
vn 0.3966 -0.3480 -0.8495
vn 0.5382 -0.3484 -0.7675
vn 0.6632 -0.3481 -0.6625
vn 0.6633 -0.3481 -0.6624
vn 0.8497 -0.3483 -0.3958
vn 0.8499 -0.3479 -0.3958
vn 0.9339 -0.3481 -0.0815
vn 0.9340 -0.3479 0.0816
vn 0.9058 -0.3476 0.2422
vn 0.7681 -0.3484 0.5372
vn 0.6632 -0.3483 0.6625
vn 0.5382 -0.3480 0.7676
vn 0.5383 -0.3479 0.7676
vn 0.3966 -0.3484 0.8493
vn -0.2428 -0.3487 0.9052
vn -0.2429 -0.3483 0.9053
vn -0.5381 -0.3484 0.7675
vn -0.5382 -0.3482 0.7675
vn -0.6632 -0.3481 0.6625
vn -0.9339 -0.3481 0.0815
vn -0.9339 -0.3480 0.0816
vn -0.5736 -0.0000 -0.8191
vn -0.4232 -0.0000 -0.9061
vn -0.2592 -0.0000 -0.9658
vn 0.9066 -0.0000 -0.4221
vn 0.9659 -0.0000 -0.2589
vn 0.9660 -0.0000 0.2587
vn 0.7073 -0.0000 0.7069
vn 0.4229 -0.0000 0.9062
vn -0.2592 -0.0000 0.9658
vn -0.4228 -0.0000 0.9062
vn -0.9962 -0.0000 -0.0876
vn -0.0877 -0.0000 -0.9961
vn 0.2588 -0.0000 -0.9659
vn 0.8195 -0.0000 -0.5730
vn 0.9659 -0.0000 -0.2588
vn 0.9660 -0.0000 0.2586
vn 0.9659 -0.0000 0.2590
vn 0.0876 -0.0000 0.9962
vn -0.8198 -0.0000 0.5727
vn -0.9064 -0.0000 0.4225
vn -0.9962 -0.0000 0.0873
vn -0.9962 -0.0000 0.0876
vn -0.9055 -0.3482 -0.2423
vn -0.7682 -0.3480 -0.5373
vn -0.6634 -0.3481 -0.6624
vn -0.3966 -0.3486 -0.8493
vn -0.0819 -0.3487 -0.9337
vn 0.0823 -0.3486 -0.9337
vn 0.9056 -0.3482 -0.2424
vn 0.9339 -0.3480 -0.0816
vn 0.9339 -0.3480 0.0816
vn 0.8499 -0.3478 0.3958
vn 0.7681 -0.3485 0.5372
vn 0.5381 -0.3483 0.7675
vn 0.3966 -0.3483 0.8493
vn -0.2428 -0.3490 0.9051
vn -0.7683 -0.3479 0.5373
vn 0.3828 0.7451 0.5461
vn 0.5610 0.1121 0.8202
vn 0.3213 0.8421 0.4331
vn 0.2989 0.8695 0.3933
vn 0.1083 0.9828 0.1495
vn 0.5423 0.4428 0.7141
vn 0.5196 0.5118 0.6842
vn 0.5140 0.5222 0.6805
vn 0.4890 0.5861 0.6461
vn 0.4468 0.6711 0.5917
vn 0.4459 0.6732 0.5899
vn 0.3799 0.7757 0.5039
vn 0.5928 0.2252 0.7732
vn 0.5929 0.2212 0.7743
vn 0.5843 0.2762 0.7630
vn 0.6008 0.1086 0.7920
vn 0.6033 0.1444 0.7843
vn 0.5992 0.1849 0.7790
vn 0.6041 0.1552 0.7817
vn 0.5596 0.1552 0.8141
vn 0.5587 0.1448 0.8166
vn 0.5427 0.3059 0.7823
vn 0.5762 0.3058 0.7580
vn 0.5744 0.3203 0.7533
vn 0.5426 0.3157 0.7784
vn 0.5467 0.2726 0.7917
vn 0.5536 0.2252 0.8017
vn 0.5535 0.2214 0.8029
vn 0.5567 0.1849 0.8099
vn 0.5202 0.4394 0.7324
vn 0.5222 0.4221 0.7410
vn 0.5278 0.3776 0.7608
vn 0.5592 0.3867 0.7333
vn 0.5527 0.4025 0.7297
vn 0.5232 0.4025 0.7512
vn 0.4875 0.5221 0.6998
vn 0.4953 0.5068 0.7056
vn 0.4272 0.6712 0.6058
vn 0.4311 0.6599 0.6154
vn 0.4660 0.5818 0.6666
vn 0.1235 0.9787 0.1643
vn 0.1183 0.9787 0.1680
vn 0.0594 0.9970 0.0502
vn 0.1476 0.9671 0.2072
vn 0.2173 0.9259 0.3090
vn 0.3102 0.8421 0.4412
vn 0.2601 0.9064 0.3328
vn 0.3191 0.8321 0.4537
vn 0.7093 -0.1095 0.6964
vn 0.5604 -0.1123 0.8206
vn 0.7502 0.1091 0.6522
vn 0.9396 0.0903 0.3303
vn 0.9820 0.0782 0.1721
vn 0.9875 0.0495 -0.1495
vn 0.9531 0.0339 -0.3008
vn 0.8534 0.0062 -0.5211
vn 0.8531 0.0075 -0.5217
vn 0.9625 0.0404 -0.2684
vn 0.9977 0.0652 0.0179
vn 0.9966 0.0577 -0.0593
vn 0.8576 0.1017 0.5042
vn 0.9035 0.0966 0.4176
vn 0.6230 0.1130 0.7740
vn 0.5470 0.1190 0.8286
vn 0.7605 -0.1096 0.6400
vn 0.8485 -0.1025 0.5192
vn 0.9265 -0.0941 0.3644
vn 0.9708 -0.0840 0.2248
vn 0.9780 -0.0841 0.1908
vn 0.9967 -0.0718 0.0376
vn 0.9934 -0.0581 -0.0992
vn 0.9888 -0.0595 -0.1366
vn 0.8547 -0.0084 -0.5191
vn 0.8532 0.0075 -0.5216
vn 0.8537 0.0059 -0.5207
vn 0.8537 0.0059 -0.5208
vn 0.8542 0.0042 -0.5200
vn 0.8543 0.0042 -0.5197
vn 0.8544 0.0025 -0.5197
vn 0.8544 0.0025 -0.5196
vn 0.8545 0.0008 -0.5194
vn 0.8546 0.0008 -0.5193
vn 0.8545 -0.0007 -0.5194
vn 0.8545 -0.0007 -0.5195
vn 0.8543 -0.0022 -0.5198
vn 0.8545 -0.0022 -0.5194
vn 0.8542 -0.0039 -0.5199
vn 0.8541 -0.0039 -0.5201
vn 0.8538 -0.0056 -0.5206
vn 0.8537 -0.0055 -0.5207
vn 0.8533 -0.0072 -0.5214
vn 0.8533 -0.0072 -0.5213
vn 0.8534 -0.0071 -0.5212
vn 0.9252 -0.0256 -0.3786
vn 0.9236 -0.0245 -0.3826
vn 0.9245 -0.0214 -0.3806
vn 0.9246 -0.0214 -0.3803
vn 0.9258 -0.0165 -0.3777
vn 0.9257 -0.0165 -0.3779
vn 0.9267 -0.0115 -0.3756
vn 0.9267 -0.0115 -0.3757
vn 0.9271 -0.0064 -0.3749
vn 0.9273 -0.0065 -0.3743
vn 0.9275 -0.0021 -0.3739
vn 0.9274 -0.0021 -0.3741
vn 0.9275 0.0023 -0.3738
vn 0.9275 0.0023 -0.3739
vn 0.9272 0.0074 -0.3746
vn 0.9270 0.0074 -0.3749
vn 0.9266 0.0125 -0.3758
vn 0.9264 0.0124 -0.3763
vn 0.9256 0.0174 -0.3782
vn 0.9256 0.0174 -0.3780
vn 0.9244 0.0224 -0.3807
vn 0.9244 0.0224 -0.3808
vn 0.9230 0.0267 -0.3838
vn 0.9238 0.0254 -0.3820
vn 0.9531 -0.0331 -0.3009
vn 0.9714 -0.0419 -0.2336
vn 0.9727 -0.0352 -0.2292
vn 0.9728 -0.0352 -0.2289
vn 0.9740 -0.0270 -0.2248
vn 0.9741 -0.0270 -0.2244
vn 0.9749 -0.0188 -0.2217
vn 0.9750 -0.0188 -0.2215
vn 0.9756 -0.0106 -0.2195
vn 0.9756 -0.0106 -0.2191
vn 0.9757 -0.0034 -0.2189
vn 0.9759 -0.0035 -0.2181
vn 0.9759 0.0038 -0.2181
vn 0.9755 0.0121 -0.2195
vn 0.9756 0.0121 -0.2194
vn 0.9749 0.0204 -0.2217
vn 0.9738 0.0286 -0.2254
vn 0.9738 0.0286 -0.2256
vn 0.9725 0.0367 -0.2301
vn 0.9723 0.0367 -0.2309
vn 0.9691 0.0527 -0.2410
vn 0.9787 0.0444 -0.2004
vn 0.9736 -0.0412 -0.2246
vn 0.9956 -0.0552 -0.0759
vn 0.9963 -0.0481 -0.0713
vn 0.9963 -0.0481 -0.0709
vn 0.9972 -0.0369 -0.0658
vn 0.9972 -0.0369 -0.0653
vn 0.9978 -0.0257 -0.0612
vn 0.9978 -0.0257 -0.0610
vn 0.9982 -0.0144 -0.0584
vn 0.9982 -0.0144 -0.0583
vn 0.9983 -0.0047 -0.0574
vn 0.9983 -0.0047 -0.0579
vn 0.9983 0.0051 -0.0578
vn 0.9983 0.0051 -0.0576
vn 0.9981 0.0165 -0.0590
vn 0.9981 0.0165 -0.0589
vn 0.9977 0.0278 -0.0618
vn 0.9977 0.0278 -0.0620
vn 0.9970 0.0390 -0.0665
vn 0.9970 0.0391 -0.0663
vn 0.9961 0.0502 -0.0722
vn 0.9961 0.0502 -0.0727
vn 0.9952 0.0591 -0.0785
vn 0.9896 0.0705 -0.1250
vn 0.9975 -0.0589 -0.0380
vn 0.9940 -0.0693 0.0847
vn 0.9942 -0.0598 0.0893
vn 0.9942 -0.0599 0.0899
vn 0.9943 -0.0458 0.0959
vn 0.9943 -0.0459 0.0966
vn 0.9944 -0.0319 0.1007
vn 0.9944 -0.0319 0.1012
vn 0.9944 -0.0179 0.1040
vn 0.9944 -0.0179 0.1041
vn 0.9944 -0.0058 0.1053
vn 0.9944 -0.0058 0.1054
vn 0.9944 0.0063 0.1054
vn 0.9945 0.0064 0.1048
vn 0.9944 0.0205 0.1036
vn 0.9944 0.0205 0.1035
vn 0.9944 0.0345 0.1004
vn 0.9944 0.0345 0.1000
vn 0.9943 0.0485 0.0953
vn 0.9943 0.0485 0.0948
vn 0.9941 0.0625 0.0885
vn 0.9942 0.0625 0.0877
vn 0.9939 0.0740 0.0817
vn 0.9928 0.0722 0.0954
vn 0.9912 -0.0719 0.1112
vn 0.9664 -0.0818 0.2437
vn 0.9659 -0.0701 0.2491
vn 0.9658 -0.0702 0.2498
vn 0.9652 -0.0536 0.2558
vn 0.9651 -0.0536 0.2561
vn 0.9648 -0.0372 0.2605
vn 0.9645 -0.0373 0.2613
vn 0.9643 -0.0209 0.2641
vn 0.9643 -0.0209 0.2639
vn 0.9642 -0.0068 0.2649
vn 0.9643 -0.0068 0.2648
vn 0.9642 0.0074 0.2652
vn 0.9641 0.0074 0.2653
vn 0.9643 0.0239 0.2638
vn 0.9644 0.0239 0.2633
vn 0.9647 0.0403 0.2604
vn 0.9648 0.0403 0.2598
vn 0.9653 0.0568 0.2550
vn 0.9654 0.0567 0.2546
vn 0.9659 0.0732 0.2484
vn 0.9661 0.0732 0.2475
vn 0.9665 0.0856 0.2418
vn 0.9639 0.0846 0.2526
vn 0.9579 -0.0847 0.2742
vn 0.9126 -0.0927 0.3983
vn 0.9117 -0.0786 0.4033
vn 0.9114 -0.0787 0.4040
vn 0.9104 -0.0600 0.4093
vn 0.9099 -0.0601 0.4104
vn 0.9092 -0.0416 0.4142
vn 0.9093 -0.0416 0.4141
vn 0.9087 -0.0233 0.4168
vn 0.9085 -0.0233 0.4172
vn 0.9084 -0.0076 0.4181
vn 0.9085 -0.0075 0.4178
vn 0.9085 0.0083 0.4179
vn 0.9086 0.0083 0.4177
vn 0.9088 0.0267 0.4164
vn 0.9089 0.0267 0.4161
vn 0.9093 0.0451 0.4138
vn 0.9095 0.0451 0.4133
vn 0.9104 0.0635 0.4089
vn 0.9105 0.0635 0.4085
vn 0.9116 0.0821 0.4029
vn 0.9118 0.0821 0.4022
vn 0.9128 0.0963 0.3969
vn 0.9269 0.0984 0.3621
vn 0.8964 -0.0956 0.4328
vn 0.8331 -0.1014 0.5437
vn 0.8322 -0.0850 0.5479
vn 0.8314 -0.0851 0.5491
vn 0.8308 -0.0648 0.5528
vn 0.8304 -0.0648 0.5534
vn 0.8296 -0.0449 0.5565
vn 0.8293 -0.0449 0.5570
vn 0.8289 -0.0252 0.5589
vn 0.8289 -0.0252 0.5588
vn 0.8287 -0.0081 0.5596
vn 0.8286 -0.0081 0.5598
vn 0.8285 0.0089 0.5599
vn 0.8284 0.0089 0.5601
vn 0.8286 0.0288 0.5591
vn 0.8291 0.0288 0.5584
vn 0.8293 0.0487 0.5567
vn 0.8299 0.0487 0.5558
vn 0.8306 0.0686 0.5527
vn 0.8308 0.0687 0.5524
vn 0.8319 0.0889 0.5477
vn 0.8323 0.0890 0.5471
vn 0.8334 0.1061 0.5423
vn 0.8131 0.1059 0.5724
vn 0.8056 -0.1043 0.5832
vn 0.7298 -0.1075 0.6751
vn 0.7295 -0.0891 0.6782
vn 0.7287 -0.0892 0.6790
vn 0.7284 -0.0678 0.6817
vn 0.7279 -0.0679 0.6823
vn 0.7277 -0.0470 0.6843
vn 0.7271 -0.0470 0.6849
vn 0.7270 -0.0263 0.6862
vn 0.7270 -0.0263 0.6861
vn 0.7267 -0.0085 0.6869
vn 0.7269 -0.0085 0.6867
vn 0.7268 0.0093 0.6868
vn 0.7266 0.0093 0.6870
vn 0.7267 0.0301 0.6863
vn 0.7273 0.0301 0.6857
vn 0.7274 0.0509 0.6843
vn 0.7277 0.0509 0.6840
vn 0.7280 0.0719 0.6818
vn 0.7286 0.0719 0.6811
vn 0.7285 0.0932 0.6787
vn 0.7296 0.0932 0.6776
vn 0.7302 0.1117 0.6740
vn 0.6933 0.1120 0.7119
vn 0.6054 0.1145 0.7876
vn 0.6064 0.0949 0.7895
vn 0.6051 0.0949 0.7904
vn 0.6060 0.0732 0.7921
vn 0.6054 0.0732 0.7925
vn 0.6060 0.0518 0.7938
vn 0.6054 0.0519 0.7942
vn 0.6056 0.0305 0.7952
vn 0.6055 0.0307 0.7952
vn 0.6060 0.0095 0.7954
vn 0.6055 0.0095 0.7958
vn 0.6056 -0.0087 0.7957
vn 0.6054 -0.0087 0.7959
vn 0.6052 -0.0267 0.7956
vn 0.6059 -0.0267 0.7951
vn 0.6051 -0.0478 0.7947
vn 0.6056 -0.0478 0.7943
vn 0.6054 -0.0691 0.7929
vn 0.6062 -0.0691 0.7923
vn 0.6053 -0.0908 0.7908
vn 0.6063 -0.0908 0.7901
vn 0.6053 -0.1109 0.7882
vn 0.6249 -0.1123 0.7726
vn 0.4596 0.1100 0.8813
vn 0.6087 0.1125 0.7854
vn 0.4919 -0.1134 0.8632
vn 0.3319 -0.1082 0.9371
vn -0.1443 -0.0785 0.9864
vn -0.4422 -0.0453 0.8958
vn -0.5805 -0.0307 0.8137
vn -0.5812 0.0459 0.8125
vn -0.7609 0.0082 0.6488
vn -0.7037 -0.0155 0.7103
vn -0.7613 -0.0074 0.6483
vn 0.0187 -0.0908 0.9957
vn -0.0447 -0.0865 0.9952
vn 0.2403 -0.1042 0.9651
vn 0.1410 -0.0984 0.9851
vn 0.5605 -0.1155 0.8200
vn 0.6146 -0.1155 0.7804
vn 0.3893 0.1092 0.9146
vn 0.2126 0.1035 0.9716
vn 0.0311 0.0953 0.9950
vn -0.1366 0.0849 0.9870
vn -0.3954 0.0561 0.9168
vn -0.7609 -0.0075 0.6489
vn -0.7603 -0.0060 0.6496
vn -0.7600 -0.0060 0.6499
vn -0.7595 -0.0043 0.6505
vn -0.7592 -0.0026 0.6509
vn -0.7591 -0.0027 0.6510
vn -0.7589 -0.0009 0.6512
vn -0.7587 -0.0009 0.6514
vn -0.7587 0.0006 0.6514
vn -0.7588 0.0006 0.6513
vn -0.7589 0.0022 0.6512
vn -0.7592 0.0039 0.6508
vn -0.7592 0.0039 0.6509
vn -0.7597 0.0056 0.6502
vn -0.7599 0.0056 0.6500
vn -0.7606 0.0072 0.6492
vn -0.7605 0.0072 0.6493
vn -0.7609 0.0081 0.6488
vn -0.7024 0.0170 0.7115
vn -0.6507 0.0259 0.7589
vn -0.6482 0.0215 0.7612
vn -0.6462 0.0165 0.7630
vn -0.6460 0.0165 0.7631
vn -0.6445 0.0115 0.7645
vn -0.6438 0.0065 0.7652
vn -0.6434 0.0019 0.7655
vn -0.6429 0.0019 0.7659
vn -0.6433 -0.0028 0.7656
vn -0.6430 -0.0027 0.7659
vn -0.6436 -0.0079 0.7654
vn -0.6436 -0.0079 0.7653
vn -0.6447 -0.0129 0.7643
vn -0.6449 -0.0129 0.7642
vn -0.6468 -0.0179 0.7625
vn -0.6488 -0.0228 0.7606
vn -0.6464 -0.0230 0.7626
vn -0.6448 0.0252 0.7639
vn -0.5222 0.0404 0.8518
vn -0.5193 0.0353 0.8538
vn -0.5195 0.0352 0.8538
vn -0.5159 0.0270 0.8562
vn -0.5158 0.0271 0.8563
vn -0.5131 0.0188 0.8581
vn -0.5123 0.0189 0.8586
vn -0.5110 0.0106 0.8595
vn -0.5108 0.0106 0.8596
vn -0.5101 0.0031 0.8601
vn -0.5099 0.0031 0.8602
vn -0.5096 -0.0045 0.8604
vn -0.5103 -0.0045 0.8600
vn -0.5112 -0.0129 0.8594
vn -0.5113 -0.0129 0.8593
vn -0.5132 -0.0211 0.8580
vn -0.5136 -0.0211 0.8577
vn -0.5165 -0.0293 0.8558
vn -0.5209 -0.0377 0.8528
vn -0.5149 -0.0380 0.8564
vn -0.5170 0.0414 0.8550
vn -0.3800 0.0550 0.9233
vn -0.3763 0.0482 0.9252
vn -0.3760 0.0483 0.9253
vn -0.3709 0.0370 0.9279
vn -0.3707 0.0370 0.9280
vn -0.3671 0.0258 0.9298
vn -0.3670 0.0258 0.9299
vn -0.3644 0.0145 0.9311
vn -0.3648 0.0145 0.9310
vn -0.3639 0.0042 0.9314
vn -0.3636 0.0042 0.9315
vn -0.3637 -0.0061 0.9315
vn -0.3635 -0.0061 0.9316
vn -0.3648 -0.0175 0.9309
vn -0.3650 -0.0174 0.9309
vn -0.3680 -0.0288 0.9294
vn -0.3681 -0.0288 0.9293
vn -0.3720 -0.0401 0.9273
vn -0.3725 -0.0401 0.9272
vn -0.3780 -0.0519 0.9244
vn -0.3626 -0.0526 0.9304
vn -0.3633 -0.0544 0.9301
vn -0.2223 0.0600 0.9731
vn -0.2217 0.0601 0.9733
vn -0.2159 0.0460 0.9753
vn -0.2161 0.0460 0.9753
vn -0.2119 0.0319 0.9768
vn -0.2112 0.0320 0.9769
vn -0.2086 0.0180 0.9778
vn -0.2089 0.0180 0.9778
vn -0.2074 0.0052 0.9782
vn -0.2072 0.0052 0.9783
vn -0.2072 -0.0076 0.9783
vn -0.2074 -0.0076 0.9782
vn -0.2090 -0.0218 0.9777
vn -0.2092 -0.0218 0.9776
vn -0.2123 -0.0358 0.9765
vn -0.2125 -0.0358 0.9765
vn -0.2171 -0.0499 0.9749
vn -0.2174 -0.0499 0.9748
vn -0.2238 -0.0638 0.9725
vn -0.2247 -0.0638 0.9723
vn -0.2313 -0.0760 0.9699
vn -0.2230 -0.0721 0.9721
vn -0.3187 0.0615 0.9459
vn -0.2297 0.0694 0.9708
vn -0.2275 0.0699 0.9713
vn -0.0666 0.0821 0.9944
vn -0.0616 0.0703 0.9956
vn -0.0608 0.0704 0.9957
vn -0.0549 0.0537 0.9970
vn -0.0544 0.0538 0.9971
vn -0.0498 0.0372 0.9981
vn -0.0497 0.0374 0.9981
vn -0.0466 0.0210 0.9987
vn -0.0464 0.0210 0.9987
vn -0.0458 0.0061 0.9989
vn -0.0457 0.0061 0.9989
vn -0.0458 -0.0089 0.9989
vn -0.0457 -0.0088 0.9989
vn -0.0473 -0.0254 0.9986
vn -0.0475 -0.0254 0.9985
vn -0.0506 -0.0418 0.9978
vn -0.0510 -0.0418 0.9978
vn -0.0562 -0.0583 0.9967
vn -0.0561 -0.0583 0.9967
vn -0.0624 -0.0749 0.9952
vn -0.0636 -0.0748 0.9952
vn -0.0689 -0.0863 0.9939
vn -0.1044 -0.0938 0.9901
vn -0.0637 0.0829 0.9945
vn 0.0974 0.0932 0.9909
vn 0.1022 0.0788 0.9916
vn 0.1034 0.0789 0.9915
vn 0.1088 0.0602 0.9922
vn 0.1094 0.0602 0.9922
vn 0.1133 0.0418 0.9927
vn 0.1137 0.0418 0.9926
vn 0.1161 0.0234 0.9930
vn 0.1167 0.0233 0.9929
vn 0.1173 0.0068 0.9931
vn 0.1177 0.0068 0.9930
vn 0.1176 -0.0099 0.9930
vn 0.1171 -0.0099 0.9931
vn 0.1159 -0.0283 0.9929
vn 0.1154 -0.0283 0.9929
vn 0.1126 -0.0468 0.9925
vn 0.1123 -0.0468 0.9926
vn 0.1081 -0.0652 0.9920
vn 0.1073 -0.0653 0.9921
vn 0.1016 -0.0839 0.9913
vn 0.1006 -0.0839 0.9914
vn 0.0955 -0.0970 0.9907
vn 0.0720 -0.0999 0.9924
vn 0.1017 0.0940 0.9904
vn 0.2604 0.1018 0.9601
vn 0.2648 0.0852 0.9605
vn 0.2658 0.0853 0.9603
vn 0.2700 0.0649 0.9607
vn 0.2712 0.0650 0.9603
vn 0.2739 0.0450 0.9607
vn 0.2741 0.0452 0.9606
vn 0.2760 0.0253 0.9608
vn 0.2765 0.0253 0.9607
vn 0.2774 0.0073 0.9607
vn 0.2773 0.0073 0.9607
vn 0.2773 -0.0107 0.9607
vn 0.2772 -0.0107 0.9608
vn 0.2762 -0.0306 0.9606
vn 0.2757 -0.0306 0.9608
vn 0.2730 -0.0504 0.9607
vn 0.2729 -0.0504 0.9607
vn 0.2695 -0.0705 0.9604
vn 0.2686 -0.0705 0.9607
vn 0.2641 -0.0907 0.9602
vn 0.2632 -0.0909 0.9604
vn 0.2584 -0.1069 0.9601
vn 0.3127 -0.1075 0.9438
vn 0.2841 0.1037 0.9532
vn 0.4174 0.1079 0.9023
vn 0.4204 0.0893 0.9029
vn 0.4212 0.0893 0.9025
vn 0.4240 0.0680 0.9031
vn 0.4253 0.0681 0.9025
vn 0.4273 0.0471 0.9029
vn 0.4277 0.0471 0.9027
vn 0.4290 0.0264 0.9029
vn 0.4289 0.0264 0.9030
vn 0.4297 0.0077 0.9029
vn 0.4299 0.0077 0.9028
vn 0.4300 -0.0112 0.9028
vn 0.4293 -0.0112 0.9031
vn 0.4288 -0.0320 0.9028
vn 0.4284 -0.0320 0.9030
vn 0.4274 -0.0527 0.9025
vn 0.4265 -0.0528 0.9030
vn 0.4242 -0.0738 0.9025
vn 0.4235 -0.0738 0.9029
vn 0.4206 -0.0951 0.9023
vn 0.4193 -0.0951 0.9029
vn 0.4165 -0.1111 0.9023
vn 0.4102 -0.1117 0.9051
vn 0.5629 -0.1153 0.8184
vn 0.5643 -0.0968 0.8199
vn 0.5656 -0.0969 0.8190
vn 0.5670 -0.0751 0.8203
vn 0.5679 -0.0751 0.8197
vn 0.5688 -0.0537 0.8207
vn 0.5691 -0.0537 0.8205
vn 0.5699 -0.0325 0.8211
vn 0.5704 -0.0325 0.8207
vn 0.5707 -0.0114 0.8211
vn 0.5708 -0.0114 0.8210
vn 0.5708 0.0078 0.8210
vn 0.5703 0.0078 0.8214
vn 0.5703 0.0269 0.8210
vn 0.5704 0.0269 0.8209
vn 0.5699 0.0479 0.8203
vn 0.5690 0.0479 0.8210
vn 0.5678 0.0692 0.8202
vn 0.5673 0.0692 0.8206
vn 0.5661 0.0909 0.8193
vn 0.5647 0.0910 0.8202
vn 0.5633 0.1111 0.8188
vn 0.5429 0.1125 0.8322
vn 0.5600 -0.1540 0.8140
vn 0.4091 -0.6555 0.6348
vn 0.2438 -0.8772 0.4137
vn 0.3488 -0.8202 0.4535
vn 0.5618 -0.4541 0.6915
vn 0.6064 -0.1742 0.7758
vn 0.6183 -0.1453 0.7724
vn 0.6203 -0.1182 0.7754
vn 0.6040 -0.2595 0.7535
vn 0.6090 -0.2191 0.7623
vn 0.6101 -0.2229 0.7603
vn 0.6163 -0.1541 0.7723
vn 0.6019 -0.1542 0.7836
vn 0.5762 -0.3958 0.7150
vn 0.5567 -0.4137 0.7204
vn 0.5835 -0.3700 0.7229
vn 0.5961 -0.3019 0.7440
vn 0.5914 -0.3078 0.7453
vn 0.6024 -0.2701 0.7511
vn 0.5130 -0.6540 0.5560
vn 0.4644 -0.6652 0.5846
vn 0.5128 -0.5918 0.6219
vn 0.5483 -0.5112 0.6618
vn 0.4846 -0.5449 0.6843
vn 0.5435 -0.5025 0.6724
vn 0.3702 -0.8227 0.4314
vn 0.4559 -0.6554 0.6021
vn 0.4220 -0.6411 0.6411
vn 0.4374 -0.5755 0.6910
vn 0.4806 -0.5117 0.7121
vn 0.4914 -0.5250 0.6949
vn 0.5115 -0.3960 0.7626
vn 0.4910 -0.4256 0.7601
vn 0.4755 -0.4916 0.7295
vn 0.5275 -0.3018 0.7941
vn 0.5196 -0.3143 0.7945
vn 0.5088 -0.3705 0.7771
vn 0.5403 -0.2229 0.8114
vn 0.5341 -0.2371 0.8115
vn 0.5290 -0.2702 0.8045
vn 0.5630 -0.1110 0.8190
vn 0.5449 -0.1511 0.8248
vn 0.5391 -0.1994 0.8183
vn 0.4091 -0.6552 0.6351
vn 0.4736 -0.5115 0.7170
vn 0.4736 -0.5119 0.7167
vn 0.5114 -0.3960 0.7627
vn 0.5116 -0.3960 0.7625
vn 0.5350 -0.3016 0.7892
vn 0.5350 -0.3019 0.7891
vn 0.5500 -0.2229 0.8049
vn 0.5500 -0.2230 0.8048
vn 0.5599 -0.1545 0.8140
vn 0.5430 -0.1544 0.8254
vn 0.3346 -0.7374 0.5867
vn 0.3778 -0.7885 0.4854
vn 0.3190 -0.7950 0.5160
vn 0.3048 -0.8229 0.4795
vn 0.3209 -0.8232 0.4683
vn 0.5741 -0.1544 0.8041
vn 0.5656 -0.2230 0.7939
vn 0.5656 -0.2228 0.7940
vn 0.5521 -0.3018 0.7772
vn 0.5522 -0.3020 0.7771
vn 0.5306 -0.3959 0.7495
vn 0.5306 -0.3958 0.7495
vn 0.4947 -0.5118 0.7024
vn 0.4947 -0.5117 0.7025
vn 0.4321 -0.6559 0.6189
vn 0.4322 -0.6557 0.6191
vn 0.3206 -0.8235 0.4681
vn 0.3470 -0.8235 0.4489
vn 0.3472 -0.8233 0.4490
vn 0.4563 -0.6559 0.6013
vn 0.4562 -0.6559 0.6014
vn 0.5162 -0.5119 0.6866
vn 0.5500 -0.3961 0.7353
vn 0.5500 -0.3958 0.7354
vn 0.5698 -0.3017 0.7644
vn 0.5696 -0.3020 0.7644
vn 0.5814 -0.2231 0.7824
vn 0.5814 -0.2228 0.7825
vn 0.5884 -0.1544 0.7937
vn 0.5743 -0.1542 0.8040
vn 0.3712 -0.8219 0.4321
vn 0.4779 -0.6555 0.5848
vn 0.4778 -0.6555 0.5848
vn 0.5360 -0.5114 0.6716
vn 0.5360 -0.5117 0.6715
vn 0.5680 -0.3957 0.7216
vn 0.5679 -0.3955 0.7218
vn 0.5859 -0.3020 0.7520
vn 0.5860 -0.3015 0.7522
vn 0.5963 -0.2230 0.7712
vn 0.6020 -0.1542 0.7835
vn 0.5883 -0.1539 0.7939
vn 0.6382 0.7448 -0.1948
vn 0.9537 0.1121 -0.2792
vn 0.5119 0.8418 -0.1713
vn 0.4666 0.8694 -0.1622
vn 0.1759 0.9828 -0.0567
vn 0.8462 0.4444 -0.2940
vn 0.8108 0.5134 -0.2812
vn 0.8065 0.5219 -0.2778
vn 0.7659 0.5860 -0.2646
vn 0.7011 0.6710 -0.2413
vn 0.6993 0.6730 -0.2412
vn 0.5971 0.7755 -0.2051
vn 0.9189 0.2249 -0.3240
vn 0.9199 0.2212 -0.3237
vn 0.9065 0.2767 -0.3189
vn 0.9392 0.1085 -0.3257
vn 0.9327 0.1442 -0.3305
vn 0.9263 0.1849 -0.3282
vn 0.9304 0.1552 -0.3320
vn 0.9475 0.1548 -0.2797
vn 0.9495 0.1450 -0.2781
vn 0.9120 0.3056 -0.2735
vn 0.8993 0.3057 -0.3128
vn 0.8942 0.3205 -0.3126
vn 0.9083 0.3154 -0.2747
vn 0.9221 0.2727 -0.2744
vn 0.9339 0.2249 -0.2780
vn 0.9349 0.2212 -0.2775
vn 0.9425 0.1849 -0.2783
vn 0.8575 0.4394 -0.2676
vn 0.8664 0.4221 -0.2668
vn 0.8871 0.3773 -0.2659
vn 0.8703 0.3874 -0.3041
vn 0.8651 0.4025 -0.2992
vn 0.8764 0.4022 -0.2647
vn 0.8166 0.5218 -0.2465
vn 0.8246 0.5064 -0.2523
vn 0.7086 0.6710 -0.2185
vn 0.7189 0.6597 -0.2192
vn 0.7784 0.5815 -0.2364
vn 0.1946 0.9786 -0.0664
vn 0.1965 0.9786 -0.0605
vn 0.0660 0.9970 -0.0409
vn 0.2429 0.9671 -0.0762
vn 0.3613 0.9258 -0.1108
vn 0.5161 0.8418 -0.1583
vn 0.3974 0.9062 -0.1442
vn 0.5304 0.8319 -0.1629
vn 0.8828 -0.1094 -0.4569
vn 0.9538 -0.1118 -0.2789
vn 0.8525 0.1091 -0.5112
vn 0.6053 0.0904 -0.7909
vn 0.4679 0.0783 -0.8803
vn 0.1632 0.0495 -0.9854
vn 0.0081 0.0337 -0.9994
vn -0.2331 0.0064 -0.9724
vn -0.2334 0.0075 -0.9723
vn 0.0418 0.0404 -0.9983
vn 0.3255 0.0652 -0.9433
vn 0.2515 0.0578 -0.9661
vn 0.7452 0.1017 -0.6590
vn 0.6772 0.0966 -0.7294
vn 0.9288 0.1129 -0.3530
vn 0.9575 0.1188 -0.2627
vn 0.8461 -0.1096 -0.5216
vn 0.7599 -0.1027 -0.6418
vn 0.7231 -0.1043 -0.6828
vn 0.6394 -0.0943 -0.7631
vn 0.6055 -0.0954 -0.7901
vn 0.4728 -0.0847 -0.8771
vn 0.4924 -0.0842 -0.8663
vn 0.5142 -0.0841 -0.8535
vn 0.3441 -0.0718 -0.9362
vn 0.2129 -0.0582 -0.9753
vn 0.1755 -0.0596 -0.9827
vn -0.2305 -0.0085 -0.9730
vn -0.2336 0.0075 -0.9723
vn -0.2323 0.0059 -0.9726
vn -0.2319 0.0059 -0.9727
vn -0.2312 0.0042 -0.9729
vn -0.2313 0.0042 -0.9729
vn -0.2309 0.0025 -0.9730
vn -0.2312 0.0025 -0.9729
vn -0.2303 0.0008 -0.9731
vn -0.2307 0.0008 -0.9730
vn -0.2307 -0.0007 -0.9730
vn -0.2309 -0.0007 -0.9730
vn -0.2307 -0.0023 -0.9730
vn -0.2308 -0.0022 -0.9730
vn -0.2314 -0.0039 -0.9729
vn -0.2316 -0.0038 -0.9728
vn -0.2323 -0.0056 -0.9726
vn -0.2321 -0.0055 -0.9727
vn -0.2330 -0.0072 -0.9725
vn -0.2332 -0.0072 -0.9724
vn -0.0749 -0.0259 -0.9969
vn -0.0793 -0.0243 -0.9966
vn -0.0766 -0.0215 -0.9968
vn -0.0765 -0.0215 -0.9968
vn -0.0739 -0.0165 -0.9971
vn -0.0738 -0.0165 -0.9971
vn -0.0714 -0.0115 -0.9974
vn -0.0715 -0.0115 -0.9974
vn -0.0702 -0.0065 -0.9975
vn -0.0699 -0.0065 -0.9975
vn -0.0698 -0.0021 -0.9976
vn -0.0695 -0.0021 -0.9976
vn -0.0700 0.0023 -0.9975
vn -0.0695 0.0023 -0.9976
vn -0.0702 0.0074 -0.9975
vn -0.0719 0.0125 -0.9973
vn -0.0720 0.0125 -0.9973
vn -0.0742 0.0175 -0.9971
vn -0.0739 0.0177 -0.9971
vn -0.0772 0.0224 -0.9968
vn -0.0774 0.0224 -0.9968
vn -0.0805 0.0268 -0.9964
vn -0.0781 0.0252 -0.9966
vn 0.0080 -0.0331 -0.9994
vn 0.0781 -0.0418 -0.9961
vn 0.0825 -0.0352 -0.9960
vn 0.0868 -0.0270 -0.9959
vn 0.0904 -0.0188 -0.9957
vn 0.0905 -0.0189 -0.9957
vn 0.0931 -0.0106 -0.9956
vn 0.0923 -0.0106 -0.9957
vn 0.0935 -0.0034 -0.9956
vn 0.0934 -0.0034 -0.9956
vn 0.0934 0.0037 -0.9956
vn 0.0933 0.0038 -0.9956
vn 0.0925 0.0121 -0.9956
vn 0.0923 0.0121 -0.9957
vn 0.0899 0.0204 -0.9957
vn 0.0900 0.0204 -0.9957
vn 0.0866 0.0286 -0.9958
vn 0.0861 0.0286 -0.9959
vn 0.0818 0.0368 -0.9960
vn 0.0811 0.0367 -0.9960
vn 0.0700 0.0528 -0.9962
vn 0.1117 0.0442 -0.9928
vn 0.0863 -0.0412 -0.9954
vn 0.2354 -0.0552 -0.9703
vn 0.2401 -0.0481 -0.9696
vn 0.2405 -0.0482 -0.9695
vn 0.2459 -0.0369 -0.9686
vn 0.2463 -0.0370 -0.9685
vn 0.2503 -0.0257 -0.9678
vn 0.2528 -0.0144 -0.9674
vn 0.2532 -0.0144 -0.9673
vn 0.2543 -0.0047 -0.9671
vn 0.2542 -0.0047 -0.9671
vn 0.2540 0.0051 -0.9672
vn 0.2542 0.0051 -0.9671
vn 0.2528 0.0165 -0.9674
vn 0.2526 0.0165 -0.9674
vn 0.2503 0.0279 -0.9678
vn 0.2497 0.0278 -0.9679
vn 0.2453 0.0391 -0.9687
vn 0.2449 0.0391 -0.9688
vn 0.2393 0.0503 -0.9696
vn 0.2389 0.0502 -0.9697
vn 0.2331 0.0592 -0.9707
vn 0.1871 0.0705 -0.9798
vn 0.2724 -0.0589 -0.9604
vn 0.3879 -0.0693 -0.9191
vn 0.3928 -0.0599 -0.9177
vn 0.3934 -0.0600 -0.9174
vn 0.3992 -0.0459 -0.9157
vn 0.3995 -0.0459 -0.9156
vn 0.4037 -0.0319 -0.9143
vn 0.4041 -0.0319 -0.9141
vn 0.4068 -0.0179 -0.9133
vn 0.4069 -0.0179 -0.9133
vn 0.4078 -0.0058 -0.9131
vn 0.4078 -0.0058 -0.9130
vn 0.4079 0.0064 -0.9130
vn 0.4077 0.0064 -0.9131
vn 0.4066 0.0205 -0.9134
vn 0.4063 0.0205 -0.9135
vn 0.4033 0.0345 -0.9144
vn 0.4027 0.0345 -0.9147
vn 0.3986 0.0486 -0.9158
vn 0.3979 0.0486 -0.9161
vn 0.3919 0.0626 -0.9179
vn 0.3917 0.0626 -0.9180
vn 0.3850 0.0740 -0.9199
vn 0.3981 0.0722 -0.9145
vn 0.4126 -0.0719 -0.9081
vn 0.5313 -0.0819 -0.8432
vn 0.5363 -0.0702 -0.8411
vn 0.5370 -0.0702 -0.8407
vn 0.5421 -0.0536 -0.8386
vn 0.5427 -0.0537 -0.8382
vn 0.5468 -0.0372 -0.8364
vn 0.5472 -0.0373 -0.8362
vn 0.5497 -0.0209 -0.8351
vn 0.5499 -0.0209 -0.8350
vn 0.5508 -0.0068 -0.8346
vn 0.5509 -0.0068 -0.8346
vn 0.5511 0.0074 -0.8344
vn 0.5507 0.0075 -0.8347
vn 0.5497 0.0239 -0.8350
vn 0.5494 0.0239 -0.8352
vn 0.5465 0.0404 -0.8365
vn 0.5462 0.0404 -0.8367
vn 0.5419 0.0568 -0.8385
vn 0.5411 0.0568 -0.8390
vn 0.5353 0.0733 -0.8415
vn 0.5348 0.0733 -0.8418
vn 0.5293 0.0856 -0.8441
vn 0.5388 0.0847 -0.8381
vn 0.5577 -0.0847 -0.8257
vn 0.6619 -0.0928 -0.7438
vn 0.6665 -0.0786 -0.7414
vn 0.6670 -0.0787 -0.7409
vn 0.6714 -0.0599 -0.7387
vn 0.6720 -0.0601 -0.7381
vn 0.6755 -0.0416 -0.7362
vn 0.6759 -0.0417 -0.7358
vn 0.6780 -0.0233 -0.7347
vn 0.6784 -0.0233 -0.7344
vn 0.6789 -0.0076 -0.7342
vn 0.6791 -0.0076 -0.7340
vn 0.6790 0.0083 -0.7341
vn 0.6791 0.0083 -0.7340
vn 0.6779 0.0267 -0.7347
vn 0.6778 0.0267 -0.7347
vn 0.6752 0.0451 -0.7363
vn 0.6747 0.0451 -0.7367
vn 0.6711 0.0636 -0.7387
vn 0.6706 0.0636 -0.7391
vn 0.6657 0.0822 -0.7417
vn 0.6650 0.0822 -0.7423
vn 0.6603 0.0963 -0.7448
vn 0.6316 0.0985 -0.7690
vn 0.6897 -0.0957 -0.7177
vn 0.7753 -0.1014 -0.6234
vn 0.7790 -0.0850 -0.6213
vn 0.7795 -0.0851 -0.6206
vn 0.7831 -0.0648 -0.6185
vn 0.7836 -0.0648 -0.6178
vn 0.7864 -0.0449 -0.6160
vn 0.7865 -0.0449 -0.6160
vn 0.7881 -0.0251 -0.6150
vn 0.7885 -0.0252 -0.6145
vn 0.7891 -0.0081 -0.6142
vn 0.7893 -0.0082 -0.6139
vn 0.7893 0.0089 -0.6139
vn 0.7892 0.0089 -0.6141
vn 0.7883 0.0288 -0.6146
vn 0.7882 0.0288 -0.6148
vn 0.7863 0.0487 -0.6159
vn 0.7858 0.0487 -0.6166
vn 0.7833 0.0686 -0.6178
vn 0.7825 0.0687 -0.6188
vn 0.7787 0.0889 -0.6211
vn 0.7782 0.0889 -0.6217
vn 0.7741 0.1062 -0.6241
vn 0.7960 0.1060 -0.5959
vn 0.8064 -0.1044 -0.5821
vn 0.8681 -0.1079 -0.4845
vn 0.8710 -0.0891 -0.4832
vn 0.8716 -0.0892 -0.4821
vn 0.8741 -0.0678 -0.4809
vn 0.8744 -0.0679 -0.4805
vn 0.8763 -0.0469 -0.4794
vn 0.8767 -0.0470 -0.4787
vn 0.8776 -0.0263 -0.4786
vn 0.8778 -0.0263 -0.4783
vn 0.8783 -0.0085 -0.4781
vn 0.8786 -0.0086 -0.4775
vn 0.8784 0.0093 -0.4779
vn 0.8782 0.0094 -0.4781
vn 0.8776 0.0301 -0.4784
vn 0.8763 0.0509 -0.4790
vn 0.8760 0.0509 -0.4796
vn 0.8741 0.0719 -0.4805
vn 0.8735 0.0719 -0.4814
vn 0.8709 0.0931 -0.4826
vn 0.8703 0.0932 -0.4836
vn 0.8672 0.1117 -0.4852
vn 0.8917 0.1120 -0.4386
vn 0.9366 0.1144 -0.3313
vn 0.9386 0.0948 -0.3318
vn 0.9390 0.0949 -0.3304
vn 0.9409 0.0731 -0.3306
vn 0.9412 0.0732 -0.3298
vn 0.9425 0.0518 -0.3301
vn 0.9428 0.0518 -0.3292
vn 0.9437 0.0306 -0.3294
vn 0.9438 0.0306 -0.3290
vn 0.9443 0.0095 -0.3291
vn 0.9442 0.0095 -0.3293
vn 0.9442 -0.0087 -0.3293
vn 0.9443 -0.0087 -0.3291
vn 0.9440 -0.0267 -0.3290
vn 0.9438 -0.0267 -0.3294
vn 0.9430 -0.0478 -0.3293
vn 0.9428 -0.0478 -0.3299
vn 0.9417 -0.0690 -0.3292
vn 0.9412 -0.0691 -0.3308
vn 0.9394 -0.0907 -0.3305
vn 0.9390 -0.0908 -0.3316
vn 0.9370 -0.1110 -0.3311
vn 0.9287 -0.1122 -0.3533
vn 0.9804 0.1099 -0.1637
vn 0.9356 0.1129 -0.3345
vn 0.9732 -0.1134 -0.2001
vn 0.9938 -0.1082 -0.0259
vn 0.8938 -0.0784 0.4416
vn 0.7163 -0.0452 0.6964
vn 0.5954 -0.0307 0.8028
vn 0.5942 0.0460 0.8030
vn 0.3829 0.0082 0.9238
vn 0.4589 -0.0155 0.8884
vn 0.3826 -0.0075 0.9239
vn 0.9528 -0.0908 0.2897
vn 0.9329 -0.0864 0.3497
vn 0.9921 -0.1040 0.0700
vn 0.9804 -0.0983 0.1706
vn 0.9535 -0.1154 -0.2784
vn 0.9324 -0.1148 -0.3427
vn 0.9903 0.1091 -0.0862
vn 0.9896 0.1035 0.0996
vn 0.9554 0.0953 0.2796
vn 0.8967 0.0848 0.4344
vn 0.7506 0.0560 0.6583
vn 0.3833 -0.0075 0.9236
vn 0.3840 -0.0059 0.9233
vn 0.3841 -0.0060 0.9233
vn 0.3852 -0.0043 0.9228
vn 0.3852 -0.0044 0.9228
vn 0.3857 -0.0026 0.9226
vn 0.3854 -0.0026 0.9227
vn 0.3862 -0.0009 0.9224
vn 0.3857 -0.0009 0.9226
vn 0.3857 0.0006 0.9226
vn 0.3859 0.0006 0.9225
vn 0.3858 0.0022 0.9226
vn 0.3855 0.0022 0.9227
vn 0.3851 0.0039 0.9229
vn 0.3853 0.0039 0.9228
vn 0.3847 0.0056 0.9230
vn 0.3844 0.0056 0.9231
vn 0.3838 0.0072 0.9234
vn 0.3835 0.0072 0.9235
vn 0.3829 0.0082 0.9237
vn 0.4605 0.0171 0.8875
vn 0.5218 0.0259 0.8527
vn 0.5244 0.0215 0.8512
vn 0.5268 0.0165 0.8498
vn 0.5269 0.0165 0.8498
vn 0.5287 0.0115 0.8487
vn 0.5292 0.0115 0.8484
vn 0.5299 0.0065 0.8480
vn 0.5301 0.0065 0.8479
vn 0.5306 0.0019 0.8476
vn 0.5310 0.0019 0.8474
vn 0.5306 -0.0028 0.8476
vn 0.5308 -0.0027 0.8475
vn 0.5299 -0.0079 0.8480
vn 0.5286 -0.0129 0.8488
vn 0.5285 -0.0129 0.8488
vn 0.5263 -0.0179 0.8501
vn 0.5261 -0.0179 0.8502
vn 0.5235 -0.0228 0.8517
vn 0.5271 -0.0230 0.8495
vn 0.5288 0.0254 0.8484
vn 0.6496 0.0403 0.7592
vn 0.6523 0.0352 0.7571
vn 0.6526 0.0353 0.7569
vn 0.6560 0.0271 0.7543
vn 0.6562 0.0271 0.7541
vn 0.6588 0.0189 0.7521
vn 0.6589 0.0189 0.7520
vn 0.6604 0.0106 0.7508
vn 0.6611 0.0031 0.7503
vn 0.6613 0.0031 0.7501
vn 0.6613 -0.0045 0.7501
vn 0.6611 -0.0045 0.7503
vn 0.6603 -0.0129 0.7509
vn 0.6582 -0.0211 0.7526
vn 0.6583 -0.0211 0.7525
vn 0.6551 -0.0293 0.7549
vn 0.6551 -0.0293 0.7550
vn 0.6513 -0.0377 0.7579
vn 0.6564 -0.0380 0.7534
vn 0.6540 0.0414 0.7554
vn 0.7613 0.0550 0.6460
vn 0.7643 0.0482 0.6430
vn 0.7646 0.0482 0.6427
vn 0.7684 0.0370 0.6389
vn 0.7688 0.0370 0.6384
vn 0.7716 0.0257 0.6356
vn 0.7734 0.0145 0.6338
vn 0.7735 0.0145 0.6336
vn 0.7743 0.0042 0.6328
vn 0.7743 -0.0061 0.6328
vn 0.7740 -0.0061 0.6331
vn 0.7732 -0.0175 0.6340
vn 0.7731 -0.0175 0.6341
vn 0.7710 -0.0288 0.6362
vn 0.7708 -0.0288 0.6364
vn 0.7678 -0.0401 0.6395
vn 0.7675 -0.0400 0.6398
vn 0.7632 -0.0518 0.6441
vn 0.7735 -0.0526 0.6316
vn 0.7726 -0.0542 0.6326
vn 0.8570 0.0599 0.5118
vn 0.8575 0.0600 0.5110
vn 0.8612 0.0459 0.5062
vn 0.8612 0.0460 0.5062
vn 0.8639 0.0319 0.5027
vn 0.8643 0.0320 0.5019
vn 0.8658 0.0180 0.5001
vn 0.8661 0.0180 0.4996
vn 0.8667 0.0052 0.4987
vn 0.8667 -0.0076 0.4988
vn 0.8657 -0.0217 0.5001
vn 0.8654 -0.0217 0.5005
vn 0.8635 -0.0358 0.5031
vn 0.8632 -0.0358 0.5036
vn 0.8602 -0.0498 0.5074
vn 0.8601 -0.0497 0.5078
vn 0.8563 -0.0638 0.5126
vn 0.8560 -0.0638 0.5131
vn 0.8516 -0.0758 0.5187
vn 0.8561 -0.0722 0.5117
vn 0.8018 0.0614 0.5945
vn 0.8526 0.0694 0.5179
vn 0.8539 0.0699 0.5156
vn 0.9254 0.0820 0.3701
vn 0.9280 0.0702 0.3659
vn 0.9285 0.0703 0.3647
vn 0.9316 0.0537 0.3595
vn 0.9315 0.0537 0.3597
vn 0.9339 0.0373 0.3555
vn 0.9340 0.0373 0.3553
vn 0.9354 0.0210 0.3529
vn 0.9356 0.0210 0.3524
vn 0.9362 0.0061 0.3514
vn 0.9362 0.0061 0.3515
vn 0.9361 -0.0089 0.3515
vn 0.9352 -0.0254 0.3532
vn 0.9334 -0.0418 0.3564
vn 0.9334 -0.0418 0.3563
vn 0.9310 -0.0582 0.3604
vn 0.9306 -0.0582 0.3613
vn 0.9273 -0.0747 0.3668
vn 0.9271 -0.0747 0.3674
vn 0.9241 -0.0862 0.3722
vn 0.9097 -0.0937 0.4045
vn 0.9257 0.0828 0.3692
vn 0.9726 0.0928 0.2134
vn 0.9748 0.0787 0.2087
vn 0.9750 0.0788 0.2078
vn 0.9773 0.0601 0.2029
vn 0.9775 0.0601 0.2023
vn 0.9791 0.0417 0.1988
vn 0.9792 0.0417 0.1985
vn 0.9803 0.0234 0.1961
vn 0.9804 0.0234 0.1958
vn 0.9808 0.0068 0.1948
vn 0.9808 0.0068 0.1950
vn 0.9807 -0.0099 0.1951
vn 0.9808 -0.0099 0.1949
vn 0.9801 -0.0283 0.1962
vn 0.9801 -0.0283 0.1966
vn 0.9788 -0.0467 0.1992
vn 0.9786 -0.0467 0.2002
vn 0.9768 -0.0652 0.2041
vn 0.9766 -0.0652 0.2048
vn 0.9742 -0.0838 0.2097
vn 0.9740 -0.0838 0.2106
vn 0.9718 -0.0969 0.2150
vn 0.9661 -0.0997 0.2381
vn 0.9731 0.0939 0.2106
vn 0.9936 0.1016 0.0491
vn 0.9954 0.0851 0.0451
vn 0.9954 0.0852 0.0444
vn 0.9971 0.0649 0.0406
vn 0.9971 0.0649 0.0397
vn 0.9983 0.0450 0.0369
vn 0.9983 0.0450 0.0367
vn 0.9991 0.0252 0.0346
vn 0.9991 0.0252 0.0341
vn 0.9994 0.0073 0.0335
vn 0.9994 -0.0107 0.0336
vn 0.9994 -0.0107 0.0335
vn 0.9989 -0.0305 0.0348
vn 0.9989 -0.0305 0.0349
vn 0.9980 -0.0504 0.0370
vn 0.9980 -0.0504 0.0378
vn 0.9967 -0.0704 0.0406
vn 0.9966 -0.0704 0.0417
vn 0.9948 -0.0906 0.0458
vn 0.9948 -0.0907 0.0469
vn 0.9930 -0.1066 0.0509
vn 0.9942 -0.1073 -0.0050
vn 0.9943 0.1036 0.0259
vn 0.9872 0.1077 -0.1179
vn 0.9887 0.0892 -0.1206
vn 0.9886 0.0893 -0.1215
vn 0.9900 0.0679 -0.1239
vn 0.9898 0.0680 -0.1248
vn 0.9908 0.0470 -0.1269
vn 0.9908 0.0472 -0.1269
vn 0.9914 0.0264 -0.1283
vn 0.9913 0.0264 -0.1287
vn 0.9916 0.0077 -0.1290
vn 0.9916 0.0077 -0.1293
vn 0.9916 -0.0112 -0.1291
vn 0.9916 -0.0112 -0.1289
vn 0.9912 -0.0319 -0.1287
vn 0.9913 -0.0319 -0.1279
vn 0.9905 -0.0527 -0.1266
vn 0.9906 -0.0528 -0.1261
vn 0.9896 -0.0737 -0.1239
vn 0.9897 -0.0737 -0.1230
vn 0.9882 -0.0950 -0.1203
vn 0.9883 -0.0951 -0.1192
vn 0.9869 -0.1109 -0.1168
vn 0.9877 -0.1115 -0.1099
vn 0.9526 -0.1152 -0.2817
vn 0.9543 -0.0968 -0.2826
vn 0.9540 -0.0968 -0.2836
vn 0.9557 -0.0750 -0.2846
vn 0.9553 -0.0751 -0.2860
vn 0.9566 -0.0536 -0.2866
vn 0.9565 -0.0537 -0.2868
vn 0.9573 -0.0325 -0.2872
vn 0.9570 -0.0325 -0.2881
vn 0.9575 -0.0113 -0.2883
vn 0.9575 -0.0113 -0.2881
vn 0.9576 0.0078 -0.2881
vn 0.9573 0.0268 -0.2879
vn 0.9575 0.0269 -0.2873
vn 0.9566 0.0479 -0.2874
vn 0.9568 0.0479 -0.2866
vn 0.9558 0.0691 -0.2859
vn 0.9560 0.0692 -0.2851
vn 0.9544 0.0908 -0.2843
vn 0.9549 0.0909 -0.2828
vn 0.9530 0.1110 -0.2820
vn 0.9596 0.1123 -0.2581
vn 0.9475 -0.1540 -0.2803
vn 0.7306 -0.6552 -0.1922
vn 0.4692 -0.8770 -0.1037
vn 0.5396 -0.8200 -0.1910
vn 0.8316 -0.4540 -0.3198
vn 0.9256 -0.1733 -0.3365
vn 0.9260 -0.1457 -0.3483
vn 0.9296 -0.1184 -0.3491
vn 0.9037 -0.2593 -0.3407
vn 0.9135 -0.2190 -0.3428
vn 0.9120 -0.2228 -0.3445
vn 0.9253 -0.1538 -0.3466
vn 0.9315 -0.1543 -0.3293
vn 0.8585 -0.3956 -0.3264
vn 0.8576 -0.4131 -0.3065
vn 0.8682 -0.3697 -0.3309
vn 0.8922 -0.3016 -0.3361
vn 0.8919 -0.3076 -0.3314
vn 0.9009 -0.2699 -0.3399
vn 0.6878 -0.6538 -0.3153
vn 0.7001 -0.6650 -0.2601
vn 0.7504 -0.5917 -0.2947
vn 0.7993 -0.5112 -0.3160
vn 0.8009 -0.5447 -0.2487
vn 0.8079 -0.5023 -0.3082
vn 0.5253 -0.8224 -0.2184
vn 0.7376 -0.5996 -0.3104
vn 0.7277 -0.6554 -0.2025
vn 0.8610 -0.4540 -0.2292
vn 0.8413 -0.4911 -0.2259
vn 0.8132 -0.5246 -0.2518
vn 0.8259 -0.5118 -0.2363
vn 0.7987 -0.5648 -0.2077
vn 0.7833 -0.5879 -0.2020
vn 0.8771 -0.4184 -0.2358
vn 0.8838 -0.3955 -0.2500
vn 0.8967 -0.3698 -0.2431
vn 0.9186 -0.3015 -0.2555
vn 0.9172 -0.3099 -0.2504
vn 0.9052 -0.3473 -0.2451
vn 0.9389 -0.2230 -0.2623
vn 0.9374 -0.2346 -0.2574
vn 0.9293 -0.2683 -0.2538
vn 0.9529 -0.1107 -0.2825
vn 0.9531 -0.1504 -0.2628
vn 0.9453 -0.1984 -0.2589
vn 0.7307 -0.6551 -0.1922
vn 0.8285 -0.5114 -0.2282
vn 0.8837 -0.3955 -0.2502
vn 0.9162 -0.3015 -0.2641
vn 0.9161 -0.3016 -0.2641
vn 0.9358 -0.2226 -0.2734
vn 0.9356 -0.2231 -0.2736
vn 0.9475 -0.1542 -0.2801
vn 0.9531 -0.1541 -0.2606
vn 0.6619 -0.7371 -0.1363
vn 0.5787 -0.7883 -0.2091
vn 0.5902 -0.7944 -0.1435
vn 0.5507 -0.8227 -0.1413
vn 0.5450 -0.8230 -0.1600
vn 0.9424 -0.1539 -0.2971
vn 0.9302 -0.2228 -0.2918
vn 0.9301 -0.2228 -0.2919
vn 0.9101 -0.3016 -0.2841
vn 0.9102 -0.3015 -0.2840
vn 0.8771 -0.3957 -0.2720
vn 0.8771 -0.3958 -0.2721
vn 0.8211 -0.5117 -0.2528
vn 0.8212 -0.5116 -0.2527
vn 0.7226 -0.6556 -0.2192
vn 0.7227 -0.6556 -0.2191
vn 0.5448 -0.8232 -0.1599
vn 0.5347 -0.8232 -0.1909
vn 0.5349 -0.8230 -0.1911
vn 0.7134 -0.6556 -0.2474
vn 0.7135 -0.6556 -0.2474
vn 0.8129 -0.5118 -0.2779
vn 0.8130 -0.5115 -0.2781
vn 0.8698 -0.3955 -0.2949
vn 0.8696 -0.3958 -0.2950
vn 0.9034 -0.3018 -0.3047
vn 0.9035 -0.3015 -0.3046
vn 0.9242 -0.2227 -0.3102
vn 0.9243 -0.2225 -0.3102
vn 0.9370 -0.1541 -0.3134
vn 0.9425 -0.1541 -0.2967
vn 0.5257 -0.8220 -0.2187
vn 0.7041 -0.6555 -0.2732
vn 0.7043 -0.6552 -0.2732
vn 0.8048 -0.5113 -0.3014
vn 0.8046 -0.5115 -0.3016
vn 0.8623 -0.3957 -0.3160
vn 0.8624 -0.3953 -0.3162
vn 0.8967 -0.3017 -0.3240
vn 0.8967 -0.3016 -0.3240
vn 0.9180 -0.2230 -0.3279
vn 0.9182 -0.2225 -0.3277
vn 0.9316 -0.1537 -0.3294
vn 0.9371 -0.1541 -0.3131
vn 0.0117 0.7454 -0.6665
vn 0.0288 0.1112 -0.9934
vn -0.0049 0.8423 -0.5390
vn -0.0103 0.8696 -0.4936
vn 0.0002 0.9828 -0.1849
vn -0.0184 0.4434 -0.8961
vn -0.0177 0.5120 -0.8588
vn -0.0154 0.5224 -0.8526
vn -0.0153 0.5858 -0.8103
vn -0.0131 0.6712 -0.7412
vn -0.0136 0.6736 -0.7390
vn -0.0108 0.7760 -0.6306
vn -0.0246 0.2255 -0.9739
vn -0.0240 0.2213 -0.9749
vn -0.0237 0.2762 -0.9608
vn -0.0199 0.1054 -0.9942
vn -0.0266 0.1444 -0.9892
vn -0.0264 0.1844 -0.9825
vn -0.0286 0.1549 -0.9875
vn 0.0265 0.1549 -0.9876
vn 0.0286 0.1452 -0.9890
vn 0.0213 0.3061 -0.9517
vn -0.0200 0.3058 -0.9519
vn -0.0212 0.3202 -0.9471
vn 0.0191 0.3157 -0.9487
vn 0.0237 0.2727 -0.9618
vn 0.0239 0.2255 -0.9740
vn 0.0248 0.2215 -0.9748
vn 0.0264 0.1844 -0.9825
vn 0.0102 0.4394 -0.8982
vn 0.0137 0.4224 -0.9063
vn 0.0209 0.3776 -0.9257
vn -0.0208 0.3870 -0.9219
vn -0.0177 0.4024 -0.9153
vn 0.0188 0.4027 -0.9151
vn 0.0176 0.5221 -0.8527
vn 0.0146 0.5072 -0.8617
vn 0.0109 0.6712 -0.7412
vn 0.0135 0.6601 -0.7511
vn 0.0154 0.5822 -0.8129
vn -0.0032 0.9787 -0.2055
vn 0.0032 0.9787 -0.2055
vn -0.0186 0.9970 -0.0753
vn 0.0025 0.9671 -0.2542
vn 0.0061 0.9260 -0.3775
vn 0.0087 0.8422 -0.5390
vn -0.0145 0.9063 -0.4223
vn 0.0088 0.8321 -0.5546
vn -0.1643 -0.1095 -0.9803
vn 0.0301 -0.1122 -0.9932
vn -0.2232 0.1092 -0.9686
vn -0.5663 0.0904 -0.8192
vn -0.6935 0.0783 -0.7162
vn -0.8871 0.0495 -0.4589
vn -0.9482 0.0339 -0.3159
vn -0.9968 0.0063 -0.0793
vn -0.9969 0.0075 -0.0787
vn -0.9367 0.0404 -0.3479
vn -0.7971 0.0652 -0.6004
vn -0.8415 0.0579 -0.5371
vn -0.3974 0.1017 -0.9120
vn -0.4855 0.0967 -0.8689
vn -0.0492 0.1131 -0.9924
vn 0.0465 0.1187 -0.9918
vn -0.2388 -0.1097 -0.9649
vn -0.3812 -0.1026 -0.9188
vn -0.5355 -0.0942 -0.8393
vn -0.6536 -0.0841 -0.7522
vn -0.6795 -0.0842 -0.7288
vn -0.7849 -0.0718 -0.6155
vn -0.8624 -0.0581 -0.5029
vn -0.8805 -0.0595 -0.4703
vn -0.9966 -0.0085 -0.0823
vn -0.9969 0.0075 -0.0788
vn -0.9968 0.0059 -0.0798
vn -0.9968 0.0059 -0.0797
vn -0.9967 0.0042 -0.0805
vn -0.9967 0.0042 -0.0808
vn -0.9967 0.0025 -0.0810
vn -0.9967 0.0025 -0.0809
vn -0.9967 0.0008 -0.0815
vn -0.9967 0.0008 -0.0811
vn -0.9967 -0.0007 -0.0811
vn -0.9967 -0.0007 -0.0812
vn -0.9967 -0.0022 -0.0810
vn -0.9967 -0.0039 -0.0805
vn -0.9967 -0.0040 -0.0809
vn -0.9968 -0.0054 -0.0802
vn -0.9968 -0.0055 -0.0800
vn -0.9968 -0.0072 -0.0790
vn -0.9968 -0.0072 -0.0791
vn -0.9969 -0.0070 -0.0789
vn -0.9714 -0.0257 -0.2362
vn -0.9723 -0.0244 -0.2327
vn -0.9718 -0.0214 -0.2347
vn -0.9717 -0.0215 -0.2353
vn -0.9712 -0.0165 -0.2377
vn -0.9711 -0.0165 -0.2380
vn -0.9707 -0.0115 -0.2400
vn -0.9707 -0.0115 -0.2401
vn -0.9704 -0.0065 -0.2415
vn -0.9704 -0.0065 -0.2414
vn -0.9703 -0.0021 -0.2419
vn -0.9703 -0.0021 -0.2420
vn -0.9703 0.0023 -0.2421
vn -0.9703 0.0023 -0.2420
vn -0.9704 0.0074 -0.2413
vn -0.9704 0.0074 -0.2412
vn -0.9708 0.0124 -0.2396
vn -0.9708 0.0123 -0.2398
vn -0.9713 0.0174 -0.2374
vn -0.9713 0.0174 -0.2373
vn -0.9718 0.0224 -0.2346
vn -0.9719 0.0224 -0.2341
vn -0.9726 0.0269 -0.2309
vn -0.9720 0.0251 -0.2335
vn -0.9481 -0.0331 -0.3161
vn -0.9234 -0.0418 -0.3816
vn -0.9220 -0.0352 -0.3856
vn -0.9218 -0.0352 -0.3860
vn -0.9204 -0.0270 -0.3901
vn -0.9193 -0.0188 -0.3931
vn -0.9186 -0.0106 -0.3950
vn -0.9185 -0.0106 -0.3952
vn -0.9183 -0.0034 -0.3959
vn -0.9184 -0.0034 -0.3957
vn -0.9182 0.0038 -0.3961
vn -0.9182 0.0038 -0.3962
vn -0.9186 0.0121 -0.3951
vn -0.9187 0.0121 -0.3947
vn -0.9195 0.0204 -0.3926
vn -0.9194 0.0204 -0.3927
vn -0.9206 0.0286 -0.3895
vn -0.9208 0.0286 -0.3889
vn -0.9222 0.0367 -0.3849
vn -0.9224 0.0367 -0.3846
vn -0.9259 0.0527 -0.3741
vn -0.9100 0.0445 -0.4122
vn -0.9201 -0.0412 -0.3894
vn -0.8505 -0.0553 -0.5231
vn -0.8485 -0.0481 -0.5270
vn -0.8481 -0.0482 -0.5277
vn -0.8456 -0.0369 -0.5325
vn -0.8454 -0.0370 -0.5329
vn -0.8436 -0.0257 -0.5364
vn -0.8435 -0.0257 -0.5366
vn -0.8423 -0.0144 -0.5389
vn -0.8421 -0.0144 -0.5391
vn -0.8418 -0.0047 -0.5397
vn -0.8418 0.0051 -0.5398
vn -0.8418 0.0051 -0.5397
vn -0.8422 0.0165 -0.5388
vn -0.8425 0.0165 -0.5385
vn -0.8440 0.0278 -0.5356
vn -0.8439 0.0278 -0.5358
vn -0.8457 0.0391 -0.5323
vn -0.8460 0.0391 -0.5317
vn -0.8486 0.0502 -0.5267
vn -0.8489 0.0502 -0.5262
vn -0.8515 0.0592 -0.5210
vn -0.8742 0.0705 -0.4804
vn -0.8295 -0.0589 -0.5553
vn -0.7550 -0.0693 -0.6520
vn -0.7522 -0.0598 -0.6563
vn -0.7518 -0.0599 -0.6567
vn -0.7481 -0.0459 -0.6620
vn -0.7480 -0.0459 -0.6621
vn -0.7455 -0.0319 -0.6657
vn -0.7452 -0.0319 -0.6660
vn -0.7437 -0.0179 -0.6683
vn -0.7435 -0.0179 -0.6685
vn -0.7429 -0.0058 -0.6694
vn -0.7430 -0.0058 -0.6692
vn -0.7430 0.0064 -0.6693
vn -0.7430 0.0064 -0.6692
vn -0.7439 0.0205 -0.6680
vn -0.7441 0.0205 -0.6678
vn -0.7455 0.0345 -0.6656
vn -0.7461 0.0345 -0.6650
vn -0.7487 0.0485 -0.6611
vn -0.7491 0.0485 -0.6607
vn -0.7526 0.0625 -0.6555
vn -0.7531 0.0625 -0.6549
vn -0.7567 0.0741 -0.6495
vn -0.7474 0.0721 -0.6605
vn -0.7369 -0.0719 -0.6722
vn -0.6389 -0.0819 -0.7649
vn -0.6354 -0.0701 -0.7690
vn -0.6348 -0.0702 -0.7695
vn -0.6310 -0.0535 -0.7739
vn -0.6302 -0.0537 -0.7745
vn -0.6274 -0.0372 -0.7778
vn -0.6270 -0.0373 -0.7782
vn -0.6251 -0.0209 -0.7802
vn -0.6254 -0.0209 -0.7800
vn -0.6247 -0.0067 -0.7808
vn -0.6244 -0.0068 -0.7811
vn -0.6243 0.0074 -0.7811
vn -0.6247 0.0074 -0.7808
vn -0.6254 0.0239 -0.7800
vn -0.6258 0.0239 -0.7796
vn -0.6278 0.0404 -0.7773
vn -0.6281 0.0404 -0.7770
vn -0.6314 0.0568 -0.7733
vn -0.6316 0.0568 -0.7732
vn -0.6356 0.0733 -0.7685
vn -0.6364 0.0733 -0.7678
vn -0.6402 0.0856 -0.7635
vn -0.6316 0.0847 -0.7706
vn -0.6141 -0.0847 -0.7847
vn -0.5039 -0.0928 -0.8588
vn -0.5002 -0.0787 -0.8623
vn -0.4997 -0.0787 -0.8626
vn -0.4959 -0.0600 -0.8663
vn -0.4952 -0.0601 -0.8667
vn -0.4924 -0.0416 -0.8694
vn -0.4921 -0.0416 -0.8695
vn -0.4904 -0.0233 -0.8712
vn -0.4899 -0.0233 -0.8715
vn -0.4889 -0.0076 -0.8723
vn -0.4893 -0.0075 -0.8721
vn -0.4893 0.0083 -0.8721
vn -0.4892 0.0083 -0.8721
vn -0.4901 0.0267 -0.8713
vn -0.4904 0.0267 -0.8711
vn -0.4924 0.0451 -0.8692
vn -0.4928 0.0451 -0.8690
vn -0.4962 0.0636 -0.8659
vn -0.4967 0.0636 -0.8656
vn -0.5007 0.0822 -0.8617
vn -0.5013 0.0822 -0.8613
vn -0.5052 0.0963 -0.8576
vn -0.5370 0.0984 -0.8378
vn -0.4704 -0.0957 -0.8772
vn -0.3541 -0.1015 -0.9297
vn -0.3509 -0.0851 -0.9326
vn -0.3501 -0.0851 -0.9328
vn -0.3470 -0.0648 -0.9356
vn -0.3462 -0.0649 -0.9359
vn -0.3439 -0.0449 -0.9379
vn -0.3433 -0.0449 -0.9381
vn -0.3420 -0.0251 -0.9394
vn -0.3419 -0.0252 -0.9394
vn -0.3413 -0.0081 -0.9399
vn -0.3408 -0.0082 -0.9401
vn -0.3410 0.0089 -0.9400
vn -0.3412 0.0089 -0.9400
vn -0.3420 0.0288 -0.9393
vn -0.3423 0.0288 -0.9392
vn -0.3439 0.0487 -0.9377
vn -0.3443 0.0487 -0.9376
vn -0.3467 0.0687 -0.9354
vn -0.3477 0.0687 -0.9351
vn -0.3510 0.0889 -0.9321
vn -0.3519 0.0890 -0.9318
vn -0.3555 0.1062 -0.9286
vn -0.3212 0.1060 -0.9411
vn -0.3087 -0.1044 -0.9454
vn -0.1934 -0.1076 -0.9752
vn -0.1913 -0.0892 -0.9775
vn -0.1900 -0.0893 -0.9777
vn -0.1884 -0.0679 -0.9797
vn -0.1876 -0.0678 -0.9799
vn -0.1858 -0.0470 -0.9815
vn -0.1850 -0.0470 -0.9816
vn -0.1842 -0.0263 -0.9825
vn -0.1841 -0.0263 -0.9826
vn -0.1837 -0.0085 -0.9829
vn -0.1836 -0.0085 -0.9830
vn -0.1839 0.0094 -0.9829
vn -0.1841 0.0094 -0.9829
vn -0.1846 0.0301 -0.9824
vn -0.1847 0.0301 -0.9823
vn -0.1857 0.0510 -0.9813
vn -0.1863 0.0510 -0.9812
vn -0.1878 0.0719 -0.9796
vn -0.1888 0.0719 -0.9794
vn -0.1908 0.0932 -0.9772
vn -0.1917 0.0933 -0.9770
vn -0.1943 0.1118 -0.9745
vn -0.1424 0.1121 -0.9834
vn -0.0263 0.1146 -0.9931
vn -0.0260 0.0949 -0.9951
vn -0.0247 0.0950 -0.9952
vn -0.0241 0.0732 -0.9970
vn -0.0231 0.0732 -0.9970
vn -0.0229 0.0518 -0.9984
vn -0.0227 0.0519 -0.9984
vn -0.0223 0.0306 -0.9993
vn -0.0216 0.0307 -0.9993
vn -0.0215 0.0095 -0.9997
vn -0.0215 -0.0087 -0.9997
vn -0.0215 -0.0268 -0.9994
vn -0.0220 -0.0268 -0.9994
vn -0.0218 -0.0478 -0.9986
vn -0.0228 -0.0478 -0.9986
vn -0.0230 -0.0691 -0.9973
vn -0.0242 -0.0692 -0.9973
vn -0.0241 -0.0908 -0.9956
vn -0.0255 -0.0909 -0.9955
vn -0.0259 -0.1110 -0.9935
vn -0.0510 -0.1123 -0.9924
vn 0.1469 0.1100 -0.9830
vn -0.0302 0.1123 -0.9932
vn 0.1102 -0.1134 -0.9874
vn 0.2832 -0.1082 -0.9529
vn 0.6972 -0.0786 -0.7126
vn 0.8843 -0.0452 -0.4647
vn 0.9478 -0.0307 -0.3174
vn 0.9478 0.0459 -0.3156
vn 0.9969 0.0082 -0.0782
vn 0.9868 -0.0155 -0.1614
vn 0.9969 -0.0075 -0.0780
vn 0.5706 -0.0907 -0.8162
vn 0.6215 -0.0864 -0.7786
vn 0.3734 -0.1042 -0.9218
vn 0.4658 -0.0983 -0.8794
vn 0.0290 -0.1155 -0.9929
vn -0.0377 -0.1155 -0.9926
vn 0.2235 0.1092 -0.9686
vn 0.3998 0.1035 -0.9107
vn 0.5600 0.0953 -0.8230
vn 0.6909 0.0848 -0.7179
vn 0.8588 0.0561 -0.5092
vn 0.9969 -0.0075 -0.0788
vn 0.9968 -0.0060 -0.0797
vn 0.9968 -0.0043 -0.0804
vn 0.9967 -0.0043 -0.0807
vn 0.9967 -0.0026 -0.0809
vn 0.9967 -0.0009 -0.0811
vn 0.9967 -0.0009 -0.0816
vn 0.9967 0.0006 -0.0811
vn 0.9967 0.0006 -0.0812
vn 0.9967 0.0022 -0.0813
vn 0.9967 0.0022 -0.0810
vn 0.9967 0.0039 -0.0805
vn 0.9967 0.0039 -0.0806
vn 0.9968 0.0057 -0.0802
vn 0.9968 0.0055 -0.0799
vn 0.9968 0.0072 -0.0790
vn 0.9969 0.0082 -0.0783
vn 0.9865 0.0171 -0.1629
vn 0.9725 0.0259 -0.2316
vn 0.9717 0.0216 -0.2351
vn 0.9717 0.0215 -0.2353
vn 0.9712 0.0165 -0.2376
vn 0.9711 0.0165 -0.2380
vn 0.9707 0.0115 -0.2400
vn 0.9704 0.0065 -0.2413
vn 0.9703 0.0019 -0.2419
vn 0.9703 0.0019 -0.2418
vn 0.9703 -0.0027 -0.2420
vn 0.9705 -0.0078 -0.2411
vn 0.9705 -0.0079 -0.2409
vn 0.9708 -0.0129 -0.2397
vn 0.9709 -0.0129 -0.2393
vn 0.9713 -0.0179 -0.2374
vn 0.9713 -0.0179 -0.2371
vn 0.9718 -0.0229 -0.2345
vn 0.9710 -0.0230 -0.2379
vn 0.9705 0.0252 -0.2399
vn 0.9231 0.0402 -0.3823
vn 0.9219 0.0353 -0.3858
vn 0.9204 0.0271 -0.3899
vn 0.9204 0.0271 -0.3901
vn 0.9193 0.0189 -0.3931
vn 0.9192 0.0189 -0.3934
vn 0.9186 0.0106 -0.3950
vn 0.9184 0.0106 -0.3955
vn 0.9182 0.0031 -0.3961
vn 0.9184 0.0031 -0.3957
vn 0.9182 -0.0045 -0.3960
vn 0.9183 -0.0045 -0.3959
vn 0.9186 -0.0128 -0.3950
vn 0.9194 -0.0211 -0.3927
vn 0.9195 -0.0211 -0.3925
vn 0.9207 -0.0293 -0.3893
vn 0.9208 -0.0293 -0.3890
vn 0.9225 -0.0377 -0.3840
vn 0.9200 -0.0380 -0.3900
vn 0.9209 0.0413 -0.3875
vn 0.8504 0.0549 -0.5233
vn 0.8485 0.0481 -0.5270
vn 0.8481 0.0482 -0.5276
vn 0.8456 0.0370 -0.5325
vn 0.8454 0.0370 -0.5329
vn 0.8435 0.0257 -0.5364
vn 0.8435 0.0258 -0.5366
vn 0.8423 0.0145 -0.5388
vn 0.8422 0.0145 -0.5389
vn 0.8418 0.0042 -0.5397
vn 0.8419 0.0042 -0.5396
vn 0.8415 -0.0061 -0.5402
vn 0.8418 -0.0061 -0.5398
vn 0.8424 -0.0175 -0.5385
vn 0.8427 -0.0175 -0.5382
vn 0.8440 -0.0288 -0.5355
vn 0.8441 -0.0288 -0.5354
vn 0.8461 -0.0401 -0.5315
vn 0.8465 -0.0399 -0.5309
vn 0.8490 -0.0518 -0.5258
vn 0.8405 -0.0526 -0.5393
vn 0.8410 -0.0546 -0.5383
vn 0.7518 0.0600 -0.6566
vn 0.7518 0.0600 -0.6567
vn 0.7484 0.0459 -0.6616
vn 0.7480 0.0460 -0.6621
vn 0.7455 0.0319 -0.6657
vn 0.7454 0.0320 -0.6658
vn 0.7436 0.0180 -0.6684
vn 0.7435 0.0180 -0.6685
vn 0.7430 0.0052 -0.6693
vn 0.7430 -0.0076 -0.6693
vn 0.7432 -0.0076 -0.6691
vn 0.7441 -0.0217 -0.6677
vn 0.7459 -0.0358 -0.6651
vn 0.7461 -0.0358 -0.6648
vn 0.7489 -0.0498 -0.6608
vn 0.7493 -0.0498 -0.6604
vn 0.7529 -0.0638 -0.6551
vn 0.7535 -0.0638 -0.6544
vn 0.7572 -0.0758 -0.6487
vn 0.7517 -0.0720 -0.6556
vn 0.8141 0.0614 -0.5775
vn 0.7565 0.0694 -0.6503
vn 0.7553 0.0699 -0.6517
vn 0.6388 0.0819 -0.7650
vn 0.6354 0.0703 -0.7689
vn 0.6346 0.0704 -0.7696
vn 0.6307 0.0537 -0.7742
vn 0.6303 0.0538 -0.7745
vn 0.6274 0.0374 -0.7778
vn 0.6272 0.0374 -0.7780
vn 0.6253 0.0210 -0.7801
vn 0.6251 0.0210 -0.7803
vn 0.6245 0.0061 -0.7810
vn 0.6243 0.0061 -0.7811
vn 0.6244 -0.0088 -0.7811
vn 0.6244 -0.0089 -0.7811
vn 0.6256 -0.0254 -0.7797
vn 0.6262 -0.0253 -0.7793
vn 0.6280 -0.0418 -0.7771
vn 0.6284 -0.0418 -0.7768
vn 0.6316 -0.0583 -0.7731
vn 0.6323 -0.0583 -0.7726
vn 0.6360 -0.0748 -0.7680
vn 0.6366 -0.0748 -0.7676
vn 0.6403 -0.0862 -0.7633
vn 0.6668 -0.0938 -0.7393
vn 0.6363 0.0828 -0.7670
vn 0.5042 0.0932 -0.8585
vn 0.5005 0.0787 -0.8621
vn 0.4998 0.0789 -0.8625
vn 0.4959 0.0601 -0.8663
vn 0.4952 0.0602 -0.8667
vn 0.4924 0.0417 -0.8694
vn 0.4922 0.0417 -0.8695
vn 0.4904 0.0234 -0.8712
vn 0.4900 0.0234 -0.8714
vn 0.4892 0.0068 -0.8721
vn 0.4893 0.0068 -0.8721
vn 0.4893 -0.0099 -0.8721
vn 0.4892 -0.0099 -0.8721
vn 0.4903 -0.0283 -0.8711
vn 0.4908 -0.0283 -0.8708
vn 0.4928 -0.0467 -0.8689
vn 0.4933 -0.0467 -0.8686
vn 0.4964 -0.0652 -0.8656
vn 0.4967 -0.0652 -0.8655
vn 0.5009 -0.0839 -0.8614
vn 0.5021 -0.0839 -0.8607
vn 0.5057 -0.0970 -0.8573
vn 0.5257 -0.0998 -0.8448
vn 0.5005 0.0940 -0.8606
vn 0.3546 0.1018 -0.9295
vn 0.3513 0.0851 -0.9324
vn 0.3501 0.0853 -0.9328
vn 0.3471 0.0649 -0.9356
vn 0.3462 0.0650 -0.9359
vn 0.3439 0.0450 -0.9379
vn 0.3430 0.0451 -0.9383
vn 0.3419 0.0253 -0.9394
vn 0.3419 0.0252 -0.9394
vn 0.3414 0.0073 -0.9399
vn 0.3407 0.0074 -0.9401
vn 0.3408 -0.0107 -0.9401
vn 0.3413 -0.0107 -0.9399
vn 0.3422 -0.0306 -0.9391
vn 0.3423 -0.0306 -0.9391
vn 0.3439 -0.0504 -0.9376
vn 0.3448 -0.0505 -0.9373
vn 0.3472 -0.0705 -0.9351
vn 0.3480 -0.0705 -0.9348
vn 0.3515 -0.0907 -0.9318
vn 0.3525 -0.0908 -0.9314
vn 0.3558 -0.1068 -0.9285
vn 0.3025 -0.1075 -0.9471
vn 0.3312 0.1037 -0.9378
vn 0.1934 0.1079 -0.9752
vn 0.1910 0.0893 -0.9775
vn 0.1900 0.0894 -0.9777
vn 0.1881 0.0680 -0.9798
vn 0.1875 0.0681 -0.9799
vn 0.1860 0.0471 -0.9814
vn 0.1854 0.0471 -0.9815
vn 0.1846 0.0264 -0.9825
vn 0.1840 0.0264 -0.9826
vn 0.1838 0.0077 -0.9829
vn 0.1835 0.0078 -0.9830
vn 0.1839 -0.0112 -0.9829
vn 0.1838 -0.0112 -0.9829
vn 0.1841 -0.0320 -0.9824
vn 0.1848 -0.0320 -0.9823
vn 0.1860 -0.0528 -0.9811
vn 0.1864 -0.0528 -0.9811
vn 0.1882 -0.0738 -0.9794
vn 0.1889 -0.0738 -0.9792
vn 0.1905 -0.0951 -0.9771
vn 0.1923 -0.0952 -0.9767
vn 0.1942 -0.1111 -0.9746
vn 0.2011 -0.1117 -0.9732
vn 0.0265 -0.1154 -0.9930
vn 0.0258 -0.0969 -0.9950
vn 0.0247 -0.0970 -0.9950
vn 0.0245 -0.0751 -0.9969
vn 0.0234 -0.0752 -0.9969
vn 0.0229 -0.0537 -0.9983
vn 0.0221 -0.0537 -0.9983
vn 0.0222 -0.0325 -0.9992
vn 0.0216 -0.0325 -0.9992
vn 0.0215 -0.0113 -0.9997
vn 0.0215 0.0078 -0.9997
vn 0.0216 0.0269 -0.9994
vn 0.0221 0.0479 -0.9986
vn 0.0228 0.0480 -0.9986
vn 0.0230 0.0692 -0.9973
vn 0.0243 0.0693 -0.9973
vn 0.0246 0.0909 -0.9956
vn 0.0255 0.0910 -0.9955
vn 0.0258 0.1112 -0.9935
vn 0.0506 0.1125 -0.9924
vn 0.0261 -0.1541 -0.9877
vn 0.0427 -0.6555 -0.7540
vn 0.0463 -0.8773 -0.4778
vn -0.0152 -0.8203 -0.5717
vn -0.0476 -0.4540 -0.8898
vn -0.0343 -0.1737 -0.9842
vn -0.0456 -0.1458 -0.9883
vn -0.0450 -0.1198 -0.9918
vn -0.0453 -0.2591 -0.9648
vn -0.0441 -0.2192 -0.9747
vn -0.0460 -0.2228 -0.9738
vn -0.0440 -0.1544 -0.9870
vn -0.0259 -0.1545 -0.9877
vn -0.0458 -0.3958 -0.9172
vn -0.0265 -0.4137 -0.9100
vn -0.0467 -0.3705 -0.9277
vn -0.0446 -0.3019 -0.9523
vn -0.0400 -0.3078 -0.9506
vn -0.0453 -0.2703 -0.9617
vn -0.0877 -0.6542 -0.7512
vn -0.0316 -0.6654 -0.7458
vn -0.0488 -0.5917 -0.8047
vn -0.0537 -0.5116 -0.8575
vn 0.0103 -0.5450 -0.8384
vn -0.0441 -0.5024 -0.8635
vn -0.0456 -0.8229 -0.5663
vn -0.0143 -0.6555 -0.7550
vn 0.0359 -0.6412 -0.7666
vn 0.0529 -0.5759 -0.8158
vn 0.0303 -0.5119 -0.8585
vn 0.0117 -0.5252 -0.8509
vn 0.0346 -0.3961 -0.9176
vn 0.0502 -0.4257 -0.9035
vn 0.0445 -0.4918 -0.8695
vn 0.0409 -0.3022 -0.9524
vn 0.0471 -0.3140 -0.9482
vn 0.0457 -0.3704 -0.9277
vn 0.0404 -0.2227 -0.9740
vn 0.0456 -0.2372 -0.9704
vn 0.0453 -0.2703 -0.9617
vn 0.0255 -0.1125 -0.9933
vn 0.0446 -0.1510 -0.9875
vn 0.0453 -0.1996 -0.9788
vn 0.0427 -0.6557 -0.7538
vn 0.0388 -0.5118 -0.8582
vn 0.0388 -0.5119 -0.8582
vn 0.0351 -0.3960 -0.9176
vn 0.0318 -0.3018 -0.9528
vn 0.0315 -0.3023 -0.9527
vn 0.0290 -0.2229 -0.9744
vn 0.0288 -0.2228 -0.9744
vn 0.0263 -0.1546 -0.9876
vn 0.0463 -0.1544 -0.9869
vn 0.0747 -0.7375 -0.6712
vn -0.0200 -0.7887 -0.6145
vn 0.0457 -0.7949 -0.6050
vn 0.0357 -0.8232 -0.5667
vn 0.0161 -0.8235 -0.5671
vn 0.0088 -0.1545 -0.9880
vn 0.0097 -0.2231 -0.9747
vn 0.0097 -0.2230 -0.9748
vn 0.0106 -0.3021 -0.9532
vn 0.0106 -0.3019 -0.9533
vn 0.0117 -0.3962 -0.9181
vn 0.0119 -0.3960 -0.9182
vn 0.0131 -0.5118 -0.8590
vn 0.0132 -0.5119 -0.8589
vn 0.0148 -0.6562 -0.7545
vn 0.0146 -0.6559 -0.7547
vn 0.0160 -0.8235 -0.5672
vn -0.0166 -0.8234 -0.5672
vn -0.0166 -0.8235 -0.5670
vn -0.0151 -0.6559 -0.7547
vn -0.0136 -0.5120 -0.8589
vn -0.0136 -0.5120 -0.8588
vn -0.0121 -0.3960 -0.9182
vn -0.0122 -0.3960 -0.9182
vn -0.0109 -0.3018 -0.9533
vn -0.0110 -0.3019 -0.9533
vn -0.0100 -0.2230 -0.9748
vn -0.0090 -0.1540 -0.9880
vn 0.0084 -0.1540 -0.9880
vn -0.0458 -0.8224 -0.5671
vn -0.0425 -0.6558 -0.7537
vn -0.0424 -0.6555 -0.7540
vn -0.0384 -0.5118 -0.8582
vn -0.0384 -0.5117 -0.8583
vn -0.0348 -0.3959 -0.9176
vn -0.0348 -0.3958 -0.9177
vn -0.0315 -0.3020 -0.9528
vn -0.0312 -0.3016 -0.9529
vn -0.0284 -0.2229 -0.9744
vn -0.0259 -0.1544 -0.9877
vn -0.0087 -0.1545 -0.9880
vn -0.6306 0.7452 -0.2169
vn -0.9359 0.1121 -0.3340
vn -0.5147 0.8420 -0.1618
vn -0.4732 0.8693 -0.1427
vn -0.1757 0.9828 -0.0574
vn -0.8575 0.4446 -0.2589
vn -0.8215 0.5132 -0.2484
vn -0.8160 0.5219 -0.2486
vn -0.7755 0.5857 -0.2356
vn -0.7092 0.6710 -0.2163
vn -0.7078 0.6727 -0.2155
vn -0.6036 0.7756 -0.1846
vn -0.9341 0.2249 -0.2774
vn -0.9347 0.2214 -0.2781
vn -0.9212 0.2763 -0.2741
vn -0.9515 0.1079 -0.2882
vn -0.9491 0.1444 -0.2801
vn -0.9426 0.1848 -0.2783
vn -0.9481 0.1551 -0.2776
vn -0.9312 0.1552 -0.3299
vn -0.9319 0.1450 -0.3324
vn -0.8988 0.3057 -0.3142
vn -0.9116 0.3057 -0.2748
vn -0.9073 0.3207 -0.2720
vn -0.8964 0.3157 -0.3110
vn -0.9077 0.2723 -0.3194
vn -0.9192 0.2249 -0.3234
vn -0.9196 0.2216 -0.3244
vn -0.9264 0.1847 -0.3282
vn -0.8513 0.4392 -0.2869
vn -0.8580 0.4221 -0.2928
vn -0.8743 0.3771 -0.3056
vn -0.8830 0.3874 -0.2649
vn -0.8760 0.4026 -0.2657
vn -0.8647 0.4025 -0.3003
vn -0.8058 0.5219 -0.2799
vn -0.8157 0.5063 -0.2799
vn -0.7018 0.6710 -0.2392
vn -0.7107 0.6595 -0.2448
vn -0.7687 0.5819 -0.2655
vn -0.1965 0.9786 -0.0605
vn -0.1946 0.9786 -0.0664
vn -0.0775 0.9970 -0.0057
vn -0.2414 0.9670 -0.0810
vn -0.3577 0.9258 -0.1225
vn -0.5105 0.8419 -0.1748
vn -0.4064 0.9062 -0.1166
vn -0.5251 0.8319 -0.1797
vn -0.9828 -0.1094 -0.1487
vn -0.9343 -0.1115 -0.3386
vn -0.9902 0.1091 -0.0873
vn -0.9545 0.0904 0.2842
vn -0.8961 0.0782 0.4368
vn -0.7122 0.0496 0.7002
vn -0.5945 0.0336 0.8034
vn -0.3840 0.0061 0.9233
vn -0.3833 0.0075 0.9236
vn -0.6211 0.0405 0.7827
vn -0.8180 0.0652 0.5715
vn -0.7719 0.0578 0.6331
vn -0.9902 0.1016 0.0957
vn -0.9765 0.0966 0.1925
vn -0.9591 0.1129 -0.2595
vn -0.9269 0.1191 -0.3560
vn -0.9912 -0.1096 -0.0746
vn -0.9921 -0.1027 0.0721
vn -0.9862 -0.1043 0.1285
vn -0.9656 -0.0942 0.2422
vn -0.9543 -0.0953 0.2833
vn -0.8981 -0.0847 0.4316
vn -0.9074 -0.0841 0.4117
vn -0.9180 -0.0841 0.3875
vn -0.8286 -0.0718 0.5552
vn -0.7458 -0.0582 0.6636
vn -0.7202 -0.0595 0.6913
vn -0.3763 -0.0074 0.9265
vn -0.3835 0.0075 0.9235
vn -0.3844 0.0059 0.9231
vn -0.3846 0.0059 0.9231
vn -0.3851 0.0042 0.9229
vn -0.3853 0.0042 0.9228
vn -0.3857 0.0025 0.9226
vn -0.3854 0.0008 0.9227
vn -0.3857 0.0008 0.9226
vn -0.3857 -0.0007 0.9226
vn -0.3859 -0.0007 0.9225
vn -0.3858 -0.0022 0.9226
vn -0.3860 -0.0022 0.9225
vn -0.3851 -0.0039 0.9229
vn -0.3853 -0.0039 0.9228
vn -0.3847 -0.0056 0.9230
vn -0.3844 -0.0055 0.9232
vn -0.3835 -0.0072 0.9235
vn -0.3837 -0.0072 0.9234
vn -0.3820 -0.0101 0.9241
vn -0.4511 -0.0158 0.8923
vn -0.5259 -0.0259 0.8502
vn -0.5227 -0.0244 0.8521
vn -0.5243 -0.0214 0.8513
vn -0.5244 -0.0214 0.8512
vn -0.5268 -0.0165 0.8498
vn -0.5269 -0.0165 0.8497
vn -0.5287 -0.0115 0.8487
vn -0.5289 -0.0115 0.8486
vn -0.5301 -0.0065 0.8479
vn -0.5306 -0.0021 0.8476
vn -0.5307 -0.0021 0.8476
vn -0.5306 0.0023 0.8476
vn -0.5305 0.0023 0.8477
vn -0.5299 0.0074 0.8480
vn -0.5297 0.0074 0.8481
vn -0.5284 0.0125 0.8489
vn -0.5287 0.0125 0.8487
vn -0.5267 0.0175 0.8499
vn -0.5267 0.0174 0.8499
vn -0.5240 0.0224 0.8514
vn -0.5234 0.0223 0.8518
vn -0.5211 0.0268 0.8531
vn -0.5231 0.0251 0.8519
vn -0.5948 -0.0332 0.8032
vn -0.6488 -0.0418 0.7598
vn -0.6524 -0.0352 0.7571
vn -0.6528 -0.0352 0.7567
vn -0.6561 -0.0270 0.7542
vn -0.6563 -0.0270 0.7540
vn -0.6588 -0.0189 0.7521
vn -0.6591 -0.0189 0.7518
vn -0.6604 -0.0106 0.7508
vn -0.6605 -0.0106 0.7508
vn -0.6611 -0.0034 0.7503
vn -0.6612 0.0038 0.7502
vn -0.6614 0.0038 0.7500
vn -0.6606 0.0121 0.7507
vn -0.6601 0.0121 0.7511
vn -0.6587 0.0204 0.7522
vn -0.6584 0.0204 0.7524
vn -0.6555 0.0286 0.7546
vn -0.6554 0.0286 0.7548
vn -0.6521 0.0368 0.7572
vn -0.6516 0.0367 0.7576
vn -0.6426 0.0527 0.7644
vn -0.6743 0.0446 0.7371
vn -0.6558 -0.0411 0.7538
vn -0.7612 -0.0551 0.6461
vn -0.7643 -0.0481 0.6431
vn -0.7646 -0.0482 0.6427
vn -0.7684 -0.0369 0.6388
vn -0.7688 -0.0369 0.6384
vn -0.7715 -0.0257 0.6357
vn -0.7716 -0.0257 0.6356
vn -0.7734 -0.0144 0.6337
vn -0.7735 -0.0144 0.6336
vn -0.7742 -0.0047 0.6329
vn -0.7744 -0.0047 0.6326
vn -0.7745 0.0051 0.6326
vn -0.7745 0.0051 0.6325
vn -0.7732 0.0165 0.6339
vn -0.7733 0.0165 0.6338
vn -0.7713 0.0278 0.6359
vn -0.7708 0.0278 0.6364
vn -0.7681 0.0391 0.6391
vn -0.7678 0.0391 0.6394
vn -0.7637 0.0502 0.6436
vn -0.7633 0.0502 0.6441
vn -0.7592 0.0591 0.6481
vn -0.7274 0.0705 0.6826
vn -0.7850 -0.0589 0.6167
vn -0.8540 -0.0692 0.5157
vn -0.8571 -0.0598 0.5116
vn -0.8575 -0.0599 0.5109
vn -0.8610 -0.0458 0.5066
vn -0.8615 -0.0459 0.5057
vn -0.8639 -0.0318 0.5027
vn -0.8641 -0.0319 0.5023
vn -0.8661 -0.0179 0.4996
vn -0.8661 -0.0179 0.4995
vn -0.8666 -0.0058 0.4989
vn -0.8665 -0.0058 0.4991
vn -0.8666 0.0064 0.4990
vn -0.8668 0.0063 0.4986
vn -0.8656 0.0205 0.5003
vn -0.8657 0.0205 0.5002
vn -0.8638 0.0345 0.5026
vn -0.8636 0.0345 0.5030
vn -0.8608 0.0485 0.5067
vn -0.8604 0.0485 0.5073
vn -0.8565 0.0625 0.5124
vn -0.8562 0.0625 0.5129
vn -0.8524 0.0741 0.5176
vn -0.8597 0.0721 0.5056
vn -0.8673 -0.0718 0.4925
vn -0.9254 -0.0818 0.3700
vn -0.9282 -0.0701 0.3654
vn -0.9285 -0.0702 0.3646
vn -0.9315 -0.0536 0.3598
vn -0.9317 -0.0537 0.3593
vn -0.9340 -0.0372 0.3554
vn -0.9341 -0.0373 0.3550
vn -0.9356 -0.0209 0.3526
vn -0.9356 -0.0209 0.3525
vn -0.9361 -0.0068 0.3516
vn -0.9361 -0.0068 0.3515
vn -0.9361 0.0074 0.3515
vn -0.9361 0.0074 0.3516
vn -0.9353 0.0239 0.3530
vn -0.9354 0.0239 0.3529
vn -0.9337 0.0403 0.3559
vn -0.9335 0.0403 0.3564
vn -0.9311 0.0568 0.3604
vn -0.9309 0.0568 0.3609
vn -0.9276 0.0733 0.3662
vn -0.9275 0.0733 0.3667
vn -0.9243 0.0856 0.3720
vn -0.9284 0.0846 0.3617
vn -0.9364 -0.0847 0.3405
vn -0.9726 -0.0927 0.2131
vn -0.9749 -0.0786 0.2085
vn -0.9751 -0.0787 0.2075
vn -0.9774 -0.0600 0.2027
vn -0.9775 -0.0600 0.2023
vn -0.9792 -0.0416 0.1988
vn -0.9792 -0.0416 0.1986
vn -0.9803 -0.0233 0.1963
vn -0.9803 -0.0233 0.1960
vn -0.9807 -0.0076 0.1955
vn -0.9808 -0.0076 0.1951
vn -0.9808 0.0083 0.1950
vn -0.9807 0.0083 0.1954
vn -0.9801 0.0267 0.1966
vn -0.9800 0.0267 0.1971
vn -0.9789 0.0451 0.1993
vn -0.9788 0.0451 0.1996
vn -0.9770 0.0635 0.2034
vn -0.9770 0.0635 0.2038
vn -0.9745 0.0821 0.2088
vn -0.9742 0.0821 0.2100
vn -0.9719 0.0964 0.2149
vn -0.9629 0.0985 0.2511
vn -0.9798 -0.0957 0.1757
vn -0.9936 -0.1014 0.0490
vn -0.9954 -0.0850 0.0450
vn -0.9954 -0.0850 0.0441
vn -0.9971 -0.0648 0.0406
vn -0.9971 -0.0648 0.0399
vn -0.9983 -0.0448 0.0371
vn -0.9983 -0.0449 0.0363
vn -0.9991 -0.0251 0.0346
vn -0.9991 -0.0251 0.0343
vn -0.9994 -0.0082 0.0330
vn -0.9994 -0.0081 0.0336
vn -0.9994 0.0090 0.0335
vn -0.9994 0.0089 0.0331
vn -0.9990 0.0288 0.0344
vn -0.9990 0.0288 0.0346
vn -0.9981 0.0486 0.0366
vn -0.9981 0.0486 0.0373
vn -0.9968 0.0686 0.0402
vn -0.9968 0.0686 0.0410
vn -0.9950 0.0888 0.0451
vn -0.9949 0.0888 0.0468
vn -0.9931 0.1061 0.0505
vn -0.9943 0.1059 0.0149
vn -0.9945 -0.1044 -0.0025
vn -0.9872 -0.1078 -0.1176
vn -0.9887 -0.0890 -0.1203
vn -0.9886 -0.0891 -0.1214
vn -0.9900 -0.0678 -0.1235
vn -0.9898 -0.0679 -0.1249
vn -0.9909 -0.0469 -0.1264
vn -0.9908 -0.0470 -0.1271
vn -0.9914 -0.0263 -0.1281
vn -0.9914 -0.0263 -0.1285
vn -0.9916 -0.0085 -0.1290
vn -0.9916 -0.0085 -0.1291
vn -0.9916 0.0093 -0.1292
vn -0.9916 0.0093 -0.1291
vn -0.9913 0.0301 -0.1285
vn -0.9913 0.0301 -0.1280
vn -0.9906 0.0509 -0.1267
vn -0.9907 0.0509 -0.1261
vn -0.9896 0.0718 -0.1245
vn -0.9898 0.0719 -0.1232
vn -0.9883 0.0931 -0.1205
vn -0.9885 0.0930 -0.1194
vn -0.9868 0.1117 -0.1169
vn -0.9793 0.1119 -0.1685
vn -0.9525 0.1145 -0.2821
vn -0.9545 0.0948 -0.2828
vn -0.9542 0.0949 -0.2838
vn -0.9558 0.0731 -0.2849
vn -0.9555 0.0732 -0.2856
vn -0.9567 0.0518 -0.2863
vn -0.9565 0.0518 -0.2871
vn -0.9573 0.0306 -0.2875
vn -0.9571 0.0306 -0.2881
vn -0.9576 0.0095 -0.2880
vn -0.9576 0.0095 -0.2881
vn -0.9576 -0.0087 -0.2881
vn -0.9576 -0.0087 -0.2880
vn -0.9572 -0.0267 -0.2882
vn -0.9573 -0.0267 -0.2878
vn -0.9566 -0.0477 -0.2875
vn -0.9569 -0.0478 -0.2865
vn -0.9557 -0.0690 -0.2860
vn -0.9559 -0.0690 -0.2854
vn -0.9544 -0.0907 -0.2843
vn -0.9547 -0.0907 -0.2833
vn -0.9529 -0.1110 -0.2824
vn -0.9591 -0.1122 -0.2599
vn -0.8898 0.1099 -0.4428
vn -0.9541 0.1123 -0.2775
vn -0.9052 -0.1133 -0.4095
vn -0.8196 -0.1081 -0.5627
vn -0.4631 -0.0786 -0.8828
vn -0.1693 -0.0453 -0.9845
vn -0.0092 -0.0307 -0.9995
vn -0.0080 0.0459 -0.9989
vn 0.2342 0.0082 -0.9722
vn 0.1516 -0.0155 -0.9883
vn 0.2347 -0.0074 -0.9721
vn -0.6008 -0.0907 -0.7942
vn -0.5495 -0.0864 -0.8310
vn -0.7620 -0.1042 -0.6392
vn -0.6933 -0.0983 -0.7139
vn -0.9354 -0.1154 -0.3343
vn -0.9565 -0.1156 -0.2679
vn -0.8520 0.1091 -0.5120
vn -0.7423 0.1035 -0.6620
vn -0.6087 0.0953 -0.7876
vn -0.4703 0.0849 -0.8784
vn -0.2197 0.0562 -0.9739
vn 0.2337 -0.0075 -0.9723
vn 0.2323 -0.0060 -0.9726
vn 0.2323 -0.0061 -0.9726
vn 0.2315 -0.0043 -0.9728
vn 0.2316 -0.0043 -0.9728
vn 0.2311 -0.0026 -0.9729
vn 0.2315 -0.0026 -0.9728
vn 0.2312 -0.0009 -0.9729
vn 0.2307 -0.0009 -0.9730
vn 0.2307 0.0007 -0.9730
vn 0.2309 0.0007 -0.9730
vn 0.2307 0.0023 -0.9730
vn 0.2311 0.0022 -0.9729
vn 0.2313 0.0039 -0.9729
vn 0.2314 0.0039 -0.9728
vn 0.2321 0.0055 -0.9727
vn 0.2321 0.0056 -0.9727
vn 0.2331 0.0072 -0.9724
vn 0.2333 0.0072 -0.9724
vn 0.2340 0.0082 -0.9722
vn 0.1497 0.0171 -0.9886
vn 0.0795 0.0260 -0.9965
vn 0.0766 0.0215 -0.9968
vn 0.0769 0.0214 -0.9968
vn 0.0738 0.0165 -0.9971
vn 0.0734 0.0165 -0.9972
vn 0.0717 0.0115 -0.9974
vn 0.0715 0.0115 -0.9974
vn 0.0702 0.0065 -0.9975
vn 0.0699 0.0065 -0.9975
vn 0.0698 0.0019 -0.9976
vn 0.0697 0.0019 -0.9976
vn 0.0696 -0.0028 -0.9976
vn 0.0696 -0.0027 -0.9976
vn 0.0704 -0.0078 -0.9975
vn 0.0707 -0.0079 -0.9975
vn 0.0720 -0.0129 -0.9973
vn 0.0721 -0.0129 -0.9973
vn 0.0744 -0.0179 -0.9971
vn 0.0770 -0.0229 -0.9968
vn 0.0739 -0.0230 -0.9970
vn 0.0720 0.0253 -0.9971
vn -0.0788 0.0403 -0.9961
vn -0.0821 0.0353 -0.9960
vn -0.0827 0.0353 -0.9959
vn -0.0870 0.0271 -0.9958
vn -0.0871 0.0271 -0.9958
vn -0.0900 0.0189 -0.9958
vn -0.0907 0.0189 -0.9957
vn -0.0922 0.0106 -0.9957
vn -0.0929 0.0106 -0.9956
vn -0.0936 0.0031 -0.9956
vn -0.0933 0.0031 -0.9956
vn -0.0933 -0.0045 -0.9956
vn -0.0939 -0.0045 -0.9956
vn -0.0926 -0.0129 -0.9956
vn -0.0921 -0.0129 -0.9957
vn -0.0898 -0.0211 -0.9957
vn -0.0895 -0.0211 -0.9958
vn -0.0860 -0.0293 -0.9959
vn -0.0857 -0.0293 -0.9959
vn -0.0809 -0.0377 -0.9960
vn -0.0877 -0.0381 -0.9954
vn -0.0847 0.0413 -0.9956
vn -0.2360 0.0550 -0.9702
vn -0.2401 0.0482 -0.9695
vn -0.2404 0.0482 -0.9695
vn -0.2458 0.0370 -0.9686
vn -0.2463 0.0370 -0.9685
vn -0.2502 0.0257 -0.9678
vn -0.2507 0.0258 -0.9677
vn -0.2529 0.0145 -0.9674
vn -0.2528 0.0145 -0.9674
vn -0.2541 0.0042 -0.9672
vn -0.2541 -0.0061 -0.9672
vn -0.2539 -0.0061 -0.9672
vn -0.2524 -0.0175 -0.9675
vn -0.2523 -0.0175 -0.9675
vn -0.2499 -0.0288 -0.9678
vn -0.2490 -0.0288 -0.9681
vn -0.2447 -0.0401 -0.9688
vn -0.2443 -0.0401 -0.9689
vn -0.2382 -0.0519 -0.9698
vn -0.2543 -0.0526 -0.9657
vn -0.2530 -0.0543 -0.9659
vn -0.3923 0.0599 -0.9179
vn -0.3933 0.0601 -0.9174
vn -0.3992 0.0460 -0.9157
vn -0.3995 0.0460 -0.9156
vn -0.4037 0.0320 -0.9143
vn -0.4041 0.0320 -0.9142
vn -0.4068 0.0180 -0.9133
vn -0.4079 0.0053 -0.9130
vn -0.4080 0.0053 -0.9130
vn -0.4079 -0.0076 -0.9130
vn -0.4078 -0.0076 -0.9130
vn -0.4063 -0.0217 -0.9135
vn -0.4058 -0.0217 -0.9137
vn -0.4027 -0.0358 -0.9146
vn -0.3979 -0.0498 -0.9161
vn -0.3973 -0.0498 -0.9163
vn -0.3915 -0.0638 -0.9180
vn -0.3908 -0.0638 -0.9183
vn -0.3840 -0.0760 -0.9202
vn -0.3916 -0.0721 -0.9173
vn -0.2989 0.0615 -0.9523
vn -0.3858 0.0696 -0.9199
vn -0.3875 0.0699 -0.9192
vn -0.5310 0.0820 -0.8434
vn -0.5360 0.0703 -0.8413
vn -0.5365 0.0703 -0.8410
vn -0.5423 0.0537 -0.8384
vn -0.5426 0.0538 -0.8383
vn -0.5470 0.0374 -0.8363
vn -0.5469 0.0374 -0.8364
vn -0.5498 0.0210 -0.8350
vn -0.5498 0.0210 -0.8351
vn -0.5509 0.0061 -0.8346
vn -0.5508 0.0061 -0.8346
vn -0.5508 -0.0089 -0.8346
vn -0.5507 -0.0089 -0.8346
vn -0.5493 -0.0254 -0.8353
vn -0.5494 -0.0254 -0.8352
vn -0.5459 -0.0418 -0.8368
vn -0.5455 -0.0418 -0.8371
vn -0.5415 -0.0583 -0.8387
vn -0.5406 -0.0583 -0.8393
vn -0.5347 -0.0748 -0.8418
vn -0.5340 -0.0748 -0.8421
vn -0.5289 -0.0862 -0.8443
vn -0.4984 -0.0938 -0.8619
vn -0.5318 0.0829 -0.8428
vn -0.6614 0.0929 -0.7442
vn -0.6660 0.0787 -0.7418
vn -0.6669 0.0788 -0.7410
vn -0.6716 0.0601 -0.7384
vn -0.6720 0.0602 -0.7381
vn -0.6755 0.0417 -0.7362
vn -0.6758 0.0417 -0.7359
vn -0.6780 0.0235 -0.7347
vn -0.6781 0.0234 -0.7346
vn -0.6791 0.0068 -0.7340
vn -0.6790 0.0068 -0.7341
vn -0.6790 -0.0099 -0.7341
vn -0.6789 -0.0099 -0.7341
vn -0.6776 -0.0283 -0.7349
vn -0.6770 -0.0283 -0.7354
vn -0.6751 -0.0467 -0.7363
vn -0.6746 -0.0467 -0.7367
vn -0.6706 -0.0652 -0.7390
vn -0.6704 -0.0652 -0.7391
vn -0.6651 -0.0838 -0.7421
vn -0.6641 -0.0838 -0.7429
vn -0.6600 -0.0970 -0.7450
vn -0.6417 -0.0997 -0.7604
vn -0.6637 0.0940 -0.7421
vn -0.7752 0.1016 -0.6234
vn -0.7791 0.0851 -0.6211
vn -0.7797 0.0852 -0.6203
vn -0.7832 0.0649 -0.6184
vn -0.7838 0.0650 -0.6176
vn -0.7864 0.0450 -0.6160
vn -0.7867 0.0450 -0.6157
vn -0.7886 0.0253 -0.6144
vn -0.7885 0.0253 -0.6145
vn -0.7891 0.0073 -0.6142
vn -0.7893 0.0073 -0.6139
vn -0.7893 -0.0107 -0.6139
vn -0.7891 -0.0107 -0.6142
vn -0.7881 -0.0305 -0.6148
vn -0.7879 -0.0305 -0.6150
vn -0.7860 -0.0504 -0.6162
vn -0.7856 -0.0504 -0.6167
vn -0.7827 -0.0704 -0.6184
vn -0.7821 -0.0704 -0.6192
vn -0.7786 -0.0907 -0.6210
vn -0.7776 -0.0907 -0.6222
vn -0.7737 -0.1068 -0.6245
vn -0.8077 -0.1075 -0.5797
vn -0.7897 0.1036 -0.6047
vn -0.8681 0.1077 -0.4845
vn -0.8709 0.0892 -0.4832
vn -0.8716 0.0894 -0.4821
vn -0.8741 0.0679 -0.4810
vn -0.8746 0.0680 -0.4800
vn -0.8762 0.0471 -0.4796
vn -0.8766 0.0471 -0.4789
vn -0.8777 0.0264 -0.4785
vn -0.8780 0.0264 -0.4779
vn -0.8783 0.0077 -0.4781
vn -0.8784 0.0077 -0.4778
vn -0.8786 -0.0112 -0.4775
vn -0.8784 -0.0112 -0.4778
vn -0.8777 -0.0319 -0.4781
vn -0.8775 -0.0320 -0.4786
vn -0.8761 -0.0527 -0.4792
vn -0.8758 -0.0528 -0.4797
vn -0.8738 -0.0737 -0.4806
vn -0.8733 -0.0738 -0.4815
vn -0.8705 -0.0950 -0.4830
vn -0.8700 -0.0951 -0.4838
vn -0.8674 -0.1110 -0.4851
vn -0.8640 -0.1116 -0.4909
vn -0.9363 -0.1153 -0.3318
vn -0.9384 -0.0968 -0.3318
vn -0.9389 -0.0968 -0.3303
vn -0.9408 -0.0750 -0.3306
vn -0.9412 -0.0751 -0.3294
vn -0.9426 -0.0536 -0.3297
vn -0.9427 -0.0537 -0.3292
vn -0.9436 -0.0325 -0.3294
vn -0.9437 -0.0325 -0.3293
vn -0.9442 -0.0113 -0.3290
vn -0.9441 -0.0113 -0.3293
vn -0.9444 0.0078 -0.3288
vn -0.9443 0.0078 -0.3289
vn -0.9440 0.0268 -0.3290
vn -0.9437 0.0268 -0.3297
vn -0.9430 0.0479 -0.3292
vn -0.9427 0.0479 -0.3301
vn -0.9416 0.0692 -0.3295
vn -0.9412 0.0692 -0.3306
vn -0.9395 0.0908 -0.3303
vn -0.9391 0.0909 -0.3315
vn -0.9371 0.1110 -0.3310
vn -0.9284 0.1124 -0.3542
vn -0.9315 -0.1539 -0.3296
vn -0.7042 -0.6552 -0.2734
vn -0.4406 -0.8771 -0.1915
vn -0.5491 -0.8198 -0.1624
vn -0.8609 -0.4540 -0.2295
vn -0.9466 -0.1739 -0.2714
vn -0.9541 -0.1455 -0.2618
vn -0.9573 -0.1184 -0.2636
vn -0.9315 -0.2594 -0.2549
vn -0.9407 -0.2190 -0.2591
vn -0.9405 -0.2227 -0.2568
vn -0.9524 -0.1543 -0.2629
vn -0.9473 -0.1544 -0.2805
vn -0.8866 -0.3955 -0.2398
vn -0.8738 -0.4135 -0.2557
vn -0.8970 -0.3699 -0.2420
vn -0.9196 -0.3015 -0.2518
vn -0.9166 -0.3078 -0.2553
vn -0.9288 -0.2697 -0.2539
vn -0.7420 -0.6537 -0.1485
vn -0.7196 -0.6649 -0.2000
vn -0.7804 -0.5917 -0.2021
vn -0.8325 -0.5112 -0.2138
vn -0.7944 -0.5446 -0.2690
vn -0.8351 -0.5021 -0.2248
vn -0.5535 -0.8224 -0.1317
vn -0.7795 -0.5994 -0.1818
vn -0.7079 -0.6553 -0.2635
vn -0.8314 -0.4543 -0.3200
vn -0.8137 -0.4915 -0.3105
vn -0.8062 -0.5246 -0.2736
vn -0.8075 -0.5114 -0.2939
vn -0.7684 -0.5648 -0.3009
vn -0.7527 -0.5879 -0.2964
vn -0.8485 -0.4184 -0.3241
vn -0.8621 -0.3959 -0.3163
vn -0.8685 -0.3700 -0.3298
vn -0.8936 -0.3016 -0.3325
vn -0.8894 -0.3099 -0.3360
vn -0.8766 -0.3473 -0.3330
vn -0.9140 -0.2228 -0.3391
vn -0.9098 -0.2347 -0.3422
vn -0.9011 -0.2684 -0.3405
vn -0.9370 -0.1097 -0.3316
vn -0.9258 -0.1502 -0.3468
vn -0.9172 -0.1985 -0.3456
vn -0.7043 -0.6551 -0.2734
vn -0.8047 -0.5113 -0.3018
vn -0.8046 -0.5114 -0.3017
vn -0.8621 -0.3955 -0.3167
vn -0.8621 -0.3958 -0.3165
vn -0.8966 -0.3015 -0.3243
vn -0.8966 -0.3017 -0.3242
vn -0.9180 -0.2225 -0.3283
vn -0.9180 -0.2229 -0.3281
vn -0.9314 -0.1541 -0.3298
vn -0.9246 -0.1540 -0.3485
vn -0.6157 -0.7372 -0.2783
vn -0.5913 -0.7882 -0.1705
vn -0.5618 -0.7945 -0.2304
vn -0.5287 -0.8227 -0.2089
vn -0.5349 -0.8232 -0.1903
vn -0.9371 -0.1540 -0.3132
vn -0.9243 -0.2226 -0.3100
vn -0.9243 -0.2227 -0.3100
vn -0.9036 -0.3016 -0.3041
vn -0.9036 -0.3016 -0.3044
vn -0.8698 -0.3957 -0.2947
vn -0.8698 -0.3958 -0.2946
vn -0.8132 -0.5115 -0.2777
vn -0.8131 -0.5117 -0.2777
vn -0.7134 -0.6558 -0.2468
vn -0.7138 -0.6553 -0.2471
vn -0.5350 -0.8231 -0.1905
vn -0.5451 -0.8231 -0.1594
vn -0.5452 -0.8230 -0.1594
vn -0.7228 -0.6556 -0.2185
vn -0.7227 -0.6557 -0.2186
vn -0.8215 -0.5114 -0.2523
vn -0.8213 -0.5116 -0.2523
vn -0.8773 -0.3954 -0.2719
vn -0.8773 -0.3958 -0.2716
vn -0.9102 -0.3019 -0.2836
vn -0.9102 -0.3015 -0.2839
vn -0.9302 -0.2226 -0.2917
vn -0.9303 -0.2228 -0.2915
vn -0.9425 -0.1541 -0.2966
vn -0.9372 -0.1539 -0.3131
vn -0.5540 -0.8221 -0.1316
vn -0.7305 -0.6552 -0.1925
vn -0.8283 -0.5116 -0.2284
vn -0.8285 -0.5112 -0.2285
vn -0.8837 -0.3955 -0.2504
vn -0.9161 -0.3016 -0.2644
vn -0.9160 -0.3018 -0.2642
vn -0.9357 -0.2228 -0.2736
vn -0.9357 -0.2225 -0.2738
vn -0.9475 -0.1539 -0.2803
vn -0.9425 -0.1540 -0.2966
vn -0.4017 0.7451 0.5324
vn -0.6076 0.1117 0.7863
vn -0.3132 0.8421 0.4390
vn -0.2821 0.8696 0.4053
vn -0.1090 0.9828 0.1492
vn -0.5119 0.4446 0.7350
vn -0.4906 0.5138 0.7038
vn -0.4892 0.5221 0.6986
vn -0.4642 0.5860 0.6641
vn -0.4254 0.6712 0.6071
vn -0.4238 0.6734 0.6058
vn -0.3625 0.7757 0.5166
vn -0.5531 0.2252 0.8021
vn -0.5541 0.2215 0.8024
vn -0.5461 0.2766 0.7907
vn -0.5685 0.1085 0.8155
vn -0.5605 0.1446 0.8155
vn -0.5567 0.1851 0.8099
vn -0.5577 0.1552 0.8154
vn -0.6023 0.1552 0.7830
vn -0.6049 0.1453 0.7829
vn -0.5772 0.3058 0.7572
vn -0.5438 0.3059 0.7815
vn -0.5397 0.3210 0.7782
vn -0.5735 0.3158 0.7559
vn -0.5849 0.2727 0.7639
vn -0.5923 0.2252 0.7736
vn -0.5935 0.2214 0.7738
vn -0.5992 0.1849 0.7790
vn -0.5367 0.4393 0.7204
vn -0.5442 0.4222 0.7249
vn -0.5615 0.3772 0.7365
vn -0.5254 0.3877 0.7573
vn -0.5241 0.4025 0.7505
vn -0.5536 0.4025 0.7290
vn -0.5158 0.5222 0.6792
vn -0.5189 0.5067 0.6884
vn -0.4449 0.6712 0.5929
vn -0.4530 0.6597 0.5997
vn -0.4908 0.5819 0.6485
vn -0.1183 0.9787 0.1680
vn -0.1234 0.9787 0.1643
vn -0.0293 0.9970 0.0719
vn -0.1517 0.9671 0.2043
vn -0.2272 0.9259 0.3018
vn -0.3242 0.8421 0.4309
vn -0.2366 0.9063 0.3501
vn -0.3334 0.8320 0.4433
vn -0.4461 -0.1095 0.8882
vn -0.6083 -0.1123 0.7857
vn -0.3890 0.1092 0.9147
vn -0.0242 0.0905 0.9956
vn 0.1398 0.0783 0.9871
vn 0.4470 0.0494 0.8932
vn 0.5817 0.0339 0.8127
vn 0.7602 0.0064 0.6496
vn 0.7606 0.0075 0.6492
vn 0.5534 0.0404 0.8319
vn 0.2920 0.0651 0.9542
vn 0.3652 0.0577 0.9291
vn -0.2151 0.1017 0.9713
vn -0.1186 0.0967 0.9882
vn -0.5442 0.1130 0.8313
vn -0.6198 0.1188 0.7757
vn -0.3777 -0.1097 0.9194
vn -0.2378 -0.1028 0.9659
vn -0.1834 -0.1044 0.9775
vn -0.0680 -0.0944 0.9932
vn -0.0250 -0.0955 0.9951
vn 0.1338 -0.0848 0.9874
vn 0.1117 -0.0842 0.9902
vn 0.0859 -0.0841 0.9927
vn 0.2727 -0.0718 0.9594
vn 0.4016 -0.0582 0.9140
vn 0.4361 -0.0596 0.8979
vn 0.7585 -0.0083 0.6516
vn 0.7604 0.0075 0.6494
vn 0.7601 0.0058 0.6498
vn 0.7598 0.0059 0.6501
vn 0.7593 0.0042 0.6507
vn 0.7594 0.0042 0.6506
vn 0.7591 0.0025 0.6510
vn 0.7590 0.0025 0.6511
vn 0.7589 0.0008 0.6512
vn 0.7587 -0.0007 0.6514
vn 0.7589 -0.0007 0.6512
vn 0.7589 -0.0022 0.6512
vn 0.7592 -0.0039 0.6509
vn 0.7591 -0.0039 0.6509
vn 0.7595 -0.0056 0.6504
vn 0.7598 -0.0055 0.6502
vn 0.7604 -0.0072 0.6494
vn 0.7605 -0.0072 0.6493
vn 0.7605 -0.0072 0.6492
vn 0.6469 -0.0259 0.7621
vn 0.6498 -0.0245 0.7597
vn 0.6482 -0.0215 0.7611
vn 0.6483 -0.0215 0.7611
vn 0.6462 -0.0165 0.7630
vn 0.6461 -0.0165 0.7631
vn 0.6445 -0.0115 0.7645
vn 0.6447 -0.0115 0.7643
vn 0.6437 -0.0064 0.7652
vn 0.6433 -0.0065 0.7656
vn 0.6429 -0.0021 0.7659
vn 0.6429 -0.0021 0.7660
vn 0.6428 0.0023 0.7660
vn 0.6435 0.0023 0.7655
vn 0.6437 0.0074 0.7652
vn 0.6440 0.0074 0.7650
vn 0.6447 0.0125 0.7643
vn 0.6465 0.0174 0.7627
vn 0.6486 0.0224 0.7608
vn 0.6484 0.0224 0.7609
vn 0.6514 0.0267 0.7583
vn 0.6494 0.0252 0.7600
vn 0.5811 -0.0332 0.8132
vn 0.5231 -0.0418 0.8512
vn 0.5194 -0.0352 0.8538
vn 0.5192 -0.0352 0.8539
vn 0.5156 -0.0270 0.8564
vn 0.5152 -0.0271 0.8566
vn 0.5127 -0.0188 0.8584
vn 0.5127 -0.0190 0.8584
vn 0.5110 -0.0106 0.8595
vn 0.5109 -0.0106 0.8596
vn 0.5103 -0.0035 0.8600
vn 0.5103 -0.0034 0.8600
vn 0.5102 0.0038 0.8600
vn 0.5101 0.0038 0.8601
vn 0.5110 0.0121 0.8595
vn 0.5109 0.0121 0.8595
vn 0.5129 0.0204 0.8582
vn 0.5132 0.0204 0.8580
vn 0.5161 0.0286 0.8561
vn 0.5164 0.0286 0.8559
vn 0.5197 0.0367 0.8535
vn 0.5204 0.0367 0.8531
vn 0.5295 0.0527 0.8467
vn 0.4939 0.0444 0.8684
vn 0.5156 -0.0411 0.8559
vn 0.3805 -0.0552 0.9231
vn 0.3766 -0.0481 0.9251
vn 0.3757 -0.0482 0.9255
vn 0.3713 -0.0369 0.9278
vn 0.3708 -0.0370 0.9280
vn 0.3671 -0.0257 0.9298
vn 0.3670 -0.0257 0.9299
vn 0.3647 -0.0144 0.9310
vn 0.3645 -0.0144 0.9311
vn 0.3636 -0.0047 0.9315
vn 0.3632 -0.0047 0.9317
vn 0.3636 0.0051 0.9316
vn 0.3637 0.0051 0.9315
vn 0.3645 0.0165 0.9310
vn 0.3650 0.0165 0.9309
vn 0.3675 0.0279 0.9296
vn 0.3675 0.0278 0.9296
vn 0.3716 0.0391 0.9275
vn 0.3721 0.0391 0.9274
vn 0.3772 0.0503 0.9248
vn 0.3775 0.0503 0.9247
vn 0.3826 0.0592 0.9220
vn 0.4252 0.0705 0.9024
vn 0.3447 -0.0590 0.9369
vn 0.2272 -0.0693 0.9714
vn 0.2220 -0.0599 0.9732
vn 0.2216 -0.0600 0.9733
vn 0.2163 -0.0459 0.9752
vn 0.2160 -0.0459 0.9753
vn 0.2116 -0.0319 0.9768
vn 0.2112 -0.0319 0.9769
vn 0.2086 -0.0179 0.9778
vn 0.2084 -0.0179 0.9779
vn 0.2079 -0.0058 0.9781
vn 0.2072 -0.0058 0.9783
vn 0.2073 0.0064 0.9782
vn 0.2074 0.0064 0.9782
vn 0.2088 0.0205 0.9777
vn 0.2092 0.0205 0.9777
vn 0.2119 0.0346 0.9767
vn 0.2123 0.0346 0.9766
vn 0.2171 0.0486 0.9749
vn 0.2173 0.0486 0.9749
vn 0.2229 0.0626 0.9728
vn 0.2238 0.0626 0.9726
vn 0.2300 0.0741 0.9704
vn 0.2160 0.0722 0.9737
vn 0.2013 -0.0720 0.9769
vn 0.0667 -0.0819 0.9944
vn 0.0616 -0.0702 0.9956
vn 0.0607 -0.0703 0.9957
vn 0.0548 -0.0537 0.9971
vn 0.0543 -0.0537 0.9971
vn 0.0500 -0.0373 0.9981
vn 0.0496 -0.0373 0.9981
vn 0.0471 -0.0209 0.9987
vn 0.0467 -0.0209 0.9987
vn 0.0458 -0.0068 0.9989
vn 0.0454 0.0074 0.9989
vn 0.0455 0.0074 0.9989
vn 0.0470 0.0240 0.9986
vn 0.0474 0.0239 0.9986
vn 0.0503 0.0404 0.9979
vn 0.0507 0.0404 0.9979
vn 0.0553 0.0568 0.9969
vn 0.0561 0.0568 0.9968
vn 0.0622 0.0733 0.9954
vn 0.0627 0.0733 0.9953
vn 0.0685 0.0857 0.9940
vn 0.0573 0.0846 0.9948
vn 0.0353 -0.0848 0.9958
vn -0.0973 -0.0928 0.9909
vn -0.1024 -0.0787 0.9916
vn -0.1034 -0.0787 0.9915
vn -0.1086 -0.0600 0.9923
vn -0.1093 -0.0601 0.9922
vn -0.1135 -0.0415 0.9927
vn -0.1133 -0.0417 0.9927
vn -0.1162 -0.0233 0.9930
vn -0.1164 -0.0234 0.9929
vn -0.1173 -0.0075 0.9931
vn -0.1177 -0.0076 0.9930
vn -0.1177 0.0083 0.9930
vn -0.1171 0.0083 0.9931
vn -0.1158 0.0267 0.9929
vn -0.1157 0.0267 0.9929
vn -0.1131 0.0451 0.9926
vn -0.1129 0.0451 0.9926
vn -0.1084 0.0636 0.9921
vn -0.1078 0.0636 0.9921
vn -0.1022 0.0822 0.9914
vn -0.1013 0.0822 0.9915
vn -0.0956 0.0964 0.9907
vn -0.0585 0.0986 0.9934
vn -0.1355 -0.0958 0.9861
vn -0.2606 -0.1015 0.9601
vn -0.2647 -0.0851 0.9606
vn -0.2654 -0.0851 0.9604
vn -0.2700 -0.0648 0.9607
vn -0.2707 -0.0649 0.9605
vn -0.2738 -0.0449 0.9607
vn -0.2742 -0.0449 0.9606
vn -0.2761 -0.0252 0.9608
vn -0.2766 -0.0252 0.9607
vn -0.2770 -0.0082 0.9608
vn -0.2773 -0.0082 0.9608
vn -0.2773 0.0089 0.9607
vn -0.2762 0.0288 0.9607
vn -0.2760 0.0288 0.9607
vn -0.2738 0.0487 0.9605
vn -0.2732 0.0487 0.9607
vn -0.2698 0.0687 0.9605
vn -0.2691 0.0687 0.9607
vn -0.2646 0.0890 0.9603
vn -0.2639 0.0890 0.9604
vn -0.2592 0.1062 0.9600
vn -0.2937 0.1060 0.9500
vn -0.3100 -0.1045 0.9450
vn -0.4177 -0.1079 0.9022
vn -0.4205 -0.0891 0.9029
vn -0.4216 -0.0892 0.9024
vn -0.4243 -0.0679 0.9030
vn -0.4250 -0.0679 0.9026
vn -0.4273 -0.0471 0.9029
vn -0.4276 -0.0470 0.9027
vn -0.4288 -0.0263 0.9030
vn -0.4297 -0.0263 0.9026
vn -0.4297 -0.0085 0.9029
vn -0.4300 -0.0085 0.9028
vn -0.4296 0.0094 0.9030
vn -0.4298 0.0094 0.9029
vn -0.4289 0.0301 0.9028
vn -0.4287 0.0301 0.9030
vn -0.4274 0.0509 0.9026
vn -0.4267 0.0510 0.9029
vn -0.4246 0.0719 0.9025
vn -0.4235 0.0719 0.9030
vn -0.4210 0.0932 0.9023
vn -0.4199 0.0932 0.9028
vn -0.4167 0.1118 0.9021
vn -0.4635 0.1120 0.8790
vn -0.5630 0.1145 0.8185
vn -0.5645 0.0949 0.8200
vn -0.5653 0.0949 0.8194
vn -0.5667 0.0731 0.8207
vn -0.5678 0.0732 0.8199
vn -0.5687 0.0518 0.8209
vn -0.5696 0.0518 0.8203
vn -0.5699 0.0307 0.8211
vn -0.5704 0.0307 0.8208
vn -0.5707 0.0095 0.8211
vn -0.5706 0.0095 0.8212
vn -0.5709 -0.0086 0.8209
vn -0.5706 -0.0087 0.8212
vn -0.5701 -0.0267 0.8212
vn -0.5700 -0.0268 0.8212
vn -0.5694 -0.0478 0.8207
vn -0.5691 -0.0478 0.8209
vn -0.5680 -0.0691 0.8201
vn -0.5674 -0.0691 0.8205
vn -0.5662 -0.0908 0.8193
vn -0.5652 -0.0908 0.8199
vn -0.5637 -0.1111 0.8185
vn -0.5439 -0.1123 0.8316
vn -0.6975 0.1100 0.7081
vn -0.5610 0.1125 0.8201
vn -0.6699 -0.1134 0.7337
vn -0.7890 -0.1081 0.6048
vn -0.9826 -0.0785 0.1683
vn -0.9887 -0.0452 -0.1427
vn -0.9536 -0.0307 -0.2995
vn -0.9526 0.0459 -0.3007
vn -0.8530 0.0081 -0.5219
vn -0.8935 -0.0155 -0.4489
vn -0.8526 -0.0075 -0.5225
vn -0.9415 -0.0906 0.3247
vn -0.9604 -0.0864 0.2649
vn -0.8440 -0.1041 0.5261
vn -0.8938 -0.0983 0.4375
vn -0.6078 -0.1154 0.7856
vn -0.5542 -0.1154 0.8244
vn -0.7507 0.1092 0.6515
vn -0.8597 0.1035 0.5002
vn -0.9376 0.0953 0.3343
vn -0.9809 0.0848 0.1749
vn -0.9941 0.0562 -0.0925
vn -0.8530 -0.0075 -0.5218
vn -0.8535 -0.0060 -0.5210
vn -0.8536 -0.0060 -0.5209
vn -0.8540 -0.0043 -0.5202
vn -0.8543 -0.0026 -0.5197
vn -0.8544 -0.0026 -0.5197
vn -0.8545 -0.0009 -0.5194
vn -0.8544 -0.0009 -0.5196
vn -0.8544 0.0007 -0.5196
vn -0.8546 0.0007 -0.5193
vn -0.8545 0.0022 -0.5195
vn -0.8543 0.0022 -0.5197
vn -0.8543 0.0039 -0.5198
vn -0.8541 0.0039 -0.5200
vn -0.8535 0.0055 -0.5211
vn -0.8540 0.0056 -0.5203
vn -0.8533 0.0072 -0.5214
vn -0.8533 0.0073 -0.5213
vn -0.8527 0.0082 -0.5223
vn -0.8941 0.0171 -0.4475
vn -0.9232 0.0258 -0.3835
vn -0.9245 0.0215 -0.3807
vn -0.9245 0.0215 -0.3806
vn -0.9256 0.0165 -0.3781
vn -0.9259 0.0166 -0.3775
vn -0.9267 0.0115 -0.3756
vn -0.9267 0.0115 -0.3757
vn -0.9272 0.0065 -0.3746
vn -0.9273 0.0065 -0.3743
vn -0.9274 0.0019 -0.3740
vn -0.9274 0.0019 -0.3741
vn -0.9274 -0.0027 -0.3741
vn -0.9275 -0.0027 -0.3739
vn -0.9271 -0.0078 -0.3746
vn -0.9271 -0.0078 -0.3747
vn -0.9265 -0.0129 -0.3761
vn -0.9264 -0.0129 -0.3764
vn -0.9257 -0.0179 -0.3779
vn -0.9254 -0.0179 -0.3785
vn -0.9242 -0.0228 -0.3812
vn -0.9254 -0.0230 -0.3782
vn -0.9262 0.0252 -0.3761
vn -0.9718 0.0402 -0.2325
vn -0.9727 0.0352 -0.2293
vn -0.9728 0.0353 -0.2290
vn -0.9740 0.0271 -0.2251
vn -0.9740 0.0271 -0.2250
vn -0.9750 0.0189 -0.2215
vn -0.9750 0.0189 -0.2214
vn -0.9756 0.0106 -0.2194
vn -0.9756 0.0106 -0.2193
vn -0.9759 0.0031 -0.2184
vn -0.9759 0.0031 -0.2183
vn -0.9758 -0.0045 -0.2188
vn -0.9759 -0.0045 -0.2183
vn -0.9755 -0.0128 -0.2194
vn -0.9754 -0.0128 -0.2201
vn -0.9747 -0.0211 -0.2226
vn -0.9748 -0.0211 -0.2222
vn -0.9738 -0.0293 -0.2256
vn -0.9737 -0.0293 -0.2261
vn -0.9723 -0.0377 -0.2307
vn -0.9738 -0.0380 -0.2242
vn -0.9730 0.0413 -0.2270
vn -0.9956 0.0549 -0.0757
vn -0.9963 0.0481 -0.0716
vn -0.9963 0.0482 -0.0711
vn -0.9972 0.0369 -0.0657
vn -0.9972 0.0370 -0.0651
vn -0.9978 0.0257 -0.0615
vn -0.9978 0.0258 -0.0611
vn -0.9982 0.0145 -0.0587
vn -0.9982 0.0145 -0.0583
vn -0.9983 0.0042 -0.0573
vn -0.9983 0.0042 -0.0578
vn -0.9983 -0.0061 -0.0575
vn -0.9983 -0.0061 -0.0573
vn -0.9981 -0.0175 -0.0593
vn -0.9981 -0.0175 -0.0589
vn -0.9977 -0.0288 -0.0618
vn -0.9976 -0.0288 -0.0625
vn -0.9970 -0.0401 -0.0664
vn -0.9969 -0.0400 -0.0673
vn -0.9960 -0.0518 -0.0734
vn -0.9970 -0.0525 -0.0568
vn -0.9968 -0.0539 -0.0583
vn -0.9942 0.0599 0.0892
vn -0.9941 0.0600 0.0899
vn -0.9943 0.0459 0.0959
vn -0.9943 0.0460 0.0966
vn -0.9944 0.0319 0.1010
vn -0.9943 0.0319 0.1013
vn -0.9944 0.0180 0.1041
vn -0.9944 0.0180 0.1039
vn -0.9945 0.0052 0.1051
vn -0.9945 0.0052 0.1050
vn -0.9944 -0.0076 0.1054
vn -0.9944 -0.0076 0.1056
vn -0.9944 -0.0217 0.1039
vn -0.9944 -0.0217 0.1036
vn -0.9943 -0.0358 0.1004
vn -0.9944 -0.0358 0.0998
vn -0.9942 -0.0498 0.0950
vn -0.9943 -0.0498 0.0943
vn -0.9941 -0.0637 0.0879
vn -0.9942 -0.0637 0.0872
vn -0.9939 -0.0758 0.0803
vn -0.9935 -0.0721 0.0886
vn -0.9981 0.0614 -0.0100
vn -0.9942 0.0694 0.0817
vn -0.9940 0.0698 0.0837
vn -0.9663 0.0820 0.2439
vn -0.9660 0.0702 0.2490
vn -0.9659 0.0702 0.2493
vn -0.9652 0.0537 0.2559
vn -0.9652 0.0538 0.2561
vn -0.9648 0.0373 0.2604
vn -0.9646 0.0373 0.2611
vn -0.9643 0.0210 0.2639
vn -0.9644 0.0210 0.2637
vn -0.9642 0.0061 0.2653
vn -0.9643 0.0061 0.2649
vn -0.9643 -0.0089 0.2648
vn -0.9642 -0.0088 0.2651
vn -0.9643 -0.0254 0.2635
vn -0.9645 -0.0254 0.2628
vn -0.9647 -0.0418 0.2600
vn -0.9649 -0.0418 0.2593
vn -0.9653 -0.0582 0.2545
vn -0.9654 -0.0582 0.2541
vn -0.9659 -0.0747 0.2478
vn -0.9661 -0.0747 0.2470
vn -0.9666 -0.0860 0.2415
vn -0.9739 -0.0936 0.2067
vn -0.9661 0.0828 0.2447
vn -0.9126 0.0929 0.3981
vn -0.9115 0.0787 0.4037
vn -0.9112 0.0788 0.4044
vn -0.9102 0.0601 0.4097
vn -0.9103 0.0601 0.4096
vn -0.9094 0.0417 0.4139
vn -0.9092 0.0417 0.4143
vn -0.9088 0.0234 0.4165
vn -0.9087 0.0234 0.4169
vn -0.9085 0.0068 0.4179
vn -0.9085 -0.0099 0.4178
vn -0.9086 -0.0099 0.4175
vn -0.9089 -0.0283 0.4161
vn -0.9086 -0.0283 0.4168
vn -0.9094 -0.0467 0.4133
vn -0.9097 -0.0467 0.4127
vn -0.9104 -0.0652 0.4085
vn -0.9105 -0.0652 0.4082
vn -0.9115 -0.0838 0.4026
vn -0.9121 -0.0838 0.4013
vn -0.9129 -0.0969 0.3965
vn -0.9218 -0.0997 0.3746
vn -0.9113 0.0940 0.4010
vn -0.8332 0.1016 0.5436
vn -0.8322 0.0851 0.5479
vn -0.8317 0.0852 0.5487
vn -0.8308 0.0649 0.5528
vn -0.8305 0.0650 0.5532
vn -0.8296 0.0450 0.5566
vn -0.8293 0.0450 0.5570
vn -0.8289 0.0252 0.5589
vn -0.8289 0.0252 0.5588
vn -0.8287 0.0073 0.5596
vn -0.8286 0.0073 0.5598
vn -0.8285 -0.0107 0.5599
vn -0.8286 -0.0107 0.5598
vn -0.8288 -0.0305 0.5587
vn -0.8290 -0.0305 0.5584
vn -0.8297 -0.0504 0.5559
vn -0.8296 -0.0504 0.5560
vn -0.8307 -0.0704 0.5523
vn -0.8310 -0.0705 0.5518
vn -0.8320 -0.0907 0.5473
vn -0.8328 -0.0907 0.5460
vn -0.8335 -0.1069 0.5420
vn -0.8014 -0.1074 0.5884
vn -0.8198 0.1037 0.5632
vn -0.7300 0.1078 0.6749
vn -0.7297 0.0892 0.6780
vn -0.7286 0.0893 0.6791
vn -0.7283 0.0680 0.6818
vn -0.7279 0.0680 0.6823
vn -0.7277 0.0471 0.6843
vn -0.7272 0.0471 0.6848
vn -0.7271 0.0264 0.6860
vn -0.7267 0.0264 0.6864
vn -0.7267 0.0077 0.6869
vn -0.7266 -0.0112 0.6869
vn -0.7267 -0.0112 0.6869
vn -0.7268 -0.0319 0.6861
vn -0.7273 -0.0319 0.6855
vn -0.7272 -0.0528 0.6844
vn -0.7280 -0.0528 0.6835
vn -0.7283 -0.0738 0.6813
vn -0.7288 -0.0738 0.6807
vn -0.7292 -0.0950 0.6777
vn -0.7298 -0.0951 0.6770
vn -0.7304 -0.1111 0.6740
vn -0.7349 -0.1116 0.6689
vn -0.6056 -0.1153 0.7873
vn -0.6065 -0.0968 0.7891
vn -0.6052 -0.0969 0.7902
vn -0.6060 -0.0751 0.7919
vn -0.6053 -0.0751 0.7924
vn -0.6059 -0.0537 0.7937
vn -0.6054 -0.0537 0.7941
vn -0.6058 -0.0325 0.7950
vn -0.6054 -0.0325 0.7953
vn -0.6056 -0.0113 0.7957
vn -0.6055 -0.0114 0.7957
vn -0.6054 0.0078 0.7959
vn -0.6056 0.0078 0.7957
vn -0.6054 0.0269 0.7955
vn -0.6055 0.0269 0.7954
vn -0.6051 0.0479 0.7947
vn -0.6058 0.0479 0.7942
vn -0.6055 0.0692 0.7929
vn -0.6062 0.0692 0.7923
vn -0.6053 0.0909 0.7908
vn -0.6061 0.0909 0.7902
vn -0.6051 0.1111 0.7883
vn -0.6249 0.1124 0.7725
vn -0.6020 -0.1539 0.7835
vn -0.4779 -0.6557 0.5845
vn -0.3186 -0.8771 0.3593
vn -0.3244 -0.8199 0.4717
vn -0.4850 -0.4543 0.7473
vn -0.5514 -0.1740 0.8159
vn -0.5445 -0.1456 0.8260
vn -0.5476 -0.1185 0.8283
vn -0.5309 -0.2595 0.8067
vn -0.5377 -0.2193 0.8141
vn -0.5355 -0.2230 0.8145
vn -0.5451 -0.1540 0.8241
vn -0.5604 -0.1545 0.8137
vn -0.5028 -0.3961 0.7683
vn -0.5139 -0.4138 0.7515
vn -0.5079 -0.3702 0.7778
vn -0.5242 -0.3016 0.7964
vn -0.5271 -0.3080 0.7920
vn -0.5292 -0.2700 0.8044
vn -0.3709 -0.6541 0.6592
vn -0.4132 -0.6652 0.6219
vn -0.4339 -0.5918 0.6793
vn -0.4612 -0.5114 0.7250
vn -0.5021 -0.5448 0.6717
vn -0.4725 -0.5023 0.7242
vn -0.2965 -0.8228 0.4849
vn -0.4143 -0.5996 0.6847
vn -0.4697 -0.6556 0.5912
vn -0.5619 -0.4542 0.6913
vn -0.5476 -0.4917 0.6771
vn -0.5099 -0.5249 0.6815
vn -0.5296 -0.5119 0.6764
vn -0.5242 -0.5651 0.6371
vn -0.5152 -0.5881 0.6235
vn -0.5712 -0.4187 0.7060
vn -0.5681 -0.3957 0.7216
vn -0.5827 -0.3702 0.7235
vn -0.5933 -0.3018 0.7462
vn -0.5951 -0.3102 0.7414
vn -0.5885 -0.3475 0.7300
vn -0.6057 -0.2228 0.7639
vn -0.6074 -0.2351 0.7588
vn -0.6031 -0.2682 0.7512
vn -0.6057 -0.1109 0.7879
vn -0.6167 -0.1503 0.7727
vn -0.6129 -0.1984 0.7649
vn -0.4783 -0.6552 0.5847
vn -0.5363 -0.5115 0.6714
vn -0.5362 -0.5117 0.6713
vn -0.5679 -0.3960 0.7216
vn -0.5862 -0.3017 0.7519
vn -0.5860 -0.3019 0.7519
vn -0.5967 -0.2227 0.7710
vn -0.5965 -0.2229 0.7710
vn -0.6022 -0.1542 0.7833
vn -0.6181 -0.1544 0.7708
vn -0.4554 -0.7374 0.4989
vn -0.3452 -0.7884 0.5092
vn -0.3928 -0.7949 0.4624
vn -0.3625 -0.8228 0.4377
vn -0.3469 -0.8232 0.4495
vn -0.5882 -0.1543 0.7939
vn -0.5812 -0.2231 0.7826
vn -0.5694 -0.3018 0.7647
vn -0.5695 -0.3017 0.7646
vn -0.5497 -0.3962 0.7354
vn -0.5499 -0.3958 0.7355
vn -0.5160 -0.5118 0.6869
vn -0.4559 -0.6558 0.6017
vn -0.4559 -0.6559 0.6017
vn -0.3468 -0.8233 0.4493
vn -0.3203 -0.8233 0.4686
vn -0.3203 -0.8234 0.4685
vn -0.4318 -0.6557 0.6194
vn -0.4317 -0.6559 0.6192
vn -0.4943 -0.5119 0.7026
vn -0.4942 -0.5122 0.7024
vn -0.5304 -0.3957 0.7498
vn -0.5303 -0.3958 0.7498
vn -0.5519 -0.3019 0.7774
vn -0.5520 -0.3017 0.7774
vn -0.5654 -0.2230 0.7941
vn -0.5654 -0.2231 0.7941
vn -0.5741 -0.1542 0.8041
vn -0.5881 -0.1538 0.7940
vn -0.2966 -0.8222 0.4858
vn -0.4092 -0.6555 0.6347
vn -0.4091 -0.6557 0.6346
vn -0.4739 -0.5117 0.7167
vn -0.4739 -0.5116 0.7167
vn -0.5117 -0.3959 0.7625
vn -0.5119 -0.3958 0.7625
vn -0.5353 -0.3018 0.7890
vn -0.5352 -0.3018 0.7890
vn -0.5502 -0.2231 0.8047
vn -0.5503 -0.2229 0.8046
vn -0.5600 -0.1540 0.8140
vn -0.5742 -0.1543 0.8040
vn 0.2133 -0.0000 -0.9770
vn 0.1328 0.0002 -0.9911
vn 0.2272 -0.0004 -0.9738
vn 0.0801 0.0004 -0.9968
vn 0.1440 -0.0000 -0.9896
vn 0.0159 -0.0000 -0.9999
vn 0.0652 -0.0002 -0.9979
vn -0.0624 0.0003 -0.9981
vn -0.0880 0.0004 -0.9961
vn -0.0211 -0.0000 -0.9998
vn -0.1574 -0.0000 -0.9875
vn -0.1099 -0.0003 -0.9939
vn -0.2332 0.0003 -0.9724
vn -0.2538 0.0004 -0.9673
vn -0.1919 -0.0000 -0.9814
vn -0.3291 -0.0000 -0.9443
vn -0.2697 -0.0004 -0.9629
vn -0.4074 0.0004 -0.9133
vn -0.3507 -0.0000 -0.9365
vn -0.4574 -0.0000 -0.8892
vn -0.5237 0.0003 -0.8519
vn -0.4306 -0.0004 -0.9025
vn -0.5602 0.0004 -0.8284
vn -0.5050 -0.0000 -0.8631
vn -0.5911 -0.0000 -0.8066
vn -0.6273 0.0001 -0.7788
vn -0.6645 0.0003 -0.7473
vn -0.5737 -0.0005 -0.8190
vn -0.6925 0.0005 -0.7214
vn -0.6405 -0.0000 -0.7680
vn -0.7146 -0.0000 -0.6995
vn -0.7051 -0.0000 -0.7091
vn -0.7712 0.0001 -0.6366
vn -0.7624 -0.0000 -0.6471
vn 0.3219 -0.0000 -0.9468
vn 0.4009 0.0005 -0.9161
vn 0.3233 -0.0000 -0.9463
vn 0.9419 -0.0000 -0.3358
vn 0.8235 0.0005 0.5674
vn 0.8947 -0.0006 0.4467
vn 0.8540 -0.0000 0.5202
vn 0.9000 0.0006 0.4359
vn 0.8668 -0.0000 0.4987
vn 0.8953 -0.0000 0.4454
vn 0.9275 -0.0000 0.3739
vn 0.9561 -0.0005 0.2931
vn 0.9614 0.0005 0.2752
vn 0.9232 0.0002 0.3844
vn 0.9500 -0.0000 0.3123
vn 0.9786 -0.0000 0.2058
vn 0.9921 -0.0006 0.1256
vn 0.9946 0.0005 0.1042
vn 0.9686 0.0004 0.2487
vn 0.9848 -0.0000 0.1739
vn 0.9990 -0.0000 0.0453
vn 0.9991 -0.0005 -0.0422
vn 0.9969 0.0004 0.0790
vn 1.0000 -0.0000 0.0092
vn 0.9911 -0.0000 -0.1332
vn 0.9983 0.0005 -0.0586
vn 0.9967 0.0003 -0.0816
vn 0.9876 -0.0000 -0.1573
vn 0.9580 -0.0000 -0.2866
vn 0.9601 0.0002 -0.2797
vn 0.9296 -0.0005 -0.3685
vn 0.9745 0.0005 -0.2242
vn 0.9686 0.0004 -0.2488
vn 0.9233 0.0005 -0.3841
vn 0.8564 -0.0005 -0.5163
vn 0.8968 -0.0000 -0.4425
vn 0.8997 0.0002 -0.4366
vn 0.8609 -0.0000 -0.5088
vn 0.8013 -0.0000 -0.5983
vn 0.8008 -0.0000 -0.5990
vn 0.7492 -0.0000 -0.6624
vn 0.6580 0.0326 -0.7523
vn 0.3419 0.7232 -0.6001
vn 0.4451 0.4101 -0.7961
vn 0.4494 0.0193 -0.8931
vn 0.1157 0.9771 -0.1784
vn 0.1223 0.9734 -0.1936
vn 0.4644 0.7342 -0.4953
vn 0.4756 0.7903 -0.3862
vn 0.7904 0.5967 0.1387
vn -0.0179 0.8474 -0.5307
vn 0.5653 0.5503 -0.6145
vn 0.5581 0.5821 -0.5913
vn 0.5982 0.6212 -0.5062
vn 0.5057 0.6626 -0.5524
vn 0.4653 0.7236 -0.5098
vn 0.5766 0.5245 -0.6264
vn 0.6254 0.4696 -0.6232
vn 0.6115 0.4584 -0.6450
vn 0.6526 0.3072 -0.6927
vn 0.6467 0.3443 -0.6806
vn 0.6507 0.3492 -0.6742
vn 0.6278 0.3919 -0.6726
vn 0.6206 0.4098 -0.6685
vn 0.6554 0.2942 -0.6956
vn 0.6711 0.2525 -0.6970
vn 0.6707 0.2518 -0.6977
vn 0.6901 0.1472 -0.7085
vn 0.6885 0.1673 -0.7057
vn 0.6940 0.1880 -0.6950
vn 0.6875 0.1713 -0.7057
vn 0.6761 0.2094 -0.7064
vn 0.6743 0.2210 -0.7046
vn 0.6924 0.1244 -0.7107
vn 0.7024 0.0993 -0.7048
vn 0.7016 0.0906 -0.7068
vn 0.7111 0.0325 -0.7024
vn 0.7174 0.0168 -0.6965
vn 0.7036 0.0517 -0.7087
vn 0.4390 0.1995 -0.8761
vn 0.4673 0.1713 -0.8673
vn 0.4627 0.2210 -0.8585
vn 0.4589 0.1726 -0.8716
vn 0.4616 0.1472 -0.8748
vn 0.4640 0.0994 -0.8802
vn 0.4481 0.1204 -0.8858
vn 0.4564 0.0926 -0.8849
vn 0.4496 0.3494 -0.8221
vn 0.4463 0.3514 -0.8230
vn 0.4581 0.3074 -0.8341
vn 0.4654 0.2525 -0.8483
vn 0.4248 0.2825 -0.8601
vn 0.4573 0.2527 -0.8527
vn 0.3845 0.6246 -0.6797
vn 0.2002 0.6342 -0.7468
vn 0.3198 0.6128 -0.7226
vn 0.3908 0.5821 -0.7130
vn 0.4107 0.5501 -0.7271
vn 0.4328 0.4702 -0.7692
vn 0.3579 0.4910 -0.7942
vn 0.4303 0.4476 -0.7839
vn 0.3030 0.7534 -0.5836
vn 0.0432 0.7673 -0.6398
vn 0.4341 0.8467 -0.3075
vn 0.1343 0.9771 -0.1652
vn 0.1464 0.9735 -0.1758
vn 0.2624 0.9096 -0.3221
vn 0.3688 0.8118 -0.4527
vn 0.3689 0.8117 -0.4528
vn 0.4935 0.6240 -0.6058
vn 0.4936 0.6239 -0.6059
vn 0.5577 0.4694 -0.6846
vn 0.5576 0.4696 -0.6845
vn 0.5919 0.3488 -0.7266
vn 0.5919 0.3489 -0.7266
vn 0.6111 0.2526 -0.7501
vn 0.6111 0.2523 -0.7503
vn 0.6222 0.1709 -0.7640
vn 0.6223 0.1712 -0.7638
vn 0.6285 0.0992 -0.7715
vn 0.6285 0.0993 -0.7714
vn 0.6313 0.0327 -0.7748
vn 0.6161 -0.0062 -0.7876
vn 0.4980 0.0326 -0.8666
vn 0.4580 0.0326 -0.8883
vn 0.4488 0.0482 -0.8923
vn 0.2357 0.9011 -0.3639
vn 0.3194 0.8069 -0.4969
vn 0.3172 0.8118 -0.4902
vn 0.4244 0.6242 -0.6559
vn 0.4244 0.6241 -0.6561
vn 0.4796 0.4697 -0.7412
vn 0.4796 0.4695 -0.7413
vn 0.5090 0.3489 -0.7868
vn 0.5092 0.3491 -0.7867
vn 0.5256 0.2522 -0.8125
vn 0.5257 0.2526 -0.8123
vn 0.5353 0.1712 -0.8271
vn 0.5352 0.1709 -0.8273
vn 0.5405 0.0993 -0.8354
vn 0.5405 0.0992 -0.8355
vn 0.5429 0.0282 -0.8393
vn 0.5448 0.0327 -0.8379
vn -0.8637 -0.0000 -0.5040
vn -0.9021 0.0002 -0.4315
vn -0.8564 -0.0004 -0.5163
vn -0.9235 0.0004 -0.3837
vn -0.8968 -0.0000 -0.4425
vn -0.9461 -0.0000 -0.3239
vn -0.9291 -0.0002 -0.3698
vn -0.9685 0.0003 -0.2489
vn -0.9745 0.0004 -0.2244
vn -0.9575 -0.0000 -0.2885
vn -0.9878 -0.0000 -0.1555
vn -0.9793 -0.0003 -0.2025
vn -0.9969 0.0003 -0.0788
vn -0.9983 0.0004 -0.0582
vn -0.9927 -0.0000 -0.1207
vn -0.9998 -0.0000 0.0204
vn -0.9992 -0.0004 -0.0408
vn -0.9945 0.0004 0.1047
vn -0.9991 -0.0000 0.0434
vn -0.9872 -0.0000 0.1596
vn -0.9722 0.0003 0.2341
vn -0.9915 -0.0004 0.1301
vn -0.9612 0.0004 0.2760
vn -0.9771 -0.0000 0.2129
vn -0.9501 -0.0000 0.3118
vn -0.9349 0.0001 0.3550
vn -0.9165 0.0003 0.3999
vn -0.9565 -0.0005 0.2917
vn -0.9005 0.0005 0.4348
vn -0.9287 -0.0000 0.3707
vn -0.8867 -0.0000 0.4624
vn -0.8929 -0.0000 0.4503
vn -0.8442 0.0001 0.5360
vn -0.8517 -0.0000 0.5241
vn -0.8013 -0.0000 -0.5983
vn -0.7470 0.0005 -0.6648
vn -0.8008 -0.0000 -0.5990
vn -0.0283 -0.0000 -0.9996
vn 0.7951 0.0004 -0.6065
vn 0.7022 -0.0006 -0.7120
vn 0.7595 -0.0000 -0.6505
vn 0.6930 0.0006 -0.7209
vn 0.7430 -0.0000 -0.6693
vn 0.7014 -0.0000 -0.7127
vn 0.6430 -0.0000 -0.7659
vn 0.5754 -0.0005 -0.8179
vn 0.5607 0.0005 -0.8280
vn 0.6520 0.0002 -0.7582
vn 0.5915 -0.0000 -0.8063
vn 0.4990 -0.0000 -0.8666
vn 0.4252 -0.0006 -0.9051
vn 0.4068 0.0005 -0.9135
vn 0.5363 0.0004 -0.8440
vn 0.4706 -0.0000 -0.8823
vn 0.3522 -0.0000 -0.9359
vn 0.2692 -0.0005 -0.9631
vn 0.3837 0.0004 -0.9234
vn 0.3178 -0.0000 -0.9482
vn 0.1795 -0.0000 -0.9838
vn 0.2536 0.0005 -0.9673
vn 0.2307 0.0003 -0.9730
vn 0.1551 -0.0000 -0.9879
vn 0.0231 -0.0000 -0.9997
vn 0.0297 0.0002 -0.9996
vn -0.0643 -0.0005 -0.9979
vn 0.0878 0.0005 -0.9961
vn 0.0622 0.0004 -0.9981
vn -0.0801 0.0005 -0.9968
vn -0.2272 -0.0005 -0.9738
vn -0.1440 -0.0000 -0.9896
vn -0.1383 0.0002 -0.9904
vn -0.2187 -0.0000 -0.9758
vn -0.3222 -0.0000 -0.9467
vn -0.3233 -0.0000 -0.9463
vn -0.4002 -0.0000 -0.9164
vn -0.4982 0.0326 -0.8665
vn -0.4657 0.7232 -0.5100
vn -0.6205 0.4100 -0.6685
vn -0.7113 0.0193 -0.7026
vn -0.1342 0.9771 -0.1651
vn -0.1462 0.9735 -0.1758
vn -0.3282 0.7344 -0.5941
vn -0.2208 0.7906 -0.5712
vn 0.3765 0.5969 -0.7084
vn -0.5104 0.8473 -0.1470
vn -0.4105 0.5505 -0.7269
vn -0.3906 0.5822 -0.7131
vn -0.2973 0.6215 -0.7248
vn -0.3699 0.6626 -0.6513
vn -0.3416 0.7237 -0.5997
vn -0.4184 0.5245 -0.7415
vn -0.4004 0.4696 -0.7869
vn -0.4256 0.4583 -0.7802
vn -0.4581 0.3074 -0.8341
vn -0.4485 0.3443 -0.8248
vn -0.4413 0.3493 -0.8266
vn -0.4468 0.3918 -0.8043
vn -0.4449 0.4101 -0.7961
vn -0.4599 0.2944 -0.8377
vn -0.4563 0.2525 -0.8532
vn -0.4575 0.2519 -0.8528
vn -0.4617 0.1473 -0.8747
vn -0.4595 0.1674 -0.8723
vn -0.4473 0.1884 -0.8743
vn -0.4597 0.1714 -0.8714
vn -0.4638 0.2091 -0.8609
vn -0.4627 0.2209 -0.8585
vn -0.4631 0.1247 -0.8775
vn -0.4542 0.0994 -0.8853
vn -0.4564 0.0904 -0.8851
vn -0.4492 0.0325 -0.8928
vn -0.4418 0.0170 -0.8970
vn -0.4577 0.0517 -0.8876
vn -0.6984 0.1995 -0.6874
vn -0.6814 0.1714 -0.7116
vn -0.6743 0.2209 -0.7046
vn -0.6879 0.1722 -0.7051
vn -0.6901 0.1473 -0.7086
vn -0.6944 0.0993 -0.7127
vn -0.7049 0.1208 -0.6989
vn -0.7015 0.0926 -0.7067
vn -0.6435 0.3493 -0.6811
vn -0.6456 0.3513 -0.6781
vn -0.6526 0.3072 -0.6927
vn -0.6637 0.2526 -0.7041
vn -0.6876 0.2825 -0.6689
vn -0.6705 0.2528 -0.6975
vn -0.5283 0.6246 -0.5751
vn -0.6491 0.6339 -0.4205
vn -0.5892 0.6125 -0.5270
vn -0.5580 0.5820 -0.5916
vn -0.5654 0.5500 -0.6146
vn -0.5988 0.4700 -0.6485
vn -0.6451 0.4908 -0.5856
vn -0.6134 0.4477 -0.6506
vn -0.4620 0.7533 -0.4681
vn -0.5958 0.7669 -0.2385
vn -0.1587 0.8469 -0.5075
vn -0.1157 0.9771 -0.1783
vn -0.1223 0.9734 -0.1937
vn -0.2257 0.9095 -0.3490
vn -0.3171 0.8118 -0.4903
vn -0.3173 0.8116 -0.4905
vn -0.4245 0.6241 -0.6560
vn -0.4243 0.6242 -0.6560
vn -0.4796 0.4695 -0.7413
vn -0.4795 0.4698 -0.7412
vn -0.5092 0.3493 -0.7866
vn -0.5090 0.3489 -0.7869
vn -0.5256 0.2526 -0.8124
vn -0.5258 0.2522 -0.8124
vn -0.5353 0.1709 -0.8272
vn -0.5353 0.1708 -0.8272
vn -0.5405 0.0995 -0.8354
vn -0.5405 0.0993 -0.8355
vn -0.5429 0.0326 -0.8392
vn -0.5449 0.0280 -0.8380
vn -0.6580 0.0326 -0.7523
vn -0.7042 0.0325 -0.7093
vn -0.7108 0.0477 -0.7018
vn -0.2736 0.9011 -0.3363
vn -0.3745 0.8068 -0.4569
vn -0.3688 0.8118 -0.4527
vn -0.4934 0.6242 -0.6058
vn -0.4935 0.6240 -0.6059
vn -0.5576 0.4696 -0.6845
vn -0.5577 0.4694 -0.6846
vn -0.5919 0.3489 -0.7266
vn -0.5918 0.3491 -0.7266
vn -0.6112 0.2523 -0.7502
vn -0.6110 0.2526 -0.7502
vn -0.6222 0.1712 -0.7639
vn -0.6223 0.1709 -0.7639
vn -0.6285 0.0993 -0.7714
vn -0.6286 0.0992 -0.7714
vn -0.6316 0.0079 -0.7752
vn -0.6158 0.0327 -0.7872
vn -0.7470 -0.0000 0.6649
vn -0.6903 0.0002 0.7235
vn -0.7566 -0.0004 0.6539
vn -0.6515 0.0004 0.7586
vn -0.6984 -0.0000 0.7157
vn -0.6010 -0.0000 0.7992
vn -0.6397 -0.0002 0.7686
vn -0.5367 0.0003 0.8438
vn -0.5147 0.0004 0.8574
vn -0.5709 -0.0000 0.8210
vn -0.4539 -0.0000 0.8910
vn -0.4960 -0.0003 0.8683
vn -0.3837 0.0003 0.9234
vn -0.3642 0.0004 0.9313
vn -0.4222 -0.0000 0.9065
vn -0.2895 -0.0000 0.9572
vn -0.3488 -0.0004 0.9372
vn -0.2079 0.0004 0.9781
vn -0.2681 -0.0000 0.9634
vn -0.1535 -0.0000 0.9882
vn -0.0775 0.0003 0.9970
vn -0.1827 -0.0004 0.9832
vn -0.0341 0.0004 0.9994
vn -0.0990 -0.0000 0.9951
vn 0.0035 -0.0000 1.0000
vn 0.0491 0.0001 0.9988
vn 0.0977 0.0003 0.9952
vn -0.0184 -0.0005 0.9998
vn 0.1362 0.0005 0.9907
vn 0.0662 -0.0000 0.9978
vn 0.1665 -0.0000 0.9860
vn 0.1531 -0.0000 0.9882
vn 0.2494 0.0001 0.9684
vn 0.2362 -0.0000 0.9717
vn -0.8171 -0.0000 0.5765
vn -0.8628 0.0005 0.5056
vn -0.8180 -0.0000 0.5753
vn -0.9596 -0.0000 -0.2814
vn -0.3323 0.0004 -0.9432
vn -0.4617 -0.0006 -0.8870
vn -0.3851 -0.0000 -0.9229
vn -0.4721 0.0006 -0.8815
vn -0.4082 -0.0000 -0.9129
vn -0.4623 -0.0000 -0.8867
vn -0.5309 -0.0000 -0.8474
vn -0.6014 -0.0006 -0.7990
vn -0.6154 0.0005 -0.7882
vn -0.5210 0.0002 -0.8536
vn -0.5855 -0.0000 -0.8107
vn -0.6709 -0.0000 -0.7416
vn -0.7306 -0.0006 -0.6828
vn -0.7435 0.0005 -0.6687
vn -0.6381 0.0004 -0.7700
vn -0.6947 -0.0000 -0.7193
vn -0.7819 -0.0000 -0.6235
vn -0.8333 -0.0005 -0.5529
vn -0.7602 0.0004 -0.6497
vn -0.8039 -0.0000 -0.5947
vn -0.8805 -0.0000 -0.4741
vn -0.8424 0.0005 -0.5389
vn -0.8545 0.0003 -0.5195
vn -0.8919 -0.0000 -0.4522
vn -0.9437 -0.0000 -0.3308
vn -0.9414 0.0002 -0.3374
vn -0.9690 -0.0005 -0.2471
vn -0.9207 0.0005 -0.3903
vn -0.9301 0.0004 -0.3673
vn -0.9727 0.0005 -0.2322
vn -0.9964 -0.0005 -0.0850
vn -0.9856 -0.0000 -0.1691
vn -0.9846 0.0002 -0.1748
vn -0.9956 -0.0000 -0.0938
vn -0.9999 -0.0000 0.0135
vn -0.9999 -0.0000 0.0147
vn -0.9951 -0.0000 0.0984
vn -0.9451 0.0326 0.3253
vn -0.6293 0.7232 0.2846
vn -0.8280 0.4098 0.3827
vn -0.8647 0.0022 0.5023
vn -0.1988 0.9770 0.0765
vn -0.2127 0.9734 0.0848
vn -0.6676 0.7334 0.1286
vn -0.6120 0.7902 0.0332
vn -0.5583 0.5967 -0.5764
vn -0.2964 0.8496 0.4363
vn -0.8187 0.5500 0.1652
vn -0.7992 0.5820 0.1506
vn -0.7816 0.6210 0.0585
vn -0.7339 0.6624 0.1502
vn -0.6762 0.7235 0.1389
vn -0.8348 0.5242 0.1682
vn -0.8723 0.4693 0.1370
vn -0.8738 0.4582 0.1632
vn -0.9350 0.3071 0.1772
vn -0.9233 0.3441 0.1705
vn -0.9228 0.3490 0.1632
vn -0.9033 0.3916 0.1753
vn -0.8949 0.4098 0.1765
vn -0.9391 0.2941 0.1777
vn -0.9526 0.2526 0.1697
vn -0.9527 0.2515 0.1708
vn -0.9747 0.1472 0.1680
vn -0.9717 0.1671 0.1670
vn -0.9699 0.1881 0.1545
vn -0.9710 0.1710 0.1673
vn -0.9622 0.2093 0.1745
vn -0.9597 0.2208 0.1741
vn -0.9778 0.1245 0.1685
vn -0.9825 0.0992 0.1578
vn -0.9830 0.0906 0.1598
vn -0.9816 0.0326 0.1884
vn -0.9858 0.0515 0.1601
vn -0.9907 0.0039 0.1360
vn -0.9906 0.0140 0.1358
vn -0.8897 0.0325 0.4553
vn -0.8924 0.0444 0.4491
vn -0.8623 0.0293 0.5055
vn -0.8699 0.1999 0.4510
vn -0.8878 0.1713 0.4271
vn -0.8790 0.2209 0.4226
vn -0.8836 0.1724 0.4354
vn -0.8876 0.1472 0.4364
vn -0.8928 0.0992 0.4393
vn -0.8831 0.1207 0.4534
vn -0.8893 0.0928 0.4477
vn -0.8471 0.3491 0.4007
vn -0.8450 0.3510 0.4034
vn -0.8609 0.3073 0.4056
vn -0.8752 0.2526 0.4126
vn -0.8493 0.2823 0.4461
vn -0.8711 0.2526 0.4212
vn -0.7107 0.6246 0.3239
vn -0.6011 0.6339 0.4866
vn -0.6838 0.6124 0.3967
vn -0.7355 0.5820 0.3470
vn -0.7598 0.5498 0.3471
vn -0.8024 0.4698 0.3680
vn -0.7568 0.4905 0.4321
vn -0.8088 0.4477 0.3813
vn -0.5884 0.7532 0.2942
vn -0.4114 0.7671 0.4923
vn -0.5320 0.8467 -0.0063
vn -0.2056 0.9771 0.0547
vn -0.2219 0.9734 0.0562
vn -0.4019 0.9095 0.1066
vn -0.5650 0.8113 0.1499
vn -0.5647 0.8116 0.1497
vn -0.7553 0.6240 0.2002
vn -0.7556 0.6236 0.2005
vn -0.8537 0.4690 0.2265
vn -0.8535 0.4693 0.2263
vn -0.9059 0.3489 0.2402
vn -0.9059 0.3487 0.2403
vn -0.9353 0.2522 0.2481
vn -0.9355 0.2519 0.2480
vn -0.9524 0.1707 0.2526
vn -0.9524 0.1709 0.2525
vn -0.9618 0.0992 0.2550
vn -0.9661 0.0326 0.2561
vn -0.4049 0.9009 0.1560
vn -0.5508 0.8066 0.2144
vn -0.5451 0.8116 0.2104
vn -0.7292 0.6237 0.2815
vn -0.7290 0.6240 0.2814
vn -0.8238 0.4693 0.3179
vn -0.8239 0.4691 0.3181
vn -0.8743 0.3487 0.3376
vn -0.8743 0.3489 0.3375
vn -0.9028 0.2520 0.3485
vn -0.9028 0.2522 0.3484
vn -0.9192 0.1709 0.3549
vn -0.9192 0.1711 0.3547
vn -0.9283 0.0991 0.3584
vn -0.9283 0.0992 0.3583
vn -0.9324 0.0325 0.3599
vn -0.9265 -0.0016 0.3763
vn 0.9951 -0.0000 -0.0993
vn 0.9838 0.0002 -0.1795
vn 0.9964 -0.0004 -0.0849
vn 0.9728 0.0004 -0.2317
vn 0.9856 -0.0000 -0.1691
vn 0.9560 -0.0000 -0.2934
vn 0.9693 -0.0002 -0.2457
vn 0.9300 0.0003 -0.3675
vn 0.9204 0.0004 -0.3910
vn 0.9445 -0.0000 -0.3286
vn 0.8909 -0.0000 -0.4543
vn 0.9117 -0.0003 -0.4109
vn 0.8532 0.0003 -0.5216
vn 0.8423 0.0004 -0.5390
vn 0.8746 -0.0000 -0.4849
vn 0.7970 -0.0000 -0.6039
vn 0.8327 -0.0004 -0.5538
vn 0.7437 0.0004 -0.6685
vn 0.7832 -0.0000 -0.6218
vn 0.7052 -0.0000 -0.7090
vn 0.6492 0.0003 -0.7606
vn 0.7260 -0.0004 -0.6877
vn 0.6151 0.0004 -0.7884
vn 0.6654 -0.0000 -0.7465
vn 0.5857 -0.0000 -0.8105
vn 0.5477 0.0001 -0.8367
vn 0.5064 0.0003 -0.8623
vn 0.6035 -0.0005 -0.7974
vn 0.4726 0.0005 -0.8813
vn 0.5336 -0.0000 -0.8458
vn 0.4455 -0.0000 -0.8953
vn 0.4577 -0.0000 -0.8891
vn 0.3676 0.0001 -0.9300
vn 0.3803 -0.0000 -0.9248
vn 0.9999 -0.0000 0.0135
vn 0.9952 0.0006 0.0979
vn 0.9999 -0.0000 0.0147
vn 0.6112 -0.0000 0.7915
vn -0.2861 0.0004 0.9582
vn -0.1489 -0.0006 0.9889
vn -0.2314 -0.0000 0.9729
vn -0.1365 0.0006 0.9906
vn -0.2075 -0.0000 0.9782
vn -0.1474 -0.0000 0.9891
vn -0.0697 -0.0000 0.9976
vn 0.0160 -0.0005 0.9999
vn 0.0338 0.0005 0.9994
vn -0.0808 0.0002 0.9967
vn -0.0035 -0.0000 1.0000
vn 0.1065 -0.0000 0.9943
vn 0.1891 -0.0006 0.9820
vn 0.2083 0.0005 0.9781
vn 0.0628 0.0004 0.9980
vn 0.1387 -0.0000 0.9903
vn 0.2658 -0.0000 0.9640
vn 0.3491 -0.0005 0.9371
vn 0.2330 0.0004 0.9725
vn 0.3008 -0.0000 0.9537
vn 0.4337 -0.0000 0.9011
vn 0.3643 0.0005 0.9313
vn 0.3860 0.0003 0.9225
vn 0.4559 -0.0000 0.8901
vn 0.5691 -0.0000 0.8223
vn 0.5635 0.0002 0.8261
vn 0.6390 -0.0005 0.7692
vn 0.5153 0.0005 0.8570
vn 0.5369 0.0004 0.8436
vn 0.6513 0.0005 0.7588
vn 0.7566 -0.0005 0.6539
vn 0.6984 -0.0000 0.7157
vn 0.6941 0.0002 0.7199
vn 0.7507 -0.0000 0.6606
vn 0.8173 -0.0000 0.5762
vn 0.8181 -0.0000 0.5751
vn 0.8637 -0.0000 0.5040
vn 0.6765 0.7232 0.1392
vn 0.8950 0.4097 0.1765
vn 0.9906 0.0137 0.1358
vn 0.2056 0.9771 0.0547
vn 0.2219 0.9734 0.0562
vn 0.6153 0.7337 0.2884
vn 0.5146 0.7903 0.3326
vn 0.1123 0.5970 0.7943
vn 0.5012 0.8465 -0.1796
vn 0.7596 0.5501 0.3470
vn 0.7354 0.5818 0.3473
vn 0.6668 0.6212 0.4117
vn 0.6822 0.6623 0.3098
vn 0.6288 0.7236 0.2846
vn 0.7744 0.5243 0.3541
vn 0.7864 0.4694 0.4014
vn 0.8033 0.4579 0.3808
vn 0.8609 0.3070 0.4058
vn 0.8475 0.3443 0.4040
vn 0.8429 0.3490 0.4095
vn 0.8342 0.3915 0.3883
vn 0.8279 0.4102 0.3825
vn 0.8646 0.2940 0.4075
vn 0.8707 0.2523 0.4221
vn 0.8714 0.2514 0.4214
vn 0.8876 0.1470 0.4364
vn 0.8844 0.1673 0.4357
vn 0.8757 0.1885 0.4446
vn 0.8841 0.1713 0.4347
vn 0.8813 0.2093 0.4237
vn 0.8790 0.2208 0.4226
vn 0.8624 0.0293 0.5054
vn 0.8647 0.0016 0.5023
vn 0.8904 0.1244 0.4379
vn 0.8879 0.0992 0.4493
vn 0.8895 0.0904 0.4479
vn 0.8927 0.0325 0.4495
vn 0.8894 0.0427 0.4552
vn 0.9858 0.0514 0.1601
vn 0.9907 0.0039 0.1360
vn 0.9816 0.0326 0.1884
vn 0.9690 0.1994 0.1460
vn 0.9695 0.1713 0.1754
vn 0.9597 0.2207 0.1741
vn 0.9709 0.1722 0.1664
vn 0.9748 0.1470 0.1680
vn 0.9807 0.0992 0.1686
vn 0.9810 0.1208 0.1515
vn 0.9828 0.0924 0.1599
vn 0.9210 0.3491 0.1728
vn 0.9210 0.3509 0.1694
vn 0.9351 0.3070 0.1772
vn 0.9507 0.2526 0.1797
vn 0.9494 0.2825 0.1373
vn 0.9524 0.2525 0.1707
vn 0.7656 0.6244 0.1548
vn 0.7725 0.6337 -0.0406
vn 0.7866 0.6122 0.0804
vn 0.7992 0.5818 0.1508
vn 0.8189 0.5496 0.1651
vn 0.8656 0.4698 0.1732
vn 0.8663 0.4905 0.0941
vn 0.8787 0.4475 0.1661
vn 0.6490 0.7531 0.1076
vn 0.6224 0.7670 -0.1562
vn 0.4269 0.8467 0.3176
vn 0.9451 0.0326 0.3253
vn 0.1984 0.9772 0.0763
vn 0.2127 0.9734 0.0848
vn 0.3879 0.9095 0.1497
vn 0.5451 0.8116 0.2104
vn 0.5452 0.8114 0.2104
vn 0.7290 0.6240 0.2814
vn 0.8239 0.4691 0.3180
vn 0.8238 0.4693 0.3180
vn 0.8743 0.3489 0.3375
vn 0.8744 0.3487 0.3375
vn 0.9028 0.2522 0.3484
vn 0.9028 0.2520 0.3484
vn 0.9192 0.1710 0.3548
vn 0.9191 0.1711 0.3549
vn 0.9283 0.0992 0.3584
vn 0.9283 0.0991 0.3584
vn 0.9329 0.0095 0.3601
vn 0.9260 0.0325 0.3760
vn 0.4195 0.9009 0.1115
vn 0.5719 0.8065 0.1498
vn 0.5651 0.8113 0.1498
vn 0.7557 0.6236 0.2003
vn 0.7553 0.6240 0.2004
vn 0.8535 0.4693 0.2264
vn 0.8537 0.4690 0.2264
vn 0.9059 0.3487 0.2402
vn 0.9058 0.3489 0.2403
vn 0.9353 0.2523 0.2481
vn 0.9354 0.2522 0.2480
vn 0.9524 0.1709 0.2525
vn 0.9524 0.1707 0.2525
vn 0.9618 0.0992 0.2550
vn 0.9661 0.0326 0.2561
vn 0.4024 -0.0000 0.9155
vn 0.4760 0.0002 0.8795
vn 0.3891 -0.0004 0.9212
vn 0.5219 0.0004 0.8530
vn 0.4657 -0.0000 0.8850
vn 0.5752 -0.0000 0.8180
vn 0.5346 -0.0002 0.8451
vn 0.6374 0.0003 0.7705
vn 0.6566 0.0004 0.7542
vn 0.6054 -0.0000 0.7959
vn 0.7083 -0.0000 0.7059
vn 0.6734 -0.0003 0.7393
vn 0.7603 0.0003 0.6495
vn 0.7739 0.0004 0.6333
vn 0.7324 -0.0000 0.6809
vn 0.8213 -0.0000 0.5704
vn 0.7844 -0.0004 0.6202
vn 0.8665 0.0004 0.4991
vn 0.8340 -0.0000 0.5517
vn 0.8929 -0.0000 0.4502
vn 0.9244 0.0003 0.3813
vn 0.8787 -0.0004 0.4773
vn 0.9403 0.0004 0.3403
vn 0.9161 -0.0000 0.4009
vn 0.9522 -0.0000 0.3056
vn 0.9653 0.0001 0.2613
vn 0.9767 0.0003 0.2144
vn 0.9451 -0.0005 0.3267
vn 0.9844 0.0005 0.1760
vn 0.9694 -0.0000 0.2454
vn 0.9893 -0.0000 0.1461
vn 0.9872 -0.0000 0.1595
vn 0.9980 0.0001 0.0625
vn 0.9971 -0.0000 0.0759
vn 0.2967 -0.0000 0.9550
vn 0.2150 0.0006 0.9766
vn 0.2953 -0.0000 0.9554
vn -0.5649 -0.0000 0.8252
vn -0.9997 0.0004 0.0240
vn -0.9864 -0.0006 0.1641
vn -0.9968 -0.0000 0.0805
vn -0.9842 0.0006 0.1770
vn -0.9944 -0.0000 0.1055
vn -0.9863 -0.0000 0.1650
vn -0.9703 -0.0000 0.2420
vn -0.9462 -0.0005 0.3237
vn -0.9403 0.0005 0.3405
vn -0.9730 0.0002 0.2309
vn -0.9523 -0.0000 0.3051
vn -0.9130 -0.0000 0.4080
vn -0.8753 -0.0006 0.4835
vn -0.8663 0.0005 0.4996
vn -0.9300 0.0004 0.3676
vn -0.8993 -0.0000 0.4373
vn -0.8352 -0.0000 0.5500
vn -0.7840 -0.0005 0.6208
vn -0.8531 0.0004 0.5217
vn -0.8146 -0.0000 0.5801
vn -0.7237 -0.0000 0.6901
vn -0.7740 0.0005 0.6332
vn -0.7588 0.0003 0.6513
vn -0.7065 -0.0000 0.7077
vn -0.6070 -0.0000 0.7947
vn -0.6122 0.0002 0.7907
vn -0.5354 -0.0005 0.8446
vn -0.6565 0.0005 0.7543
vn -0.6375 0.0004 0.7705
vn -0.5218 0.0005 0.8531
vn -0.3893 -0.0005 0.9211
vn -0.4657 -0.0000 0.8850
vn -0.4711 0.0002 0.8821
vn -0.3976 -0.0000 0.9176
vn -0.2967 -0.0000 0.9550
vn -0.2953 -0.0000 0.9554
vn -0.2169 -0.0000 0.9762
vn 0.0766 0.7237 0.6859
vn 0.1086 0.4102 0.9055
vn 0.1943 0.0069 0.9809
vn 0.0114 0.9772 0.2122
vn 0.0150 0.9735 0.2282
vn -0.0844 0.7343 0.6735
vn -0.1576 0.7906 0.5917
vn -0.7213 0.5965 0.3521
vn 0.3265 0.8478 0.4179
vn -0.0958 0.5505 0.8293
vn -0.1035 0.5823 0.8064
vn -0.1860 0.6215 0.7610
vn -0.0841 0.6629 0.7440
vn -0.0766 0.7240 0.6855
vn -0.0979 0.5247 0.8457
vn -0.1389 0.4698 0.8718
vn -0.1145 0.4586 0.8812
vn -0.1203 0.3073 0.9440
vn -0.1231 0.3444 0.9307
vn -0.1299 0.3493 0.9280
vn -0.1122 0.3916 0.9133
vn -0.1084 0.4101 0.9056
vn -0.1209 0.2945 0.9480
vn -0.1328 0.2526 0.9584
vn -0.1322 0.2520 0.9586
vn -0.1414 0.1480 0.9788
vn -0.1418 0.1676 0.9756
vn -0.1526 0.1884 0.9702
vn -0.1408 0.1713 0.9751
vn -0.1316 0.2093 0.9689
vn -0.1310 0.2214 0.9663
vn -0.1946 0.0365 0.9802
vn -0.1943 0.0069 0.9809
vn -0.1420 0.1245 0.9820
vn -0.1535 0.0996 0.9831
vn -0.1517 0.0907 0.9843
vn -0.1523 0.0325 0.9878
vn -0.1416 0.0154 0.9898
vn 0.1415 0.0325 0.9894
vn 0.1524 0.0197 0.9881
vn 0.1946 0.0365 0.9802
vn 0.1607 0.1996 0.9666
vn 0.1324 0.1713 0.9763
vn 0.1309 0.2212 0.9664
vn 0.1417 0.1721 0.9748
vn 0.1414 0.1468 0.9790
vn 0.1425 0.0992 0.9848
vn 0.1588 0.1208 0.9799
vn 0.1517 0.0927 0.9841
vn 0.1201 0.3496 0.9292
vn 0.1231 0.3512 0.9282
vn 0.1202 0.3074 0.9439
vn 0.1229 0.2527 0.9597
vn 0.1625 0.2825 0.9454
vn 0.1321 0.2528 0.9585
vn 0.0892 0.6248 0.7757
vn 0.2775 0.6341 0.7217
vn 0.1666 0.6126 0.7726
vn 0.1033 0.5823 0.8064
vn 0.0958 0.5502 0.8295
vn 0.1028 0.4703 0.8765
vn 0.1777 0.4910 0.8528
vn 0.1134 0.4479 0.8869
vn 0.0984 0.7536 0.6499
vn 0.3416 0.7671 0.5430
vn -0.1703 0.8470 0.5035
vn -0.0114 0.9772 0.2122
vn -0.0150 0.9735 0.2282
vn -0.0227 0.9096 0.4148
vn -0.0318 0.8119 0.5829
vn -0.0319 0.8116 0.5833
vn -0.0427 0.6244 0.7799
vn -0.0427 0.6245 0.7799
vn -0.0483 0.4697 0.8815
vn -0.0483 0.4696 0.8816
vn -0.0512 0.3491 0.9357
vn -0.0512 0.3490 0.9357
vn -0.0529 0.2524 0.9662
vn -0.0528 0.2524 0.9662
vn -0.0538 0.1712 0.9838
vn -0.0543 0.0994 0.9936
vn -0.0544 0.0991 0.9936
vn -0.0547 0.0326 0.9980
vn -0.0546 0.0325 0.9980
vn 0.0235 0.9012 0.4328
vn 0.0340 0.8070 0.5896
vn 0.0319 0.8117 0.5832
vn 0.0427 0.6245 0.7798
vn 0.0427 0.6244 0.7799
vn 0.0483 0.4696 0.8816
vn 0.0482 0.4697 0.8815
vn 0.0512 0.3490 0.9357
vn 0.0512 0.3491 0.9357
vn 0.0529 0.2524 0.9662
vn 0.0528 0.2524 0.9662
vn 0.0538 0.1712 0.9838
vn 0.0543 0.0996 0.9935
vn 0.0545 0.0994 0.9936
vn 0.0547 0.0325 0.9980
vn 0.0546 0.0326 0.9980
vn -0.6518 -0.0000 -0.7584
vn 0.2015 -0.0000 0.9795
vn 0.5717 -0.0000 -0.8204
s 0
f 1//1 2//1 3//1
f 4//2 5//2 6//2
f 7//3 8//3 9//3
f 7//4 10//4 11//4
f 12//5 13//5 14//5
f 15//6 16//6 17//6
f 18//7 19//7 20//7
f 21//8 22//8 23//8
f 21//9 24//9 25//9
f 26//10 27//10 28//10
f 29//11 30//11 31//11
f 29//12 32//12 33//12
f 34//13 35//13 36//13
f 35//14 37//14 38//14
f 39//15 40//15 34//15
f 41//16 42//16 43//16
f 43//17 42//17 40//17
f 44//18 45//18 46//18
f 46//19 45//19 41//19
f 47//20 48//20 44//20
f 32//21 49//21 50//21
f 50//22 49//22 51//22
f 50//23 51//23 48//23
f 30//24 29//24 52//24
f 53//25 54//25 31//25
f 31//26 54//26 55//26
f 31//27 55//27 29//27
f 56//28 57//28 58//28
f 59//29 60//29 61//29
f 62//30 63//30 64//30
f 65//31 66//31 67//31
f 68//32 69//32 70//32
f 70//33 69//33 71//33
f 70//34 71//34 72//34
f 72//35 71//35 73//35
f 38//36 37//36 74//36
f 74//37 37//37 75//37
f 74//38 75//38 71//38
f 71//39 75//39 76//39
f 71//40 76//40 73//40
f 27//41 77//41 78//41
f 79//42 80//42 26//42
f 81//43 82//43 83//43
f 83//44 82//44 80//44
f 84//45 85//45 86//45
f 86//46 85//46 81//46
f 87//47 88//47 84//47
f 24//48 89//48 90//48
f 90//49 89//49 91//49
f 90//50 91//50 88//50
f 22//51 21//51 92//51
f 93//52 94//52 23//52
f 23//53 94//53 95//53
f 23//54 95//54 21//54
f 96//55 97//55 98//55
f 99//56 100//56 101//56
f 102//57 103//57 104//57
f 105//58 106//58 107//58
f 108//59 109//59 110//59
f 110//60 109//60 111//60
f 110//61 111//61 112//61
f 112//62 111//62 113//62
f 78//63 77//63 114//63
f 114//64 77//64 115//64
f 114//65 115//65 111//65
f 111//66 115//66 116//66
f 111//67 116//67 113//67
f 117//68 118//68 119//68
f 120//69 121//69 122//69
f 123//70 124//70 125//70
f 126//71 127//71 128//71
f 129//72 130//72 131//72
f 132//73 133//73 134//73
f 134//74 133//74 135//74
f 136//75 137//75 135//75
f 135//76 137//76 138//76
f 135//77 138//77 134//77
f 136//78 135//78 139//78
f 139//79 135//79 140//79
f 139//80 140//80 141//80
f 141//81 140//81 142//81
f 141//82 142//82 19//82
f 143//83 144//83 18//83
f 145//84 146//84 147//84
f 147//85 146//85 144//85
f 148//86 149//86 150//86
f 150//87 149//87 145//87
f 151//88 152//88 148//88
f 16//89 153//89 154//89
f 154//90 153//90 155//90
f 154//91 155//91 152//91
f 119//92 156//92 117//92
f 117//93 156//93 15//93
f 117//94 15//94 157//94
f 157//95 15//95 158//95
f 13//96 159//96 160//96
f 161//97 162//97 12//97
f 163//98 164//98 165//98
f 165//99 164//99 162//99
f 166//100 167//100 168//100
f 168//101 167//101 163//101
f 169//102 170//102 166//102
f 10//103 171//103 172//103
f 172//104 171//104 173//104
f 172//105 173//105 170//105
f 8//106 7//106 174//106
f 175//107 176//107 9//107
f 9//108 176//108 177//108
f 9//109 177//109 7//109
f 178//110 179//110 180//110
f 181//111 182//111 183//111
f 184//112 185//112 186//112
f 187//113 188//113 189//113
f 190//114 191//114 192//114
f 192//115 191//115 193//115
f 192//116 193//116 194//116
f 194//117 193//117 195//117
f 160//118 159//118 196//118
f 196//119 159//119 197//119
f 196//120 197//120 193//120
f 193//121 197//121 198//121
f 193//122 198//122 195//122
f 199//123 200//123 201//123
f 202//124 203//124 204//124
f 205//125 206//125 207//125
f 208//126 209//126 210//126
f 211//127 212//127 213//127
f 214//128 215//128 216//128
f 216//129 215//129 217//129
f 218//130 219//130 217//130
f 217//131 219//131 220//131
f 217//132 220//132 216//132
f 218//133 217//133 221//133
f 221//134 217//134 222//134
f 221//135 222//135 223//135
f 223//136 222//136 224//136
f 223//137 224//137 5//137
f 225//138 226//138 4//138
f 227//139 228//139 229//139
f 229//140 228//140 226//140
f 230//141 231//141 232//141
f 232//142 231//142 227//142
f 233//143 234//143 230//143
f 2//144 235//144 236//144
f 236//145 235//145 237//145
f 236//146 237//146 234//146
f 201//147 238//147 199//147
f 199//148 238//148 1//148
f 199//149 1//149 239//149
f 239//150 1//150 240//150
f 15//151 17//151 158//151
f 158//152 17//152 241//152
f 158//152 241//152 242//152
f 242//153 241//153 243//153
f 242//154 243//154 244//154
f 244//155 243//155 245//155
f 244//155 245//155 246//155
f 246//156 245//156 247//156
f 246//156 247//156 248//156
f 248//157 247//157 249//157
f 248//158 249//158 250//158
f 250//159 249//159 251//159
f 250//160 251//160 252//160
f 252//161 251//161 253//161
f 252//161 253//161 254//161
f 254//162 253//162 255//162
f 254//162 255//162 256//162
f 256//163 255//163 257//163
f 256//163 257//163 258//163
f 258//164 257//164 259//164
f 258//164 259//164 260//164
f 260//165 259//165 261//165
f 260//165 261//165 262//165
f 262//166 261//166 263//166
f 262//167 263//167 264//167
f 264//168 263//168 265//168
f 264//168 265//168 266//168
f 266//169 265//169 267//169
f 266//169 267//169 93//169
f 93//170 267//170 268//170
f 93//171 268//171 94//171
f 7//172 11//172 174//172
f 174//173 11//173 269//173
f 174//173 269//173 270//173
f 270//174 269//174 271//174
f 270//174 271//174 272//174
f 272//175 271//175 273//175
f 272//175 273//175 274//175
f 274//176 273//176 275//176
f 274//176 275//176 276//176
f 276//177 275//177 277//177
f 276//177 277//177 278//177
f 278//178 277//178 279//178
f 278//179 279//179 280//179
f 280//180 279//180 281//180
f 280//180 281//180 282//180
f 282//181 281//181 283//181
f 282//182 283//182 284//182
f 284//183 283//183 285//183
f 284//183 285//183 286//183
f 286//184 285//184 287//184
f 286//184 287//184 288//184
f 288//185 287//185 289//185
f 288//185 289//185 290//185
f 290//186 289//186 291//186
f 290//187 291//187 292//187
f 292//188 291//188 293//188
f 292//189 293//189 294//189
f 294//190 293//190 295//190
f 294//190 295//190 118//190
f 118//191 295//191 296//191
f 118//192 296//192 119//192
f 1//193 3//193 240//193
f 240//194 3//194 297//194
f 240//195 297//195 298//195
f 298//196 297//196 299//196
f 298//197 299//197 300//197
f 300//198 299//198 301//198
f 300//199 301//199 302//199
f 302//200 301//200 303//200
f 302//200 303//200 304//200
f 304//201 303//201 305//201
f 304//202 305//202 306//202
f 306//203 305//203 307//203
f 306//204 307//204 308//204
f 308//205 307//205 309//205
f 308//205 309//205 310//205
f 310//206 309//206 311//206
f 310//207 311//207 312//207
f 312//208 311//208 313//208
f 312//209 313//209 314//209
f 314//210 313//210 315//210
f 314//211 315//211 316//211
f 316//212 315//212 317//212
f 316//213 317//213 318//213
f 318//214 317//214 319//214
f 318//215 319//215 320//215
f 320//216 319//216 321//216
f 320//216 321//216 322//216
f 322//217 321//217 323//217
f 322//217 323//217 175//217
f 175//218 323//218 324//218
f 175//219 324//219 176//219
f 29//220 33//220 52//220
f 52//221 33//221 325//221
f 52//221 325//221 326//221
f 326//222 325//222 327//222
f 326//222 327//222 328//222
f 328//223 327//223 329//223
f 328//223 329//223 330//223
f 330//224 329//224 331//224
f 330//224 331//224 332//224
f 332//225 331//225 333//225
f 332//225 333//225 334//225
f 334//226 333//226 335//226
f 334//226 335//226 336//226
f 336//227 335//227 337//227
f 336//228 337//228 338//228
f 338//229 337//229 339//229
f 338//229 339//229 340//229
f 340//230 339//230 341//230
f 340//230 341//230 342//230
f 342//231 341//231 343//231
f 342//232 343//232 344//232
f 344//233 343//233 345//233
f 344//233 345//233 346//233
f 346//234 345//234 347//234
f 346//234 347//234 348//234
f 348//235 347//235 349//235
f 348//236 349//236 350//236
f 350//237 349//237 351//237
f 350//238 351//238 200//238
f 200//239 351//239 352//239
f 200//240 352//240 201//240
f 21//241 25//241 92//241
f 92//242 25//242 353//242
f 92//243 353//243 354//243
f 354//244 353//244 355//244
f 354//245 355//245 356//245
f 356//246 355//246 357//246
f 356//246 357//246 358//246
f 358//247 357//247 359//247
f 358//248 359//248 360//248
f 360//249 359//249 361//249
f 360//249 361//249 362//249
f 362//250 361//250 363//250
f 362//251 363//251 364//251
f 364//252 363//252 365//252
f 364//252 365//252 366//252
f 366//253 365//253 367//253
f 366//254 367//254 368//254
f 368//255 367//255 369//255
f 368//255 369//255 370//255
f 370//256 369//256 371//256
f 370//256 371//256 372//256
f 372//257 371//257 373//257
f 372//257 373//257 374//257
f 374//258 373//258 375//258
f 374//258 375//258 376//258
f 376//259 375//259 377//259
f 376//259 377//259 378//259
f 378//260 377//260 379//260
f 378//260 379//260 53//260
f 53//261 379//261 380//261
f 53//262 380//262 54//262
f 16//263 154//263 17//263
f 17//264 154//264 381//264
f 17//264 381//264 241//264
f 241//265 381//265 382//265
f 241//265 382//265 243//265
f 243//266 382//266 383//266
f 243//266 383//266 245//266
f 245//267 383//267 384//267
f 245//267 384//267 247//267
f 247//268 384//268 385//268
f 247//268 385//268 249//268
f 249//269 385//269 386//269
f 249//269 386//269 251//269
f 251//270 386//270 387//270
f 251//270 387//270 253//270
f 253//271 387//271 388//271
f 253//271 388//271 255//271
f 255//272 388//272 389//272
f 255//272 389//272 257//272
f 257//273 389//273 390//273
f 257//273 390//273 259//273
f 259//274 390//274 391//274
f 259//274 391//274 261//274
f 261//275 391//275 392//275
f 261//276 392//276 263//276
f 263//277 392//277 393//277
f 263//277 393//277 265//277
f 265//278 393//278 394//278
f 265//279 394//279 267//279
f 267//280 394//280 395//280
f 267//281 395//281 268//281
f 10//282 172//282 11//282
f 11//283 172//283 396//283
f 11//283 396//283 269//283
f 269//284 396//284 397//284
f 269//284 397//284 271//284
f 271//285 397//285 398//285
f 271//285 398//285 273//285
f 273//286 398//286 399//286
f 273//286 399//286 275//286
f 275//287 399//287 400//287
f 275//287 400//287 277//287
f 277//288 400//288 401//288
f 277//288 401//288 279//288
f 279//289 401//289 402//289
f 279//289 402//289 281//289
f 281//290 402//290 403//290
f 281//290 403//290 283//290
f 283//291 403//291 404//291
f 283//291 404//291 285//291
f 285//292 404//292 405//292
f 285//292 405//292 287//292
f 287//293 405//293 406//293
f 287//293 406//293 289//293
f 289//294 406//294 407//294
f 289//294 407//294 291//294
f 291//295 407//295 408//295
f 291//296 408//296 293//296
f 293//297 408//297 409//297
f 293//298 409//298 295//298
f 295//299 409//299 410//299
f 295//300 410//300 296//300
f 2//301 236//301 3//301
f 3//302 236//302 411//302
f 3//303 411//303 297//303
f 297//304 411//304 412//304
f 297//304 412//304 299//304
f 299//305 412//305 413//305
f 299//306 413//306 301//306
f 301//307 413//307 414//307
f 301//307 414//307 303//307
f 303//308 414//308 415//308
f 303//309 415//309 305//309
f 305//310 415//310 416//310
f 305//310 416//310 307//310
f 307//311 416//311 417//311
f 307//311 417//311 309//311
f 309//312 417//312 418//312
f 309//313 418//313 311//313
f 311//314 418//314 419//314
f 311//315 419//315 313//315
f 313//316 419//316 420//316
f 313//316 420//316 315//316
f 315//317 420//317 421//317
f 315//317 421//317 317//317
f 317//318 421//318 422//318
f 317//318 422//318 319//318
f 319//319 422//319 423//319
f 319//319 423//319 321//319
f 321//320 423//320 424//320
f 321//320 424//320 323//320
f 323//321 424//321 425//321
f 323//322 425//322 324//322
f 32//323 50//323 33//323
f 33//324 50//324 426//324
f 33//324 426//324 325//324
f 325//325 426//325 427//325
f 325//326 427//326 327//326
f 327//327 427//327 428//327
f 327//327 428//327 329//327
f 329//328 428//328 429//328
f 329//328 429//328 331//328
f 331//329 429//329 430//329
f 331//329 430//329 333//329
f 333//330 430//330 431//330
f 333//331 431//331 335//331
f 335//332 431//332 432//332
f 335//333 432//333 337//333
f 337//334 432//334 433//334
f 337//334 433//334 339//334
f 339//335 433//335 434//335
f 339//336 434//336 341//336
f 341//337 434//337 435//337
f 341//338 435//338 343//338
f 343//339 435//339 436//339
f 343//340 436//340 345//340
f 345//341 436//341 437//341
f 345//341 437//341 347//341
f 347//342 437//342 438//342
f 347//343 438//343 349//343
f 349//344 438//344 439//344
f 349//344 439//344 351//344
f 351//345 439//345 440//345
f 351//346 440//346 352//346
f 24//347 90//347 25//347
f 25//348 90//348 441//348
f 25//348 441//348 353//348
f 353//349 441//349 442//349
f 353//349 442//349 355//349
f 355//350 442//350 443//350
f 355//350 443//350 357//350
f 357//351 443//351 444//351
f 357//352 444//352 359//352
f 359//353 444//353 445//353
f 359//354 445//354 361//354
f 361//355 445//355 446//355
f 361//355 446//355 363//355
f 363//356 446//356 447//356
f 363//356 447//356 365//356
f 365//357 447//357 448//357
f 365//357 448//357 367//357
f 367//358 448//358 449//358
f 367//359 449//359 369//359
f 369//360 449//360 450//360
f 369//360 450//360 371//360
f 371//361 450//361 451//361
f 371//361 451//361 373//361
f 373//362 451//362 452//362
f 373//362 452//362 375//362
f 375//363 452//363 453//363
f 375//363 453//363 377//363
f 377//364 453//364 454//364
f 377//365 454//365 379//365
f 379//366 454//366 455//366
f 379//367 455//367 380//367
f 152//368 151//368 154//368
f 154//369 151//369 456//369
f 154//370 456//370 381//370
f 381//371 456//371 457//371
f 381//371 457//371 382//371
f 382//372 457//372 458//372
f 382//372 458//372 383//372
f 383//373 458//373 459//373
f 383//373 459//373 384//373
f 384//374 459//374 460//374
f 384//375 460//375 385//375
f 385//376 460//376 461//376
f 385//377 461//377 386//377
f 386//378 461//378 462//378
f 386//378 462//378 387//378
f 387//379 462//379 463//379
f 387//379 463//379 388//379
f 388//380 463//380 464//380
f 388//380 464//380 389//380
f 389//381 464//381 465//381
f 389//381 465//381 390//381
f 390//382 465//382 466//382
f 390//382 466//382 391//382
f 391//383 466//383 467//383
f 391//384 467//384 392//384
f 392//385 467//385 468//385
f 392//386 468//386 393//386
f 393//387 468//387 96//387
f 393//388 96//388 394//388
f 394//389 96//389 98//389
f 394//390 98//390 395//390
f 170//391 169//391 172//391
f 172//392 169//392 469//392
f 172//392 469//392 396//392
f 396//393 469//393 470//393
f 396//394 470//394 397//394
f 397//395 470//395 471//395
f 397//395 471//395 398//395
f 398//396 471//396 472//396
f 398//397 472//397 399//397
f 399//398 472//398 473//398
f 399//398 473//398 400//398
f 400//399 473//399 474//399
f 400//400 474//400 401//400
f 401//401 474//401 475//401
f 401//402 475//402 402//402
f 402//403 475//403 476//403
f 402//403 476//403 403//403
f 403//404 476//404 477//404
f 403//404 477//404 404//404
f 404//405 477//405 478//405
f 404//405 478//405 405//405
f 405//406 478//406 479//406
f 405//407 479//407 406//407
f 406//408 479//408 480//408
f 406//408 480//408 407//408
f 407//409 480//409 481//409
f 407//410 481//410 408//410
f 408//411 481//411 120//411
f 408//412 120//412 409//412
f 409//413 120//413 122//413
f 409//414 122//414 410//414
f 234//415 233//415 236//415
f 236//416 233//416 482//416
f 236//416 482//416 411//416
f 411//417 482//417 483//417
f 411//417 483//417 412//417
f 412//418 483//418 484//418
f 412//418 484//418 413//418
f 413//419 484//419 485//419
f 413//420 485//420 414//420
f 414//421 485//421 486//421
f 414//422 486//422 415//422
f 415//423 486//423 487//423
f 415//424 487//424 416//424
f 416//425 487//425 488//425
f 416//425 488//425 417//425
f 417//426 488//426 489//426
f 417//426 489//426 418//426
f 418//427 489//427 490//427
f 418//427 490//427 419//427
f 419//428 490//428 491//428
f 419//429 491//429 420//429
f 420//430 491//430 492//430
f 420//430 492//430 421//430
f 421//431 492//431 493//431
f 421//431 493//431 422//431
f 422//432 493//432 494//432
f 422//432 494//432 423//432
f 423//433 494//433 178//433
f 423//433 178//433 424//433
f 424//434 178//434 180//434
f 424//435 180//435 425//435
f 48//436 47//436 50//436
f 50//437 47//437 495//437
f 50//438 495//438 426//438
f 426//439 495//439 496//439
f 426//440 496//440 427//440
f 427//441 496//441 497//441
f 427//441 497//441 428//441
f 428//442 497//442 498//442
f 428//442 498//442 429//442
f 429//443 498//443 499//443
f 429//443 499//443 430//443
f 430//444 499//444 500//444
f 430//445 500//445 431//445
f 431//446 500//446 501//446
f 431//446 501//446 432//446
f 432//447 501//447 502//447
f 432//448 502//448 433//448
f 433//449 502//449 503//449
f 433//449 503//449 434//449
f 434//450 503//450 504//450
f 434//450 504//450 435//450
f 435//451 504//451 505//451
f 435//451 505//451 436//451
f 436//452 505//452 506//452
f 436//452 506//452 437//452
f 437//453 506//453 507//453
f 437//454 507//454 438//454
f 438//455 507//455 202//455
f 438//455 202//455 439//455
f 439//456 202//456 204//456
f 439//457 204//457 440//457
f 88//458 87//458 90//458
f 90//459 87//459 508//459
f 90//459 508//459 441//459
f 441//460 508//460 509//460
f 441//460 509//460 442//460
f 442//461 509//461 510//461
f 442//461 510//461 443//461
f 443//462 510//462 511//462
f 443//462 511//462 444//462
f 444//463 511//463 512//463
f 444//463 512//463 445//463
f 445//464 512//464 513//464
f 445//464 513//464 446//464
f 446//465 513//465 514//465
f 446//466 514//466 447//466
f 447//467 514//467 515//467
f 447//467 515//467 448//467
f 448//468 515//468 516//468
f 448//468 516//468 449//468
f 449//469 516//469 517//469
f 449//470 517//470 450//470
f 450//471 517//471 518//471
f 450//472 518//472 451//472
f 451//473 518//473 519//473
f 451//474 519//474 452//474
f 452//475 519//475 520//475
f 452//476 520//476 453//476
f 453//477 520//477 56//477
f 453//477 56//477 454//477
f 454//478 56//478 58//478
f 454//479 58//479 455//479
f 148//480 150//480 151//480
f 151//481 150//481 521//481
f 151//481 521//481 456//481
f 456//482 521//482 522//482
f 456//482 522//482 457//482
f 457//483 522//483 523//483
f 457//483 523//483 458//483
f 458//484 523//484 524//484
f 458//484 524//484 459//484
f 459//485 524//485 525//485
f 459//486 525//486 460//486
f 460//487 525//487 526//487
f 460//488 526//488 461//488
f 461//489 526//489 527//489
f 461//489 527//489 462//489
f 462//490 527//490 528//490
f 462//490 528//490 463//490
f 463//491 528//491 529//491
f 463//492 529//492 464//492
f 464//493 529//493 530//493
f 464//493 530//493 465//493
f 465//494 530//494 531//494
f 465//495 531//495 466//495
f 466//496 531//496 532//496
f 466//497 532//497 467//497
f 467//498 532//498 533//498
f 467//499 533//499 468//499
f 468//500 533//500 99//500
f 468//500 99//500 96//500
f 96//501 99//501 101//501
f 96//502 101//502 97//502
f 166//503 168//503 169//503
f 169//504 168//504 534//504
f 169//504 534//504 469//504
f 469//505 534//505 535//505
f 469//505 535//505 470//505
f 470//506 535//506 536//506
f 470//506 536//506 471//506
f 471//507 536//507 537//507
f 471//507 537//507 472//507
f 472//508 537//508 538//508
f 472//508 538//508 473//508
f 473//509 538//509 539//509
f 473//509 539//509 474//509
f 474//510 539//510 540//510
f 474//510 540//510 475//510
f 475//511 540//511 541//511
f 475//511 541//511 476//511
f 476//512 541//512 542//512
f 476//512 542//512 477//512
f 477//513 542//513 543//513
f 477//513 543//513 478//513
f 478//514 543//514 544//514
f 478//514 544//514 479//514
f 479//515 544//515 545//515
f 479//515 545//515 480//515
f 480//516 545//516 546//516
f 480//517 546//517 481//517
f 481//518 546//518 123//518
f 481//518 123//518 120//518
f 120//519 123//519 125//519
f 120//520 125//520 121//520
f 230//521 232//521 233//521
f 233//522 232//522 547//522
f 233//523 547//523 482//523
f 482//524 547//524 548//524
f 482//525 548//525 483//525
f 483//526 548//526 549//526
f 483//527 549//527 484//527
f 484//528 549//528 550//528
f 484//528 550//528 485//528
f 485//529 550//529 551//529
f 485//530 551//530 486//530
f 486//531 551//531 552//531
f 486//532 552//532 487//532
f 487//533 552//533 553//533
f 487//534 553//534 488//534
f 488//535 553//535 554//535
f 488//535 554//535 489//535
f 489//536 554//536 555//536
f 489//536 555//536 490//536
f 490//537 555//537 556//537
f 490//537 556//537 491//537
f 491//538 556//538 557//538
f 491//538 557//538 492//538
f 492//539 557//539 558//539
f 492//539 558//539 493//539
f 493//540 558//540 559//540
f 493//540 559//540 494//540
f 494//541 559//541 181//541
f 494//541 181//541 178//541
f 178//542 181//542 183//542
f 178//543 183//543 179//543
f 44//544 46//544 47//544
f 47//545 46//545 560//545
f 47//545 560//545 495//545
f 495//546 560//546 561//546
f 495//546 561//546 496//546
f 496//547 561//547 562//547
f 496//548 562//548 497//548
f 497//549 562//549 563//549
f 497//550 563//550 498//550
f 498//551 563//551 564//551
f 498//551 564//551 499//551
f 499//552 564//552 565//552
f 499//552 565//552 500//552
f 500//553 565//553 566//553
f 500//553 566//553 501//553
f 501//554 566//554 567//554
f 501//554 567//554 502//554
f 502//555 567//555 568//555
f 502//555 568//555 503//555
f 503//556 568//556 569//556
f 503//556 569//556 504//556
f 504//557 569//557 570//557
f 504//557 570//557 505//557
f 505//558 570//558 571//558
f 505//559 571//559 506//559
f 506//560 571//560 572//560
f 506//560 572//560 507//560
f 507//561 572//561 205//561
f 507//562 205//562 202//562
f 202//563 205//563 207//563
f 202//564 207//564 203//564
f 84//565 86//565 87//565
f 87//566 86//566 573//566
f 87//566 573//566 508//566
f 508//567 573//567 574//567
f 508//567 574//567 509//567
f 509//568 574//568 575//568
f 509//568 575//568 510//568
f 510//569 575//569 576//569
f 510//570 576//570 511//570
f 511//571 576//571 577//571
f 511//571 577//571 512//571
f 512//572 577//572 578//572
f 512//573 578//573 513//573
f 513//574 578//574 579//574
f 513//575 579//575 514//575
f 514//576 579//576 580//576
f 514//576 580//576 515//576
f 515//577 580//577 581//577
f 515//577 581//577 516//577
f 516//578 581//578 582//578
f 516//578 582//578 517//578
f 517//579 582//579 583//579
f 517//579 583//579 518//579
f 518//580 583//580 584//580
f 518//580 584//580 519//580
f 519//581 584//581 585//581
f 519//581 585//581 520//581
f 520//582 585//582 59//582
f 520//582 59//582 56//582
f 56//583 59//583 61//583
f 56//584 61//584 57//584
f 145//585 147//585 150//585
f 150//586 147//586 586//586
f 150//586 586//586 521//586
f 521//587 586//587 587//587
f 521//587 587//587 522//587
f 522//588 587//588 588//588
f 522//588 588//588 523//588
f 523//589 588//589 589//589
f 523//589 589//589 524//589
f 524//590 589//590 590//590
f 524//591 590//591 525//591
f 525//592 590//592 591//592
f 525//593 591//593 526//593
f 526//594 591//594 592//594
f 526//594 592//594 527//594
f 527//595 592//595 593//595
f 527//595 593//595 528//595
f 528//596 593//596 594//596
f 528//597 594//597 529//597
f 529//598 594//598 595//598
f 529//598 595//598 530//598
f 530//599 595//599 596//599
f 530//600 596//600 531//600
f 531//601 596//601 597//601
f 531//602 597//602 532//602
f 532//603 597//603 598//603
f 532//604 598//604 533//604
f 533//605 598//605 599//605
f 533//605 599//605 99//605
f 99//606 599//606 600//606
f 99//607 600//607 100//607
f 163//608 165//608 168//608
f 168//609 165//609 601//609
f 168//609 601//609 534//609
f 534//610 601//610 602//610
f 534//610 602//610 535//610
f 535//611 602//611 603//611
f 535//611 603//611 536//611
f 536//612 603//612 604//612
f 536//612 604//612 537//612
f 537//613 604//613 605//613
f 537//613 605//613 538//613
f 538//614 605//614 606//614
f 538//614 606//614 539//614
f 539//615 606//615 607//615
f 539//615 607//615 540//615
f 540//616 607//616 608//616
f 540//616 608//616 541//616
f 541//617 608//617 609//617
f 541//617 609//617 542//617
f 542//618 609//618 610//618
f 542//618 610//618 543//618
f 543//619 610//619 611//619
f 543//619 611//619 544//619
f 544//620 611//620 612//620
f 544//620 612//620 545//620
f 545//621 612//621 613//621
f 545//622 613//622 546//622
f 546//623 613//623 614//623
f 546//623 614//623 123//623
f 123//624 614//624 615//624
f 123//625 615//625 124//625
f 227//626 229//626 232//626
f 232//627 229//627 616//627
f 232//628 616//628 547//628
f 547//629 616//629 617//629
f 547//630 617//630 548//630
f 548//631 617//631 618//631
f 548//632 618//632 549//632
f 549//633 618//633 619//633
f 549//633 619//633 550//633
f 550//634 619//634 620//634
f 550//635 620//635 551//635
f 551//636 620//636 621//636
f 551//637 621//637 552//637
f 552//638 621//638 622//638
f 552//639 622//639 553//639
f 553//640 622//640 623//640
f 553//640 623//640 554//640
f 554//641 623//641 624//641
f 554//641 624//641 555//641
f 555//642 624//642 625//642
f 555//642 625//642 556//642
f 556//643 625//643 626//643
f 556//643 626//643 557//643
f 557//644 626//644 627//644
f 557//644 627//644 558//644
f 558//645 627//645 628//645
f 558//645 628//645 559//645
f 559//646 628//646 629//646
f 559//646 629//646 181//646
f 181//647 629//647 630//647
f 181//648 630//648 182//648
f 41//649 43//649 46//649
f 46//650 43//650 631//650
f 46//650 631//650 560//650
f 560//651 631//651 632//651
f 560//651 632//651 561//651
f 561//652 632//652 633//652
f 561//653 633//653 562//653
f 562//654 633//654 634//654
f 562//655 634//655 563//655
f 563//656 634//656 635//656
f 563//656 635//656 564//656
f 564//657 635//657 636//657
f 564//657 636//657 565//657
f 565//658 636//658 637//658
f 565//658 637//658 566//658
f 566//659 637//659 638//659
f 566//659 638//659 567//659
f 567//660 638//660 639//660
f 567//660 639//660 568//660
f 568//661 639//661 640//661
f 568//661 640//661 569//661
f 569//662 640//662 641//662
f 569//662 641//662 570//662
f 570//663 641//663 642//663
f 570//664 642//664 571//664
f 571//665 642//665 643//665
f 571//665 643//665 572//665
f 572//666 643//666 644//666
f 572//667 644//667 205//667
f 205//668 644//668 645//668
f 205//669 645//669 206//669
f 81//670 83//670 86//670
f 86//671 83//671 646//671
f 86//671 646//671 573//671
f 573//672 646//672 647//672
f 573//672 647//672 574//672
f 574//673 647//673 648//673
f 574//673 648//673 575//673
f 575//674 648//674 649//674
f 575//675 649//675 576//675
f 576//676 649//676 650//676
f 576//676 650//676 577//676
f 577//677 650//677 651//677
f 577//678 651//678 578//678
f 578//679 651//679 652//679
f 578//680 652//680 579//680
f 579//681 652//681 653//681
f 579//681 653//681 580//681
f 580//682 653//682 654//682
f 580//682 654//682 581//682
f 581//683 654//683 655//683
f 581//683 655//683 582//683
f 582//684 655//684 656//684
f 582//684 656//684 583//684
f 583//685 656//685 657//685
f 583//685 657//685 584//685
f 584//686 657//686 658//686
f 584//686 658//686 585//686
f 585//687 658//687 659//687
f 585//687 659//687 59//687
f 59//688 659//688 660//688
f 59//689 660//689 60//689
f 144//690 143//690 147//690
f 147//691 143//691 661//691
f 147//691 661//691 586//691
f 586//692 661//692 662//692
f 586//692 662//692 587//692
f 587//693 662//693 663//693
f 587//693 663//693 588//693
f 588//694 663//694 664//694
f 588//694 664//694 589//694
f 589//695 664//695 665//695
f 589//696 665//696 590//696
f 590//697 665//697 666//697
f 590//698 666//698 591//698
f 591//699 666//699 667//699
f 591//699 667//699 592//699
f 592//700 667//700 668//700
f 592//700 668//700 593//700
f 593//701 668//701 669//701
f 593//701 669//701 594//701
f 594//702 669//702 670//702
f 594//702 670//702 595//702
f 595//703 670//703 671//703
f 595//703 671//703 596//703
f 596//704 671//704 672//704
f 596//705 672//705 597//705
f 597//706 672//706 673//706
f 597//707 673//707 598//707
f 598//708 673//708 102//708
f 598//709 102//709 599//709
f 599//710 102//710 104//710
f 599//711 104//711 600//711
f 162//712 161//712 165//712
f 165//713 161//713 674//713
f 165//713 674//713 601//713
f 601//714 674//714 675//714
f 601//715 675//715 602//715
f 602//716 675//716 676//716
f 602//716 676//716 603//716
f 603//717 676//717 677//717
f 603//718 677//718 604//718
f 604//719 677//719 678//719
f 604//719 678//719 605//719
f 605//720 678//720 679//720
f 605//721 679//721 606//721
f 606//722 679//722 680//722
f 606//723 680//723 607//723
f 607//724 680//724 681//724
f 607//724 681//724 608//724
f 608//725 681//725 682//725
f 608//725 682//725 609//725
f 609//726 682//726 683//726
f 609//726 683//726 610//726
f 610//727 683//727 684//727
f 610//728 684//728 611//728
f 611//729 684//729 685//729
f 611//729 685//729 612//729
f 612//730 685//730 686//730
f 612//731 686//731 613//731
f 613//732 686//732 126//732
f 613//733 126//733 614//733
f 614//734 126//734 128//734
f 614//735 128//735 615//735
f 226//736 225//736 229//736
f 229//737 225//737 687//737
f 229//737 687//737 616//737
f 616//738 687//738 688//738
f 616//738 688//738 617//738
f 617//739 688//739 689//739
f 617//739 689//739 618//739
f 618//740 689//740 690//740
f 618//741 690//741 619//741
f 619//742 690//742 691//742
f 619//743 691//743 620//743
f 620//744 691//744 692//744
f 620//745 692//745 621//745
f 621//746 692//746 693//746
f 621//746 693//746 622//746
f 622//747 693//747 694//747
f 622//747 694//747 623//747
f 623//748 694//748 695//748
f 623//748 695//748 624//748
f 624//749 695//749 696//749
f 624//750 696//750 625//750
f 625//751 696//751 697//751
f 625//751 697//751 626//751
f 626//752 697//752 698//752
f 626//752 698//752 627//752
f 627//753 698//753 699//753
f 627//753 699//753 628//753
f 628//754 699//754 184//754
f 628//754 184//754 629//754
f 629//755 184//755 186//755
f 629//756 186//756 630//756
f 40//757 39//757 43//757
f 43//758 39//758 700//758
f 43//759 700//759 631//759
f 631//760 700//760 701//760
f 631//761 701//761 632//761
f 632//762 701//762 702//762
f 632//762 702//762 633//762
f 633//763 702//763 703//763
f 633//763 703//763 634//763
f 634//764 703//764 704//764
f 634//764 704//764 635//764
f 635//765 704//765 705//765
f 635//766 705//766 636//766
f 636//767 705//767 706//767
f 636//767 706//767 637//767
f 637//768 706//768 707//768
f 637//769 707//769 638//769
f 638//770 707//770 708//770
f 638//770 708//770 639//770
f 639//771 708//771 709//771
f 639//771 709//771 640//771
f 640//772 709//772 710//772
f 640//772 710//772 641//772
f 641//773 710//773 711//773
f 641//773 711//773 642//773
f 642//774 711//774 712//774
f 642//775 712//775 643//775
f 643//776 712//776 208//776
f 643//776 208//776 644//776
f 644//777 208//777 210//777
f 644//778 210//778 645//778
f 80//779 79//779 83//779
f 83//780 79//780 713//780
f 83//780 713//780 646//780
f 646//781 713//781 714//781
f 646//781 714//781 647//781
f 647//782 714//782 715//782
f 647//782 715//782 648//782
f 648//783 715//783 716//783
f 648//783 716//783 649//783
f 649//784 716//784 717//784
f 649//784 717//784 650//784
f 650//785 717//785 718//785
f 650//785 718//785 651//785
f 651//786 718//786 719//786
f 651//787 719//787 652//787
f 652//788 719//788 720//788
f 652//788 720//788 653//788
f 653//789 720//789 721//789
f 653//789 721//789 654//789
f 654//790 721//790 722//790
f 654//791 722//791 655//791
f 655//792 722//792 723//792
f 655//793 723//793 656//793
f 656//794 723//794 724//794
f 656//795 724//795 657//795
f 657//796 724//796 725//796
f 657//797 725//797 658//797
f 658//798 725//798 62//798
f 658//798 62//798 659//798
f 659//799 62//799 64//799
f 659//800 64//800 660//800
f 18//801 20//801 143//801
f 143//802 20//802 726//802
f 143//802 726//802 661//802
f 661//803 726//803 727//803
f 661//803 727//803 662//803
f 662//804 727//804 728//804
f 662//804 728//804 663//804
f 663//805 728//805 729//805
f 663//805 729//805 664//805
f 664//806 729//806 730//806
f 664//806 730//806 665//806
f 665//807 730//807 731//807
f 665//807 731//807 666//807
f 666//808 731//808 732//808
f 666//808 732//808 667//808
f 667//809 732//809 733//809
f 667//809 733//809 668//809
f 668//810 733//810 734//810
f 668//810 734//810 669//810
f 669//811 734//811 735//811
f 669//811 735//811 670//811
f 670//812 735//812 736//812
f 670//812 736//812 671//812
f 671//813 736//813 737//813
f 671//814 737//814 672//814
f 672//815 737//815 738//815
f 672//815 738//815 673//815
f 673//816 738//816 105//816
f 673//817 105//817 102//817
f 102//818 105//818 107//818
f 102//819 107//819 103//819
f 12//820 14//820 161//820
f 161//821 14//821 739//821
f 161//821 739//821 674//821
f 674//822 739//822 740//822
f 674//822 740//822 675//822
f 675//823 740//823 741//823
f 675//823 741//823 676//823
f 676//824 741//824 742//824
f 676//824 742//824 677//824
f 677//825 742//825 743//825
f 677//825 743//825 678//825
f 678//826 743//826 744//826
f 678//826 744//826 679//826
f 679//827 744//827 745//827
f 679//827 745//827 680//827
f 680//828 745//828 746//828
f 680//828 746//828 681//828
f 681//829 746//829 747//829
f 681//829 747//829 682//829
f 682//830 747//830 748//830
f 682//830 748//830 683//830
f 683//831 748//831 749//831
f 683//831 749//831 684//831
f 684//832 749//832 750//832
f 684//832 750//832 685//832
f 685//833 750//833 751//833
f 685//834 751//834 686//834
f 686//835 751//835 129//835
f 686//836 129//836 126//836
f 126//837 129//837 131//837
f 126//838 131//838 127//838
f 4//839 6//839 225//839
f 225//840 6//840 752//840
f 225//841 752//841 687//841
f 687//842 752//842 753//842
f 687//842 753//842 688//842
f 688//843 753//843 754//843
f 688//844 754//844 689//844
f 689//845 754//845 755//845
f 689//845 755//845 690//845
f 690//846 755//846 756//846
f 690//847 756//847 691//847
f 691//848 756//848 757//848
f 691//848 757//848 692//848
f 692//849 757//849 758//849
f 692//849 758//849 693//849
f 693//850 758//850 759//850
f 693//851 759//851 694//851
f 694//852 759//852 760//852
f 694//853 760//853 695//853
f 695//854 760//854 761//854
f 695//854 761//854 696//854
f 696//855 761//855 762//855
f 696//855 762//855 697//855
f 697//856 762//856 763//856
f 697//856 763//856 698//856
f 698//857 763//857 764//857
f 698//857 764//857 699//857
f 699//858 764//858 187//858
f 699//858 187//858 184//858
f 184//859 187//859 189//859
f 184//860 189//860 185//860
f 34//861 36//861 39//861
f 39//862 36//862 765//862
f 39//862 765//862 700//862
f 700//863 765//863 766//863
f 700//864 766//864 701//864
f 701//865 766//865 767//865
f 701//865 767//865 702//865
f 702//866 767//866 768//866
f 702//866 768//866 703//866
f 703//867 768//867 769//867
f 703//867 769//867 704//867
f 704//868 769//868 770//868
f 704//869 770//869 705//869
f 705//870 770//870 771//870
f 705//871 771//871 706//871
f 706//872 771//872 772//872
f 706//872 772//872 707//872
f 707//873 772//873 773//873
f 707//874 773//874 708//874
f 708//875 773//875 774//875
f 708//876 774//876 709//876
f 709//877 774//877 775//877
f 709//878 775//878 710//878
f 710//879 775//879 776//879
f 710//879 776//879 711//879
f 711//880 776//880 777//880
f 711//881 777//881 712//881
f 712//882 777//882 211//882
f 712//882 211//882 208//882
f 208//883 211//883 213//883
f 208//884 213//884 209//884
f 26//885 28//885 79//885
f 79//886 28//886 778//886
f 79//886 778//886 713//886
f 713//887 778//887 779//887
f 713//887 779//887 714//887
f 714//888 779//888 780//888
f 714//888 780//888 715//888
f 715//889 780//889 781//889
f 715//890 781//890 716//890
f 716//891 781//891 782//891
f 716//892 782//892 717//892
f 717//893 782//893 783//893
f 717//893 783//893 718//893
f 718//894 783//894 784//894
f 718//894 784//894 719//894
f 719//895 784//895 785//895
f 719//895 785//895 720//895
f 720//896 785//896 786//896
f 720//897 786//897 721//897
f 721//898 786//898 787//898
f 721//898 787//898 722//898
f 722//899 787//899 788//899
f 722//899 788//899 723//899
f 723//900 788//900 789//900
f 723//900 789//900 724//900
f 724//901 789//901 790//901
f 724//901 790//901 725//901
f 725//902 790//902 65//902
f 725//903 65//903 62//903
f 62//904 65//904 67//904
f 62//905 67//905 63//905
f 19//906 142//906 20//906
f 20//907 142//907 791//907
f 20//907 791//907 726//907
f 726//908 791//908 792//908
f 726//909 792//909 727//909
f 727//910 792//910 793//910
f 727//911 793//911 728//911
f 728//912 793//912 794//912
f 728//912 794//912 729//912
f 729//913 794//913 795//913
f 729//914 795//914 730//914
f 730//915 795//915 796//915
f 730//916 796//916 731//916
f 731//917 796//917 797//917
f 731//917 797//917 732//917
f 732//918 797//918 798//918
f 732//918 798//918 733//918
f 733//919 798//919 799//919
f 733//919 799//919 734//919
f 734//920 799//920 800//920
f 734//920 800//920 735//920
f 735//921 800//921 801//921
f 735//921 801//921 736//921
f 736//922 801//922 802//922
f 736//922 802//922 737//922
f 737//923 802//923 803//923
f 737//923 803//923 738//923
f 738//924 803//924 109//924
f 738//924 109//924 105//924
f 105//925 109//925 108//925
f 105//926 108//926 106//926
f 13//927 160//927 14//927
f 14//928 160//928 804//928
f 14//928 804//928 739//928
f 739//929 804//929 805//929
f 739//929 805//929 740//929
f 740//930 805//930 806//930
f 740//930 806//930 741//930
f 741//931 806//931 807//931
f 741//931 807//931 742//931
f 742//932 807//932 808//932
f 742//932 808//932 743//932
f 743//933 808//933 809//933
f 743//934 809//934 744//934
f 744//935 809//935 810//935
f 744//935 810//935 745//935
f 745//936 810//936 811//936
f 745//937 811//937 746//937
f 746//938 811//938 812//938
f 746//938 812//938 747//938
f 747//939 812//939 813//939
f 747//940 813//940 748//940
f 748//941 813//941 814//941
f 748//941 814//941 749//941
f 749//942 814//942 815//942
f 749//943 815//943 750//943
f 750//944 815//944 816//944
f 750//944 816//944 751//944
f 751//945 816//945 133//945
f 751//945 133//945 129//945
f 129//946 133//946 132//946
f 129//947 132//947 130//947
f 5//948 224//948 6//948
f 6//949 224//949 817//949
f 6//950 817//950 752//950
f 752//951 817//951 818//951
f 752//952 818//952 753//952
f 753//953 818//953 819//953
f 753//953 819//953 754//953
f 754//954 819//954 820//954
f 754//954 820//954 755//954
f 755//955 820//955 821//955
f 755//956 821//956 756//956
f 756//957 821//957 822//957
f 756//958 822//958 757//958
f 757//959 822//959 823//959
f 757//959 823//959 758//959
f 758//960 823//960 824//960
f 758//961 824//961 759//961
f 759//962 824//962 825//962
f 759//962 825//962 760//962
f 760//963 825//963 826//963
f 760//964 826//964 761//964
f 761//965 826//965 827//965
f 761//966 827//966 762//966
f 762//967 827//967 828//967
f 762//968 828//968 763//968
f 763//969 828//969 829//969
f 763//969 829//969 764//969
f 764//970 829//970 191//970
f 764//970 191//970 187//970
f 187//971 191//971 190//971
f 187//972 190//972 188//972
f 35//973 38//973 36//973
f 36//974 38//974 830//974
f 36//974 830//974 765//974
f 765//975 830//975 831//975
f 765//975 831//975 766//975
f 766//976 831//976 832//976
f 766//976 832//976 767//976
f 767//977 832//977 833//977
f 767//978 833//978 768//978
f 768//979 833//979 834//979
f 768//979 834//979 769//979
f 769//980 834//980 835//980
f 769//981 835//981 770//981
f 770//982 835//982 836//982
f 770//983 836//983 771//983
f 771//984 836//984 837//984
f 771//985 837//985 772//985
f 772//986 837//986 838//986
f 772//986 838//986 773//986
f 773//987 838//987 839//987
f 773//988 839//988 774//988
f 774//989 839//989 840//989
f 774//989 840//989 775//989
f 775//990 840//990 841//990
f 775//990 841//990 776//990
f 776//991 841//991 842//991
f 776//992 842//992 777//992
f 777//993 842//993 215//993
f 777//994 215//994 211//994
f 211//995 215//995 214//995
f 211//996 214//996 212//996
f 27//997 78//997 28//997
f 28//998 78//998 843//998
f 28//999 843//999 778//999
f 778//1000 843//1000 844//1000
f 778//1001 844//1001 779//1001
f 779//1002 844//1002 845//1002
f 779//1002 845//1002 780//1002
f 780//1003 845//1003 846//1003
f 780//1003 846//1003 781//1003
f 781//1004 846//1004 847//1004
f 781//1004 847//1004 782//1004
f 782//1005 847//1005 848//1005
f 782//1006 848//1006 783//1006
f 783//1007 848//1007 849//1007
f 783//1007 849//1007 784//1007
f 784//1008 849//1008 850//1008
f 784//1008 850//1008 785//1008
f 785//1009 850//1009 851//1009
f 785//1009 851//1009 786//1009
f 786//1010 851//1010 852//1010
f 786//1010 852//1010 787//1010
f 787//1011 852//1011 853//1011
f 787//1011 853//1011 788//1011
f 788//1012 853//1012 854//1012
f 788//1012 854//1012 789//1012
f 789//1013 854//1013 855//1013
f 789//1013 855//1013 790//1013
f 790//1014 855//1014 69//1014
f 790//1014 69//1014 65//1014
f 65//1015 69//1015 68//1015
f 65//1016 68//1016 66//1016
f 856//1017 274//1017 857//1017
f 857//1017 274//1017 276//1017
f 857//1017 276//1017 858//1017
f 858//1017 276//1017 278//1017
f 858//1017 278//1017 859//1017
f 860//1017 242//1017 861//1017
f 861//1017 242//1017 244//1017
f 861//1017 244//1017 862//1017
f 863//1017 372//1017 864//1017
f 864//1017 372//1017 374//1017
f 864//1017 374//1017 865//1017
f 278//1017 280//1017 859//1017
f 859//1017 280//1017 282//1017
f 859//1017 282//1017 866//1017
f 866//1017 282//1017 284//1017
f 866//1017 284//1017 867//1017
f 868//1017 118//1017 869//1017
f 869//1017 118//1017 117//1017
f 869//1017 117//1017 870//1017
f 870//1017 117//1017 157//1017
f 870//1017 157//1017 860//1017
f 860//1017 157//1017 158//1017
f 860//1017 158//1017 242//1017
f 244//1017 246//1017 862//1017
f 862//1017 246//1017 248//1017
f 862//1017 248//1017 871//1017
f 871//1017 248//1017 250//1017
f 871//1017 250//1017 872//1017
f 872//1017 250//1017 252//1017
f 872//1017 252//1017 873//1017
f 874//1017 52//1017 875//1017
f 875//1017 52//1017 326//1017
f 875//1017 326//1017 876//1017
f 876//1017 326//1017 328//1017
f 876//1017 328//1017 877//1017
f 878//1017 199//1017 879//1017
f 879//1017 199//1017 239//1017
f 879//1017 239//1017 880//1017
f 880//1017 239//1017 240//1017
f 880//1017 240//1017 881//1017
f 240//1017 298//1017 881//1017
f 881//1017 298//1017 300//1017
f 881//1017 300//1017 882//1017
f 882//1017 300//1017 302//1017
f 882//1017 302//1017 883//1017
f 284//1017 286//1017 867//1017
f 867//1017 286//1017 288//1017
f 867//1017 288//1017 884//1017
f 884//1017 288//1017 290//1017
f 884//1017 290//1017 885//1017
f 885//1017 290//1017 292//1017
f 885//1017 292//1017 868//1017
f 868//1017 292//1017 294//1017
f 868//1017 294//1017 118//1017
f 886//1017 22//1017 887//1017
f 887//1017 22//1017 92//1017
f 887//1017 92//1017 888//1017
f 374//1017 376//1017 865//1017
f 865//1017 376//1017 378//1017
f 865//1017 378//1017 889//1017
f 889//1017 378//1017 53//1017
f 889//1017 53//1017 890//1017
f 890//1017 53//1017 31//1017
f 890//1017 31//1017 874//1017
f 874//1017 31//1017 30//1017
f 874//1017 30//1017 52//1017
f 328//1017 330//1017 877//1017
f 877//1017 330//1017 332//1017
f 877//1017 332//1017 891//1017
f 891//1017 332//1017 334//1017
f 891//1017 334//1017 892//1017
f 893//1017 314//1017 894//1017
f 894//1017 314//1017 316//1017
f 894//1017 316//1017 895//1017
f 895//1017 316//1017 318//1017
f 895//1017 318//1017 896//1017
f 897//1017 8//1017 898//1017
f 898//1017 8//1017 174//1017
f 898//1017 174//1017 899//1017
f 899//1017 174//1017 270//1017
f 899//1017 270//1017 856//1017
f 856//1017 270//1017 272//1017
f 856//1017 272//1017 274//1017
f 900//1017 364//1017 901//1017
f 901//1017 364//1017 366//1017
f 901//1017 366//1017 902//1017
f 902//1017 366//1017 368//1017
f 902//1017 368//1017 863//1017
f 863//1017 368//1017 370//1017
f 863//1017 370//1017 372//1017
f 318//1017 320//1017 896//1017
f 896//1017 320//1017 322//1017
f 896//1017 322//1017 903//1017
f 903//1017 322//1017 175//1017
f 903//1017 175//1017 897//1017
f 897//1017 175//1017 9//1017
f 897//1017 9//1017 8//1017
f 252//1017 254//1017 873//1017
f 873//1017 254//1017 256//1017
f 873//1017 256//1017 904//1017
f 904//1017 256//1017 258//1017
f 904//1017 258//1017 905//1017
f 905//1017 258//1017 260//1017
f 905//1017 260//1017 906//1017
f 92//1017 354//1017 888//1017
f 888//1017 354//1017 356//1017
f 888//1017 356//1017 907//1017
f 907//1017 356//1017 358//1017
f 907//1017 358//1017 908//1017
f 908//1017 358//1017 360//1017
f 908//1017 360//1017 900//1017
f 900//1017 360//1017 362//1017
f 900//1017 362//1017 364//1017
f 909//1017 346//1017 910//1017
f 910//1017 346//1017 348//1017
f 910//1017 348//1017 911//1017
f 911//1017 348//1017 350//1017
f 911//1017 350//1017 878//1017
f 878//1017 350//1017 200//1017
f 878//1017 200//1017 199//1017
f 302//1017 304//1017 883//1017
f 883//1017 304//1017 306//1017
f 883//1017 306//1017 912//1017
f 912//1017 306//1017 308//1017
f 912//1017 308//1017 913//1017
f 913//1017 308//1017 310//1017
f 913//1017 310//1017 893//1017
f 893//1017 310//1017 312//1017
f 893//1017 312//1017 314//1017
f 260//1017 262//1017 906//1017
f 906//1017 262//1017 264//1017
f 906//1017 264//1017 914//1017
f 914//1017 264//1017 266//1017
f 914//1017 266//1017 915//1017
f 915//1017 266//1017 93//1017
f 915//1017 93//1017 886//1017
f 886//1017 93//1017 23//1017
f 886//1017 23//1017 22//1017
f 334//1017 336//1017 892//1017
f 892//1017 336//1017 338//1017
f 892//1017 338//1017 916//1017
f 916//1017 338//1017 340//1017
f 916//1017 340//1017 917//1017
f 917//1017 340//1017 342//1017
f 917//1017 342//1017 909//1017
f 909//1017 342//1017 344//1017
f 909//1017 344//1017 346//1017
f 918//1018 865//1018 919//1018
f 919//1019 865//1019 889//1019
f 919//1019 889//1019 920//1019
f 920//1020 889//1020 890//1020
f 920//1020 890//1020 921//1020
f 921//1021 890//1021 874//1021
f 921//1021 874//1021 922//1021
f 922//1022 874//1022 875//1022
f 922//1022 875//1022 923//1022
f 923//1023 875//1023 876//1023
f 923//1023 876//1023 924//1023
f 924//1024 876//1024 877//1024
f 924//1024 877//1024 925//1024
f 925//1025 877//1025 891//1025
f 925//1025 891//1025 926//1025
f 926//1026 891//1026 892//1026
f 926//1026 892//1026 927//1026
f 927//1027 892//1027 916//1027
f 927//1027 916//1027 928//1027
f 928//1028 916//1028 917//1028
f 928//1028 917//1028 929//1028
f 929//1029 917//1029 909//1029
f 929//1029 909//1029 930//1029
f 930//1030 909//1030 910//1030
f 930//1030 910//1030 931//1030
f 931//1031 910//1031 911//1031
f 931//1031 911//1031 932//1031
f 932//1032 911//1032 878//1032
f 932//1032 878//1032 933//1032
f 933//1033 878//1033 879//1033
f 933//1033 879//1033 934//1033
f 934//1034 879//1034 880//1034
f 934//1034 880//1034 935//1034
f 935//1035 880//1035 881//1035
f 935//1035 881//1035 936//1035
f 936//1036 881//1036 882//1036
f 936//1036 882//1036 937//1036
f 937//1037 882//1037 883//1037
f 937//1037 883//1037 938//1037
f 938//1038 883//1038 912//1038
f 938//1038 912//1038 939//1038
f 939//1039 912//1039 913//1039
f 939//1039 913//1039 940//1039
f 940//1040 913//1040 893//1040
f 940//1040 893//1040 941//1040
f 941//1041 893//1041 894//1041
f 941//1041 894//1041 942//1041
f 942//1042 894//1042 895//1042
f 942//1042 895//1042 943//1042
f 943//1043 895//1043 896//1043
f 943//1043 896//1043 944//1043
f 944//1044 896//1044 903//1044
f 944//1044 903//1044 945//1044
f 945//1045 903//1045 897//1045
f 945//1045 897//1045 946//1045
f 946//1046 897//1046 898//1046
f 946//1046 898//1046 947//1046
f 947//1047 898//1047 899//1047
f 947//1047 899//1047 948//1047
f 948//1048 899//1048 856//1048
f 948//1048 856//1048 949//1048
f 949//1049 856//1049 857//1049
f 949//1049 857//1049 950//1049
f 950//1050 857//1050 858//1050
f 950//1050 858//1050 951//1050
f 951//1051 858//1051 859//1051
f 951//1051 859//1051 952//1051
f 952//1052 859//1052 866//1052
f 952//1052 866//1052 953//1052
f 953//1053 866//1053 867//1053
f 953//1054 867//1054 954//1054
f 954//1055 867//1055 884//1055
f 954//1055 884//1055 955//1055
f 955//1056 884//1056 885//1056
f 955//1056 885//1056 956//1056
f 956//1057 885//1057 868//1057
f 956//1057 868//1057 957//1057
f 957//1058 868//1058 869//1058
f 957//1058 869//1058 958//1058
f 958//1059 869//1059 870//1059
f 958//1059 870//1059 959//1059
f 959//1060 870//1060 860//1060
f 959//1060 860//1060 960//1060
f 960//1061 860//1061 861//1061
f 960//1061 861//1061 961//1061
f 961//1062 861//1062 862//1062
f 961//1062 862//1062 962//1062
f 962//1063 862//1063 871//1063
f 962//1063 871//1063 963//1063
f 963//1064 871//1064 872//1064
f 963//1064 872//1064 964//1064
f 964//1065 872//1065 873//1065
f 964//1065 873//1065 965//1065
f 965//1066 873//1066 904//1066
f 965//1066 904//1066 966//1066
f 966//1067 904//1067 905//1067
f 966//1067 905//1067 967//1067
f 967//1068 905//1068 906//1068
f 967//1068 906//1068 968//1068
f 968//1069 906//1069 914//1069
f 968//1069 914//1069 969//1069
f 969//1070 914//1070 915//1070
f 969//1070 915//1070 970//1070
f 970//1071 915//1071 886//1071
f 970//1071 886//1071 971//1071
f 971//1072 886//1072 887//1072
f 971//1072 887//1072 972//1072
f 972//1073 887//1073 888//1073
f 972//1073 888//1073 973//1073
f 973//1074 888//1074 907//1074
f 973//1074 907//1074 974//1074
f 974//1075 907//1075 908//1075
f 974//1075 908//1075 975//1075
f 975//1076 908//1076 900//1076
f 975//1077 900//1077 976//1077
f 976//1078 900//1078 901//1078
f 976//1078 901//1078 977//1078
f 977//1079 901//1079 902//1079
f 977//1079 902//1079 978//1079
f 978//1080 902//1080 863//1080
f 978//1080 863//1080 979//1080
f 979//1081 863//1081 864//1081
f 979//1081 864//1081 918//1081
f 918//1018 864//1018 865//1018
f 980//1082 921//1082 981//1082
f 981//1082 921//1082 922//1082
f 981//1082 922//1082 982//1082
f 982//1082 922//1082 923//1082
f 982//1082 923//1082 983//1082
f 983//1082 923//1082 924//1082
f 983//1082 924//1082 984//1082
f 984//1082 924//1082 925//1082
f 984//1082 925//1082 985//1082
f 985//1082 925//1082 926//1082
f 985//1082 926//1082 986//1082
f 986//1082 926//1082 927//1082
f 986//1082 927//1082 987//1082
f 987//1082 927//1082 928//1082
f 987//1082 928//1082 988//1082
f 988//1082 928//1082 929//1082
f 988//1082 929//1082 989//1082
f 989//1082 929//1082 930//1082
f 989//1082 930//1082 990//1082
f 990//1082 930//1082 931//1082
f 990//1082 931//1082 991//1082
f 991//1082 931//1082 932//1082
f 991//1082 932//1082 992//1082
f 992//1082 932//1082 933//1082
f 992//1082 933//1082 993//1082
f 993//1082 933//1082 934//1082
f 993//1082 934//1082 994//1082
f 994//1082 934//1082 935//1082
f 994//1082 935//1082 995//1082
f 995//1082 935//1082 936//1082
f 995//1082 936//1082 996//1082
f 996//1082 936//1082 937//1082
f 996//1082 937//1082 997//1082
f 997//1082 937//1082 938//1082
f 997//1082 938//1082 998//1082
f 998//1082 938//1082 939//1082
f 998//1082 939//1082 999//1082
f 999//1082 939//1082 940//1082
f 999//1082 940//1082 1000//1082
f 1000//1082 940//1082 941//1082
f 1000//1082 941//1082 1001//1082
f 1001//1082 941//1082 942//1082
f 1001//1082 942//1082 1002//1082
f 1002//1082 942//1082 943//1082
f 1002//1082 943//1082 1003//1082
f 1003//1082 943//1082 944//1082
f 1003//1082 944//1082 1004//1082
f 1004//1082 944//1082 945//1082
f 1004//1082 945//1082 1005//1082
f 1005//1082 945//1082 946//1082
f 1005//1082 946//1082 1006//1082
f 1006//1082 946//1082 947//1082
f 1006//1082 947//1082 1007//1082
f 1007//1082 947//1082 948//1082
f 1007//1082 948//1082 1008//1082
f 1008//1082 948//1082 949//1082
f 1008//1082 949//1082 1009//1082
f 1009//1082 949//1082 950//1082
f 1009//1082 950//1082 1010//1082
f 1010//1082 950//1082 951//1082
f 1010//1082 951//1082 1011//1082
f 1011//1082 951//1082 952//1082
f 1011//1082 952//1082 1012//1082
f 1012//1082 952//1082 953//1082
f 1012//1082 953//1082 1013//1082
f 1013//1082 953//1082 954//1082
f 1013//1082 954//1082 1014//1082
f 1014//1082 954//1082 955//1082
f 1014//1082 955//1082 1015//1082
f 1015//1082 955//1082 956//1082
f 1015//1082 956//1082 1016//1082
f 1016//1082 956//1082 957//1082
f 1016//1082 957//1082 1017//1082
f 1017//1082 957//1082 958//1082
f 1017//1082 958//1082 1018//1082
f 1018//1082 958//1082 959//1082
f 1018//1082 959//1082 1019//1082
f 1019//1082 959//1082 960//1082
f 1019//1082 960//1082 1020//1082
f 1020//1082 960//1082 961//1082
f 1020//1082 961//1082 1021//1082
f 1021//1082 961//1082 962//1082
f 1021//1082 962//1082 1022//1082
f 1022//1082 962//1082 963//1082
f 1022//1082 963//1082 1023//1082
f 1023//1082 963//1082 964//1082
f 1023//1082 964//1082 1024//1082
f 1024//1082 964//1082 965//1082
f 1024//1082 965//1082 1025//1082
f 1025//1082 965//1082 966//1082
f 1025//1082 966//1082 1026//1082
f 1026//1082 966//1082 967//1082
f 1026//1082 967//1082 1027//1082
f 1027//1082 967//1082 968//1082
f 1027//1082 968//1082 1028//1082
f 1028//1082 968//1082 969//1082
f 1028//1082 969//1082 1029//1082
f 1029//1082 969//1082 970//1082
f 1029//1082 970//1082 1030//1082
f 1030//1082 970//1082 971//1082
f 1030//1082 971//1082 1031//1082
f 1031//1082 971//1082 972//1082
f 1031//1082 972//1082 1032//1082
f 1032//1082 972//1082 973//1082
f 1032//1082 973//1082 1033//1082
f 1033//1082 973//1082 974//1082
f 1033//1082 974//1082 1034//1082
f 1034//1082 974//1082 975//1082
f 1034//1082 975//1082 1035//1082
f 1035//1082 975//1082 976//1082
f 1035//1082 976//1082 1036//1082
f 1036//1082 976//1082 977//1082
f 1036//1082 977//1082 1037//1082
f 1037//1082 977//1082 978//1082
f 1037//1082 978//1082 1038//1082
f 1038//1082 978//1082 979//1082
f 1038//1082 979//1082 1039//1082
f 1039//1082 979//1082 918//1082
f 1039//1082 918//1082 1040//1082
f 1040//1082 918//1082 919//1082
f 1040//1082 919//1082 1041//1082
f 1041//1082 919//1082 920//1082
f 1041//1082 920//1082 980//1082
f 980//1082 920//1082 921//1082
f 1042//1018 1040//1018 1043//1018
f 1046//1083 981//1083 982//1083
f 1048//1056 984//1056 983//1056
f 1049//1025 985//1025 1050//1025
f 1052//1028 988//1028 1053//1028
f 1053//1061 1054//1061 989//1061
f 1054//1062 990//1062 989//1062
f 1054//1030 990//1030 1055//1030
f 1055//1084 991//1084 990//1084
f 1055//1084 1056//1084 991//1084
f 1056//1032 991//1032 992//1032
f 1056//1032 992//1032 1057//1032
f 1057//1033 992//1033 993//1033
f 1057//1065 1058//1065 993//1065
f 1058//1034 993//1034 994//1034
f 1059//1085 994//1085 995//1085
f 1060//1068 1061//1068 996//1068
f 1064//1086 1000//1086 1065//1086
f 1065//1041 1000//1041 1001//1041
f 1065//1073 1066//1073 1001//1073
f 1066//1087 1001//1087 1002//1087
f 1068//1088 1004//1088 1069//1088
f 1069//1045 1004//1045 1005//1045
f 1069//1078 1070//1078 1005//1078
f 1070//1089 1006//1089 1005//1089
f 1072//1081 1073//1081 1008//1081
f 1073//1018 1074//1018 1009//1018
f 1074//1090 1009//1090 1010//1090
f 1076//1052 1012//1052 1077//1052
f 1077//1083 1078//1083 1013//1083
f 1078//1091 1014//1091 1013//1091
f 1078//1092 1014//1092 1079//1092
f 1079//1093 1015//1093 1014//1093
f 1081//1094 1082//1094 1017//1094
f 1083//1060 1018//1060 1019//1060
f 1083//1028 1084//1028 1019//1028
f 1085//1062 1021//1062 1086//1062
f 1086//1084 1022//1084 1087//1084
f 1089//1066 1024//1066 1025//1066
f 1089//1066 1025//1066 1090//1066
f 1090//1095 1025//1095 1026//1095
f 1092//1037 1093//1037 1028//1037
f 1093//1070 1028//1070 1029//1070
f 1094//1096 1030//1096 1029//1096
f 1096//1097 1031//1097 1032//1097
f 1096//1097 1032//1097 1097//1097
f 1097//1087 1033//1087 1032//1087
f 1098//1098 1033//1098 1034//1098
f 1098//1098 1034//1098 1099//1098
f 1099//1088 1035//1088 1034//1088
f 1099//1088 1100//1088 1035//1088
f 1100//1078 1035//1078 1036//1078
f 1101//1089 1036//1089 1037//1089
f 1101//1099 1102//1099 1037//1099
f 1103//1081 1039//1081 1042//1081
f 1042//1018 1039//1018 1040//1018
f 1063//1017 1104//1017 1062//1017
f 1062//1017 1104//1017 1105//1017
f 1062//1017 1105//1017 1061//1017
f 1061//1017 1105//1017 1106//1017
f 1061//1017 1106//1017 1060//1017
f 1060//1017 1106//1017 1107//1017
f 1060//1017 1107//1017 1059//1017
f 1059//1017 1107//1017 1108//1017
f 1059//1017 1108//1017 1058//1017
f 1058//1017 1108//1017 1109//1017
f 1058//1017 1109//1017 1057//1017
f 1057//1017 1109//1017 1110//1017
f 1057//1017 1110//1017 1056//1017
f 1056//1017 1110//1017 1111//1017
f 1056//1017 1111//1017 1055//1017
f 1055//1017 1111//1017 1112//1017
f 1055//1017 1112//1017 1054//1017
f 1054//1017 1112//1017 1113//1017
f 1054//1017 1113//1017 1053//1017
f 1053//1017 1113//1017 1114//1017
f 1053//1017 1114//1017 1052//1017
f 1052//1017 1114//1017 1115//1017
f 1052//1017 1115//1017 1051//1017
f 1051//1017 1115//1017 1116//1017
f 1051//1017 1116//1017 1050//1017
f 1050//1017 1116//1017 1117//1017
f 1050//1017 1117//1017 1049//1017
f 1049//1017 1117//1017 1118//1017
f 1049//1017 1118//1017 1048//1017
f 1048//1017 1118//1017 1119//1017
f 1048//1017 1119//1017 1047//1017
f 1047//1017 1119//1017 1120//1017
f 1047//1017 1120//1017 1046//1017
f 1046//1017 1120//1017 1121//1017
f 1046//1017 1121//1017 1045//1017
f 1045//1017 1121//1017 1122//1017
f 1045//1017 1122//1017 1044//1017
f 1044//1017 1122//1017 1123//1017
f 1044//1017 1123//1017 1043//1017
f 1043//1017 1123//1017 1124//1017
f 1043//1017 1124//1017 1042//1017
f 1042//1017 1124//1017 1125//1017
f 1042//1017 1125//1017 1103//1017
f 1103//1017 1125//1017 1126//1017
f 1103//1017 1126//1017 1102//1017
f 1102//1017 1126//1017 1127//1017
f 1102//1017 1127//1017 1101//1017
f 1101//1017 1127//1017 1128//1017
f 1101//1017 1128//1017 1100//1017
f 1100//1017 1128//1017 1129//1017
f 1100//1017 1129//1017 1099//1017
f 1099//1017 1129//1017 1130//1017
f 1099//1017 1130//1017 1098//1017
f 1098//1017 1130//1017 1131//1017
f 1098//1017 1131//1017 1097//1017
f 1097//1017 1131//1017 1132//1017
f 1097//1017 1132//1017 1096//1017
f 1096//1017 1132//1017 1133//1017
f 1096//1017 1133//1017 1095//1017
f 1095//1017 1133//1017 1134//1017
f 1095//1017 1134//1017 1094//1017
f 1094//1017 1134//1017 1135//1017
f 1094//1017 1135//1017 1093//1017
f 1093//1017 1135//1017 1136//1017
f 1093//1017 1136//1017 1092//1017
f 1092//1017 1136//1017 1137//1017
f 1092//1017 1137//1017 1091//1017
f 1091//1017 1137//1017 1138//1017
f 1091//1017 1138//1017 1090//1017
f 1090//1017 1138//1017 1139//1017
f 1090//1017 1139//1017 1089//1017
f 1089//1017 1139//1017 1140//1017
f 1089//1017 1140//1017 1088//1017
f 1088//1017 1140//1017 1141//1017
f 1088//1017 1141//1017 1087//1017
f 1087//1017 1141//1017 1142//1017
f 1087//1017 1142//1017 1086//1017
f 1086//1017 1142//1017 1143//1017
f 1086//1017 1143//1017 1085//1017
f 1085//1017 1143//1017 1144//1017
f 1085//1017 1144//1017 1084//1017
f 1084//1017 1144//1017 1145//1017
f 1084//1017 1145//1017 1083//1017
f 1083//1017 1145//1017 1146//1017
f 1083//1017 1146//1017 1082//1017
f 1082//1017 1146//1017 1147//1017
f 1082//1017 1147//1017 1081//1017
f 1081//1017 1147//1017 1148//1017
f 1081//1017 1148//1017 1080//1017
f 1080//1017 1148//1017 1149//1017
f 1080//1017 1149//1017 1079//1017
f 1079//1017 1149//1017 1150//1017
f 1079//1017 1150//1017 1078//1017
f 1078//1017 1150//1017 1151//1017
f 1078//1017 1151//1017 1077//1017
f 1077//1017 1151//1017 1152//1017
f 1077//1017 1152//1017 1076//1017
f 1076//1017 1152//1017 1153//1017
f 1076//1017 1153//1017 1075//1017
f 1075//1017 1153//1017 1154//1017
f 1075//1017 1154//1017 1074//1017
f 1074//1017 1154//1017 1155//1017
f 1074//1017 1155//1017 1073//1017
f 1073//1017 1155//1017 1156//1017
f 1073//1017 1156//1017 1072//1017
f 1072//1017 1156//1017 1157//1017
f 1072//1017 1157//1017 1071//1017
f 1071//1017 1157//1017 1158//1017
f 1071//1017 1158//1017 1070//1017
f 1070//1017 1158//1017 1159//1017
f 1070//1017 1159//1017 1069//1017
f 1069//1017 1159//1017 1160//1017
f 1069//1017 1160//1017 1068//1017
f 1068//1017 1160//1017 1161//1017
f 1068//1017 1161//1017 1067//1017
f 1067//1017 1161//1017 1162//1017
f 1067//1017 1162//1017 1066//1017
f 1066//1017 1162//1017 1163//1017
f 1066//1017 1163//1017 1065//1017
f 1065//1017 1163//1017 1164//1017
f 1065//1017 1164//1017 1064//1017
f 1064//1017 1164//1017 1165//1017
f 1064//1017 1165//1017 1063//1017
f 1063//1017 1165//1017 1104//1017
f 1166//1018 1124//1018 1167//1018
f 1167//1019 1124//1019 1123//1019
f 1167//1019 1123//1019 1168//1019
f 1168//1020 1123//1020 1122//1020
f 1168//1020 1122//1020 1169//1020
f 1169//1021 1122//1021 1121//1021
f 1169//1021 1121//1021 1170//1021
f 1170//1022 1121//1022 1120//1022
f 1170//1022 1120//1022 1171//1022
f 1171//1023 1120//1023 1119//1023
f 1171//1023 1119//1023 1172//1023
f 1172//1024 1119//1024 1118//1024
f 1172//1024 1118//1024 1173//1024
f 1173//1025 1118//1025 1117//1025
f 1173//1025 1117//1025 1174//1025
f 1174//1026 1117//1026 1116//1026
f 1174//1026 1116//1026 1175//1026
f 1175//1027 1116//1027 1115//1027
f 1175//1027 1115//1027 1176//1027
f 1176//1028 1115//1028 1114//1028
f 1176//1028 1114//1028 1177//1028
f 1177//1029 1114//1029 1113//1029
f 1177//1029 1113//1029 1178//1029
f 1178//1030 1113//1030 1112//1030
f 1178//1030 1112//1030 1179//1030
f 1179//1031 1112//1031 1111//1031
f 1179//1031 1111//1031 1180//1031
f 1180//1032 1111//1032 1110//1032
f 1180//1032 1110//1032 1181//1032
f 1181//1033 1110//1033 1109//1033
f 1181//1033 1109//1033 1182//1033
f 1182//1034 1109//1034 1108//1034
f 1182//1034 1108//1034 1183//1034
f 1183//1035 1108//1035 1107//1035
f 1183//1035 1107//1035 1184//1035
f 1184//1036 1107//1036 1106//1036
f 1184//1036 1106//1036 1185//1036
f 1185//1037 1106//1037 1105//1037
f 1185//1037 1105//1037 1186//1037
f 1186//1038 1105//1038 1104//1038
f 1186//1038 1104//1038 1187//1038
f 1187//1039 1104//1039 1165//1039
f 1187//1039 1165//1039 1188//1039
f 1188//1040 1165//1040 1164//1040
f 1188//1040 1164//1040 1189//1040
f 1189//1041 1164//1041 1163//1041
f 1189//1041 1163//1041 1190//1041
f 1190//1042 1163//1042 1162//1042
f 1190//1042 1162//1042 1191//1042
f 1191//1043 1162//1043 1161//1043
f 1191//1043 1161//1043 1192//1043
f 1192//1044 1161//1044 1160//1044
f 1192//1044 1160//1044 1193//1044
f 1193//1045 1160//1045 1159//1045
f 1193//1045 1159//1045 1194//1045
f 1194//1046 1159//1046 1158//1046
f 1194//1046 1158//1046 1195//1046
f 1195//1047 1158//1047 1157//1047
f 1195//1047 1157//1047 1196//1047
f 1196//1048 1157//1048 1156//1048
f 1196//1048 1156//1048 1197//1048
f 1197//1049 1156//1049 1155//1049
f 1197//1049 1155//1049 1198//1049
f 1198//1050 1155//1050 1154//1050
f 1198//1050 1154//1050 1199//1050
f 1199//1051 1154//1051 1153//1051
f 1199//1051 1153//1051 1200//1051
f 1200//1052 1153//1052 1152//1052
f 1200//1052 1152//1052 1201//1052
f 1201//1053 1152//1053 1151//1053
f 1201//1053 1151//1053 1202//1053
f 1202//1055 1151//1055 1150//1055
f 1202//1055 1150//1055 1203//1055
f 1203//1056 1150//1056 1149//1056
f 1203//1056 1149//1056 1204//1056
f 1204//1057 1149//1057 1148//1057
f 1204//1057 1148//1057 1205//1057
f 1205//1058 1148//1058 1147//1058
f 1205//1058 1147//1058 1206//1058
f 1206//1059 1147//1059 1146//1059
f 1206//1059 1146//1059 1207//1059
f 1207//1060 1146//1060 1145//1060
f 1207//1060 1145//1060 1208//1060
f 1208//1061 1145//1061 1144//1061
f 1208//1061 1144//1061 1209//1061
f 1209//1062 1144//1062 1143//1062
f 1209//1062 1143//1062 1210//1062
f 1210//1063 1143//1063 1142//1063
f 1210//1063 1142//1063 1211//1063
f 1211//1064 1142//1064 1141//1064
f 1211//1064 1141//1064 1212//1064
f 1212//1065 1141//1065 1140//1065
f 1212//1065 1140//1065 1213//1065
f 1213//1066 1140//1066 1139//1066
f 1213//1066 1139//1066 1214//1066
f 1214//1067 1139//1067 1138//1067
f 1214//1067 1138//1067 1215//1067
f 1215//1068 1138//1068 1137//1068
f 1215//1068 1137//1068 1216//1068
f 1216//1069 1137//1069 1136//1069
f 1216//1069 1136//1069 1217//1069
f 1217//1070 1136//1070 1135//1070
f 1217//1070 1135//1070 1218//1070
f 1218//1071 1135//1071 1134//1071
f 1218//1071 1134//1071 1219//1071
f 1219//1072 1134//1072 1133//1072
f 1219//1072 1133//1072 1220//1072
f 1220//1073 1133//1073 1132//1073
f 1220//1073 1132//1073 1221//1073
f 1221//1074 1132//1074 1131//1074
f 1221//1074 1131//1074 1222//1074
f 1222//1075 1131//1075 1130//1075
f 1222//1075 1130//1075 1223//1075
f 1223//1077 1130//1077 1129//1077
f 1223//1077 1129//1077 1224//1077
f 1224//1078 1129//1078 1128//1078
f 1224//1078 1128//1078 1225//1078
f 1225//1079 1128//1079 1127//1079
f 1225//1079 1127//1079 1226//1079
f 1226//1080 1127//1080 1126//1080
f 1226//1080 1126//1080 1227//1080
f 1227//1081 1126//1081 1125//1081
f 1227//1081 1125//1081 1166//1081
f 1166//1018 1125//1018 1124//1018
f 1228//1082 1169//1082 1229//1082
f 1229//1082 1169//1082 1170//1082
f 1229//1082 1170//1082 1230//1082
f 1230//1082 1170//1082 1171//1082
f 1230//1082 1171//1082 1231//1082
f 1231//1082 1171//1082 1172//1082
f 1231//1082 1172//1082 1232//1082
f 1232//1082 1172//1082 1173//1082
f 1232//1082 1173//1082 1233//1082
f 1233//1082 1173//1082 1174//1082
f 1233//1082 1174//1082 1234//1082
f 1234//1082 1174//1082 1175//1082
f 1234//1082 1175//1082 1235//1082
f 1235//1082 1175//1082 1176//1082
f 1235//1082 1176//1082 1236//1082
f 1236//1082 1176//1082 1177//1082
f 1236//1082 1177//1082 1237//1082
f 1237//1082 1177//1082 1178//1082
f 1237//1082 1178//1082 1238//1082
f 1238//1082 1178//1082 1179//1082
f 1238//1082 1179//1082 1239//1082
f 1239//1082 1179//1082 1180//1082
f 1239//1082 1180//1082 1240//1082
f 1240//1082 1180//1082 1181//1082
f 1240//1082 1181//1082 1241//1082
f 1241//1082 1181//1082 1182//1082
f 1241//1082 1182//1082 1242//1082
f 1242//1082 1182//1082 1183//1082
f 1242//1082 1183//1082 1243//1082
f 1243//1082 1183//1082 1184//1082
f 1243//1082 1184//1082 1244//1082
f 1244//1082 1184//1082 1185//1082
f 1244//1082 1185//1082 1245//1082
f 1245//1082 1185//1082 1186//1082
f 1245//1082 1186//1082 1246//1082
f 1246//1082 1186//1082 1187//1082
f 1246//1082 1187//1082 1247//1082
f 1247//1082 1187//1082 1188//1082
f 1247//1082 1188//1082 1248//1082
f 1248//1082 1188//1082 1189//1082
f 1248//1082 1189//1082 1249//1082
f 1249//1082 1189//1082 1190//1082
f 1249//1082 1190//1082 1250//1082
f 1250//1082 1190//1082 1191//1082
f 1250//1082 1191//1082 1251//1082
f 1251//1082 1191//1082 1192//1082
f 1251//1082 1192//1082 1252//1082
f 1252//1082 1192//1082 1193//1082
f 1252//1082 1193//1082 1253//1082
f 1253//1082 1193//1082 1194//1082
f 1253//1082 1194//1082 1254//1082
f 1254//1082 1194//1082 1195//1082
f 1254//1082 1195//1082 1255//1082
f 1255//1082 1195//1082 1196//1082
f 1255//1082 1196//1082 1256//1082
f 1256//1082 1196//1082 1197//1082
f 1256//1082 1197//1082 1257//1082
f 1257//1082 1197//1082 1198//1082
f 1257//1082 1198//1082 1258//1082
f 1258//1082 1198//1082 1199//1082
f 1258//1082 1199//1082 1259//1082
f 1259//1082 1199//1082 1200//1082
f 1259//1082 1200//1082 1260//1082
f 1260//1082 1200//1082 1201//1082
f 1260//1082 1201//1082 1261//1082
f 1261//1082 1201//1082 1202//1082
f 1261//1082 1202//1082 1262//1082
f 1262//1082 1202//1082 1203//1082
f 1262//1082 1203//1082 1263//1082
f 1263//1082 1203//1082 1204//1082
f 1263//1082 1204//1082 1264//1082
f 1264//1082 1204//1082 1205//1082
f 1264//1082 1205//1082 1265//1082
f 1265//1082 1205//1082 1206//1082
f 1265//1082 1206//1082 1266//1082
f 1266//1082 1206//1082 1207//1082
f 1266//1082 1207//1082 1267//1082
f 1267//1082 1207//1082 1208//1082
f 1267//1082 1208//1082 1268//1082
f 1268//1082 1208//1082 1209//1082
f 1268//1082 1209//1082 1269//1082
f 1269//1082 1209//1082 1210//1082
f 1269//1082 1210//1082 1270//1082
f 1270//1082 1210//1082 1211//1082
f 1270//1082 1211//1082 1271//1082
f 1271//1082 1211//1082 1212//1082
f 1271//1082 1212//1082 1272//1082
f 1272//1082 1212//1082 1213//1082
f 1272//1082 1213//1082 1273//1082
f 1273//1082 1213//1082 1214//1082
f 1273//1082 1214//1082 1274//1082
f 1274//1082 1214//1082 1215//1082
f 1274//1082 1215//1082 1275//1082
f 1275//1082 1215//1082 1216//1082
f 1275//1082 1216//1082 1276//1082
f 1276//1082 1216//1082 1217//1082
f 1276//1082 1217//1082 1277//1082
f 1277//1082 1217//1082 1218//1082
f 1277//1082 1218//1082 1278//1082
f 1278//1082 1218//1082 1219//1082
f 1278//1082 1219//1082 1279//1082
f 1279//1082 1219//1082 1220//1082
f 1279//1082 1220//1082 1280//1082
f 1280//1082 1220//1082 1221//1082
f 1280//1082 1221//1082 1281//1082
f 1281//1082 1221//1082 1222//1082
f 1281//1082 1222//1082 1282//1082
f 1282//1082 1222//1082 1223//1082
f 1282//1082 1223//1082 1283//1082
f 1283//1082 1223//1082 1224//1082
f 1283//1082 1224//1082 1284//1082
f 1284//1082 1224//1082 1225//1082
f 1284//1082 1225//1082 1285//1082
f 1285//1082 1225//1082 1226//1082
f 1285//1082 1226//1082 1286//1082
f 1286//1082 1226//1082 1227//1082
f 1286//1082 1227//1082 1287//1082
f 1287//1082 1227//1082 1166//1082
f 1287//1082 1166//1082 1288//1082
f 1288//1082 1166//1082 1167//1082
f 1288//1082 1167//1082 1289//1082
f 1289//1082 1167//1082 1168//1082
f 1289//1082 1168//1082 1228//1082
f 1228//1082 1168//1082 1169//1082
f 1290//1018 1288//1018 1291//1018
f 1291//1090 1289//1090 1288//1090
f 1292//1100 1289//1100 1228//1100
f 1293//1052 1229//1052 1228//1052
f 1295//1091 1230//1091 1231//1091
f 1295//1091 1231//1091 1296//1091
f 1296//1056 1232//1056 1231//1056
f 1296//1093 1232//1093 1297//1093
f 1297//1057 1233//1057 1232//1057
f 1300//1028 1236//1028 1301//1028
f 1301//1029 1236//1029 1237//1029
f 1301//1061 1302//1061 1237//1061
f 1302//1062 1238//1062 1237//1062
f 1303//1084 1239//1084 1238//1084
f 1304//1032 1240//1032 1305//1032
f 1305//1033 1240//1033 1241//1033
f 1306//1034 1241//1034 1242//1034
f 1308//1068 1309//1068 1244//1068
f 1309//1037 1244//1037 1245//1037
f 1309//1069 1310//1069 1245//1069
f 1310//1070 1246//1070 1245//1070
f 1310//1070 1311//1070 1246//1070
f 1311//1096 1246//1096 1247//1096
f 1313//1041 1248//1041 1249//1041
f 1313//1073 1314//1073 1249//1073
f 1314//1087 1249//1087 1250//1087
f 1314//1074 1315//1074 1250//1074
f 1316//1088 1251//1088 1252//1088
f 1317//1078 1318//1078 1253//1078
f 1318//1089 1254//1089 1253//1089
f 1318//1089 1319//1089 1254//1089
f 1319//1101 1255//1101 1254//1101
f 1319//1101 1320//1101 1255//1101
f 1320//1081 1256//1081 1255//1081
f 1320//1081 1321//1081 1256//1081
f 1321//1018 1257//1018 1256//1018
f 1322//1102 1323//1102 1258//1102
f 1323//1100 1259//1100 1258//1100
f 1323//1103 1259//1103 1324//1103
f 1325//1083 1261//1083 1260//1083
f 1326//1091 1262//1091 1261//1091
f 1326//1092 1262//1092 1327//1092
f 1327//1093 1263//1093 1262//1093
f 1327//1056 1263//1056 1328//1056
f 1328//1104 1263//1104 1264//1104
f 1329//1094 1330//1094 1265//1094
f 1330//1105 1266//1105 1265//1105
f 1330//1105 1331//1105 1266//1105
f 1331//1028 1332//1028 1267//1028
f 1332//1061 1268//1061 1333//1061
f 1333//1062 1268//1062 1269//1062
f 1334//1084 1269//1084 1270//1084
f 1336//1065 1272//1065 1337//1065
f 1337//1066 1272//1066 1273//1066
f 1337//1066 1273//1066 1338//1066
f 1338//1095 1273//1095 1274//1095
f 1338//1095 1274//1095 1339//1095
f 1339//1068 1274//1068 1275//1068
f 1341//1070 1276//1070 1277//1070
f 1342//1096 1278//1096 1277//1096
f 1343//1106 1279//1106 1344//1106
f 1344//1097 1280//1097 1345//1097
f 1345//1074 1281//1074 1346//1074
f 1346//1098 1281//1098 1282//1098
f 1346//1107 1347//1107 1282//1107
f 1347//1088 1283//1088 1282//1088
f 1347//1088 1348//1088 1283//1088
f 1348//1078 1283//1078 1284//1078
f 1348//1078 1284//1078 1349//1078
f 1349//1089 1284//1089 1285//1089
f 1349//1099 1350//1099 1285//1099
f 1350//1108 1286//1108 1285//1108
f 1350//1108 1351//1108 1286//1108
f 1351//1081 1286//1081 1287//1081
f 1351//1081 1287//1081 1290//1081
f 1290//1018 1287//1018 1288//1018
f 1311//1017 1352//1017 1310//1017
f 1310//1017 1352//1017 1353//1017
f 1310//1017 1353//1017 1309//1017
f 1309//1017 1353//1017 1354//1017
f 1309//1017 1354//1017 1308//1017
f 1308//1017 1354//1017 1355//1017
f 1308//1017 1355//1017 1307//1017
f 1307//1017 1355//1017 1356//1017
f 1307//1017 1356//1017 1306//1017
f 1306//1017 1356//1017 1357//1017
f 1306//1017 1357//1017 1305//1017
f 1305//1017 1357//1017 1358//1017
f 1305//1017 1358//1017 1304//1017
f 1304//1017 1358//1017 1359//1017
f 1304//1017 1359//1017 1303//1017
f 1303//1017 1359//1017 1360//1017
f 1303//1017 1360//1017 1302//1017
f 1302//1017 1360//1017 1361//1017
f 1302//1017 1361//1017 1301//1017
f 1301//1017 1361//1017 1362//1017
f 1301//1017 1362//1017 1300//1017
f 1300//1017 1362//1017 1363//1017
f 1300//1017 1363//1017 1299//1017
f 1299//1017 1363//1017 1364//1017
f 1299//1017 1364//1017 1298//1017
f 1298//1017 1364//1017 1365//1017
f 1298//1017 1365//1017 1297//1017
f 1297//1017 1365//1017 1366//1017
f 1297//1017 1366//1017 1296//1017
f 1296//1017 1366//1017 1367//1017
f 1296//1017 1367//1017 1295//1017
f 1295//1017 1367//1017 1368//1017
f 1295//1017 1368//1017 1294//1017
f 1294//1017 1368//1017 1369//1017
f 1294//1017 1369//1017 1293//1017
f 1293//1017 1369//1017 1370//1017
f 1293//1017 1370//1017 1292//1017
f 1292//1017 1370//1017 1371//1017
f 1292//1017 1371//1017 1291//1017
f 1291//1017 1371//1017 1372//1017
f 1291//1017 1372//1017 1290//1017
f 1290//1017 1372//1017 1373//1017
f 1290//1017 1373//1017 1351//1017
f 1351//1017 1373//1017 1374//1017
f 1351//1017 1374//1017 1350//1017
f 1350//1017 1374//1017 1375//1017
f 1350//1017 1375//1017 1349//1017
f 1349//1017 1375//1017 1376//1017
f 1349//1017 1376//1017 1348//1017
f 1348//1017 1376//1017 1377//1017
f 1348//1017 1377//1017 1347//1017
f 1347//1017 1377//1017 1378//1017
f 1347//1017 1378//1017 1346//1017
f 1346//1017 1378//1017 1379//1017
f 1346//1017 1379//1017 1345//1017
f 1345//1017 1379//1017 1380//1017
f 1345//1017 1380//1017 1344//1017
f 1344//1017 1380//1017 1381//1017
f 1344//1017 1381//1017 1343//1017
f 1343//1017 1381//1017 1382//1017
f 1343//1017 1382//1017 1342//1017
f 1342//1017 1382//1017 1383//1017
f 1342//1017 1383//1017 1341//1017
f 1341//1017 1383//1017 1384//1017
f 1341//1017 1384//1017 1340//1017
f 1340//1017 1384//1017 1385//1017
f 1340//1017 1385//1017 1339//1017
f 1339//1017 1385//1017 1386//1017
f 1339//1017 1386//1017 1338//1017
f 1338//1017 1386//1017 1387//1017
f 1338//1017 1387//1017 1337//1017
f 1337//1017 1387//1017 1388//1017
f 1337//1017 1388//1017 1336//1017
f 1336//1017 1388//1017 1389//1017
f 1336//1017 1389//1017 1335//1017
f 1335//1017 1389//1017 1390//1017
f 1335//1017 1390//1017 1334//1017
f 1334//1017 1390//1017 1391//1017
f 1334//1017 1391//1017 1333//1017
f 1333//1017 1391//1017 1392//1017
f 1333//1017 1392//1017 1332//1017
f 1332//1017 1392//1017 1393//1017
f 1332//1017 1393//1017 1331//1017
f 1331//1017 1393//1017 1394//1017
f 1331//1017 1394//1017 1330//1017
f 1330//1017 1394//1017 1395//1017
f 1330//1017 1395//1017 1329//1017
f 1329//1017 1395//1017 1396//1017
f 1329//1017 1396//1017 1328//1017
f 1328//1017 1396//1017 1397//1017
f 1328//1017 1397//1017 1327//1017
f 1327//1017 1397//1017 1398//1017
f 1327//1017 1398//1017 1326//1017
f 1326//1017 1398//1017 1399//1017
f 1326//1017 1399//1017 1325//1017
f 1325//1017 1399//1017 1400//1017
f 1325//1017 1400//1017 1324//1017
f 1324//1017 1400//1017 1401//1017
f 1324//1017 1401//1017 1323//1017
f 1323//1017 1401//1017 1402//1017
f 1323//1017 1402//1017 1322//1017
f 1322//1017 1402//1017 1403//1017
f 1322//1017 1403//1017 1321//1017
f 1321//1017 1403//1017 1404//1017
f 1321//1017 1404//1017 1320//1017
f 1320//1017 1404//1017 1405//1017
f 1320//1017 1405//1017 1319//1017
f 1319//1017 1405//1017 1406//1017
f 1319//1017 1406//1017 1318//1017
f 1318//1017 1406//1017 1407//1017
f 1318//1017 1407//1017 1317//1017
f 1317//1017 1407//1017 1408//1017
f 1317//1017 1408//1017 1316//1017
f 1316//1017 1408//1017 1409//1017
f 1316//1017 1409//1017 1315//1017
f 1315//1017 1409//1017 1410//1017
f 1315//1017 1410//1017 1314//1017
f 1314//1017 1410//1017 1411//1017
f 1314//1017 1411//1017 1313//1017
f 1313//1017 1411//1017 1412//1017
f 1313//1017 1412//1017 1312//1017
f 1312//1017 1412//1017 1413//1017
f 1312//1017 1413//1017 1311//1017
f 1311//1017 1413//1017 1352//1017
f 1414//1018 1372//1018 1415//1018
f 1415//1019 1372//1019 1371//1019
f 1415//1019 1371//1019 1416//1019
f 1416//1020 1371//1020 1370//1020
f 1416//1020 1370//1020 1417//1020
f 1417//1021 1370//1021 1369//1021
f 1417//1021 1369//1021 1418//1021
f 1418//1022 1369//1022 1368//1022
f 1418//1022 1368//1022 1419//1022
f 1419//1023 1368//1023 1367//1023
f 1419//1023 1367//1023 1420//1023
f 1420//1024 1367//1024 1366//1024
f 1420//1024 1366//1024 1421//1024
f 1421//1025 1366//1025 1365//1025
f 1421//1025 1365//1025 1422//1025
f 1422//1026 1365//1026 1364//1026
f 1422//1026 1364//1026 1423//1026
f 1423//1027 1364//1027 1363//1027
f 1423//1027 1363//1027 1424//1027
f 1424//1028 1363//1028 1362//1028
f 1424//1028 1362//1028 1425//1028
f 1425//1029 1362//1029 1361//1029
f 1425//1029 1361//1029 1426//1029
f 1426//1030 1361//1030 1360//1030
f 1426//1030 1360//1030 1427//1030
f 1427//1031 1360//1031 1359//1031
f 1427//1031 1359//1031 1428//1031
f 1428//1032 1359//1032 1358//1032
f 1428//1032 1358//1032 1429//1032
f 1429//1033 1358//1033 1357//1033
f 1429//1033 1357//1033 1430//1033
f 1430//1034 1357//1034 1356//1034
f 1430//1034 1356//1034 1431//1034
f 1431//1035 1356//1035 1355//1035
f 1431//1035 1355//1035 1432//1035
f 1432//1036 1355//1036 1354//1036
f 1432//1036 1354//1036 1433//1036
f 1433//1037 1354//1037 1353//1037
f 1433//1037 1353//1037 1434//1037
f 1434//1038 1353//1038 1352//1038
f 1434//1038 1352//1038 1435//1038
f 1435//1039 1352//1039 1413//1039
f 1435//1039 1413//1039 1436//1039
f 1436//1040 1413//1040 1412//1040
f 1436//1040 1412//1040 1437//1040
f 1437//1041 1412//1041 1411//1041
f 1437//1041 1411//1041 1438//1041
f 1438//1042 1411//1042 1410//1042
f 1438//1042 1410//1042 1439//1042
f 1439//1043 1410//1043 1409//1043
f 1439//1043 1409//1043 1440//1043
f 1440//1044 1409//1044 1408//1044
f 1440//1044 1408//1044 1441//1044
f 1441//1045 1408//1045 1407//1045
f 1441//1045 1407//1045 1442//1045
f 1442//1046 1407//1046 1406//1046
f 1442//1046 1406//1046 1443//1046
f 1443//1047 1406//1047 1405//1047
f 1443//1047 1405//1047 1444//1047
f 1444//1048 1405//1048 1404//1048
f 1444//1048 1404//1048 1445//1048
f 1445//1049 1404//1049 1403//1049
f 1445//1049 1403//1049 1446//1049
f 1446//1050 1403//1050 1402//1050
f 1446//1050 1402//1050 1447//1050
f 1447//1051 1402//1051 1401//1051
f 1447//1051 1401//1051 1448//1051
f 1448//1052 1401//1052 1400//1052
f 1448//1052 1400//1052 1449//1052
f 1449//1053 1400//1053 1399//1053
f 1449//1054 1399//1054 1450//1054
f 1450//1055 1399//1055 1398//1055
f 1450//1055 1398//1055 1451//1055
f 1451//1056 1398//1056 1397//1056
f 1451//1056 1397//1056 1452//1056
f 1452//1057 1397//1057 1396//1057
f 1452//1057 1396//1057 1453//1057
f 1453//1058 1396//1058 1395//1058
f 1453//1058 1395//1058 1454//1058
f 1454//1059 1395//1059 1394//1059
f 1454//1059 1394//1059 1455//1059
f 1455//1060 1394//1060 1393//1060
f 1455//1060 1393//1060 1456//1060
f 1456//1061 1393//1061 1392//1061
f 1456//1061 1392//1061 1457//1061
f 1457//1062 1392//1062 1391//1062
f 1457//1062 1391//1062 1458//1062
f 1458//1063 1391//1063 1390//1063
f 1458//1063 1390//1063 1459//1063
f 1459//1064 1390//1064 1389//1064
f 1459//1064 1389//1064 1460//1064
f 1460//1065 1389//1065 1388//1065
f 1460//1065 1388//1065 1461//1065
f 1461//1066 1388//1066 1387//1066
f 1461//1066 1387//1066 1462//1066
f 1462//1067 1387//1067 1386//1067
f 1462//1067 1386//1067 1463//1067
f 1463//1068 1386//1068 1385//1068
f 1463//1068 1385//1068 1464//1068
f 1464//1069 1385//1069 1384//1069
f 1464//1069 1384//1069 1465//1069
f 1465//1070 1384//1070 1383//1070
f 1465//1070 1383//1070 1466//1070
f 1466//1071 1383//1071 1382//1071
f 1466//1071 1382//1071 1467//1071
f 1467//1072 1382//1072 1381//1072
f 1467//1072 1381//1072 1468//1072
f 1468//1073 1381//1073 1380//1073
f 1468//1073 1380//1073 1469//1073
f 1469//1074 1380//1074 1379//1074
f 1469//1074 1379//1074 1470//1074
f 1470//1075 1379//1075 1378//1075
f 1470//1075 1378//1075 1471//1075
f 1471//1076 1378//1076 1377//1076
f 1471//1077 1377//1077 1472//1077
f 1472//1078 1377//1078 1376//1078
f 1472//1078 1376//1078 1473//1078
f 1473//1079 1376//1079 1375//1079
f 1473//1079 1375//1079 1474//1079
f 1474//1080 1375//1080 1374//1080
f 1474//1080 1374//1080 1475//1080
f 1475//1081 1374//1081 1373//1081
f 1475//1081 1373//1081 1414//1081
f 1414//1018 1373//1018 1372//1018
f 1458//1082 793//1082 1457//1082
f 1457//1082 793//1082 792//1082
f 1457//1082 792//1082 1456//1082
f 792//1082 791//1082 1456//1082
f 1456//1082 791//1082 142//1082
f 1456//1082 142//1082 1455//1082
f 1455//1082 142//1082 140//1082
f 1455//1082 140//1082 1454//1082
f 1454//1082 140//1082 135//1082
f 1454//1082 135//1082 1453//1082
f 1475//1082 851//1082 1474//1082
f 1474//1082 851//1082 850//1082
f 1474//1082 850//1082 1473//1082
f 1473//1082 850//1082 849//1082
f 1473//1082 849//1082 1472//1082
f 1421//1082 832//1082 1420//1082
f 1420//1082 832//1082 831//1082
f 1420//1082 831//1082 1419//1082
f 1419//1082 831//1082 830//1082
f 1419//1082 830//1082 1418//1082
f 1415//1082 854//1082 1414//1082
f 1414//1082 854//1082 853//1082
f 1414//1082 853//1082 1475//1082
f 1475//1082 853//1082 852//1082
f 1475//1082 852//1082 851//1082
f 849//1082 848//1082 1472//1082
f 1472//1082 848//1082 847//1082
f 1472//1082 847//1082 1471//1082
f 1471//1082 847//1082 846//1082
f 1471//1082 846//1082 1470//1082
f 1470//1082 846//1082 845//1082
f 1470//1082 845//1082 1469//1082
f 135//1082 133//1082 1453//1082
f 1453//1082 133//1082 816//1082
f 1453//1082 816//1082 1452//1082
f 1452//1082 816//1082 815//1082
f 1452//1082 815//1082 1451//1082
f 1451//1082 815//1082 814//1082
f 1451//1082 814//1082 1450//1082
f 1440//1082 828//1082 1439//1082
f 1439//1082 828//1082 827//1082
f 1439//1082 827//1082 1438//1082
f 1438//1082 827//1082 826//1082
f 1438//1082 826//1082 1437//1082
f 1434//1082 820//1082 1433//1082
f 1433//1082 820//1082 819//1082
f 1433//1082 819//1082 1432//1082
f 819//1082 818//1082 1432//1082
f 1432//1082 818//1082 817//1082
f 1432//1082 817//1082 1431//1082
f 1431//1082 817//1082 224//1082
f 1431//1082 224//1082 1430//1082
f 1430//1082 224//1082 222//1082
f 1430//1082 222//1082 1429//1082
f 222//1082 217//1082 1429//1082
f 1429//1082 217//1082 215//1082
f 1429//1082 215//1082 1428//1082
f 1428//1082 215//1082 842//1082
f 1428//1082 842//1082 1427//1082
f 1427//1082 842//1082 841//1082
f 1427//1082 841//1082 1426//1082
f 830//1082 38//1082 1418//1082
f 1418//1082 38//1082 74//1082
f 1418//1082 74//1082 1417//1082
f 1417//1082 74//1082 71//1082
f 1417//1082 71//1082 1416//1082
f 1416//1082 71//1082 69//1082
f 1416//1082 69//1082 1415//1082
f 1415//1082 69//1082 855//1082
f 1415//1082 855//1082 854//1082
f 845//1082 844//1082 1469//1082
f 1469//1082 844//1082 843//1082
f 1469//1082 843//1082 1468//1082
f 1468//1082 843//1082 78//1082
f 1468//1082 78//1082 1467//1082
f 814//1082 813//1082 1450//1082
f 1450//1082 813//1082 812//1082
f 1450//1082 812//1082 1449//1082
f 1449//1082 812//1082 811//1082
f 1449//1082 811//1082 1448//1082
f 811//1082 810//1082 1448//1082
f 1448//1082 810//1082 809//1082
f 1448//1082 809//1082 1447//1082
f 1447//1082 809//1082 808//1082
f 1447//1082 808//1082 1446//1082
f 1446//1082 808//1082 807//1082
f 1446//1082 807//1082 1445//1082
f 807//1082 806//1082 1445//1082
f 1445//1082 806//1082 805//1082
f 1445//1082 805//1082 1444//1082
f 1444//1082 805//1082 804//1082
f 1444//1082 804//1082 1443//1082
f 1443//1082 804//1082 160//1082
f 1443//1082 160//1082 1442//1082
f 1423//1082 835//1082 1422//1082
f 1422//1082 835//1082 834//1082
f 1422//1082 834//1082 1421//1082
f 1421//1082 834//1082 833//1082
f 1421//1082 833//1082 832//1082
f 78//1082 114//1082 1467//1082
f 1467//1082 114//1082 111//1082
f 1467//1082 111//1082 1466//1082
f 1466//1082 111//1082 109//1082
f 1466//1082 109//1082 1465//1082
f 1465//1082 109//1082 803//1082
f 1465//1082 803//1082 1464//1082
f 1461//1082 797//1082 1460//1082
f 1460//1082 797//1082 796//1082
f 1460//1082 796//1082 1459//1082
f 1459//1082 796//1082 795//1082
f 1459//1082 795//1082 1458//1082
f 1458//1082 795//1082 794//1082
f 1458//1082 794//1082 793//1082
f 160//1082 196//1082 1442//1082
f 1442//1082 196//1082 193//1082
f 1442//1082 193//1082 1441//1082
f 1441//1082 193//1082 191//1082
f 1441//1082 191//1082 1440//1082
f 1440//1082 191//1082 829//1082
f 1440//1082 829//1082 828//1082
f 826//1082 825//1082 1437//1082
f 1437//1082 825//1082 824//1082
f 1437//1082 824//1082 1436//1082
f 1436//1082 824//1082 823//1082
f 1436//1082 823//1082 1435//1082
f 1435//1082 823//1082 822//1082
f 1435//1082 822//1082 1434//1082
f 1434//1082 822//1082 821//1082
f 1434//1082 821//1082 820//1082
f 841//1082 840//1082 1426//1082
f 1426//1082 840//1082 839//1082
f 1426//1082 839//1082 1425//1082
f 1425//1082 839//1082 838//1082
f 1425//1082 838//1082 1424//1082
f 1424//1082 838//1082 837//1082
f 1424//1082 837//1082 1423//1082
f 1423//1082 837//1082 836//1082
f 1423//1082 836//1082 835//1082
f 803//1082 802//1082 1464//1082
f 1464//1082 802//1082 801//1082
f 1464//1082 801//1082 1463//1082
f 1463//1082 801//1082 800//1082
f 1463//1082 800//1082 1462//1082
f 1462//1082 800//1082 799//1082
f 1462//1082 799//1082 1461//1082
f 1461//1082 799//1082 798//1082
f 1461//1082 798//1082 797//1082
f 1476//1109 1477//1109 1478//1109
f 1478//1110 1479//1110 1476//1110
f 1476//1111 1479//1111 1480//1111
f 1476//1112 1480//1112 1481//1112
f 1482//1113 1483//1113 1484//1113
f 1484//1114 1483//1114 1476//1114
f 1484//1115 1476//1115 1485//1115
f 1485//1116 1476//1116 1481//1116
f 1482//1117 1486//1117 1483//1117
f 1483//1118 1486//1118 1487//1118
f 1483//1119 1487//1119 1488//1119
f 1488//1120 1489//1120 1483//1120
f 1483//1121 1489//1121 1490//1121
f 1483//1122 1490//1122 1491//1122
f 1492//1123 1493//1123 1494//1123
f 1494//1124 1493//1124 1495//1124
f 1494//1125 1495//1125 1496//1125
f 1496//1126 1497//1126 1494//1126
f 1494//1127 1497//1127 1498//1127
f 1494//1128 1498//1128 1499//1128
f 1500//1129 1501//1129 1502//1129
f 1502//1130 1501//1130 1503//1130
f 1503//1131 1504//1131 1502//1131
f 1502//1132 1504//1132 1505//1132
f 1502//1133 1505//1133 1506//1133
f 1506//1134 1507//1134 1502//1134
f 1502//1135 1507//1135 1508//1135
f 1502//1136 1508//1136 1509//1136
f 1509//1137 1508//1137 1483//1137
f 1509//1138 1483//1138 1494//1138
f 1494//1139 1483//1139 1491//1139
f 1494//1140 1491//1140 1492//1140
f 1507//1141 1510//1141 1508//1141
f 1508//1142 1510//1142 1511//1142
f 1508//1143 1511//1143 1512//1143
f 1512//1144 1513//1144 1508//1144
f 1508//1145 1513//1145 1514//1145
f 1508//1146 1514//1146 1515//1146
f 1515//1147 1516//1147 1508//1147
f 1508//1148 1516//1148 1517//1148
f 1508//1149 1517//1149 1518//1149
f 1518//1150 1517//1150 1519//1150
f 1518//1151 1519//1151 1520//1151
f 1520//1150 1521//1150 1518//1150
f 1518//1152 1521//1152 1522//1152
f 1518//1153 1522//1153 1523//1153
f 1524//1154 1525//1154 1510//1154
f 1510//1155 1507//1155 1526//1155
f 1526//1156 1527//1156 1510//1156
f 1510//1156 1527//1156 1528//1156
f 1510//1156 1528//1156 1529//1156
f 1530//1156 1531//1156 1524//1156
f 1524//1156 1531//1156 1532//1156
f 1524//1156 1532//1156 1533//1156
f 1529//1156 1534//1156 1510//1156
f 1510//1156 1534//1156 1535//1156
f 1510//1156 1535//1156 1524//1156
f 1524//1156 1535//1156 1536//1156
f 1524//1156 1536//1156 1530//1156
f 1537//1082 1538//1082 1539//1082
f 1540//1082 1541//1082 1542//1082
f 1543//1082 1544//1082 1545//1082
f 1546//1082 1547//1082 1548//1082
f 1544//1082 1549//1082 1545//1082
f 1545//1082 1549//1082 1550//1082
f 1545//1082 1550//1082 1551//1082
f 1551//1082 1550//1082 1552//1082
f 1551//1082 1552//1082 1539//1082
f 1539//1082 1552//1082 1553//1082
f 1539//1082 1553//1082 1537//1082
f 1538//1082 1554//1082 1539//1082
f 1539//1082 1554//1082 1555//1082
f 1539//1082 1555//1082 1556//1082
f 1541//1082 1557//1082 1542//1082
f 1542//1082 1557//1082 1558//1082
f 1542//1082 1558//1082 1559//1082
f 1560//1082 1561//1082 1562//1082
f 1562//1082 1561//1082 1563//1082
f 1562//1082 1563//1082 1564//1082
f 1564//1082 1563//1082 1565//1082
f 1564//1082 1565//1082 1566//1082
f 1566//1082 1565//1082 1567//1082
f 1566//1082 1567//1082 1545//1082
f 1545//1082 1567//1082 1568//1082
f 1545//1082 1568//1082 1543//1082
f 1548//1082 1547//1082 1562//1082
f 1562//1082 1547//1082 1569//1082
f 1562//1082 1569//1082 1560//1082
f 1570//1082 1571//1082 1553//1082
f 1553//1082 1571//1082 1572//1082
f 1553//1082 1572//1082 1537//1082
f 1558//1082 1573//1082 1559//1082
f 1559//1082 1573//1082 1574//1082
f 1559//1082 1574//1082 1575//1082
f 1575//1082 1574//1082 1576//1082
f 1575//1082 1576//1082 1556//1082
f 1556//1082 1576//1082 1577//1082
f 1556//1082 1577//1082 1539//1082
f 1578//1082 1579//1082 1580//1082
f 1580//1082 1579//1082 1581//1082
f 1580//1082 1581//1082 1542//1082
f 1542//1082 1581//1082 1582//1082
f 1542//1082 1582//1082 1540//1082
f 1583//1082 1584//1082 1585//1082
f 1585//1082 1584//1082 1586//1082
f 1585//1082 1586//1082 1587//1082
f 1587//1082 1586//1082 1588//1082
f 1587//1082 1588//1082 1553//1082
f 1553//1082 1588//1082 1589//1082
f 1553//1082 1589//1082 1570//1082
f 1590//1082 1591//1082 1592//1082
f 1591//1082 1593//1082 1592//1082
f 1592//1082 1593//1082 1594//1082
f 1592//1082 1594//1082 1580//1082
f 1580//1082 1594//1082 1595//1082
f 1580//1082 1595//1082 1578//1082
f 1548//1082 1596//1082 1546//1082
f 1546//1082 1596//1082 1597//1082
f 1546//1082 1597//1082 1598//1082
f 1598//1082 1597//1082 1599//1082
f 1598//1082 1599//1082 1600//1082
f 1601//1082 1602//1082 1603//1082
f 1603//1082 1604//1082 1601//1082
f 1601//1082 1604//1082 1605//1082
f 1601//1082 1605//1082 1606//1082
f 1606//1082 1605//1082 1607//1082
f 1606//1082 1607//1082 1608//1082
f 1609//1082 1610//1082 1611//1082
f 1611//1082 1610//1082 1608//1082
f 1611//1082 1608//1082 1612//1082
f 1612//1082 1608//1082 1607//1082
f 1602//1082 1601//1082 1613//1082
f 1613//1082 1601//1082 1614//1082
f 1613//1082 1614//1082 1592//1082
f 1592//1082 1614//1082 1615//1082
f 1592//1082 1615//1082 1590//1082
f 1599//1082 1616//1082 1600//1082
f 1600//1082 1616//1082 1617//1082
f 1600//1082 1617//1082 1618//1082
f 1618//1082 1617//1082 1619//1082
f 1618//1082 1619//1082 1620//1082
f 1620//1082 1619//1082 1610//1082
f 1620//1082 1610//1082 1621//1082
f 1621//1082 1610//1082 1609//1082
f 1622//1082 1623//1082 1477//1082
f 1477//1082 1623//1082 1624//1082
f 1583//1082 1625//1082 1584//1082
f 1584//1082 1625//1082 1477//1082
f 1584//1082 1477//1082 1626//1082
f 1626//1082 1477//1082 1624//1082
f 1627//1082 1628//1082 1580//1082
f 1628//1082 1629//1082 1580//1082
f 1580//1082 1629//1082 1630//1082
f 1580//1082 1630//1082 1631//1082
f 1631//1082 1632//1082 1580//1082
f 1580//1082 1632//1082 1633//1082
f 1580//1082 1633//1082 1634//1082
f 1634//1082 1635//1082 1580//1082
f 1580//1082 1635//1082 1636//1082
f 1580//1082 1636//1082 1637//1082
f 1637//1082 1636//1082 1638//1082
f 1638//1082 1639//1082 1637//1082
f 1637//1082 1639//1082 1640//1082
f 1637//1082 1640//1082 1641//1082
f 1627//1082 1580//1082 1642//1082
f 1642//1082 1580//1082 1542//1082
f 1642//1082 1542//1082 1643//1082
f 1643//1082 1542//1082 1644//1082
f 1643//1082 1644//1082 1645//1082
f 1645//1082 1644//1082 1646//1082
f 1645//1082 1646//1082 1647//1082
f 1508//1082 1648//1082 1649//1082
f 1650//1082 1651//1082 1652//1082
f 1652//1082 1651//1082 1653//1082
f 1654//1082 1655//1082 1656//1082
f 1656//1082 1655//1082 1657//1082
f 1656//1082 1657//1082 1653//1082
f 1653//1082 1657//1082 1658//1082
f 1653//1082 1658//1082 1652//1082
f 1654//1082 1656//1082 1659//1082
f 1659//1082 1656//1082 1660//1082
f 1659//1082 1660//1082 1661//1082
f 1661//1082 1660//1082 1662//1082
f 1661//1082 1662//1082 1663//1082
f 1664//1082 1665//1082 1666//1082
f 1667//1082 1668//1082 1669//1082
f 1641//1082 1670//1082 1671//1082
f 1672//1082 1673//1082 1508//1082
f 1508//1082 1673//1082 1674//1082
f 1675//1082 1508//1082 1518//1082
f 1676//1082 1677//1082 1678//1082
f 1678//1082 1677//1082 1679//1082
f 1678//1082 1679//1082 1646//1082
f 1646//1082 1679//1082 1680//1082
f 1646//1082 1680//1082 1647//1082
f 1667//1082 1669//1082 1681//1082
f 1675//1082 1682//1082 1508//1082
f 1508//1082 1682//1082 1683//1082
f 1508//1082 1683//1082 1684//1082
f 1685//1082 1686//1082 1687//1082
f 1688//1082 1689//1082 1637//1082
f 1637//1082 1689//1082 1690//1082
f 1637//1082 1690//1082 1691//1082
f 1674//1082 1692//1082 1508//1082
f 1508//1082 1692//1082 1693//1082
f 1508//1082 1693//1082 1648//1082
f 1691//1082 1694//1082 1637//1082
f 1637//1082 1694//1082 1695//1082
f 1637//1082 1695//1082 1696//1082
f 1696//1082 1695//1082 1697//1082
f 1696//1082 1697//1082 1698//1082
f 1698//1082 1697//1082 1699//1082
f 1698//1082 1699//1082 1700//1082
f 1700//1082 1699//1082 1651//1082
f 1700//1082 1651//1082 1701//1082
f 1701//1082 1651//1082 1650//1082
f 1662//1082 1702//1082 1663//1082
f 1663//1082 1702//1082 1703//1082
f 1663//1082 1703//1082 1704//1082
f 1704//1082 1703//1082 1705//1082
f 1704//1082 1705//1082 1706//1082
f 1706//1082 1705//1082 1707//1082
f 1706//1082 1707//1082 1708//1082
f 1708//1082 1707//1082 1709//1082
f 1708//1082 1709//1082 1710//1082
f 1710//1082 1709//1082 1675//1082
f 1710//1082 1675//1082 1523//1082
f 1523//1082 1675//1082 1518//1082
f 1664//1082 1666//1082 1711//1082
f 1711//1082 1666//1082 1712//1082
f 1711//1082 1712//1082 1668//1082
f 1668//1082 1712//1082 1713//1082
f 1668//1082 1713//1082 1669//1082
f 1671//1082 1714//1082 1641//1082
f 1641//1082 1714//1082 1715//1082
f 1641//1082 1715//1082 1637//1082
f 1637//1082 1715//1082 1716//1082
f 1637//1082 1716//1082 1688//1082
f 1678//1082 1717//1082 1676//1082
f 1676//1082 1717//1082 1718//1082
f 1676//1082 1718//1082 1719//1082
f 1719//1082 1718//1082 1720//1082
f 1719//1082 1720//1082 1721//1082
f 1721//1082 1720//1082 1722//1082
f 1721//1082 1722//1082 1723//1082
f 1723//1082 1722//1082 1724//1082
f 1723//1082 1724//1082 1725//1082
f 1725//1082 1724//1082 1726//1082
f 1725//1082 1726//1082 1727//1082
f 1622//1082 1477//1082 1728//1082
f 1728//1082 1477//1082 1476//1082
f 1728//1082 1476//1082 1649//1082
f 1649//1082 1476//1082 1483//1082
f 1649//1082 1483//1082 1508//1082
f 1670//1082 1641//1082 1729//1082
f 1729//1082 1641//1082 1730//1082
f 1729//1082 1730//1082 1669//1082
f 1669//1082 1730//1082 1731//1082
f 1669//1082 1731//1082 1681//1082
f 1727//1082 1672//1082 1725//1082
f 1725//1082 1672//1082 1508//1082
f 1725//1082 1508//1082 1732//1082
f 1732//1082 1508//1082 1684//1082
f 1732//1082 1684//1082 1687//1082
f 1687//1082 1684//1082 1733//1082
f 1687//1082 1733//1082 1685//1082
f 1665//1082 1664//1082 1686//1082
f 1686//1082 1664//1082 1734//1082
f 1686//1082 1734//1082 1687//1082
f 1735//1082 1736//1082 1592//1082
f 1592//1082 1736//1082 1737//1082
f 1738//1082 1739//1082 1580//1082
f 1580//1082 1739//1082 1740//1082
f 1580//1082 1740//1082 1741//1082
f 1737//1082 1742//1082 1592//1082
f 1592//1082 1742//1082 1743//1082
f 1592//1082 1743//1082 1744//1082
f 1744//1082 1743//1082 1745//1082
f 1744//1082 1745//1082 1746//1082
f 1741//1082 1747//1082 1580//1082
f 1580//1082 1747//1082 1748//1082
f 1580//1082 1748//1082 1749//1082
f 1637//1082 1750//1082 1751//1082
f 1745//1082 1752//1082 1746//1082
f 1746//1082 1752//1082 1753//1082
f 1746//1082 1753//1082 1754//1082
f 1754//1082 1753//1082 1755//1082
f 1754//1082 1755//1082 1756//1082
f 1756//1082 1755//1082 1757//1082
f 1756//1082 1757//1082 1758//1082
f 1758//1082 1757//1082 1759//1082
f 1758//1082 1759//1082 1760//1082
f 1760//1082 1759//1082 1761//1082
f 1751//1082 1762//1082 1637//1082
f 1637//1082 1762//1082 1763//1082
f 1637//1082 1763//1082 1764//1082
f 1764//1082 1765//1082 1637//1082
f 1637//1082 1765//1082 1766//1082
f 1637//1082 1766//1082 1580//1082
f 1580//1082 1766//1082 1767//1082
f 1580//1082 1767//1082 1738//1082
f 1749//1082 1768//1082 1580//1082
f 1580//1082 1768//1082 1769//1082
f 1580//1082 1769//1082 1592//1082
f 1592//1082 1769//1082 1770//1082
f 1592//1082 1770//1082 1735//1082
f 1771//1082 1772//1082 1773//1082
f 1773//1082 1772//1082 1774//1082
f 1773//1082 1774//1082 1775//1082
f 1775//1082 1774//1082 1776//1082
f 1775//1082 1776//1082 1777//1082
f 1777//1082 1776//1082 1778//1082
f 1777//1082 1778//1082 1637//1082
f 1637//1082 1778//1082 1779//1082
f 1637//1082 1779//1082 1750//1082
f 1771//1082 1780//1082 1772//1082
f 1772//1082 1780//1082 1781//1082
f 1772//1082 1781//1082 1782//1082
f 1782//1082 1781//1082 1783//1082
f 1782//1082 1783//1082 1784//1082
f 1784//1082 1783//1082 1785//1082
f 1784//1082 1785//1082 1759//1082
f 1759//1082 1785//1082 1786//1082
f 1759//1082 1786//1082 1761//1082
f 1491//1157 1787//1157 1788//1157
f 1789//1158 1790//1158 1491//1158
f 1491//1158 1790//1158 1791//1158
f 1792//1158 1788//1158 1793//1158
f 1793//1158 1788//1158 1794//1158
f 1791//1158 1795//1158 1491//1158
f 1491//1158 1795//1158 1796//1158
f 1491//1158 1796//1158 1492//1158
f 1792//1158 1797//1158 1788//1158
f 1788//1158 1797//1158 1798//1158
f 1788//1158 1798//1158 1491//1158
f 1491//1158 1798//1158 1799//1158
f 1491//1158 1799//1158 1789//1158
f 1800//1159 1801//1159 1802//1159
f 1802//1017 1801//1017 1803//1017
f 1804//1017 1524//1017 1801//1017
f 1801//1017 1524//1017 1533//1017
f 1801//1017 1533//1017 1803//1017
f 1805//1017 1806//1017 1801//1017
f 1801//1017 1806//1017 1807//1017
f 1788//1017 1804//1017 1794//1017
f 1794//1017 1804//1017 1801//1017
f 1794//1017 1801//1017 1808//1017
f 1808//1017 1801//1017 1807//1017
f 1809//1160 1810//1160 1811//1160
f 1696//1161 1698//1161 1812//1161
f 1812//1161 1698//1161 1813//1161
f 1812//1162 1813//1162 1814//1162
f 1815//1163 1816//1163 1817//1163
f 1817//1164 1816//1164 1818//1164
f 1817//1165 1818//1165 1819//1165
f 1819//1166 1818//1166 1820//1166
f 1821//1167 1822//1167 1823//1167
f 1823//1168 1822//1168 1824//1168
f 1823//1169 1824//1169 1820//1169
f 1820//1170 1824//1170 1825//1170
f 1820//1171 1825//1171 1819//1171
f 1821//1172 1823//1172 1826//1172
f 1826//1173 1823//1173 1827//1173
f 1826//1174 1827//1174 1756//1174
f 1828//1175 1829//1175 1830//1175
f 1830//1176 1829//1176 1831//1176
f 1830//1177 1831//1177 1832//1177
f 1620//1178 1833//1178 1834//1178
f 1834//1179 1833//1179 1835//1179
f 1833//1180 1836//1180 1835//1180
f 1835//1181 1836//1181 1837//1181
f 1835//1182 1837//1182 1831//1182
f 1831//1183 1837//1183 1838//1183
f 1831//1184 1838//1184 1832//1184
f 1839//1185 1840//1185 1841//1185
f 1841//1186 1840//1186 1842//1186
f 1843//1187 1844//1187 1842//1187
f 1842//1188 1844//1188 1845//1188
f 1842//1189 1845//1189 1841//1189
f 1549//1190 1846//1190 1847//1190
f 1847//1191 1846//1191 1848//1191
f 1847//1192 1848//1192 1843//1192
f 1843//1193 1848//1193 1849//1193
f 1843//1194 1849//1194 1844//1194
f 1850//1195 1851//1195 1852//1195
f 1852//1196 1851//1196 1853//1196
f 1852//1197 1853//1197 1854//1197
f 1854//1198 1853//1198 1811//1198
f 1854//1199 1811//1199 1855//1199
f 1855//1200 1811//1200 1810//1200
f 1809//1201 1811//1201 1856//1201
f 1856//1202 1811//1202 1857//1202
f 1856//1203 1857//1203 1858//1203
f 1858//1204 1857//1204 1859//1204
f 1858//1205 1859//1205 1708//1205
f 1860//1206 1861//1206 1862//1206
f 1862//1207 1861//1207 1863//1207
f 1813//1208 1864//1208 1814//1208
f 1814//1209 1864//1209 1865//1209
f 1814//1210 1865//1210 1866//1210
f 1866//1211 1865//1211 1867//1211
f 1866//1212 1867//1212 1860//1212
f 1860//1213 1867//1213 1868//1213
f 1860//1214 1868//1214 1861//1214
f 1549//1190 1847//1190 1550//1190
f 1550//1215 1847//1215 1869//1215
f 1550//1215 1869//1215 1552//1215
f 1552//1216 1869//1216 1870//1216
f 1552//1216 1870//1216 1553//1216
f 1553//1217 1870//1217 1871//1217
f 1553//1217 1871//1217 1587//1217
f 1587//1218 1871//1218 1851//1218
f 1587//1218 1851//1218 1585//1218
f 1585//1219 1851//1219 1850//1219
f 1585//1219 1850//1219 1583//1219
f 1620//1178 1834//1178 1618//1178
f 1618//1220 1834//1220 1872//1220
f 1618//1220 1872//1220 1600//1220
f 1600//1221 1872//1221 1873//1221
f 1600//1221 1873//1221 1598//1221
f 1598//1222 1873//1222 1874//1222
f 1598//1222 1874//1222 1546//1222
f 1546//1223 1874//1223 1840//1223
f 1546//1223 1840//1223 1547//1223
f 1547//1224 1840//1224 1839//1224
f 1547//1224 1839//1224 1569//1224
f 1756//1174 1827//1174 1754//1174
f 1754//1225 1827//1225 1875//1225
f 1754//1225 1875//1225 1746//1225
f 1746//1226 1875//1226 1876//1226
f 1746//1226 1876//1226 1744//1226
f 1744//1227 1876//1227 1877//1227
f 1744//1227 1877//1227 1592//1227
f 1592//1228 1877//1228 1829//1228
f 1592//1228 1829//1228 1613//1228
f 1613//1229 1829//1229 1828//1229
f 1613//1229 1828//1229 1602//1229
f 1696//1230 1812//1230 1637//1230
f 1637//1231 1812//1231 1878//1231
f 1637//1232 1878//1232 1777//1232
f 1777//1233 1878//1233 1879//1233
f 1777//1233 1879//1233 1775//1233
f 1775//1234 1879//1234 1816//1234
f 1775//1234 1816//1234 1773//1234
f 1773//1235 1816//1235 1815//1235
f 1773//1235 1815//1235 1771//1235
f 1708//1205 1859//1205 1706//1205
f 1706//1236 1859//1236 1880//1236
f 1706//1236 1880//1236 1704//1236
f 1704//1237 1880//1237 1881//1237
f 1704//1237 1881//1237 1663//1237
f 1663//1238 1881//1238 1862//1238
f 1663//1238 1862//1238 1661//1238
f 1661//1239 1862//1239 1863//1239
f 1661//1239 1863//1239 1659//1239
f 1657//1240 1655//1240 1882//1240
f 1882//1240 1883//1240 1657//1240
f 1657//1241 1883//1241 1884//1241
f 1657//1242 1884//1242 1885//1242
f 1886//1243 1658//1243 1887//1243
f 1887//1244 1658//1244 1657//1244
f 1887//1245 1657//1245 1888//1245
f 1888//1240 1657//1240 1885//1240
f 1886//1246 1889//1246 1658//1246
f 1658//1247 1889//1247 1890//1247
f 1658//1248 1890//1248 1891//1248
f 1891//1249 1892//1249 1658//1249
f 1658//1250 1892//1250 1893//1250
f 1658//1251 1893//1251 1894//1251
f 1895//1252 1896//1252 1897//1252
f 1897//1253 1896//1253 1898//1253
f 1897//1254 1898//1254 1899//1254
f 1899//1255 1900//1255 1897//1255
f 1897//1256 1900//1256 1901//1256
f 1897//1257 1901//1257 1902//1257
f 1903//1258 1904//1258 1905//1258
f 1905//1259 1906//1259 1903//1259
f 1903//1260 1906//1260 1907//1260
f 1903//1261 1907//1261 1908//1261
f 1908//1262 1909//1262 1903//1262
f 1903//1263 1909//1263 1652//1263
f 1903//1264 1652//1264 1910//1264
f 1910//1265 1652//1265 1658//1265
f 1910//1266 1658//1266 1897//1266
f 1897//1267 1658//1267 1894//1267
f 1897//1268 1894//1268 1895//1268
f 1909//1269 1911//1269 1652//1269
f 1652//1270 1911//1270 1912//1270
f 1652//1271 1912//1271 1913//1271
f 1913//1272 1914//1272 1652//1272
f 1652//1273 1914//1273 1915//1273
f 1652//1274 1915//1274 1916//1274
f 1916//1275 1917//1275 1652//1275
f 1652//1276 1917//1276 1918//1276
f 1652//1277 1918//1277 1650//1277
f 1650//1278 1918//1278 1919//1278
f 1650//1279 1919//1279 1920//1279
f 1920//1280 1921//1280 1650//1280
f 1650//1281 1921//1281 1922//1281
f 1650//1280 1922//1280 1701//1280
f 1923//1282 1924//1282 1911//1282
f 1911//1282 1909//1282 1925//1282
f 1925//1282 1926//1282 1911//1282
f 1911//1282 1926//1282 1927//1282
f 1911//1282 1927//1282 1928//1282
f 1929//1282 1930//1282 1923//1282
f 1923//1282 1930//1282 1931//1282
f 1923//1282 1931//1282 1932//1282
f 1928//1282 1933//1282 1911//1282
f 1911//1282 1933//1282 1934//1282
f 1911//1282 1934//1282 1923//1282
f 1923//1282 1934//1282 1935//1282
f 1923//1282 1935//1282 1929//1282
f 1894//1283 1936//1283 1937//1283
f 1938//1283 1939//1283 1894//1283
f 1894//1283 1939//1283 1940//1283
f 1941//1283 1937//1283 1942//1283
f 1942//1283 1937//1283 1943//1283
f 1940//1283 1944//1283 1894//1283
f 1894//1283 1944//1283 1945//1283
f 1894//1283 1945//1283 1895//1283
f 1941//1283 1946//1283 1937//1283
f 1937//1283 1946//1283 1947//1283
f 1937//1283 1947//1283 1894//1283
f 1894//1283 1947//1283 1948//1283
f 1894//1283 1948//1283 1938//1283
f 1949//1017 1950//1017 1951//1017
f 1951//1017 1950//1017 1952//1017
f 1953//1017 1923//1017 1950//1017
f 1950//1017 1923//1017 1932//1017
f 1950//1017 1932//1017 1952//1017
f 1954//1017 1955//1017 1950//1017
f 1950//1017 1955//1017 1956//1017
f 1937//1017 1953//1017 1943//1017
f 1943//1017 1953//1017 1950//1017
f 1943//1017 1950//1017 1957//1017
f 1957//1017 1950//1017 1956//1017
f 1563//1284 1561//1284 1958//1284
f 1958//1285 1959//1285 1563//1285
f 1563//1286 1959//1286 1960//1286
f 1563//1287 1960//1287 1961//1287
f 1962//1288 1565//1288 1963//1288
f 1963//1289 1565//1289 1563//1289
f 1963//1290 1563//1290 1964//1290
f 1964//1291 1563//1291 1961//1291
f 1962//1292 1965//1292 1565//1292
f 1565//1293 1965//1293 1966//1293
f 1565//1294 1966//1294 1967//1294
f 1967//1295 1968//1295 1565//1295
f 1565//1296 1968//1296 1969//1296
f 1565//1297 1969//1297 1970//1297
f 1971//1298 1972//1298 1973//1298
f 1973//1299 1972//1299 1974//1299
f 1973//1300 1974//1300 1975//1300
f 1975//1300 1976//1300 1973//1300
f 1973//1301 1976//1301 1977//1301
f 1973//1302 1977//1302 1978//1302
f 1979//1303 1980//1303 1981//1303
f 1981//1304 1982//1304 1979//1304
f 1979//1305 1982//1305 1983//1305
f 1979//1306 1983//1306 1984//1306
f 1984//1307 1985//1307 1979//1307
f 1979//1308 1985//1308 1567//1308
f 1979//1309 1567//1309 1986//1309
f 1986//1310 1567//1310 1565//1310
f 1986//1311 1565//1311 1973//1311
f 1973//1312 1565//1312 1970//1312
f 1973//1313 1970//1313 1971//1313
f 1985//1314 1987//1314 1567//1314
f 1567//1315 1987//1315 1988//1315
f 1567//1316 1988//1316 1989//1316
f 1989//1317 1990//1317 1567//1317
f 1567//1318 1990//1318 1991//1318
f 1567//1319 1991//1319 1992//1319
f 1992//1320 1993//1320 1567//1320
f 1567//1321 1993//1321 1994//1321
f 1567//1322 1994//1322 1568//1322
f 1568//1323 1994//1323 1995//1323
f 1568//1324 1995//1324 1996//1324
f 1996//1325 1997//1325 1568//1325
f 1568//1326 1997//1326 1998//1326
f 1568//1327 1998//1327 1543//1327
f 1999//1328 2000//1328 1987//1328
f 1987//1329 1985//1329 2001//1329
f 2001//1330 2002//1330 1987//1330
f 1987//1330 2002//1330 2003//1330
f 1987//1330 2003//1330 2004//1330
f 2005//1330 2006//1330 1999//1330
f 1999//1330 2006//1330 2007//1330
f 1999//1330 2007//1330 2008//1330
f 2004//1330 2009//1330 1987//1330
f 1987//1330 2009//1330 2010//1330
f 1987//1330 2010//1330 1999//1330
f 1999//1330 2010//1330 2011//1330
f 1999//1330 2011//1330 2005//1330
f 1970//1331 2012//1331 2013//1331
f 2014//1332 2015//1332 1970//1332
f 1970//1332 2015//1332 2016//1332
f 2017//1332 2013//1332 2018//1332
f 2018//1333 2013//1333 2019//1333
f 2016//1332 2020//1332 1970//1332
f 1970//1332 2020//1332 2021//1332
f 1970//1332 2021//1332 1971//1332
f 2017//1332 2022//1332 2013//1332
f 2013//1332 2022//1332 2023//1332
f 2013//1332 2023//1332 1970//1332
f 1970//1332 2023//1332 2024//1332
f 1970//1332 2024//1332 2014//1332
f 2025//1017 2026//1017 2027//1017
f 2027//1017 2026//1017 2028//1017
f 2029//1017 1999//1017 2026//1017
f 2026//1017 1999//1017 2008//1017
f 2026//1017 2008//1017 2028//1017
f 2030//1017 2031//1017 2026//1017
f 2026//1017 2031//1017 2032//1017
f 2013//1017 2029//1017 2019//1017
f 2019//1017 2029//1017 2026//1017
f 2019//1017 2026//1017 2033//1017
f 2033//1017 2026//1017 2032//1017
f 1605//1334 1604//1334 2034//1334
f 2034//1335 2035//1335 1605//1335
f 1605//1336 2035//1336 2036//1336
f 1605//1336 2036//1336 2037//1336
f 2038//1337 1607//1337 2039//1337
f 2039//1338 1607//1338 1605//1338
f 2039//1339 1605//1339 2040//1339
f 2040//1340 1605//1340 2037//1340
f 2038//1341 2041//1341 1607//1341
f 1607//1342 2041//1342 2042//1342
f 1607//1343 2042//1343 2043//1343
f 2043//1344 2044//1344 1607//1344
f 1607//1345 2044//1345 2045//1345
f 1607//1346 2045//1346 2046//1346
f 2047//1347 2048//1347 2049//1347
f 2049//1348 2048//1348 2050//1348
f 2049//1349 2050//1349 2051//1349
f 2051//1350 2052//1350 2049//1350
f 2049//1351 2052//1351 2053//1351
f 2049//1352 2053//1352 2054//1352
f 2055//1353 2056//1353 2057//1353
f 2057//1354 2058//1354 2055//1354
f 2055//1355 2058//1355 2059//1355
f 2055//1356 2059//1356 2060//1356
f 2060//1357 2061//1357 2055//1357
f 2055//1358 2061//1358 1612//1358
f 2055//1359 1612//1359 2062//1359
f 2062//1360 1612//1360 1607//1360
f 2062//1361 1607//1361 2049//1361
f 2049//1362 1607//1362 2046//1362
f 2049//1363 2046//1363 2047//1363
f 2061//1364 2063//1364 1612//1364
f 1612//1365 2063//1365 2064//1365
f 1612//1366 2064//1366 2065//1366
f 2065//1367 2066//1367 1612//1367
f 1612//1368 2066//1368 2067//1368
f 1612//1369 2067//1369 2068//1369
f 2068//1370 2069//1370 1612//1370
f 1612//1371 2069//1371 2070//1371
f 1612//1372 2070//1372 1611//1372
f 1611//1373 2070//1373 2071//1373
f 1611//1374 2071//1374 2072//1374
f 2072//1375 2073//1375 1611//1375
f 1611//1376 2073//1376 2074//1376
f 1611//1377 2074//1377 1609//1377
f 2075//1378 2076//1378 2063//1378
f 2063//1379 2061//1379 2077//1379
f 2077//1380 2078//1380 2063//1380
f 2063//1380 2078//1380 2079//1380
f 2063//1380 2079//1380 2080//1380
f 2081//1380 2082//1380 2075//1380
f 2075//1380 2082//1380 2083//1380
f 2075//1380 2083//1380 2084//1380
f 2080//1380 2085//1380 2063//1380
f 2063//1381 2085//1381 2086//1381
f 2063//1380 2086//1380 2075//1380
f 2075//1380 2086//1380 2087//1380
f 2075//1380 2087//1380 2081//1380
f 2046//1382 2088//1382 2089//1382
f 2090//1383 2091//1383 2046//1383
f 2046//1383 2091//1383 2092//1383
f 2093//1383 2089//1383 2094//1383
f 2094//1384 2089//1384 2095//1384
f 2092//1383 2096//1383 2046//1383
f 2046//1383 2096//1383 2097//1383
f 2046//1383 2097//1383 2047//1383
f 2093//1383 2098//1383 2089//1383
f 2089//1383 2098//1383 2099//1383
f 2089//1383 2099//1383 2046//1383
f 2046//1383 2099//1383 2100//1383
f 2046//1383 2100//1383 2090//1383
f 2101//1017 2102//1017 2103//1017
f 2103//1017 2102//1017 2104//1017
f 2105//1017 2075//1017 2102//1017
f 2102//1017 2075//1017 2084//1017
f 2102//1017 2084//1017 2104//1017
f 2106//1017 2107//1017 2102//1017
f 2102//1017 2107//1017 2108//1017
f 2089//1017 2105//1017 2095//1017
f 2095//1017 2105//1017 2102//1017
f 2095//1017 2102//1017 2109//1017
f 2109//1385 2102//1385 2108//1385
f 1783//1386 1781//1386 2110//1386
f 2110//1387 2111//1387 1783//1387
f 1783//1388 2111//1388 2112//1388
f 1783//1389 2112//1389 2113//1389
f 2114//1390 1785//1390 2115//1390
f 2115//1391 1785//1391 1783//1391
f 2115//1392 1783//1392 2116//1392
f 2116//1389 1783//1389 2113//1389
f 2114//1393 2117//1393 1785//1393
f 1785//1394 2117//1394 2118//1394
f 1785//1395 2118//1395 2119//1395
f 2119//1396 2120//1396 1785//1396
f 1785//1397 2120//1397 2121//1397
f 1785//1398 2121//1398 2122//1398
f 2123//1399 2124//1399 2125//1399
f 2125//1400 2124//1400 2126//1400
f 2125//1401 2126//1401 2127//1401
f 2127//1402 2128//1402 2125//1402
f 2125//1403 2128//1403 2129//1403
f 2125//1404 2129//1404 2130//1404
f 2131//1405 2132//1405 2133//1405
f 2133//1406 2134//1406 2131//1406
f 2131//1407 2134//1407 2135//1407
f 2131//1408 2135//1408 2136//1408
f 2136//1409 2137//1409 2131//1409
f 2131//1410 2137//1410 1786//1410
f 2131//1411 1786//1411 2138//1411
f 2138//1412 1786//1412 1785//1412
f 2138//1413 1785//1413 2125//1413
f 2125//1414 1785//1414 2122//1414
f 2125//1415 2122//1415 2123//1415
f 2137//1416 2139//1416 1786//1416
f 1786//1417 2139//1417 2140//1417
f 1786//1418 2140//1418 2141//1418
f 2141//1419 2142//1419 1786//1419
f 1786//1420 2142//1420 2143//1420
f 1786//1421 2143//1421 2144//1421
f 2144//1422 2145//1422 1786//1422
f 1786//1423 2145//1423 2146//1423
f 1786//1424 2146//1424 1761//1424
f 1761//1425 2146//1425 2147//1425
f 1761//1426 2147//1426 2148//1426
f 2148//1427 2149//1427 1761//1427
f 1761//1428 2149//1428 2150//1428
f 1761//1429 2150//1429 1760//1429
f 2151//1430 2152//1430 2139//1430
f 2139//1431 2137//1431 2153//1431
f 2153//1432 2154//1432 2139//1432
f 2139//1432 2154//1432 2155//1432
f 2139//1432 2155//1432 2156//1432
f 2157//1432 2158//1432 2151//1432
f 2151//1432 2158//1432 2159//1432
f 2151//1432 2159//1432 2160//1432
f 2156//1432 2161//1432 2139//1432
f 2139//1432 2161//1432 2162//1432
f 2139//1432 2162//1432 2151//1432
f 2151//1432 2162//1432 2163//1432
f 2151//1432 2163//1432 2157//1432
f 2122//1433 2164//1433 2165//1433
f 2166//1434 2167//1434 2122//1434
f 2122//1434 2167//1434 2168//1434
f 2169//1434 2165//1434 2170//1434
f 2170//1434 2165//1434 2171//1434
f 2168//1434 2172//1434 2122//1434
f 2122//1434 2172//1434 2173//1434
f 2122//1434 2173//1434 2123//1434
f 2169//1434 2174//1434 2165//1434
f 2165//1434 2174//1434 2175//1434
f 2165//1434 2175//1434 2122//1434
f 2122//1434 2175//1434 2176//1434
f 2122//1434 2176//1434 2166//1434
f 2177//1017 2178//1017 2179//1017
f 2179//1017 2178//1017 2180//1017
f 2181//1017 2151//1017 2178//1017
f 2178//1017 2151//1017 2160//1017
f 2178//1017 2160//1017 2180//1017
f 2182//1159 2183//1159 2178//1159
f 2178//1017 2183//1017 2184//1017
f 2165//1017 2181//1017 2171//1017
f 2171//1017 2181//1017 2178//1017
f 2171//1017 2178//1017 2185//1017
f 2185//1159 2178//1159 2184//1159
f 2186//1017 1881//1017 2187//1017
f 2187//1017 1881//1017 1880//1017
f 2187//1017 1880//1017 2188//1017
f 2188//1017 1880//1017 1859//1017
f 2188//1017 1859//1017 2189//1017
f 2189//1017 1859//1017 1857//1017
f 2189//1017 1857//1017 2190//1017
f 2190//1017 1857//1017 1811//1017
f 2190//1017 1811//1017 2191//1017
f 2191//1017 1811//1017 1853//1017
f 2191//1017 1853//1017 2192//1017
f 2192//1017 1853//1017 1851//1017
f 2192//1017 1851//1017 2193//1017
f 2193//1017 1851//1017 1871//1017
f 2193//1017 1871//1017 2194//1017
f 2194//1017 1871//1017 1870//1017
f 2194//1017 1870//1017 2195//1017
f 2195//1017 1870//1017 1869//1017
f 2195//1017 1869//1017 2196//1017
f 2196//1017 1869//1017 1847//1017
f 2196//1017 1847//1017 2197//1017
f 2197//1017 1847//1017 1843//1017
f 2197//1017 1843//1017 2198//1017
f 2198//1017 1843//1017 1842//1017
f 2198//1017 1842//1017 2199//1017
f 2199//1017 1842//1017 1840//1017
f 2199//1017 1840//1017 2200//1017
f 2200//1017 1840//1017 1874//1017
f 2200//1017 1874//1017 2201//1017
f 2201//1017 1874//1017 1873//1017
f 2201//1017 1873//1017 2202//1017
f 2202//1017 1873//1017 1872//1017
f 2202//1017 1872//1017 2203//1017
f 2203//1017 1872//1017 1834//1017
f 2203//1017 1834//1017 2204//1017
f 2204//1017 1834//1017 1835//1017
f 2204//1017 1835//1017 2205//1017
f 2205//1017 1835//1017 1831//1017
f 2205//1017 1831//1017 2206//1017
f 2206//1017 1831//1017 1829//1017
f 2206//1017 1829//1017 2207//1017
f 2207//1017 1829//1017 1877//1017
f 2207//1017 1877//1017 2208//1017
f 2208//1017 1877//1017 1876//1017
f 2208//1017 1876//1017 2209//1017
f 2209//1017 1876//1017 1875//1017
f 2209//1017 1875//1017 2210//1017
f 2210//1017 1875//1017 1827//1017
f 2210//1017 1827//1017 2211//1017
f 2211//1017 1827//1017 1823//1017
f 2211//1017 1823//1017 2212//1017
f 2212//1017 1823//1017 1820//1017
f 2212//1017 1820//1017 2213//1017
f 2213//1017 1820//1017 1818//1017
f 2213//1017 1818//1017 2214//1017
f 2214//1017 1818//1017 1816//1017
f 2214//1017 1816//1017 2215//1017
f 2215//1017 1816//1017 1879//1017
f 2215//1017 1879//1017 2216//1017
f 2216//1017 1879//1017 1878//1017
f 2216//1017 1878//1017 2217//1017
f 2217//1017 1878//1017 1812//1017
f 2217//1017 1812//1017 2218//1017
f 2218//1017 1812//1017 1814//1017
f 2218//1017 1814//1017 2219//1017
f 2219//1017 1814//1017 1866//1017
f 2219//1017 1866//1017 2220//1017
f 2220//1017 1866//1017 1860//1017
f 2220//1017 1860//1017 2221//1017
f 2221//1017 1860//1017 1862//1017
f 2221//1017 1862//1017 2186//1017
f 2186//1017 1862//1017 1881//1017
f 2222//1017 2223//1017 2224//1017
f 2225//1017 2226//1017 2227//1017
f 2228//1017 2229//1017 2230//1017
f 2225//1017 2227//1017 2231//1017
f 2231//1017 2227//1017 2232//1017
f 2231//1017 2232//1017 2233//1017
f 2234//1017 2235//1017 2236//1017
f 2228//1017 2230//1017 2237//1017
f 2238//1017 2239//1017 2240//1017
f 2240//1017 2239//1017 2241//1017
f 2240//1017 2241//1017 2242//1017
f 2242//1017 2241//1017 2243//1017
f 2244//1017 2245//1017 2246//1017
f 2234//1017 2236//1017 2247//1017
f 2236//1017 2248//1017 2247//1017
f 2247//1017 2248//1017 2249//1017
f 2247//1017 2249//1017 2230//1017
f 2230//1017 2249//1017 2250//1017
f 2230//1017 2250//1017 2237//1017
f 2238//1017 2240//1017 2251//1017
f 2251//1017 2240//1017 2252//1017
f 2251//1017 2252//1017 2253//1017
f 2245//1017 2254//1017 2246//1017
f 2246//1017 2254//1017 2255//1017
f 2246//1017 2255//1017 2256//1017
f 2257//1017 2258//1017 2259//1017
f 2260//1017 2261//1017 2262//1017
f 2263//1017 2264//1017 2234//1017
f 2234//1017 2264//1017 2265//1017
f 2234//1017 2265//1017 2235//1017
f 2252//1017 2266//1017 2253//1017
f 2253//1017 2266//1017 2267//1017
f 2253//1017 2267//1017 2268//1017
f 2255//1017 2269//1017 2256//1017
f 2256//1017 2269//1017 2270//1017
f 2256//1017 2270//1017 2225//1017
f 2225//1017 2270//1017 2271//1017
f 2225//1017 2271//1017 2226//1017
f 2258//1017 2272//1017 2259//1017
f 2259//1017 2272//1017 2273//1017
f 2259//1017 2273//1017 2274//1017
f 2229//1017 2275//1017 2230//1017
f 2230//1017 2275//1017 2276//1017
f 2230//1017 2276//1017 2259//1017
f 2259//1017 2276//1017 2277//1017
f 2259//1017 2277//1017 2257//1017
f 2274//1017 2273//1017 2278//1017
f 2278//1017 2273//1017 2279//1017
f 2278//1017 2279//1017 2280//1017
f 2280//1017 2279//1017 2281//1017
f 2280//1017 2281//1017 2282//1017
f 2282//1017 2281//1017 2283//1017
f 2282//1017 2283//1017 2284//1017
f 2284//1017 2283//1017 2285//1017
f 2284//1017 2285//1017 2286//1017
f 2286//1017 2285//1017 2287//1017
f 2286//1017 2287//1017 2262//1017
f 2262//1017 2287//1017 2288//1017
f 2262//1017 2288//1017 2260//1017
f 2289//1017 2290//1017 2291//1017
f 2291//1017 2290//1017 2292//1017
f 2291//1017 2292//1017 2293//1017
f 2293//1017 2294//1017 2291//1017
f 2291//1017 2294//1017 2295//1017
f 2291//1017 2295//1017 2296//1017
f 2297//1017 2298//1017 2299//1017
f 2299//1017 2298//1017 2300//1017
f 2299//1017 2300//1017 2260//1017
f 2260//1017 2300//1017 2301//1017
f 2260//1017 2301//1017 2261//1017
f 2243//1017 2241//1017 2302//1017
f 2302//1017 2241//1017 2303//1017
f 2302//1017 2303//1017 2304//1017
f 2304//1017 2303//1017 2305//1017
f 2304//1017 2305//1017 2306//1017
f 2306//1017 2305//1017 2307//1017
f 2306//1017 2307//1017 2298//1017
f 2298//1017 2307//1017 2308//1017
f 2298//1017 2308//1017 2300//1017
f 2268//1017 2309//1017 2253//1017
f 2253//1017 2309//1017 2310//1017
f 2253//1017 2310//1017 2246//1017
f 2246//1017 2310//1017 2311//1017
f 2246//1017 2311//1017 2244//1017
f 2233//1017 2312//1017 2231//1017
f 2231//1017 2312//1017 2313//1017
f 2231//1017 2313//1017 2314//1017
f 2314//1017 2289//1017 2231//1017
f 2231//1017 2289//1017 2291//1017
f 2231//1017 2291//1017 2315//1017
f 2315//1017 2291//1017 2316//1017
f 2315//1017 2316//1017 2317//1017
f 2317//1017 2316//1017 2318//1017
f 2317//1017 2318//1017 2319//1017
f 2319//1017 2318//1017 2320//1017
f 2319//1017 2320//1017 2321//1017
f 2321//1017 2320//1017 2322//1017
f 2321//1017 2322//1017 2323//1017
f 2322//1017 2324//1017 2323//1017
f 2323//1017 2324//1017 2325//1017
f 2323//1017 2325//1017 2326//1017
f 2325//1017 2327//1017 2326//1017
f 2326//1017 2327//1017 2328//1017
f 2326//1017 2328//1017 2263//1017
f 2263//1017 2328//1017 2329//1017
f 2263//1017 2329//1017 2264//1017
f 2297//1017 2299//1017 2296//1017
f 2296//1017 2299//1017 2330//1017
f 2296//1017 2330//1017 2291//1017
f 2331//1017 2332//1017 2333//1017
f 2334//1017 2335//1017 2336//1017
f 2336//1017 2335//1017 2331//1017
f 2336//1017 2331//1017 2337//1017
f 2337//1017 2331//1017 2333//1017
f 2334//1017 2338//1017 2335//1017
f 2335//1017 2338//1017 2339//1017
f 2335//1017 2339//1017 2340//1017
f 2341//1017 2342//1017 2343//1017
f 2343//1017 2342//1017 2344//1017
f 2343//1017 2344//1017 2345//1017
f 2345//1017 2344//1017 2346//1017
f 2345//1017 2346//1017 2347//1017
f 2348//1017 2349//1017 2350//1017
f 2348//1017 2351//1017 2349//1017
f 2349//1017 2351//1017 2352//1017
f 2349//1017 2352//1017 2353//1017
f 2353//1017 2354//1017 2349//1017
f 2349//1017 2354//1017 2342//1017
f 2349//1017 2342//1017 2355//1017
f 2355//1017 2342//1017 2341//1017
f 2355//1017 2341//1017 2259//1017
f 2259//1017 2341//1017 2356//1017
f 2259//1017 2356//1017 2230//1017
f 2346//1017 2357//1017 2347//1017
f 2347//1017 2357//1017 2358//1017
f 2347//1017 2358//1017 2332//1017
f 2332//1017 2358//1017 2359//1017
f 2332//1017 2359//1017 2333//1017
f 2339//1017 2360//1017 2340//1017
f 2340//1017 2360//1017 2361//1017
f 2340//1017 2361//1017 2223//1017
f 2223//1017 2361//1017 2362//1017
f 2224//1017 2363//1017 2364//1017
f 2364//1017 2365//1017 2224//1017
f 2224//1017 2365//1017 2366//1017
f 2224//1017 2366//1017 2367//1017
f 2367//1017 2366//1017 2368//1017
f 2368//1017 2366//1017 2369//1017
f 2368//1017 2369//1017 2370//1017
f 2370//1017 2369//1017 2371//1017
f 2370//1017 2371//1017 2372//1017
f 2372//1017 2371//1017 2373//1017
f 2372//1017 2373//1017 2374//1017
f 2374//1017 2373//1017 2375//1017
f 2374//1017 2375//1017 2376//1017
f 2376//1017 2375//1017 2377//1017
f 2376//1017 2377//1017 2350//1017
f 2350//1017 2377//1017 2378//1017
f 2350//1017 2378//1017 2348//1017
f 2362//1017 2379//1017 2223//1017
f 2223//1017 2379//1017 2380//1017
f 2223//1017 2380//1017 2381//1017
f 2381//1017 2382//1017 2223//1017
f 2223//1017 2382//1017 2383//1017
f 2223//1017 2383//1017 2224//1017
f 2224//1017 2383//1017 2384//1017
f 2224//1017 2384//1017 2363//1017
f 2385//1017 2386//1017 2387//1017
f 2387//1017 2386//1017 2388//1017
f 2387//1017 2388//1017 2224//1017
f 2224//1017 2388//1017 2389//1017
f 2224//1017 2389//1017 2222//1017
f 2390//1017 2391//1017 2385//1017
f 2392//1017 2393//1017 2394//1017
f 2395//1017 2396//1017 2397//1017
f 2385//1017 2391//1017 2398//1017
f 2394//1017 2393//1017 2396//1017
f 2396//1017 2393//1017 2399//1017
f 2396//1017 2399//1017 2397//1017
f 2397//1017 2400//1017 2395//1017
f 2395//1017 2400//1017 2401//1017
f 2395//1017 2401//1017 2402//1017
f 2403//1017 2404//1017 2387//1017
f 2405//1017 2406//1017 2385//1017
f 2385//1017 2406//1017 2407//1017
f 2385//1017 2407//1017 2390//1017
f 2391//1017 2408//1017 2398//1017
f 2398//1017 2408//1017 2409//1017
f 2398//1017 2409//1017 2394//1017
f 2394//1017 2409//1017 2410//1017
f 2394//1017 2410//1017 2392//1017
f 2404//1017 2411//1017 2387//1017
f 2387//1017 2411//1017 2412//1017
f 2387//1017 2412//1017 2385//1017
f 2385//1017 2412//1017 2413//1017
f 2385//1017 2413//1017 2405//1017
f 2403//1017 2387//1017 2414//1017
f 2414//1017 2387//1017 2415//1017
f 2414//1017 2415//1017 2416//1017
f 2417//1017 2418//1017 2419//1017
f 2416//1017 2420//1017 2414//1017
f 2414//1017 2420//1017 2417//1017
f 2414//1017 2417//1017 2421//1017
f 2421//1017 2417//1017 2419//1017
f 2401//1017 2422//1017 2402//1017
f 2402//1017 2422//1017 2423//1017
f 2402//1017 2423//1017 2424//1017
f 2424//1017 2423//1017 2425//1017
f 2424//1017 2425//1017 2426//1017
f 2426//1017 2425//1017 2427//1017
f 2426//1017 2427//1017 2428//1017
f 2428//1017 2427//1017 2429//1017
f 2428//1017 2429//1017 2430//1017
f 2430//1017 2429//1017 2431//1017
f 2430//1017 2431//1017 2246//1017
f 2431//1017 2432//1017 2246//1017
f 2246//1017 2432//1017 2433//1017
f 2246//1017 2433//1017 2253//1017
f 2253//1017 2433//1017 2434//1017
f 2418//1017 2417//1017 2435//1017
f 2435//1017 2417//1017 2436//1017
f 2435//1017 2436//1017 2437//1017
f 2437//1017 2436//1017 2438//1017
f 2437//1017 2438//1017 2439//1017
f 2439//1017 2438//1017 2440//1017
f 2439//1017 2440//1017 2441//1017
f 2441//1017 2440//1017 2442//1017
f 2441//1017 2442//1017 2434//1017
f 2434//1017 2442//1017 2443//1017
f 2434//1017 2443//1017 2253//1017
f 2194//1435 2246//1435 2193//1435
f 2193//1436 2246//1436 2256//1436
f 2193//1437 2256//1437 2192//1437
f 2192//1437 2256//1437 2225//1437
f 2192//1225 2225//1225 2191//1225
f 2191//1225 2225//1225 2231//1225
f 2191//1226 2231//1226 2190//1226
f 2190//1226 2231//1226 2315//1226
f 2190//1438 2315//1438 2189//1438
f 2189//1438 2315//1438 2317//1438
f 2189//1228 2317//1228 2188//1228
f 2188//1228 2317//1228 2319//1228
f 2188//1439 2319//1439 2187//1439
f 2187//1439 2319//1439 2321//1439
f 2187//1182 2321//1182 2186//1182
f 2186//1182 2321//1182 2323//1182
f 2186//1440 2323//1440 2221//1440
f 2221//1440 2323//1440 2326//1440
f 2221//1441 2326//1441 2220//1441
f 2220//1441 2326//1441 2263//1441
f 2220//1442 2263//1442 2219//1442
f 2219//1442 2263//1442 2234//1442
f 2219//1443 2234//1443 2218//1443
f 2234//1443 2247//1443 2218//1443
f 2218//1444 2247//1444 2230//1444
f 2218//1445 2230//1445 2217//1445
f 2217//1446 2230//1446 2356//1446
f 2217//1447 2356//1447 2216//1447
f 2216//1447 2356//1447 2341//1447
f 2216//1448 2341//1448 2215//1448
f 2215//1448 2341//1448 2343//1448
f 2215//1449 2343//1449 2214//1449
f 2214//1449 2343//1449 2345//1449
f 2214//1215 2345//1215 2213//1215
f 2213//1215 2345//1215 2347//1215
f 2213//1450 2347//1450 2212//1450
f 2212//1450 2347//1450 2332//1450
f 2212//1217 2332//1217 2211//1217
f 2211//1217 2332//1217 2331//1217
f 2211//1218 2331//1218 2210//1218
f 2210//1218 2331//1218 2335//1218
f 2210//1196 2335//1196 2209//1196
f 2209//1196 2335//1196 2340//1196
f 2209//1451 2340//1451 2208//1451
f 2208//1451 2340//1451 2223//1451
f 2208//1452 2223//1452 2207//1452
f 2207//1452 2223//1452 2222//1452
f 2207//1453 2222//1453 2206//1453
f 2206//1453 2222//1453 2389//1453
f 2206//1454 2389//1454 2205//1454
f 2205//1454 2389//1454 2388//1454
f 2205//1237 2388//1237 2204//1237
f 2204//1237 2388//1237 2386//1237
f 2204//1455 2386//1455 2203//1455
f 2203//1455 2386//1455 2385//1455
f 2203//1456 2385//1456 2202//1456
f 2202//1456 2385//1456 2398//1456
f 2202//1457 2398//1457 2201//1457
f 2201//1457 2398//1457 2394//1457
f 2201//1458 2394//1458 2200//1458
f 2200//1458 2394//1458 2396//1458
f 2200//1459 2396//1459 2199//1459
f 2199//1459 2396//1459 2395//1459
f 2199//1460 2395//1460 2198//1460
f 2198//1460 2395//1460 2402//1460
f 2198//1233 2402//1233 2197//1233
f 2197//1233 2402//1233 2424//1233
f 2197//1461 2424//1461 2196//1461
f 2196//1461 2424//1461 2426//1461
f 2196//1462 2426//1462 2195//1462
f 2195//1462 2426//1462 2428//1462
f 2195//1463 2428//1463 2194//1463
f 2194//1463 2428//1463 2430//1463
f 2194//1464 2430//1464 2246//1464
f 2444//1465 2445//1465 2446//1465
f 2446//1466 2445//1466 2447//1466
f 2446//1467 2447//1467 2448//1467
f 2448//1468 2447//1468 2449//1468
f 2448//1469 2449//1469 2450//1469
f 2450//1470 2449//1470 2451//1470
f 2450//1471 2451//1471 2452//1471
f 2452//1472 2451//1472 2453//1472
f 2452//1473 2453//1473 2454//1473
f 2454//1474 2453//1474 2455//1474
f 2454//1475 2455//1475 2456//1475
f 2456//1476 2455//1476 2457//1476
f 2456//1477 2457//1477 2458//1477
f 2458//1478 2457//1478 2459//1478
f 2458//1479 2459//1479 2460//1479
f 2460//1480 2459//1480 2461//1480
f 2460//1481 2461//1481 2462//1481
f 2462//1482 2461//1482 2463//1482
f 2462//1483 2463//1483 2464//1483
f 2464//1484 2463//1484 2465//1484
f 2464//1485 2465//1485 2466//1485
f 2466//1486 2465//1486 2467//1486
f 2466//1487 2467//1487 2468//1487
f 2468//1488 2467//1488 2469//1488
f 2468//1489 2469//1489 2470//1489
f 2470//1490 2469//1490 2471//1490
f 2470//1491 2471//1491 2472//1491
f 2472//1492 2471//1492 2473//1492
f 2472//1493 2473//1493 2474//1493
f 2474//1494 2473//1494 2475//1494
f 2474//1495 2475//1495 2476//1495
f 2476//1496 2475//1496 2477//1496
f 2476//1497 2477//1497 2478//1497
f 2478//1498 2477//1498 2479//1498
f 2478//1499 2479//1499 2480//1499
f 2480//1500 2479//1500 2481//1500
f 2480//1501 2481//1501 2482//1501
f 2482//1502 2481//1502 2483//1502
f 2482//1503 2483//1503 2484//1503
f 2484//1503 2483//1503 2485//1503
f 2484//1504 2485//1504 2486//1504
f 2486//1505 2485//1505 2487//1505
f 2486//1506 2487//1506 2488//1506
f 2488//1507 2487//1507 2489//1507
f 2488//1508 2489//1508 2490//1508
f 2490//1509 2489//1509 2491//1509
f 2490//1510 2491//1510 2492//1510
f 2492//1510 2491//1510 2493//1510
f 2492//1511 2493//1511 2494//1511
f 2494//1512 2493//1512 2495//1512
f 2494//1513 2495//1513 2496//1513
f 2496//1514 2495//1514 2497//1514
f 2496//1515 2497//1515 2498//1515
f 2498//1516 2497//1516 2499//1516
f 2498//1517 2499//1517 2500//1517
f 2500//1518 2499//1518 2501//1518
f 2500//1519 2501//1519 2502//1519
f 2502//1519 2501//1519 2503//1519
f 2502//1520 2503//1520 2504//1520
f 2504//1521 2503//1521 2505//1521
f 2504//1522 2505//1522 2506//1522
f 2506//1523 2505//1523 2507//1523
f 2506//1524 2507//1524 2508//1524
f 2508//1525 2507//1525 2509//1525
f 2508//1526 2509//1526 2510//1526
f 2510//1527 2509//1527 2511//1527
f 2510//1528 2511//1528 2512//1528
f 2512//1529 2511//1529 2513//1529
f 2512//1530 2513//1530 2514//1530
f 2514//1531 2513//1531 2515//1531
f 2514//1532 2515//1532 2444//1532
f 2444//1533 2515//1533 2445//1533
f 2516//1534 2442//1534 2517//1534
f 2517//1535 2442//1535 2440//1535
f 2517//1536 2440//1536 2518//1536
f 2518//1537 2440//1537 2438//1537
f 2518//1537 2438//1537 2519//1537
f 2519//1538 2438//1538 2436//1538
f 2519//1539 2436//1539 2520//1539
f 2520//1540 2436//1540 2417//1540
f 2520//1541 2417//1541 2521//1541
f 2521//1542 2417//1542 2420//1542
f 2521//1543 2420//1543 2522//1543
f 2522//1544 2420//1544 2416//1544
f 2522//1545 2416//1545 2523//1545
f 2523//1546 2416//1546 2415//1546
f 2523//1547 2415//1547 2524//1547
f 2524//1548 2415//1548 2387//1548
f 2524//1549 2387//1549 2525//1549
f 2525//1550 2387//1550 2224//1550
f 2355//1551 2526//1551 2349//1551
f 2349//1552 2526//1552 2527//1552
f 2349//1553 2527//1553 2350//1553
f 2350//1554 2527//1554 2528//1554
f 2350//1555 2528//1555 2376//1555
f 2376//1556 2528//1556 2529//1556
f 2376//1557 2529//1557 2374//1557
f 2374//1558 2529//1558 2530//1558
f 2374//1558 2530//1558 2372//1558
f 2372//1559 2530//1559 2531//1559
f 2372//1559 2531//1559 2370//1559
f 2370//1560 2531//1560 2532//1560
f 2370//1561 2532//1561 2368//1561
f 2368//1562 2532//1562 2525//1562
f 2368//1563 2525//1563 2367//1563
f 2367//1564 2525//1564 2224//1564
f 2259//1565 2533//1565 2355//1565
f 2355//1566 2533//1566 2534//1566
f 2355//1567 2534//1567 2526//1567
f 2259//1568 2274//1568 2533//1568
f 2533//1569 2274//1569 2278//1569
f 2533//1570 2278//1570 2535//1570
f 2535//1571 2278//1571 2280//1571
f 2535//1572 2280//1572 2536//1572
f 2536//1573 2280//1573 2282//1573
f 2536//1574 2282//1574 2537//1574
f 2537//1575 2282//1575 2284//1575
f 2537//1576 2284//1576 2538//1576
f 2538//1577 2284//1577 2286//1577
f 2538//1578 2286//1578 2539//1578
f 2539//1579 2286//1579 2262//1579
f 2539//1580 2262//1580 2540//1580
f 2540//1581 2262//1581 2261//1581
f 2540//1582 2261//1582 2541//1582
f 2541//1583 2261//1583 2301//1583
f 2541//1584 2301//1584 2542//1584
f 2542//1585 2301//1585 2300//1585
f 2542//1586 2300//1586 2543//1586
f 2543//1587 2300//1587 2308//1587
f 2543//1588 2308//1588 2544//1588
f 2544//1589 2308//1589 2307//1589
f 2544//1590 2307//1590 2545//1590
f 2545//1591 2307//1591 2305//1591
f 2545//1592 2305//1592 2546//1592
f 2546//1593 2305//1593 2303//1593
f 2546//1593 2303//1593 2547//1593
f 2547//1594 2303//1594 2241//1594
f 2547//1595 2241//1595 2548//1595
f 2548//1596 2241//1596 2239//1596
f 2548//1597 2239//1597 2549//1597
f 2549//1598 2239//1598 2238//1598
f 2549//1599 2238//1599 2550//1599
f 2550//1600 2238//1600 2251//1600
f 2550//1601 2251//1601 2551//1601
f 2551//1602 2251//1602 2253//1602
f 2551//1603 2253//1603 2516//1603
f 2516//1604 2253//1604 2443//1604
f 2516//1605 2443//1605 2442//1605
f 2547//1606 2552//1606 2546//1606
f 2546//1607 2552//1607 2553//1607
f 2546//1608 2553//1608 2545//1608
f 2545//1609 2553//1609 2554//1609
f 2545//1610 2554//1610 2544//1610
f 2544//1611 2554//1611 2555//1611
f 2544//1612 2555//1612 2543//1612
f 2543//1613 2555//1613 2556//1613
f 2543//1614 2556//1614 2542//1614
f 2542//1615 2556//1615 2557//1615
f 2542//1616 2557//1616 2541//1616
f 2541//1617 2557//1617 2558//1617
f 2541//1617 2558//1617 2540//1617
f 2540//1618 2558//1618 2559//1618
f 2540//1619 2559//1619 2539//1619
f 2539//1620 2559//1620 2560//1620
f 2539//1621 2560//1621 2538//1621
f 2538//1622 2560//1622 2561//1622
f 2538//1623 2561//1623 2537//1623
f 2537//1624 2561//1624 2562//1624
f 2537//1625 2562//1625 2536//1625
f 2536//1626 2562//1626 2563//1626
f 2536//1627 2563//1627 2535//1627
f 2535//1628 2563//1628 2564//1628
f 2535//1629 2564//1629 2533//1629
f 2533//1630 2564//1630 2565//1630
f 2533//1631 2565//1631 2534//1631
f 2534//1632 2565//1632 2566//1632
f 2534//1633 2566//1633 2526//1633
f 2526//1634 2566//1634 2567//1634
f 2526//1634 2567//1634 2527//1634
f 2527//1635 2567//1635 2568//1635
f 2527//1636 2568//1636 2528//1636
f 2528//1637 2568//1637 2569//1637
f 2528//1638 2569//1638 2529//1638
f 2529//1639 2569//1639 2570//1639
f 2529//1640 2570//1640 2530//1640
f 2530//1641 2570//1641 2571//1641
f 2530//1642 2571//1642 2531//1642
f 2531//1643 2571//1643 2572//1643
f 2531//1644 2572//1644 2532//1644
f 2532//1645 2572//1645 2573//1645
f 2532//1646 2573//1646 2525//1646
f 2525//1647 2573//1647 2574//1647
f 2525//1648 2574//1648 2524//1648
f 2524//1649 2574//1649 2575//1649
f 2524//1650 2575//1650 2523//1650
f 2523//1651 2575//1651 2576//1651
f 2523//1652 2576//1652 2522//1652
f 2522//1653 2576//1653 2577//1653
f 2522//1653 2577//1653 2521//1653
f 2521//1654 2577//1654 2578//1654
f 2521//1655 2578//1655 2520//1655
f 2520//1656 2578//1656 2579//1656
f 2520//1657 2579//1657 2519//1657
f 2519//1658 2579//1658 2580//1658
f 2519//1659 2580//1659 2518//1659
f 2518//1660 2580//1660 2581//1660
f 2518//1661 2581//1661 2517//1661
f 2517//1662 2581//1662 2582//1662
f 2517//1663 2582//1663 2516//1663
f 2516//1664 2582//1664 2583//1664
f 2516//1665 2583//1665 2551//1665
f 2551//1666 2583//1666 2584//1666
f 2551//1667 2584//1667 2550//1667
f 2550//1668 2584//1668 2585//1668
f 2550//1668 2585//1668 2549//1668
f 2549//1669 2585//1669 2586//1669
f 2549//1670 2586//1670 2548//1670
f 2548//1671 2586//1671 2587//1671
f 2548//1672 2587//1672 2547//1672
f 2547//1606 2587//1606 2552//1606
f 2587//1673 2588//1673 2552//1673
f 2552//1674 2588//1674 2589//1674
f 2552//1675 2589//1675 2553//1675
f 2553//1676 2589//1676 2590//1676
f 2553//1677 2590//1677 2554//1677
f 2554//1678 2590//1678 2591//1678
f 2554//1678 2591//1678 2555//1678
f 2555//1679 2591//1679 2592//1679
f 2555//1680 2592//1680 2556//1680
f 2556//1681 2592//1681 2593//1681
f 2556//1681 2593//1681 2557//1681
f 2557//1682 2593//1682 2594//1682
f 2557//1683 2594//1683 2558//1683
f 2558//1684 2594//1684 2595//1684
f 2558//1685 2595//1685 2559//1685
f 2559//1686 2595//1686 2596//1686
f 2559//1687 2596//1687 2560//1687
f 2560//1688 2596//1688 2597//1688
f 2560//1689 2597//1689 2561//1689
f 2561//1690 2597//1690 2598//1690
f 2561//1691 2598//1691 2562//1691
f 2562//1692 2598//1692 2599//1692
f 2562//1693 2599//1693 2563//1693
f 2563//1694 2599//1694 2600//1694
f 2563//1694 2600//1694 2564//1694
f 2564//1695 2600//1695 2601//1695
f 2564//1696 2601//1696 2565//1696
f 2565//1697 2601//1697 2602//1697
f 2565//1697 2602//1697 2566//1697
f 2566//1698 2602//1698 2603//1698
f 2566//1699 2603//1699 2567//1699
f 2567//1700 2603//1700 2604//1700
f 2567//1701 2604//1701 2568//1701
f 2568//1702 2604//1702 2605//1702
f 2568//1703 2605//1703 2569//1703
f 2569//1704 2605//1704 2606//1704
f 2569//1705 2606//1705 2570//1705
f 2570//1706 2606//1706 2607//1706
f 2570//1707 2607//1707 2571//1707
f 2571//1708 2607//1708 2608//1708
f 2571//1709 2608//1709 2572//1709
f 2572//1710 2608//1710 2609//1710
f 2572//1711 2609//1711 2573//1711
f 2573//1712 2609//1712 2610//1712
f 2573//1713 2610//1713 2574//1713
f 2574//1714 2610//1714 2611//1714
f 2574//1715 2611//1715 2575//1715
f 2575//1716 2611//1716 2612//1716
f 2575//1717 2612//1717 2576//1717
f 2576//1718 2612//1718 2613//1718
f 2576//1719 2613//1719 2577//1719
f 2577//1720 2613//1720 2614//1720
f 2577//1721 2614//1721 2578//1721
f 2578//1722 2614//1722 2615//1722
f 2578//1723 2615//1723 2579//1723
f 2579//1724 2615//1724 2616//1724
f 2579//1725 2616//1725 2580//1725
f 2580//1726 2616//1726 2617//1726
f 2580//1727 2617//1727 2581//1727
f 2581//1728 2617//1728 2618//1728
f 2581//1729 2618//1729 2582//1729
f 2582//1730 2618//1730 2619//1730
f 2582//1731 2619//1731 2583//1731
f 2583//1732 2619//1732 2620//1732
f 2583//1732 2620//1732 2584//1732
f 2584//1733 2620//1733 2621//1733
f 2584//1734 2621//1734 2585//1734
f 2585//1735 2621//1735 2622//1735
f 2585//1736 2622//1736 2586//1736
f 2586//1737 2622//1737 2623//1737
f 2586//1738 2623//1738 2587//1738
f 2587//1739 2623//1739 2588//1739
f 2623//1740 2624//1740 2588//1740
f 2588//1741 2624//1741 2625//1741
f 2588//1742 2625//1742 2589//1742
f 2589//1743 2625//1743 2626//1743
f 2589//1743 2626//1743 2590//1743
f 2590//1744 2626//1744 2627//1744
f 2590//1745 2627//1745 2591//1745
f 2591//1746 2627//1746 2628//1746
f 2591//1747 2628//1747 2592//1747
f 2592//1748 2628//1748 2629//1748
f 2592//1749 2629//1749 2593//1749
f 2593//1750 2629//1750 2630//1750
f 2593//1751 2630//1751 2594//1751
f 2594//1752 2630//1752 2631//1752
f 2594//1753 2631//1753 2595//1753
f 2595//1754 2631//1754 2632//1754
f 2595//1755 2632//1755 2596//1755
f 2596//1756 2632//1756 2633//1756
f 2596//1757 2633//1757 2597//1757
f 2597//1758 2633//1758 2634//1758
f 2597//1759 2634//1759 2598//1759
f 2598//1760 2634//1760 2635//1760
f 2598//1761 2635//1761 2599//1761
f 2599//1762 2635//1762 2636//1762
f 2599//1762 2636//1762 2600//1762
f 2600//1763 2636//1763 2637//1763
f 2600//1763 2637//1763 2601//1763
f 2601//1764 2637//1764 2638//1764
f 2601//1765 2638//1765 2602//1765
f 2602//1766 2638//1766 2639//1766
f 2602//1767 2639//1767 2603//1767
f 2603//1768 2639//1768 2640//1768
f 2603//1769 2640//1769 2604//1769
f 2604//1770 2640//1770 2641//1770
f 2604//1771 2641//1771 2605//1771
f 2605//1772 2641//1772 2642//1772
f 2605//1773 2642//1773 2606//1773
f 2606//1774 2642//1774 2643//1774
f 2606//1775 2643//1775 2607//1775
f 2607//1776 2643//1776 2644//1776
f 2607//1776 2644//1776 2608//1776
f 2608//1777 2644//1777 2645//1777
f 2608//1778 2645//1778 2609//1778
f 2609//1779 2645//1779 2646//1779
f 2609//1779 2646//1779 2610//1779
f 2610//1780 2646//1780 2647//1780
f 2610//1781 2647//1781 2611//1781
f 2611//1782 2647//1782 2648//1782
f 2611//1783 2648//1783 2612//1783
f 2612//1784 2648//1784 2649//1784
f 2612//1785 2649//1785 2613//1785
f 2613//1786 2649//1786 2650//1786
f 2613//1787 2650//1787 2614//1787
f 2614//1788 2650//1788 2651//1788
f 2614//1789 2651//1789 2615//1789
f 2615//1790 2651//1790 2652//1790
f 2615//1791 2652//1791 2616//1791
f 2616//1792 2652//1792 2653//1792
f 2616//1793 2653//1793 2617//1793
f 2617//1794 2653//1794 2654//1794
f 2617//1795 2654//1795 2618//1795
f 2618//1796 2654//1796 2655//1796
f 2618//1796 2655//1796 2619//1796
f 2619//1797 2655//1797 2656//1797
f 2619//1798 2656//1798 2620//1798
f 2620//1799 2656//1799 2657//1799
f 2620//1800 2657//1800 2621//1800
f 2621//1801 2657//1801 2658//1801
f 2621//1802 2658//1802 2622//1802
f 2622//1803 2658//1803 2659//1803
f 2622//1804 2659//1804 2623//1804
f 2623//1805 2659//1805 2624//1805
f 2659//1806 2660//1806 2624//1806
f 2624//1807 2660//1807 2661//1807
f 2624//1808 2661//1808 2625//1808
f 2625//1809 2661//1809 2662//1809
f 2625//1810 2662//1810 2626//1810
f 2626//1811 2662//1811 2663//1811
f 2626//1812 2663//1812 2627//1812
f 2627//1813 2663//1813 2664//1813
f 2627//1814 2664//1814 2628//1814
f 2628//1815 2664//1815 2665//1815
f 2628//1816 2665//1816 2629//1816
f 2629//1817 2665//1817 2666//1817
f 2629//1818 2666//1818 2630//1818
f 2630//1819 2666//1819 2667//1819
f 2630//1820 2667//1820 2631//1820
f 2631//1821 2667//1821 2668//1821
f 2631//1822 2668//1822 2632//1822
f 2632//1823 2668//1823 2669//1823
f 2632//1824 2669//1824 2633//1824
f 2633//1825 2669//1825 2670//1825
f 2633//1826 2670//1826 2634//1826
f 2634//1827 2670//1827 2671//1827
f 2634//1828 2671//1828 2635//1828
f 2635//1829 2671//1829 2672//1829
f 2635//1830 2672//1830 2636//1830
f 2636//1831 2672//1831 2673//1831
f 2636//1832 2673//1832 2637//1832
f 2637//1833 2673//1833 2674//1833
f 2637//1834 2674//1834 2638//1834
f 2638//1835 2674//1835 2675//1835
f 2638//1835 2675//1835 2639//1835
f 2639//1836 2675//1836 2676//1836
f 2639//1837 2676//1837 2640//1837
f 2640//1838 2676//1838 2677//1838
f 2640//1839 2677//1839 2641//1839
f 2641//1840 2677//1840 2678//1840
f 2641//1841 2678//1841 2642//1841
f 2642//1842 2678//1842 2679//1842
f 2642//1843 2679//1843 2643//1843
f 2643//1844 2679//1844 2680//1844
f 2643//1845 2680//1845 2644//1845
f 2644//1846 2680//1846 2681//1846
f 2644//1847 2681//1847 2645//1847
f 2645//1848 2681//1848 2682//1848
f 2645//1849 2682//1849 2646//1849
f 2646//1850 2682//1850 2683//1850
f 2646//1851 2683//1851 2647//1851
f 2647//1852 2683//1852 2684//1852
f 2647//1853 2684//1853 2648//1853
f 2648//1854 2684//1854 2685//1854
f 2648//1855 2685//1855 2649//1855
f 2649//1856 2685//1856 2686//1856
f 2649//1857 2686//1857 2650//1857
f 2650//1858 2686//1858 2687//1858
f 2650//1859 2687//1859 2651//1859
f 2651//1860 2687//1860 2688//1860
f 2651//1861 2688//1861 2652//1861
f 2652//1862 2688//1862 2689//1862
f 2652//1863 2689//1863 2653//1863
f 2653//1864 2689//1864 2690//1864
f 2653//1864 2690//1864 2654//1864
f 2654//1865 2690//1865 2691//1865
f 2654//1865 2691//1865 2655//1865
f 2655//1866 2691//1866 2692//1866
f 2655//1867 2692//1867 2656//1867
f 2656//1868 2692//1868 2693//1868
f 2656//1869 2693//1869 2657//1869
f 2657//1870 2693//1870 2694//1870
f 2657//1871 2694//1871 2658//1871
f 2658//1872 2694//1872 2695//1872
f 2658//1872 2695//1872 2659//1872
f 2659//1873 2695//1873 2660//1873
f 2695//1874 2696//1874 2660//1874
f 2660//1875 2696//1875 2697//1875
f 2660//1876 2697//1876 2661//1876
f 2661//1877 2697//1877 2698//1877
f 2661//1878 2698//1878 2662//1878
f 2662//1879 2698//1879 2699//1879
f 2662//1880 2699//1880 2663//1880
f 2663//1881 2699//1881 2700//1881
f 2663//1881 2700//1881 2664//1881
f 2664//1882 2700//1882 2701//1882
f 2664//1883 2701//1883 2665//1883
f 2665//1884 2701//1884 2702//1884
f 2665//1885 2702//1885 2666//1885
f 2666//1886 2702//1886 2703//1886
f 2666//1887 2703//1887 2667//1887
f 2667//1888 2703//1888 2704//1888
f 2667//1888 2704//1888 2668//1888
f 2668//1889 2704//1889 2705//1889
f 2668//1890 2705//1890 2669//1890
f 2669//1891 2705//1891 2706//1891
f 2669//1892 2706//1892 2670//1892
f 2670//1893 2706//1893 2707//1893
f 2670//1894 2707//1894 2671//1894
f 2671//1895 2707//1895 2708//1895
f 2671//1896 2708//1896 2672//1896
f 2672//1897 2708//1897 2709//1897
f 2672//1897 2709//1897 2673//1897
f 2673//1898 2709//1898 2710//1898
f 2673//1899 2710//1899 2674//1899
f 2674//1900 2710//1900 2711//1900
f 2674//1901 2711//1901 2675//1901
f 2675//1902 2711//1902 2712//1902
f 2675//1903 2712//1903 2676//1903
f 2676//1904 2712//1904 2713//1904
f 2676//1905 2713//1905 2677//1905
f 2677//1906 2713//1906 2714//1906
f 2677//1907 2714//1907 2678//1907
f 2678//1908 2714//1908 2715//1908
f 2678//1909 2715//1909 2679//1909
f 2679//1910 2715//1910 2716//1910
f 2679//1910 2716//1910 2680//1910
f 2680//1911 2716//1911 2717//1911
f 2680//1912 2717//1912 2681//1912
f 2681//1913 2717//1913 2718//1913
f 2681//1913 2718//1913 2682//1913
f 2682//1914 2718//1914 2719//1914
f 2682//1915 2719//1915 2683//1915
f 2683//1916 2719//1916 2720//1916
f 2683//1917 2720//1917 2684//1917
f 2684//1918 2720//1918 2721//1918
f 2684//1918 2721//1918 2685//1918
f 2685//1919 2721//1919 2722//1919
f 2685//1920 2722//1920 2686//1920
f 2686//1921 2722//1921 2723//1921
f 2686//1922 2723//1922 2687//1922
f 2687//1923 2723//1923 2724//1923
f 2687//1924 2724//1924 2688//1924
f 2688//1925 2724//1925 2725//1925
f 2688//1926 2725//1926 2689//1926
f 2689//1927 2725//1927 2726//1927
f 2689//1928 2726//1928 2690//1928
f 2690//1929 2726//1929 2727//1929
f 2690//1929 2727//1929 2691//1929
f 2691//1930 2727//1930 2728//1930
f 2691//1931 2728//1931 2692//1931
f 2692//1932 2728//1932 2729//1932
f 2692//1933 2729//1933 2693//1933
f 2693//1934 2729//1934 2730//1934
f 2693//1935 2730//1935 2694//1935
f 2694//1936 2730//1936 2731//1936
f 2694//1936 2731//1936 2695//1936
f 2695//1937 2731//1937 2696//1937
f 2731//1938 2732//1938 2696//1938
f 2696//1939 2732//1939 2733//1939
f 2696//1940 2733//1940 2697//1940
f 2697//1941 2733//1941 2734//1941
f 2697//1942 2734//1942 2698//1942
f 2698//1943 2734//1943 2735//1943
f 2698//1944 2735//1944 2699//1944
f 2699//1945 2735//1945 2736//1945
f 2699//1946 2736//1946 2700//1946
f 2700//1947 2736//1947 2737//1947
f 2700//1948 2737//1948 2701//1948
f 2701//1949 2737//1949 2738//1949
f 2701//1949 2738//1949 2702//1949
f 2702//1950 2738//1950 2739//1950
f 2702//1951 2739//1951 2703//1951
f 2703//1952 2739//1952 2740//1952
f 2703//1953 2740//1953 2704//1953
f 2704//1954 2740//1954 2741//1954
f 2704//1955 2741//1955 2705//1955
f 2705//1956 2741//1956 2742//1956
f 2705//1957 2742//1957 2706//1957
f 2706//1958 2742//1958 2743//1958
f 2706//1959 2743//1959 2707//1959
f 2707//1960 2743//1960 2744//1960
f 2707//1961 2744//1961 2708//1961
f 2708//1962 2744//1962 2745//1962
f 2708//1963 2745//1963 2709//1963
f 2709//1964 2745//1964 2746//1964
f 2709//1965 2746//1965 2710//1965
f 2710//1966 2746//1966 2747//1966
f 2710//1967 2747//1967 2711//1967
f 2711//1968 2747//1968 2748//1968
f 2711//1969 2748//1969 2712//1969
f 2712//1970 2748//1970 2749//1970
f 2712//1971 2749//1971 2713//1971
f 2713//1972 2749//1972 2750//1972
f 2713//1973 2750//1973 2714//1973
f 2714//1974 2750//1974 2751//1974
f 2714//1975 2751//1975 2715//1975
f 2715//1976 2751//1976 2752//1976
f 2715//1977 2752//1977 2716//1977
f 2716//1978 2752//1978 2753//1978
f 2716//1979 2753//1979 2717//1979
f 2717//1980 2753//1980 2754//1980
f 2717//1981 2754//1981 2718//1981
f 2718//1982 2754//1982 2755//1982
f 2718//1983 2755//1983 2719//1983
f 2719//1984 2755//1984 2756//1984
f 2719//1985 2756//1985 2720//1985
f 2720//1986 2756//1986 2757//1986
f 2720//1987 2757//1987 2721//1987
f 2721//1988 2757//1988 2758//1988
f 2721//1989 2758//1989 2722//1989
f 2722//1990 2758//1990 2759//1990
f 2722//1991 2759//1991 2723//1991
f 2723//1992 2759//1992 2760//1992
f 2723//1993 2760//1993 2724//1993
f 2724//1994 2760//1994 2761//1994
f 2724//1995 2761//1995 2725//1995
f 2725//1996 2761//1996 2762//1996
f 2725//1997 2762//1997 2726//1997
f 2726//1998 2762//1998 2763//1998
f 2726//1999 2763//1999 2727//1999
f 2727//2000 2763//2000 2764//2000
f 2727//2001 2764//2001 2728//2001
f 2728//2002 2764//2002 2765//2002
f 2728//2003 2765//2003 2729//2003
f 2729//2004 2765//2004 2766//2004
f 2729//2005 2766//2005 2730//2005
f 2730//2006 2766//2006 2767//2006
f 2730//2007 2767//2007 2731//2007
f 2731//2008 2767//2008 2732//2008
f 2767//2009 2477//2009 2732//2009
f 2732//2010 2477//2010 2475//2010
f 2732//2011 2475//2011 2733//2011
f 2733//2012 2475//2012 2473//2012
f 2733//2013 2473//2013 2734//2013
f 2734//2014 2473//2014 2471//2014
f 2734//2015 2471//2015 2735//2015
f 2735//2016 2471//2016 2469//2016
f 2735//2017 2469//2017 2736//2017
f 2736//2018 2469//2018 2467//2018
f 2736//2019 2467//2019 2737//2019
f 2737//2020 2467//2020 2465//2020
f 2737//2021 2465//2021 2738//2021
f 2738//2022 2465//2022 2463//2022
f 2738//2023 2463//2023 2739//2023
f 2739//2024 2463//2024 2461//2024
f 2739//2025 2461//2025 2740//2025
f 2740//2026 2461//2026 2459//2026
f 2740//2027 2459//2027 2741//2027
f 2741//2028 2459//2028 2457//2028
f 2741//2029 2457//2029 2742//2029
f 2742//2030 2457//2030 2455//2030
f 2742//2031 2455//2031 2743//2031
f 2743//2032 2455//2032 2453//2032
f 2743//2033 2453//2033 2744//2033
f 2744//2034 2453//2034 2451//2034
f 2744//2035 2451//2035 2745//2035
f 2745//2036 2451//2036 2449//2036
f 2745//2037 2449//2037 2746//2037
f 2746//2038 2449//2038 2447//2038
f 2746//2039 2447//2039 2747//2039
f 2747//2040 2447//2040 2445//2040
f 2747//2041 2445//2041 2748//2041
f 2748//2042 2445//2042 2515//2042
f 2748//2043 2515//2043 2749//2043
f 2749//2044 2515//2044 2513//2044
f 2749//2044 2513//2044 2750//2044
f 2750//2045 2513//2045 2511//2045
f 2750//2046 2511//2046 2751//2046
f 2751//2047 2511//2047 2509//2047
f 2751//2048 2509//2048 2752//2048
f 2752//2049 2509//2049 2507//2049
f 2752//2050 2507//2050 2753//2050
f 2753//2051 2507//2051 2505//2051
f 2753//2052 2505//2052 2754//2052
f 2754//2053 2505//2053 2503//2053
f 2754//2054 2503//2054 2755//2054
f 2755//2055 2503//2055 2501//2055
f 2755//2056 2501//2056 2756//2056
f 2756//2057 2501//2057 2499//2057
f 2756//2058 2499//2058 2757//2058
f 2757//2059 2499//2059 2497//2059
f 2757//2060 2497//2060 2758//2060
f 2758//2061 2497//2061 2495//2061
f 2758//2062 2495//2062 2759//2062
f 2759//2063 2495//2063 2493//2063
f 2759//2064 2493//2064 2760//2064
f 2760//2065 2493//2065 2491//2065
f 2760//2066 2491//2066 2761//2066
f 2761//2067 2491//2067 2489//2067
f 2761//2068 2489//2068 2762//2068
f 2762//2069 2489//2069 2487//2069
f 2762//2070 2487//2070 2763//2070
f 2763//2071 2487//2071 2485//2071
f 2763//2072 2485//2072 2764//2072
f 2764//2073 2485//2073 2483//2073
f 2764//2073 2483//2073 2765//2073
f 2765//2074 2483//2074 2481//2074
f 2765//2075 2481//2075 2766//2075
f 2766//2076 2481//2076 2479//2076
f 2766//2077 2479//2077 2767//2077
f 2767//2078 2479//2078 2477//2078
f 2478//2079 2768//2079 2476//2079
f 2476//2080 2768//2080 2769//2080
f 2476//2081 2769//2081 2474//2081
f 2474//2082 2769//2082 2770//2082
f 2474//2083 2770//2083 2472//2083
f 2472//2084 2770//2084 2771//2084
f 2472//2085 2771//2085 2470//2085
f 2470//2086 2771//2086 2772//2086
f 2470//2086 2772//2086 2468//2086
f 2468//2087 2772//2087 2773//2087
f 2468//2088 2773//2088 2466//2088
f 2466//2089 2773//2089 2774//2089
f 2466//2090 2774//2090 2464//2090
f 2464//2091 2774//2091 2775//2091
f 2464//2092 2775//2092 2462//2092
f 2462//2093 2775//2093 2776//2093
f 2462//2094 2776//2094 2460//2094
f 2460//2095 2776//2095 2777//2095
f 2460//2096 2777//2096 2458//2096
f 2458//2097 2777//2097 2778//2097
f 2458//2098 2778//2098 2456//2098
f 2456//2099 2778//2099 2779//2099
f 2456//2100 2779//2100 2454//2100
f 2454//2101 2779//2101 2780//2101
f 2454//2102 2780//2102 2452//2102
f 2452//2103 2780//2103 2781//2103
f 2452//2103 2781//2103 2450//2103
f 2450//2104 2781//2104 2782//2104
f 2450//2104 2782//2104 2448//2104
f 2448//2105 2782//2105 2783//2105
f 2448//2106 2783//2106 2446//2106
f 2446//2107 2783//2107 2784//2107
f 2446//2108 2784//2108 2444//2108
f 2444//2109 2784//2109 2785//2109
f 2444//2109 2785//2109 2514//2109
f 2514//2110 2785//2110 2786//2110
f 2514//2111 2786//2111 2512//2111
f 2512//2112 2786//2112 2787//2112
f 2512//2113 2787//2113 2510//2113
f 2510//2114 2787//2114 2788//2114
f 2510//2115 2788//2115 2508//2115
f 2508//2116 2788//2116 2789//2116
f 2508//2117 2789//2117 2506//2117
f 2506//2118 2789//2118 2790//2118
f 2506//2119 2790//2119 2504//2119
f 2504//2120 2790//2120 2791//2120
f 2504//2120 2791//2120 2502//2120
f 2502//2121 2791//2121 2792//2121
f 2502//2122 2792//2122 2500//2122
f 2500//2123 2792//2123 2793//2123
f 2500//2123 2793//2123 2498//2123
f 2498//2124 2793//2124 2794//2124
f 2498//2125 2794//2125 2496//2125
f 2496//2126 2794//2126 2795//2126
f 2496//2127 2795//2127 2494//2127
f 2494//2128 2795//2128 2796//2128
f 2494//2129 2796//2129 2492//2129
f 2492//2130 2796//2130 2797//2130
f 2492//2131 2797//2131 2490//2131
f 2490//2132 2797//2132 2798//2132
f 2490//2133 2798//2133 2488//2133
f 2488//2134 2798//2134 2799//2134
f 2488//2135 2799//2135 2486//2135
f 2486//2136 2799//2136 2800//2136
f 2486//2137 2800//2137 2484//2137
f 2484//2138 2800//2138 2801//2138
f 2484//2139 2801//2139 2482//2139
f 2482//2140 2801//2140 2802//2140
f 2482//2141 2802//2141 2480//2141
f 2480//2142 2802//2142 2803//2142
f 2480//2143 2803//2143 2478//2143
f 2478//2144 2803//2144 2768//2144
f 2803//2145 2804//2145 2768//2145
f 2768//2146 2804//2146 2805//2146
f 2768//2147 2805//2147 2769//2147
f 2769//2148 2805//2148 2806//2148
f 2769//2149 2806//2149 2770//2149
f 2770//2150 2806//2150 2807//2150
f 2770//2151 2807//2151 2771//2151
f 2771//2152 2807//2152 2808//2152
f 2771//2153 2808//2153 2772//2153
f 2772//2154 2808//2154 2809//2154
f 2772//2155 2809//2155 2773//2155
f 2773//2156 2809//2156 2810//2156
f 2773//2157 2810//2157 2774//2157
f 2774//2158 2810//2158 2811//2158
f 2774//2159 2811//2159 2775//2159
f 2775//2160 2811//2160 2812//2160
f 2775//2161 2812//2161 2776//2161
f 2776//2162 2812//2162 2813//2162
f 2776//2163 2813//2163 2777//2163
f 2777//2164 2813//2164 2814//2164
f 2777//2165 2814//2165 2778//2165
f 2778//2166 2814//2166 2815//2166
f 2778//2167 2815//2167 2779//2167
f 2779//2168 2815//2168 2816//2168
f 2779//2169 2816//2169 2780//2169
f 2780//2170 2816//2170 2817//2170
f 2780//2170 2817//2170 2781//2170
f 2781//2171 2817//2171 2818//2171
f 2781//2172 2818//2172 2782//2172
f 2782//2173 2818//2173 2819//2173
f 2782//2173 2819//2173 2783//2173
f 2783//2174 2819//2174 2820//2174
f 2783//2174 2820//2174 2784//2174
f 2784//2175 2820//2175 2821//2175
f 2784//2176 2821//2176 2785//2176
f 2785//2177 2821//2177 2822//2177
f 2785//2178 2822//2178 2786//2178
f 2786//2179 2822//2179 2823//2179
f 2786//2180 2823//2180 2787//2180
f 2787//2181 2823//2181 2824//2181
f 2787//2182 2824//2182 2788//2182
f 2788//2183 2824//2183 2825//2183
f 2788//2184 2825//2184 2789//2184
f 2789//2185 2825//2185 2826//2185
f 2789//2185 2826//2185 2790//2185
f 2790//2186 2826//2186 2827//2186
f 2790//2187 2827//2187 2791//2187
f 2791//2188 2827//2188 2828//2188
f 2791//2189 2828//2189 2792//2189
f 2792//2190 2828//2190 2829//2190
f 2792//2191 2829//2191 2793//2191
f 2793//2192 2829//2192 2830//2192
f 2793//2193 2830//2193 2794//2193
f 2794//2194 2830//2194 2831//2194
f 2794//2195 2831//2195 2795//2195
f 2795//2196 2831//2196 2832//2196
f 2795//2196 2832//2196 2796//2196
f 2796//2197 2832//2197 2833//2197
f 2796//2198 2833//2198 2797//2198
f 2797//2199 2833//2199 2834//2199
f 2797//2200 2834//2200 2798//2200
f 2798//2201 2834//2201 2835//2201
f 2798//2201 2835//2201 2799//2201
f 2799//2202 2835//2202 2836//2202
f 2799//2202 2836//2202 2800//2202
f 2800//2203 2836//2203 2837//2203
f 2800//2204 2837//2204 2801//2204
f 2801//2205 2837//2205 2838//2205
f 2801//2206 2838//2206 2802//2206
f 2802//2207 2838//2207 2839//2207
f 2802//2208 2839//2208 2803//2208
f 2803//2209 2839//2209 2804//2209
f 2839//2210 2840//2210 2804//2210
f 2804//2211 2840//2211 2841//2211
f 2804//2212 2841//2212 2805//2212
f 2805//2213 2841//2213 2842//2213
f 2805//2214 2842//2214 2806//2214
f 2806//2215 2842//2215 2843//2215
f 2806//2216 2843//2216 2807//2216
f 2807//2217 2843//2217 2844//2217
f 2807//2218 2844//2218 2808//2218
f 2808//2219 2844//2219 2845//2219
f 2808//2220 2845//2220 2809//2220
f 2809//2221 2845//2221 2846//2221
f 2809//2222 2846//2222 2810//2222
f 2810//2223 2846//2223 2847//2223
f 2810//2224 2847//2224 2811//2224
f 2811//2225 2847//2225 2848//2225
f 2811//2225 2848//2225 2812//2225
f 2812//2226 2848//2226 2849//2226
f 2812//2227 2849//2227 2813//2227
f 2813//2228 2849//2228 2850//2228
f 2813//2229 2850//2229 2814//2229
f 2814//2230 2850//2230 2851//2230
f 2814//2231 2851//2231 2815//2231
f 2815//2232 2851//2232 2852//2232
f 2815//2233 2852//2233 2816//2233
f 2816//2234 2852//2234 2853//2234
f 2816//2234 2853//2234 2817//2234
f 2817//2235 2853//2235 2854//2235
f 2817//2236 2854//2236 2818//2236
f 2818//2237 2854//2237 2855//2237
f 2818//2238 2855//2238 2819//2238
f 2819//2239 2855//2239 2856//2239
f 2819//2240 2856//2240 2820//2240
f 2820//2241 2856//2241 2857//2241
f 2820//2242 2857//2242 2821//2242
f 2821//2243 2857//2243 2858//2243
f 2821//2244 2858//2244 2822//2244
f 2822//2245 2858//2245 2859//2245
f 2822//2246 2859//2246 2823//2246
f 2823//2247 2859//2247 2860//2247
f 2823//2248 2860//2248 2824//2248
f 2824//2249 2860//2249 2861//2249
f 2824//2250 2861//2250 2825//2250
f 2825//2251 2861//2251 2862//2251
f 2825//2252 2862//2252 2826//2252
f 2826//2253 2862//2253 2863//2253
f 2826//2254 2863//2254 2827//2254
f 2827//2255 2863//2255 2864//2255
f 2827//2256 2864//2256 2828//2256
f 2828//2257 2864//2257 2865//2257
f 2828//2258 2865//2258 2829//2258
f 2829//2259 2865//2259 2866//2259
f 2829//2260 2866//2260 2830//2260
f 2830//2261 2866//2261 2867//2261
f 2830//2262 2867//2262 2831//2262
f 2831//2263 2867//2263 2868//2263
f 2831//2264 2868//2264 2832//2264
f 2832//2265 2868//2265 2869//2265
f 2832//2266 2869//2266 2833//2266
f 2833//2267 2869//2267 2870//2267
f 2833//2268 2870//2268 2834//2268
f 2834//2269 2870//2269 2871//2269
f 2834//2270 2871//2270 2835//2270
f 2835//2271 2871//2271 2872//2271
f 2835//2272 2872//2272 2836//2272
f 2836//2273 2872//2273 2873//2273
f 2836//2274 2873//2274 2837//2274
f 2837//2275 2873//2275 2874//2275
f 2837//2275 2874//2275 2838//2275
f 2838//2276 2874//2276 2875//2276
f 2838//2277 2875//2277 2839//2277
f 2839//2278 2875//2278 2840//2278
f 2875//2279 2876//2279 2840//2279
f 2840//2280 2876//2280 2877//2280
f 2840//2281 2877//2281 2841//2281
f 2841//2282 2877//2282 2878//2282
f 2841//2283 2878//2283 2842//2283
f 2842//2284 2878//2284 2879//2284
f 2842//2285 2879//2285 2843//2285
f 2843//2286 2879//2286 2880//2286
f 2843//2287 2880//2287 2844//2287
f 2844//2288 2880//2288 2881//2288
f 2844//2289 2881//2289 2845//2289
f 2845//2290 2881//2290 2882//2290
f 2845//2291 2882//2291 2846//2291
f 2846//2292 2882//2292 2883//2292
f 2846//2293 2883//2293 2847//2293
f 2847//2294 2883//2294 2884//2294
f 2847//2295 2884//2295 2848//2295
f 2848//2296 2884//2296 2885//2296
f 2848//2297 2885//2297 2849//2297
f 2849//2298 2885//2298 2886//2298
f 2849//2299 2886//2299 2850//2299
f 2850//2300 2886//2300 2887//2300
f 2850//2301 2887//2301 2851//2301
f 2851//2302 2887//2302 2888//2302
f 2851//2303 2888//2303 2852//2303
f 2852//2304 2888//2304 2889//2304
f 2852//2305 2889//2305 2853//2305
f 2853//2306 2889//2306 2890//2306
f 2853//2307 2890//2307 2854//2307
f 2854//2308 2890//2308 2891//2308
f 2854//2308 2891//2308 2855//2308
f 2855//2309 2891//2309 2892//2309
f 2855//2310 2892//2310 2856//2310
f 2856//2311 2892//2311 2893//2311
f 2856//2312 2893//2312 2857//2312
f 2857//2313 2893//2313 2894//2313
f 2857//2314 2894//2314 2858//2314
f 2858//2315 2894//2315 2895//2315
f 2858//2316 2895//2316 2859//2316
f 2859//2317 2895//2317 2896//2317
f 2859//2317 2896//2317 2860//2317
f 2860//2318 2896//2318 2897//2318
f 2860//2318 2897//2318 2861//2318
f 2861//2319 2897//2319 2898//2319
f 2861//2320 2898//2320 2862//2320
f 2862//2321 2898//2321 2899//2321
f 2862//2322 2899//2322 2863//2322
f 2863//2323 2899//2323 2900//2323
f 2863//2324 2900//2324 2864//2324
f 2864//2325 2900//2325 2901//2325
f 2864//2326 2901//2326 2865//2326
f 2865//2327 2901//2327 2902//2327
f 2865//2327 2902//2327 2866//2327
f 2866//2328 2902//2328 2903//2328
f 2866//2329 2903//2329 2867//2329
f 2867//2330 2903//2330 2904//2330
f 2867//2331 2904//2331 2868//2331
f 2868//2332 2904//2332 2905//2332
f 2868//2333 2905//2333 2869//2333
f 2869//2334 2905//2334 2906//2334
f 2869//2335 2906//2335 2870//2335
f 2870//2336 2906//2336 2907//2336
f 2870//2337 2907//2337 2871//2337
f 2871//2338 2907//2338 2908//2338
f 2871//2338 2908//2338 2872//2338
f 2872//2339 2908//2339 2909//2339
f 2872//2339 2909//2339 2873//2339
f 2873//2340 2909//2340 2910//2340
f 2873//2341 2910//2341 2874//2341
f 2874//2342 2910//2342 2911//2342
f 2874//2343 2911//2343 2875//2343
f 2875//2279 2911//2279 2876//2279
f 2911//2344 2912//2344 2876//2344
f 2876//2345 2912//2345 2913//2345
f 2876//2346 2913//2346 2877//2346
f 2877//2347 2913//2347 2914//2347
f 2877//2348 2914//2348 2878//2348
f 2878//2349 2914//2349 2915//2349
f 2878//2350 2915//2350 2879//2350
f 2879//2351 2915//2351 2916//2351
f 2879//2352 2916//2352 2880//2352
f 2880//2353 2916//2353 2917//2353
f 2880//2354 2917//2354 2881//2354
f 2881//2355 2917//2355 2918//2355
f 2881//2356 2918//2356 2882//2356
f 2882//2357 2918//2357 2919//2357
f 2882//2358 2919//2358 2883//2358
f 2883//2359 2919//2359 2920//2359
f 2883//2360 2920//2360 2884//2360
f 2884//2361 2920//2361 2921//2361
f 2884//2362 2921//2362 2885//2362
f 2885//2363 2921//2363 2922//2363
f 2885//2364 2922//2364 2886//2364
f 2886//2365 2922//2365 2923//2365
f 2886//2365 2923//2365 2887//2365
f 2887//2366 2923//2366 2924//2366
f 2887//2367 2924//2367 2888//2367
f 2888//2368 2924//2368 2925//2368
f 2888//2368 2925//2368 2889//2368
f 2889//2369 2925//2369 2926//2369
f 2889//2370 2926//2370 2890//2370
f 2890//2371 2926//2371 2927//2371
f 2890//2371 2927//2371 2891//2371
f 2891//2372 2927//2372 2928//2372
f 2891//2373 2928//2373 2892//2373
f 2892//2374 2928//2374 2929//2374
f 2892//2375 2929//2375 2893//2375
f 2893//2376 2929//2376 2930//2376
f 2893//2377 2930//2377 2894//2377
f 2894//2378 2930//2378 2931//2378
f 2894//2379 2931//2379 2895//2379
f 2895//2380 2931//2380 2932//2380
f 2895//2381 2932//2381 2896//2381
f 2896//2382 2932//2382 2933//2382
f 2896//2383 2933//2383 2897//2383
f 2897//2384 2933//2384 2934//2384
f 2897//2385 2934//2385 2898//2385
f 2898//2386 2934//2386 2935//2386
f 2898//2387 2935//2387 2899//2387
f 2899//2388 2935//2388 2936//2388
f 2899//2389 2936//2389 2900//2389
f 2900//2390 2936//2390 2937//2390
f 2900//2391 2937//2391 2901//2391
f 2901//2392 2937//2392 2938//2392
f 2901//2393 2938//2393 2902//2393
f 2902//2394 2938//2394 2939//2394
f 2902//2395 2939//2395 2903//2395
f 2903//2396 2939//2396 2940//2396
f 2903//2396 2940//2396 2904//2396
f 2904//2397 2940//2397 2941//2397
f 2904//2398 2941//2398 2905//2398
f 2905//2399 2941//2399 2942//2399
f 2905//2400 2942//2400 2906//2400
f 2906//2401 2942//2401 2943//2401
f 2906//2402 2943//2402 2907//2402
f 2907//2403 2943//2403 2944//2403
f 2907//2403 2944//2403 2908//2403
f 2908//2404 2944//2404 2945//2404
f 2908//2405 2945//2405 2909//2405
f 2909//2406 2945//2406 2946//2406
f 2909//2407 2946//2407 2910//2407
f 2910//2408 2946//2408 2947//2408
f 2910//2409 2947//2409 2911//2409
f 2911//2410 2947//2410 2912//2410
f 2947//2411 2948//2411 2912//2411
f 2912//2412 2948//2412 2949//2412
f 2912//2413 2949//2413 2913//2413
f 2913//2414 2949//2414 2950//2414
f 2913//2414 2950//2414 2914//2414
f 2914//2415 2950//2415 2951//2415
f 2914//2416 2951//2416 2915//2416
f 2915//2417 2951//2417 2952//2417
f 2915//2418 2952//2418 2916//2418
f 2916//2419 2952//2419 2953//2419
f 2916//2420 2953//2420 2917//2420
f 2917//2421 2953//2421 2954//2421
f 2917//2422 2954//2422 2918//2422
f 2918//2423 2954//2423 2955//2423
f 2918//2424 2955//2424 2919//2424
f 2919//2425 2955//2425 2956//2425
f 2919//2426 2956//2426 2920//2426
f 2920//2427 2956//2427 2957//2427
f 2920//2428 2957//2428 2921//2428
f 2921//2429 2957//2429 2958//2429
f 2921//2430 2958//2430 2922//2430
f 2922//2431 2958//2431 2959//2431
f 2922//2432 2959//2432 2923//2432
f 2923//2433 2959//2433 2960//2433
f 2923//2434 2960//2434 2924//2434
f 2924//2435 2960//2435 2961//2435
f 2924//2436 2961//2436 2925//2436
f 2925//2437 2961//2437 2962//2437
f 2925//2438 2962//2438 2926//2438
f 2926//2439 2962//2439 2963//2439
f 2926//2440 2963//2440 2927//2440
f 2927//2441 2963//2441 2964//2441
f 2927//2442 2964//2442 2928//2442
f 2928//2443 2964//2443 2965//2443
f 2928//2444 2965//2444 2929//2444
f 2929//2445 2965//2445 2966//2445
f 2929//2446 2966//2446 2930//2446
f 2930//2447 2966//2447 2967//2447
f 2930//2448 2967//2448 2931//2448
f 2931//2449 2967//2449 2968//2449
f 2931//2450 2968//2450 2932//2450
f 2932//2451 2968//2451 2969//2451
f 2932//2452 2969//2452 2933//2452
f 2933//2453 2969//2453 2970//2453
f 2933//2454 2970//2454 2934//2454
f 2934//2455 2970//2455 2971//2455
f 2934//2456 2971//2456 2935//2456
f 2935//2457 2971//2457 2972//2457
f 2935//2458 2972//2458 2936//2458
f 2936//2459 2972//2459 2973//2459
f 2936//2460 2973//2460 2937//2460
f 2937//2461 2973//2461 2974//2461
f 2937//2462 2974//2462 2938//2462
f 2938//2463 2974//2463 2975//2463
f 2938//2464 2975//2464 2939//2464
f 2939//2465 2975//2465 2976//2465
f 2939//2466 2976//2466 2940//2466
f 2940//2467 2976//2467 2977//2467
f 2940//2468 2977//2468 2941//2468
f 2941//2469 2977//2469 2978//2469
f 2941//2469 2978//2469 2942//2469
f 2942//2470 2978//2470 2979//2470
f 2942//2470 2979//2470 2943//2470
f 2943//2471 2979//2471 2980//2471
f 2943//2472 2980//2472 2944//2472
f 2944//2473 2980//2473 2981//2473
f 2944//2473 2981//2473 2945//2473
f 2945//2474 2981//2474 2982//2474
f 2945//2475 2982//2475 2946//2475
f 2946//2476 2982//2476 2983//2476
f 2946//2477 2983//2477 2947//2477
f 2947//2478 2983//2478 2948//2478
f 2983//2479 2984//2479 2948//2479
f 2948//2480 2984//2480 2985//2480
f 2948//2481 2985//2481 2949//2481
f 2949//2482 2985//2482 2986//2482
f 2949//2483 2986//2483 2950//2483
f 2950//2484 2986//2484 2987//2484
f 2950//2485 2987//2485 2951//2485
f 2951//2486 2987//2486 2988//2486
f 2951//2487 2988//2487 2952//2487
f 2952//2488 2988//2488 2989//2488
f 2952//2489 2989//2489 2953//2489
f 2953//2490 2989//2490 2990//2490
f 2953//2491 2990//2491 2954//2491
f 2954//2492 2990//2492 2991//2492
f 2954//2493 2991//2493 2955//2493
f 2955//2494 2991//2494 2992//2494
f 2955//2495 2992//2495 2956//2495
f 2956//2496 2992//2496 2993//2496
f 2956//2497 2993//2497 2957//2497
f 2957//2498 2993//2498 2994//2498
f 2957//2499 2994//2499 2958//2499
f 2958//2500 2994//2500 2995//2500
f 2958//2501 2995//2501 2959//2501
f 2959//2502 2995//2502 2996//2502
f 2959//2503 2996//2503 2960//2503
f 2960//2504 2996//2504 2997//2504
f 2960//2504 2997//2504 2961//2504
f 2961//2505 2997//2505 2998//2505
f 2961//2506 2998//2506 2962//2506
f 2962//2507 2998//2507 2999//2507
f 2962//2508 2999//2508 2963//2508
f 2963//2509 2999//2509 3000//2509
f 2963//2509 3000//2509 2964//2509
f 2964//2510 3000//2510 3001//2510
f 2964//2511 3001//2511 2965//2511
f 2965//2512 3001//2512 3002//2512
f 2965//2513 3002//2513 2966//2513
f 2966//2514 3002//2514 3003//2514
f 2966//2515 3003//2515 2967//2515
f 2967//2516 3003//2516 3004//2516
f 2967//2517 3004//2517 2968//2517
f 2968//2518 3004//2518 3005//2518
f 2968//2519 3005//2519 2969//2519
f 2969//2520 3005//2520 3006//2520
f 2969//2521 3006//2521 2970//2521
f 2970//2522 3006//2522 3007//2522
f 2970//2523 3007//2523 2971//2523
f 2971//2524 3007//2524 3008//2524
f 2971//2525 3008//2525 2972//2525
f 2972//2526 3008//2526 3009//2526
f 2972//2527 3009//2527 2973//2527
f 2973//2528 3009//2528 3010//2528
f 2973//2529 3010//2529 2974//2529
f 2974//2530 3010//2530 3011//2530
f 2974//2531 3011//2531 2975//2531
f 2975//2532 3011//2532 3012//2532
f 2975//2533 3012//2533 2976//2533
f 2976//2534 3012//2534 3013//2534
f 2976//2535 3013//2535 2977//2535
f 2977//2536 3013//2536 3014//2536
f 2977//2537 3014//2537 2978//2537
f 2978//2538 3014//2538 3015//2538
f 2978//2539 3015//2539 2979//2539
f 2979//2540 3015//2540 3016//2540
f 2979//2541 3016//2541 2980//2541
f 2980//2542 3016//2542 3017//2542
f 2980//2543 3017//2543 2981//2543
f 2981//2544 3017//2544 3018//2544
f 2981//2545 3018//2545 2982//2545
f 2982//2546 3018//2546 3019//2546
f 2982//2547 3019//2547 2983//2547
f 2983//2479 3019//2479 2984//2479
f 3019//2548 3020//2548 2984//2548
f 2984//2549 3020//2549 3021//2549
f 2984//2550 3021//2550 2985//2550
f 2985//2551 3021//2551 3022//2551
f 2985//2552 3022//2552 2986//2552
f 2986//2553 3022//2553 3023//2553
f 2986//2554 3023//2554 2987//2554
f 2987//2555 3023//2555 3024//2555
f 2987//2556 3024//2556 2988//2556
f 2988//2557 3024//2557 3025//2557
f 2988//2558 3025//2558 2989//2558
f 2989//2559 3025//2559 3026//2559
f 2989//2560 3026//2560 2990//2560
f 2990//2561 3026//2561 3027//2561
f 2990//2562 3027//2562 2991//2562
f 2991//2563 3027//2563 3028//2563
f 2991//2564 3028//2564 2992//2564
f 2992//2565 3028//2565 3029//2565
f 2992//2566 3029//2566 2993//2566
f 2993//2567 3029//2567 3030//2567
f 2993//2568 3030//2568 2994//2568
f 2994//2569 3030//2569 3031//2569
f 2994//2569 3031//2569 2995//2569
f 2995//2570 3031//2570 3032//2570
f 2995//2571 3032//2571 2996//2571
f 2996//2572 3032//2572 3033//2572
f 2996//2573 3033//2573 2997//2573
f 2997//2574 3033//2574 3034//2574
f 2997//2574 3034//2574 2998//2574
f 2998//2575 3034//2575 3035//2575
f 2998//2576 3035//2576 2999//2576
f 2999//2577 3035//2577 3036//2577
f 2999//2578 3036//2578 3000//2578
f 3000//2579 3036//2579 3037//2579
f 3000//2580 3037//2580 3001//2580
f 3001//2581 3037//2581 3038//2581
f 3001//2582 3038//2582 3002//2582
f 3002//2583 3038//2583 3039//2583
f 3002//2584 3039//2584 3003//2584
f 3003//2585 3039//2585 3040//2585
f 3003//2586 3040//2586 3004//2586
f 3004//2587 3040//2587 3041//2587
f 3004//2587 3041//2587 3005//2587
f 3005//2588 3041//2588 3042//2588
f 3005//2589 3042//2589 3006//2589
f 3006//2590 3042//2590 3043//2590
f 3006//2591 3043//2591 3007//2591
f 3007//2592 3043//2592 3044//2592
f 3007//2593 3044//2593 3008//2593
f 3008//2594 3044//2594 3045//2594
f 3008//2595 3045//2595 3009//2595
f 3009//2596 3045//2596 3046//2596
f 3009//2597 3046//2597 3010//2597
f 3010//2598 3046//2598 3047//2598
f 3010//2599 3047//2599 3011//2599
f 3011//2600 3047//2600 3048//2600
f 3011//2601 3048//2601 3012//2601
f 3012//2602 3048//2602 3049//2602
f 3012//2603 3049//2603 3013//2603
f 3013//2604 3049//2604 3050//2604
f 3013//2605 3050//2605 3014//2605
f 3014//2606 3050//2606 3051//2606
f 3014//2607 3051//2607 3015//2607
f 3015//2608 3051//2608 3052//2608
f 3015//2609 3052//2609 3016//2609
f 3016//2610 3052//2610 3053//2610
f 3016//2611 3053//2611 3017//2611
f 3017//2612 3053//2612 3054//2612
f 3017//2613 3054//2613 3018//2613
f 3018//2614 3054//2614 3055//2614
f 3018//2615 3055//2615 3019//2615
f 3019//2616 3055//2616 3020//2616
f 3055//2617 3056//2617 3020//2617
f 3020//2618 3056//2618 3057//2618
f 3020//2619 3057//2619 3021//2619
f 3021//2620 3057//2620 3058//2620
f 3021//2621 3058//2621 3022//2621
f 3022//2622 3058//2622 3059//2622
f 3022//2623 3059//2623 3023//2623
f 3023//2624 3059//2624 3060//2624
f 3023//2625 3060//2625 3024//2625
f 3024//2626 3060//2626 3061//2626
f 3024//2627 3061//2627 3025//2627
f 3025//2628 3061//2628 3062//2628
f 3025//2628 3062//2628 3026//2628
f 3026//2629 3062//2629 3063//2629
f 3026//2630 3063//2630 3027//2630
f 3027//2631 3063//2631 3064//2631
f 3027//2632 3064//2632 3028//2632
f 3028//2633 3064//2633 3065//2633
f 3028//2634 3065//2634 3029//2634
f 3029//2635 3065//2635 3066//2635
f 3029//2636 3066//2636 3030//2636
f 3030//2637 3066//2637 3067//2637
f 3030//2638 3067//2638 3031//2638
f 3031//2639 3067//2639 3068//2639
f 3031//2640 3068//2640 3032//2640
f 3032//2641 3068//2641 3069//2641
f 3032//2642 3069//2642 3033//2642
f 3033//2643 3069//2643 3070//2643
f 3033//2644 3070//2644 3034//2644
f 3034//2645 3070//2645 3071//2645
f 3034//2646 3071//2646 3035//2646
f 3035//2647 3071//2647 3072//2647
f 3035//2648 3072//2648 3036//2648
f 3036//2649 3072//2649 3073//2649
f 3036//2650 3073//2650 3037//2650
f 3037//2651 3073//2651 3074//2651
f 3037//2651 3074//2651 3038//2651
f 3038//2652 3074//2652 3075//2652
f 3038//2653 3075//2653 3039//2653
f 3039//2654 3075//2654 3076//2654
f 3039//2655 3076//2655 3040//2655
f 3040//2656 3076//2656 3077//2656
f 3040//2657 3077//2657 3041//2657
f 3041//2658 3077//2658 3078//2658
f 3041//2659 3078//2659 3042//2659
f 3042//2660 3078//2660 3079//2660
f 3042//2661 3079//2661 3043//2661
f 3043//2662 3079//2662 3080//2662
f 3043//2663 3080//2663 3044//2663
f 3044//2664 3080//2664 3081//2664
f 3044//2665 3081//2665 3045//2665
f 3045//2666 3081//2666 3082//2666
f 3045//2667 3082//2667 3046//2667
f 3046//2668 3082//2668 3083//2668
f 3046//2669 3083//2669 3047//2669
f 3047//2670 3083//2670 3084//2670
f 3047//2671 3084//2671 3048//2671
f 3048//2672 3084//2672 3085//2672
f 3048//2673 3085//2673 3049//2673
f 3049//2674 3085//2674 3086//2674
f 3049//2675 3086//2675 3050//2675
f 3050//2676 3086//2676 3087//2676
f 3050//2677 3087//2677 3051//2677
f 3051//2678 3087//2678 3088//2678
f 3051//2679 3088//2679 3052//2679
f 3052//2680 3088//2680 3089//2680
f 3052//2681 3089//2681 3053//2681
f 3053//2682 3089//2682 3090//2682
f 3053//2682 3090//2682 3054//2682
f 3054//2683 3090//2683 3091//2683
f 3054//2684 3091//2684 3055//2684
f 3055//2685 3091//2685 3056//2685
f 3091//2686 3092//2686 3056//2686
f 3056//2687 3092//2687 3093//2687
f 3056//2688 3093//2688 3057//2688
f 3057//2689 3093//2689 3094//2689
f 3057//2690 3094//2690 3058//2690
f 3058//2691 3094//2691 3095//2691
f 3058//2692 3095//2692 3059//2692
f 3059//2693 3095//2693 3096//2693
f 3059//2693 3096//2693 3060//2693
f 3060//2694 3096//2694 3097//2694
f 3060//2695 3097//2695 3061//2695
f 3061//2696 3097//2696 3098//2696
f 3061//2697 3098//2697 3062//2697
f 3062//2698 3098//2698 3099//2698
f 3062//2698 3099//2698 3063//2698
f 3063//2699 3099//2699 3100//2699
f 3063//2700 3100//2700 3064//2700
f 3064//2701 3100//2701 3101//2701
f 3064//2702 3101//2702 3065//2702
f 3065//2703 3101//2703 3102//2703
f 3065//2704 3102//2704 3066//2704
f 3066//2705 3102//2705 3103//2705
f 3066//2706 3103//2706 3067//2706
f 3067//2707 3103//2707 3104//2707
f 3067//2708 3104//2708 3068//2708
f 3068//2709 3104//2709 3105//2709
f 3068//2709 3105//2709 3069//2709
f 3069//2710 3105//2710 3106//2710
f 3069//2711 3106//2711 3070//2711
f 3070//2712 3106//2712 3107//2712
f 3070//2713 3107//2713 3071//2713
f 3071//2714 3107//2714 3108//2714
f 3071//2715 3108//2715 3072//2715
f 3072//2716 3108//2716 3109//2716
f 3072//2717 3109//2717 3073//2717
f 3073//2718 3109//2718 3110//2718
f 3073//2718 3110//2718 3074//2718
f 3074//2719 3110//2719 3111//2719
f 3074//2720 3111//2720 3075//2720
f 3075//2721 3111//2721 3112//2721
f 3075//2721 3112//2721 3076//2721
f 3076//2722 3112//2722 3113//2722
f 3076//2723 3113//2723 3077//2723
f 3077//2724 3113//2724 3114//2724
f 3077//2725 3114//2725 3078//2725
f 3078//2726 3114//2726 3115//2726
f 3078//2727 3115//2727 3079//2727
f 3079//2728 3115//2728 3116//2728
f 3079//2729 3116//2729 3080//2729
f 3080//2730 3116//2730 3117//2730
f 3080//2731 3117//2731 3081//2731
f 3081//2732 3117//2732 3118//2732
f 3081//2733 3118//2733 3082//2733
f 3082//2734 3118//2734 3119//2734
f 3082//2735 3119//2735 3083//2735
f 3083//2736 3119//2736 3120//2736
f 3083//2737 3120//2737 3084//2737
f 3084//2738 3120//2738 3121//2738
f 3084//2738 3121//2738 3085//2738
f 3085//2739 3121//2739 3122//2739
f 3085//2740 3122//2740 3086//2740
f 3086//2741 3122//2741 3123//2741
f 3086//2742 3123//2742 3087//2742
f 3087//2743 3123//2743 3124//2743
f 3087//2744 3124//2744 3088//2744
f 3088//2745 3124//2745 3125//2745
f 3088//2746 3125//2746 3089//2746
f 3089//2747 3125//2747 3126//2747
f 3089//2748 3126//2748 3090//2748
f 3090//2749 3126//2749 3127//2749
f 3090//2750 3127//2750 3091//2750
f 3091//2751 3127//2751 3092//2751
f 3127//2752 1719//2752 3092//2752
f 3092//2753 1719//2753 1721//2753
f 3092//2754 1721//2754 3093//2754
f 3093//2755 1721//2755 1723//2755
f 3093//2756 1723//2757 3094//2757
f 3094//2758 1723//2758 1725//2758
f 3094//2759 1725//2759 3095//2759
f 3095//2760 1725//2760 1732//2760
f 3095//2761 1732//2761 3096//2761
f 3096//2762 1732//2762 1687//2762
f 3096//2763 1687//2763 3097//2763
f 3097//2764 1687//2764 1734//2764
f 3097//2765 1734//2765 3098//2765
f 3098//2766 1734//2766 1664//2766
f 3098//2766 1664//2766 3099//2766
f 3099//2767 1664//2767 1711//2767
f 3099//2768 1711//2768 3100//2768
f 3100//2769 1711//2769 1668//2769
f 3100//2770 1668//2770 3101//2770
f 3101//2771 1668//2771 1667//2771
f 3101//2772 1667//2772 3102//2772
f 3102//2773 1667//2773 1681//2773
f 3102//2774 1681//2774 3103//2774
f 3103//2775 1681//2775 1731//2775
f 3103//2776 1731//2776 3104//2776
f 3104//2777 1731//2777 1730//2777
f 3104//2778 1730//2778 3105//2778
f 3105//2779 1730//2779 1641//2779
f 3105//2780 1641//2780 3106//2780
f 3106//2781 1641//2781 1640//2781
f 3106//2782 1640//2782 3107//2782
f 3107//2783 1640//2783 1639//2783
f 3107//2784 1639//2784 3108//2784
f 3108//2785 1639//2785 1638//2785
f 3108//2786 1638//2786 3109//2786
f 3109//2787 1638//2787 1636//2787
f 3109//2788 1636//2788 3110//2788
f 3110//2789 1636//2789 1635//2789
f 3110//2790 1635//2790 3111//2790
f 3111//2791 1635//2791 1634//2791
f 3111//2792 1634//2792 3112//2792
f 3112//2793 1634//2793 1633//2793
f 3112//2794 1633//2794 3113//2794
f 3113//2795 1633//2795 1632//2795
f 3113//2796 1632//2796 3114//2796
f 3114//2797 1632//2797 1631//2797
f 3114//2798 1631//2798 3115//2798
f 3115//2799 1631//2799 1630//2799
f 3115//2800 1630//2800 3116//2800
f 3116//2801 1630//2801 1629//2801
f 3116//2802 1629//2802 3117//2802
f 3117//2803 1629//2803 1628//2803
f 3117//2803 1628//2803 3118//2803
f 3118//2804 1628//2804 1627//2804
f 3118//2805 1627//2805 3119//2805
f 3119//2806 1627//2806 1642//2806
f 3119//2807 1642//2807 3120//2807
f 3120//2808 1642//2808 1643//2808
f 3120//2809 1643//2809 3121//2809
f 3121//2810 1643//2810 1645//2810
f 3121//2811 1645//2811 3122//2811
f 3122//2812 1645//2812 1647//2812
f 3122//2813 1647//2813 3123//2813
f 3123//2814 1647//2814 1680//2814
f 3123//2815 1680//2815 3124//2815
f 3124//2816 1680//2816 1679//2816
f 3124//2817 1679//2817 3125//2817
f 3125//2818 1679//2818 1677//2818
f 3125//2819 1677//2819 3126//2819
f 3126//2820 1677//2820 1676//2820
f 3126//2821 1676//2821 3127//2821
f 3127//2822 1676//2822 1719//2822
f 2427//2823 3128//2823 2429//2823
f 2429//2823 3128//2823 3129//2823
f 2429//2824 3129//2824 2431//2824
f 2431//2825 3129//2825 3130//2825
f 2431//2826 3130//2826 2432//2826
f 2432//2827 3130//2827 3131//2827
f 2432//2828 3131//2828 2433//2828
f 2433//2829 3131//2829 3132//2829
f 2433//2830 3132//2830 2434//2830
f 2434//2830 3132//2830 3133//2830
f 2434//2831 3133//2831 2441//2831
f 2441//2832 3133//2832 3134//2832
f 2441//2833 3134//2833 2439//2833
f 2439//1440 3134//1440 3135//1440
f 2439//2834 3135//2834 2437//2834
f 2437//2834 3135//2834 3136//2834
f 2437//1221 3136//1221 2435//1221
f 2435//1221 3136//1221 3137//1221
f 2435//1222 3137//1222 2418//1222
f 2418//1222 3137//1222 3138//1222
f 2418//2835 3138//2835 2419//2835
f 2419//2835 3138//2835 3139//2835
f 2419//1447 3139//1447 2421//1447
f 2421//1447 3139//1447 3140//1447
f 2421//2836 3140//2836 2414//2836
f 2414//2837 3140//2837 3141//2837
f 2414//2838 3141//2838 2403//2838
f 2403//2838 3141//2838 3142//2838
f 2403//2839 3142//2839 2404//2839
f 2404//2840 3142//2840 3143//2840
f 2404//2841 3143//2841 2411//2841
f 2411//2842 3143//2842 3144//2842
f 2411//2843 3144//2843 2412//2843
f 2412//2843 3144//2843 3145//2843
f 2412//2844 3145//2844 2413//2844
f 2413//2844 3145//2844 3146//2844
f 2413//1196 3146//1196 2405//1196
f 2405//1196 3146//1196 3147//1196
f 2405//2845 3147//2845 2406//2845
f 2406//2845 3147//2845 3148//2845
f 2406//2846 3148//2846 2407//2846
f 2407//1202 3148//1202 3149//1202
f 2407//2847 3149//2847 2390//2847
f 2390//2848 3149//2848 3150//2848
f 2390//2849 3150//2849 2391//2849
f 2391//2849 3150//2849 3151//2849
f 2391//2850 3151//2850 2408//2850
f 2408//2851 3151//2851 3152//2851
f 2408//1455 3152//1455 2409//1455
f 2409//1455 3152//1455 3153//1455
f 2409//2852 3153//2852 2410//2852
f 2410//2852 3153//2852 3154//2852
f 2410//1457 3154//1457 2392//1457
f 2392//1457 3154//1457 3155//1457
f 2392//1458 3155//1458 2393//1458
f 2393//1458 3155//1458 3156//1458
f 2393//2853 3156//2853 2399//2853
f 2399//2853 3156//2853 3157//2853
f 2399//1460 3157//1460 2397//1460
f 2397//2854 3157//2854 3158//2854
f 2397//2855 3158//2855 2400//2855
f 2400//2856 3158//2856 3159//2856
f 2400//2857 3159//2857 2401//2857
f 2401//2857 3159//2857 3160//2857
f 2401//2858 3160//2858 2422//2858
f 2422//2859 3160//2859 3161//2859
f 2422//2860 3161//2860 2423//2860
f 2423//2861 3161//2861 3162//2861
f 2423//2862 3162//2862 2425//2862
f 2425//2862 3162//2862 3163//2862
f 2425//1437 3163//1437 2427//1437
f 2427//1437 3163//1437 3128//1437
f 3130//1082 3164//1082 3131//1082
f 3131//1082 3164//1082 3165//1082
f 3131//1082 3165//1082 3132//1082
f 3132//1082 3165//1082 3166//1082
f 3132//1082 3166//1082 3133//1082
f 3133//1082 3166//1082 3167//1082
f 3133//1082 3167//1082 3134//1082
f 3134//1082 3167//1082 3168//1082
f 3134//1082 3168//1082 3135//1082
f 3135//1082 3168//1082 3169//1082
f 3135//1082 3169//1082 3136//1082
f 3136//1082 3169//1082 3170//1082
f 3136//1082 3170//1082 3137//1082
f 3137//1082 3170//1082 3171//1082
f 3137//1082 3171//1082 3138//1082
f 3138//1082 3171//1082 3172//1082
f 3138//1082 3172//1082 3139//1082
f 3139//1082 3172//1082 3173//1082
f 3139//1082 3173//1082 3140//1082
f 3140//1082 3173//1082 3174//1082
f 3140//1082 3174//1082 3141//1082
f 3141//1082 3174//1082 3175//1082
f 3141//1082 3175//1082 3142//1082
f 3142//1082 3175//1082 3176//1082
f 3142//1082 3176//1082 3143//1082
f 3143//1082 3176//1082 3177//1082
f 3143//1082 3177//1082 3144//1082
f 3144//1082 3177//1082 3178//1082
f 3144//1082 3178//1082 3145//1082
f 3145//1082 3178//1082 3179//1082
f 3145//1082 3179//1082 3146//1082
f 3146//1082 3179//1082 3180//1082
f 3146//1082 3180//1082 3147//1082
f 3147//1082 3180//1082 3181//1082
f 3147//1082 3181//1082 3148//1082
f 3148//1082 3181//1082 3182//1082
f 3148//1082 3182//1082 3149//1082
f 3149//1082 3182//1082 3183//1082
f 3149//1082 3183//1082 3150//1082
f 3150//1082 3183//1082 3184//1082
f 3150//1082 3184//1082 3151//1082
f 3151//1082 3184//1082 3185//1082
f 3151//1082 3185//1082 3152//1082
f 3152//1082 3185//1082 3186//1082
f 3152//1082 3186//1082 3153//1082
f 3153//1082 3186//1082 3187//1082
f 3153//1082 3187//1082 3154//1082
f 3154//1082 3187//1082 3188//1082
f 3154//1082 3188//1082 3155//1082
f 3155//1082 3188//1082 3189//1082
f 3155//1082 3189//1082 3156//1082
f 3156//1082 3189//1082 3190//1082
f 3156//1082 3190//1082 3157//1082
f 3157//1082 3190//1082 3191//1082
f 3157//1082 3191//1082 3158//1082
f 3158//1082 3191//1082 3192//1082
f 3158//1082 3192//1082 3159//1082
f 3159//1082 3192//1082 3193//1082
f 3159//1082 3193//1082 3160//1082
f 3160//1082 3193//1082 3194//1082
f 3160//1082 3194//1082 3161//1082
f 3161//1082 3194//1082 3195//1082
f 3161//1082 3195//1082 3162//1082
f 3162//1082 3195//1082 3196//1082
f 3162//1082 3196//1082 3163//1082
f 3163//1082 3196//1082 3197//1082
f 3163//1082 3197//1082 3128//1082
f 3128//1082 3197//1082 3198//1082
f 3128//1082 3198//1082 3129//1082
f 3129//1082 3198//1082 3199//1082
f 3129//1082 3199//1082 3130//1082
f 3130//1082 3199//1082 3164//1082
f 3198//2863 3200//2863 3199//2863
f 3199//2863 3200//2863 3201//2863
f 3199//2864 3201//2864 3164//2864
f 3164//2864 3201//2864 3202//2864
f 3164//1438 3202//1438 3165//1438
f 3165//2865 3202//2865 3203//2865
f 3165//2866 3203//2866 3166//2866
f 3166//2866 3203//2866 3204//2866
f 3166//2867 3204//2867 3167//2867
f 3167//2867 3204//2867 3205//2867
f 3167//2868 3205//2868 3168//2868
f 3168//2868 3205//2868 3206//2868
f 3168//2869 3206//2869 3169//2869
f 3169//2869 3206//2869 3207//2869
f 3169//1441 3207//1441 3170//1441
f 3170//1441 3207//1441 3208//1441
f 3170//2870 3208//2870 3171//2870
f 3171//2871 3208//2871 3209//2871
f 3171//2872 3209//2872 3172//2872
f 3172//2872 3209//2872 3210//2872
f 3172//2873 3210//2873 3173//2873
f 3173//2873 3210//2873 3211//2873
f 3173//2874 3211//2874 3174//2874
f 3174//2874 3211//2874 3212//2874
f 3174//2875 3212//2875 3175//2875
f 3175//2875 3212//2875 3213//2875
f 3175//2876 3213//2876 3176//2876
f 3176//2876 3213//2876 3214//2876
f 3176//2877 3214//2877 3177//2877
f 3177//2877 3214//2877 3215//2877
f 3177//2878 3215//2878 3178//2878
f 3178//1450 3215//1450 3216//1450
f 3178//2879 3216//2879 3179//2879
f 3179//2879 3216//2879 3217//2879
f 3179//2880 3217//2880 3180//2880
f 3180//2880 3217//2880 3218//2880
f 3180//2881 3218//2881 3181//2881
f 3181//2881 3218//2881 3219//2881
f 3181//2882 3219//2882 3182//2882
f 3182//2882 3219//2882 3220//2882
f 3182//2883 3220//2883 3183//2883
f 3183//2884 3220//2884 3221//2884
f 3183//2885 3221//2885 3184//2885
f 3184//1453 3221//1453 3222//1453
f 3184//2886 3222//2886 3185//2886
f 3185//2886 3222//2886 3223//2886
f 3185//2887 3223//2887 3186//2887
f 3186//2888 3223//2888 3224//2888
f 3186//1238 3224//1238 3187//1238
f 3187//1238 3224//1238 3225//1238
f 3187//1456 3225//1456 3188//1456
f 3188//1456 3225//1456 3226//1456
f 3188//2889 3226//2889 3189//2889
f 3189//2890 3226//2890 3227//2890
f 3189//2891 3227//2891 3190//2891
f 3190//2892 3227//2892 3228//2892
f 3190//1459 3228//1459 3191//1459
f 3191//1459 3228//1459 3229//1459
f 3191//2893 3229//2893 3192//2893
f 3192//2893 3229//2893 3230//2893
f 3192//2894 3230//2894 3193//2894
f 3193//2895 3230//2895 3231//2895
f 3193//2896 3231//2896 3194//2896
f 3194//2896 3231//2896 3232//2896
f 3194//2897 3232//2897 3195//2897
f 3195//1462 3232//1462 3233//1462
f 3195//2898 3233//2898 3196//2898
f 3196//1463 3233//1463 3234//1463
f 3196//2899 3234//2899 3197//2899
f 3197//2899 3234//2899 3235//2899
f 3197//2900 3235//2900 3198//2900
f 3198//2900 3235//2900 3200//2900
f 3201//2901 1577//2901 3202//2901
f 3202//2902 1577//2902 1576//2902
f 3202//2903 1576//2903 3203//2903
f 3203//2904 1576//2904 1574//2904
f 3203//2905 1574//2905 3204//2905
f 3204//2906 1574//2906 1573//2906
f 3204//2907 1573//2907 3205//2907
f 3205//2908 1573//2908 1558//2908
f 3205//2909 1558//2909 3206//2909
f 3206//2910 1558//2910 1557//2910
f 3206//2911 1557//2911 3207//2911
f 3207//2912 1557//2912 1541//2912
f 3207//2913 1541//2913 3208//2913
f 3208//2914 1541//2914 1540//2914
f 3208//2915 1540//2915 3209//2915
f 3209//2916 1540//2916 1582//2916
f 3209//2917 1582//2917 3210//2917
f 3210//2918 1582//2918 1581//2918
f 3210//2919 1581//2920 3211//2920
f 3211//2921 1581//2921 1579//2921
f 3211//2922 1579//2922 3212//2922
f 3212//2923 1579//2923 1578//2923
f 3212//2924 1578//2924 3213//2924
f 3213//2925 1578//2925 1595//2925
f 3213//2926 1595//2926 3214//2926
f 3214//2927 1595//2927 1594//2927
f 3214//2928 1594//2928 3215//2928
f 3215//2929 1594//2929 1593//2929
f 3215//2930 1593//2930 3216//2930
f 3216//2931 1593//2931 1591//2931
f 3216//2932 1591//2932 3217//2932
f 3217//2933 1591//2933 1590//2933
f 3217//2934 1590//2934 3218//2934
f 3218//2935 1590//2935 1615//2935
f 3218//2936 1615//2936 3219//2936
f 3219//2937 1615//2937 1614//2937
f 3219//2938 1614//2938 3220//2938
f 3220//2939 1614//2939 1601//2939
f 3220//2940 1601//2940 3221//2940
f 3221//2941 1601//2941 1606//2941
f 3221//2942 1606//2942 3222//2942
f 3222//2943 1606//2943 1608//2943
f 3222//2944 1608//2944 3223//2944
f 3223//2945 1608//2945 1610//2945
f 3223//2946 1610//2946 3224//2946
f 3224//2947 1610//2947 1619//2947
f 3224//2948 1619//2948 3225//2948
f 3225//2949 1619//2949 1617//2949
f 3225//2950 1617//2950 3226//2950
f 3226//2951 1617//2951 1616//2951
f 3226//2952 1616//2952 3227//2952
f 3227//2953 1616//2953 1599//2953
f 3227//2954 1599//2954 3228//2954
f 3228//2955 1599//2955 1597//2955
f 3228//2956 1597//2956 3229//2956
f 3229//2957 1597//2957 1596//2957
f 3229//2958 1596//2958 3230//2958
f 3230//2959 1596//2959 1548//2959
f 3230//2960 1548//2960 3231//2960
f 3231//2961 1548//2961 1562//2961
f 3231//2962 1562//2962 3232//2962
f 3232//2963 1562//2963 1564//2963
f 3232//2964 1564//2964 3233//2964
f 3233//2965 1564//2966 1566//2966
f 3233//2967 1566//2967 3234//2967
f 3234//2968 1566//2968 1545//2968
f 3234//2969 1545//2969 3235//2969
f 3235//2970 1545//2970 1551//2970
f 3235//2971 1551//2971 3200//2971
f 3200//2972 1551//2972 1539//2972
f 3200//2973 1539//2973 3201//2973
f 3201//2974 1539//2974 1577//2974
f 2226//2975 3236//2975 2227//2975
f 2227//2975 3236//2975 3237//2975
f 2227//2976 3237//2976 2232//2976
f 2232//2977 3237//2977 3238//2977
f 2232//2978 3238//2978 2233//2978
f 2233//2978 3238//2978 3239//2978
f 2233//1228 3239//1228 2312//1228
f 2312//1228 3239//1228 3240//1228
f 2312//2830 3240//2830 2313//2830
f 2313//2830 3240//2830 3241//2830
f 2313//2979 3241//2979 2314//2979
f 2314//2979 3241//2979 3242//2979
f 2314//2833 3242//2833 2289//2833
f 2289//2833 3242//2833 3243//2833
f 2289//2834 3243//2834 2290//2834
f 2290//2834 3243//2834 3244//2834
f 2290//1221 3244//1221 2292//1221
f 2292//1221 3244//1221 3245//1221
f 2292//1222 3245//1222 2293//1222
f 2293//1222 3245//1222 3246//1222
f 2293//2980 3246//2980 2294//2980
f 2294//2980 3246//2980 3247//2980
f 2294//2981 3247//2981 2295//2981
f 2295//2981 3247//2981 3248//2981
f 2295//2982 3248//2982 2296//2982
f 2296//2836 3248//2836 3249//2836
f 2296//2838 3249//2838 2297//2838
f 2297//2838 3249//2838 3250//2838
f 2297//1215 3250//1215 2298//1215
f 2298//1215 3250//1215 3251//1215
f 2298//2842 3251//2842 2306//2842
f 2306//2842 3251//2842 3252//2842
f 2306//2983 3252//2983 2304//2983
f 2304//2983 3252//2983 3253//2983
f 2304//2844 3253//2844 2302//2844
f 2302//2844 3253//2844 3254//2844
f 2302//2984 3254//2984 2243//2984
f 2243//2984 3254//2984 3255//2984
f 2243//2845 3255//2845 2242//2845
f 2242//2845 3255//2845 3256//2845
f 2242//2846 3256//2846 2240//2846
f 2240//2985 3256//2985 3257//2985
f 2240//2986 3257//2986 2252//2986
f 2252//2986 3257//2986 3258//2986
f 2252//1454 3258//1454 2266//1454
f 2266//1454 3258//1454 3259//1454
f 2266//2987 3259//2987 2267//2987
f 2267//2987 3259//2987 3260//2987
f 2267//2988 3260//2988 2268//2988
f 2268//2988 3260//2988 3261//2988
f 2268//2989 3261//2989 2309//2989
f 2309//2989 3261//2989 3262//2989
f 2309//1457 3262//1457 2310//1457
f 2310//1457 3262//1457 3263//1457
f 2310//1458 3263//1458 2311//1458
f 2311//1458 3263//1458 3264//1458
f 2311//2853 3264//2853 2244//2853
f 2244//2853 3264//2853 3265//2853
f 2244//1460 3265//1460 2245//1460
f 2245//2893 3265//2893 3266//2893
f 2245//2990 3266//2990 2254//2990
f 2254//2990 3266//2990 3267//2990
f 2254//2991 3267//2991 2255//2991
f 2255//2991 3267//2991 3268//2991
f 2255//1164 3268//1164 2269//1164
f 2269//1164 3268//1164 3269//1164
f 2269//2992 3269//2992 2270//2992
f 2270//2992 3269//2992 3270//2992
f 2270//2993 3270//2993 2271//2993
f 2271//2994 3270//2994 3271//2994
f 2271//2900 3271//2900 2226//2900
f 2226//2900 3271//2900 3236//2900
f 3240//1082 3272//1082 3241//1082
f 3241//1082 3272//1082 3273//1082
f 3241//1082 3273//1082 3242//1082
f 3242//1082 3273//1082 3274//1082
f 3242//1082 3274//1082 3243//1082
f 3243//1082 3274//1082 3275//1082
f 3243//1082 3275//1082 3244//1082
f 3244//1082 3275//1082 3276//1082
f 3244//1082 3276//1082 3245//1082
f 3245//1082 3276//1082 3277//1082
f 3245//1082 3277//1082 3246//1082
f 3246//1082 3277//1082 3278//1082
f 3246//1082 3278//1082 3247//1082
f 3247//1082 3278//1082 3279//1082
f 3247//1082 3279//1082 3248//1082
f 3248//1082 3279//1082 3280//1082
f 3248//1082 3280//1082 3249//1082
f 3249//1082 3280//1082 3281//1082
f 3249//1082 3281//1082 3250//1082
f 3250//1082 3281//1082 3282//1082
f 3250//1082 3282//1082 3251//1082
f 3251//1082 3282//1082 3283//1082
f 3251//1082 3283//1082 3252//1082
f 3252//1082 3283//1082 3284//1082
f 3252//1082 3284//1082 3253//1082
f 3253//1082 3284//1082 3285//1082
f 3253//1082 3285//1082 3254//1082
f 3254//1082 3285//1082 3286//1082
f 3254//1082 3286//1082 3255//1082
f 3255//1082 3286//1082 3287//1082
f 3255//1082 3287//1082 3256//1082
f 3256//1082 3287//1082 3288//1082
f 3256//1082 3288//1082 3257//1082
f 3257//1082 3288//1082 3289//1082
f 3257//1082 3289//1082 3258//1082
f 3258//1082 3289//1082 3290//1082
f 3258//1082 3290//1082 3259//1082
f 3259//1082 3290//1082 3291//1082
f 3259//1082 3291//1082 3260//1082
f 3260//1082 3291//1082 3292//1082
f 3260//1082 3292//1082 3261//1082
f 3261//1082 3292//1082 3293//1082
f 3261//1082 3293//1082 3262//1082
f 3262//1082 3293//1082 3294//1082
f 3262//1082 3294//1082 3263//1082
f 3263//1082 3294//1082 3295//1082
f 3263//1082 3295//1082 3264//1082
f 3264//1082 3295//1082 3296//1082
f 3264//1082 3296//1082 3265//1082
f 3265//1082 3296//1082 3297//1082
f 3265//1082 3297//1082 3266//1082
f 3266//1082 3297//1082 3298//1082
f 3266//1082 3298//1082 3267//1082
f 3267//1082 3298//1082 3299//1082
f 3267//1082 3299//1082 3268//1082
f 3268//1082 3299//1082 3300//1082
f 3268//1082 3300//1082 3269//1082
f 3269//1082 3300//1082 3301//1082
f 3269//1082 3301//1082 3270//1082
f 3270//1082 3301//1082 3302//1082
f 3270//1082 3302//1082 3271//1082
f 3271//1082 3302//1082 3303//1082
f 3271//1082 3303//1082 3236//1082
f 3236//1082 3303//1082 3304//1082
f 3236//1082 3304//1082 3237//1082
f 3237//1082 3304//1082 3305//1082
f 3237//1082 3305//1082 3238//1082
f 3238//1082 3305//1082 3306//1082
f 3238//1082 3306//1082 3239//1082
f 3239//1082 3306//1082 3307//1082
f 3239//1082 3307//1082 3240//1082
f 3240//1082 3307//1082 3272//1082
f 3304//2975 3308//2975 3305//2975
f 3305//2975 3308//2975 3309//2975
f 3305//2995 3309//2995 3306//2995
f 3306//2995 3309//2995 3310//2995
f 3306//2826 3310//2826 3307//2826
f 3307//2826 3310//2826 3311//2826
f 3307//2996 3311//2996 3272//2996
f 3272//2996 3311//2996 3312//2996
f 3272//2867 3312//2867 3273//2867
f 3273//2867 3312//2867 3313//2867
f 3273//2832 3313//2832 3274//2832
f 3274//2832 3313//2832 3314//2832
f 3274//2833 3314//2833 3275//2833
f 3275//2997 3314//2997 3315//2997
f 3275//2998 3315//2998 3276//2998
f 3276//1220 3315//1220 3316//1220
f 3276//1221 3316//1221 3277//1221
f 3277//1442 3316//1442 3317//1442
f 3277//2999 3317//2999 3278//2999
f 3278//2999 3317//2999 3318//2999
f 3278//1223 3318//1223 3279//1223
f 3279//3000 3318//3000 3319//3000
f 3279//3001 3319//3001 3280//3001
f 3280//3002 3319//3002 3320//3002
f 3280//2836 3320//2836 3281//2836
f 3281//2836 3320//2836 3321//2836
f 3281//2876 3321//2876 3282//2876
f 3282//2876 3321//2876 3322//2876
f 3282//3003 3322//3003 3283//3003
f 3283//2877 3322//2877 3323//2877
f 3283//2878 3323//2878 3284//2878
f 3284//2878 3323//2878 3324//2878
f 3284//2879 3324//2879 3285//2879
f 3285//2879 3324//2879 3325//2879
f 3285//1218 3325//1218 3286//1218
f 3286//3004 3325//3004 3326//3004
f 3286//3005 3326//3005 3287//3005
f 3287//3005 3326//3005 3327//3005
f 3287//3006 3327//3006 3288//3006
f 3288//3006 3327//3006 3328//3006
f 3288//2884 3328//2884 3289//2884
f 3289//2884 3328//2884 3329//2884
f 3289//1453 3329//1453 3290//1453
f 3290//3007 3329//3007 3330//3007
f 3290//2886 3330//2886 3291//2886
f 3291//3008 3330//3008 3331//3008
f 3291//1237 3331//1237 3292//1237
f 3292//3009 3331//3009 3332//3009
f 3292//1455 3332//1455 3293//1455
f 3293//1238 3332//1238 3333//1238
f 3293//1456 3333//1456 3294//1456
f 3294//1456 3333//1456 3334//1456
f 3294//3010 3334//3010 3295//3010
f 3295//2889 3334//2889 3335//2889
f 3295//3011 3335//3011 3296//3011
f 3296//2891 3335//2891 3336//2891
f 3296//1459 3336//1459 3297//1459
f 3297//1459 3336//1459 3337//1459
f 3297//1460 3337//1460 3298//1460
f 3298//2893 3337//2893 3338//2893
f 3298//3012 3338//3012 3299//3012
f 3299//3012 3338//3012 3339//3012
f 3299//2896 3339//2896 3300//2896
f 3300//3013 3339//3013 3340//3013
f 3300//1164 3340//1164 3301//1164
f 3301//1164 3340//1164 3341//1164
f 3301//2861 3341//2861 3302//2861
f 3302//2992 3341//2992 3342//2992
f 3302//3014 3342//3014 3303//3014
f 3303//3014 3342//3014 3343//3014
f 3303//2900 3343//2900 3304//2900
f 3304//2900 3343//2900 3308//2900
f 1588//2970 1586//2970 3343//2970
f 3343//3015 1586//3015 1584//3015
f 3343//3016 1584//3016 3308//3016
f 3308//3017 1584//3017 1626//3017
f 3308//3018 1626//3018 3309//3018
f 3309//2973 1626//2973 1624//2973
f 3309//3019 1624//3019 3310//3019
f 3310//2902 1624//2902 1623//2902
f 3310//3020 1623//3020 3311//3020
f 3311//3021 1623//3021 1622//3021
f 3311//2905 1622//2905 3312//2905
f 3312//3022 1622//3022 1728//3022
f 3312//3023 1728//3023 3313//3023
f 3313//3024 1728//3024 1649//3024
f 3313//3025 1649//3025 3314//3025
f 3314//3026 1649//3026 1648//3026
f 3314//3027 1648//3027 3315//3027
f 3315//3028 1648//3028 1693//3028
f 3315//2913 1693//2913 3316//2913
f 3316//3029 1693//3029 1692//3029
f 3316//3030 1692//3030 3317//3030
f 3317//3031 1692//3031 1674//3031
f 3317//3032 1674//3032 3318//3032
f 3318//3033 1674//3033 1673//3033
f 3318//3034 1673//3034 3319//3034
f 3319//2921 1673//2921 1672//2921
f 3319//3035 1672//3035 3320//3035
f 3320//2923 1672//2923 1727//2923
f 3320//3036 1727//3036 3321//3036
f 3321//2924 1727//2924 1726//2924
f 3321//3037 1726//3037 3322//3037
f 3322//2927 1726//2927 1724//2927
f 3322//3038 1724//3038 3323//3038
f 3323//3039 1724//3039 1722//3039
f 3323//3040 1722//3040 3324//3040
f 3324//2931 1722//2931 1720//2931
f 3324//2932 1720//2932 3325//2932
f 3325//2933 1720//2933 1718//2933
f 3325//3041 1718//3041 3326//3041
f 3326//2935 1718//2935 1717//2935
f 3326//3042 1717//3042 3327//3042
f 3327//3043 1717//3043 1678//3043
f 3327//3044 1678//3044 3328//3044
f 3328//2939 1678//2939 1646//2939
f 3328//2940 1646//2940 3329//2940
f 3329//3045 1646//3045 1644//3045
f 3329//3046 1644//3046 3330//3046
f 3330//3047 1644//3047 1542//3047
f 3330//3048 1542//3048 3331//3048
f 3331//2945 1542//2945 1559//2945
f 3331//2947 1559//2947 3332//2947
f 3332//2946 1559//2946 1575//2946
f 3332//2948 1575//2948 3333//2948
f 3333//3049 1575//3049 1556//3049
f 3333//2950 1556//2950 3334//2950
f 3334//3050 1556//3050 1555//3050
f 3334//3051 1555//3051 3335//3051
f 3335//3052 1555//3052 1554//3052
f 3335//3053 1554//3053 3336//3053
f 3336//3054 1554//3054 1538//3054
f 3336//2956 1538//2956 3337//2956
f 3337//3055 1538//3055 1537//3055
f 3337//3056 1537//3056 3338//3056
f 3338//3057 1537//3057 1572//3057
f 3338//2960 1572//2960 3339//2960
f 3339//2961 1572//2961 1571//2961
f 3339//3058 1571//3058 3340//3058
f 3340//3059 1571//3059 1570//3059
f 3340//3060 1570//3060 3341//3060
f 3341//3061 1570//3061 1589//3061
f 3341//3062 1589//3062 3342//3062
f 3342//2968 1589//2968 1588//2968
f 3342//2969 1588//2969 3343//2969
f 2320//2823 3344//2823 2322//2823
f 2322//2823 3344//2823 3345//2823
f 2322//2824 3345//2824 2324//2824
f 2324//2825 3345//2825 3346//2825
f 2324//2827 3346//2827 2325//2827
f 2325//2826 3346//2826 3347//2826
f 2325//1228 3347//1228 2327//1228
f 2327//2866 3347//2866 3348//2866
f 2327//3063 3348//3063 2328//3063
f 2328//3064 3348//3064 3349//3064
f 2328//3065 3349//3065 2329//3065
f 2329//3065 3349//3065 3350//3065
f 2329//2833 3350//2833 2264//2833
f 2264//1440 3350//1440 3351//1440
f 2264//3066 3351//3066 2265//3066
f 2265//3066 3351//3066 3352//3066
f 2265//1221 3352//1221 2235//1221
f 2235//1221 3352//1221 3353//1221
f 2235//1222 3353//1222 2236//1222
f 2236//1222 3353//1222 3354//1222
f 2236//3000 3354//3000 2248//3000
f 2248//3000 3354//3000 3355//3000
f 2248//1447 3355//1447 2249//1447
f 2249//1447 3355//1447 3356//1447
f 2249//3067 3356//3067 2250//3067
f 2250//3067 3356//3067 3357//3067
f 2250//3068 3357//3068 2237//3068
f 2237//3069 3357//3069 3358//3069
f 2237//2877 3358//2877 2228//2877
f 2228//1215 3358//1215 3359//1215
f 2228//2842 3359//2842 2229//2842
f 2229//2841 3359//2841 3360//2841
f 2229//2843 3360//2843 2275//2843
f 2275//2843 3360//2843 3361//2843
f 2275//2844 3361//2844 2276//2844
f 2276//2844 3361//2844 3362//2844
f 2276//2984 3362//2984 2277//2984
f 2277//2984 3362//2984 3363//2984
f 2277//2845 3363//2845 2257//2845
f 2257//2845 3363//2845 3364//2845
f 2257//2846 3364//2846 2258//2846
f 2258//3070 3364//3070 3365//3070
f 2258//1453 3365//1453 2272//1453
f 2272//2986 3365//2986 3366//2986
f 2272//3008 3366//3008 2273//3008
f 2273//3008 3366//3008 3367//3008
f 2273//2987 3367//2987 2279//2987
f 2279//2987 3367//2987 3368//2987
f 2279//1455 3368//1455 2281//1455
f 2281//1455 3368//1455 3369//1455
f 2281//2852 3369//2852 2283//2852
f 2283//2852 3369//2852 3370//2852
f 2283//1457 3370//1457 2285//1457
f 2285//1457 3370//1457 3371//1457
f 2285//1458 3371//1458 2287//1458
f 2287//1458 3371//1458 3372//1458
f 2287//2853 3372//2853 2288//2853
f 2288//2853 3372//2853 3373//2853
f 2288//3071 3373//3071 2260//3071
f 2260//3071 3373//3071 3374//3071
f 2260//3072 3374//3072 2299//3072
f 2299//3072 3374//3072 3375//3072
f 2299//3013 3375//3013 2330//3013
f 2330//3013 3375//3013 3376//3013
f 2330//1164 3376//1164 2291//1164
f 2291//1462 3376//1462 3377//1462
f 2291//3073 3377//3073 2316//3073
f 2316//2861 3377//2861 3378//2861
f 2316//2993 3378//2993 2318//2993
f 2318//2862 3378//2862 3379//2862
f 2318//3074 3379//3074 2320//3074
f 2320//3074 3379//3074 3344//3074
f 3346//1082 3380//1082 3347//1082
f 3347//1082 3380//1082 3381//1082
f 3347//1082 3381//1082 3348//1082
f 3348//1082 3381//1082 3382//1082
f 3348//1082 3382//1082 3349//1082
f 3349//1082 3382//1082 3383//1082
f 3349//1082 3383//1082 3350//1082
f 3350//1082 3383//1082 3384//1082
f 3350//1082 3384//1082 3351//1082
f 3351//1082 3384//1082 3385//1082
f 3351//1082 3385//1082 3352//1082
f 3352//1082 3385//1082 3386//1082
f 3352//1082 3386//1082 3353//1082
f 3353//1082 3386//1082 3387//1082
f 3353//1082 3387//1082 3354//1082
f 3354//1082 3387//1082 3388//1082
f 3354//1082 3388//1082 3355//1082
f 3355//1082 3388//1082 3389//1082
f 3355//1082 3389//1082 3356//1082
f 3356//1082 3389//1082 3390//1082
f 3356//1082 3390//1082 3357//1082
f 3357//1082 3390//1082 3391//1082
f 3357//1082 3391//1082 3358//1082
f 3358//1082 3391//1082 3392//1082
f 3358//1082 3392//1082 3359//1082
f 3359//1082 3392//1082 3393//1082
f 3359//1082 3393//1082 3360//1082
f 3360//1082 3393//1082 3394//1082
f 3360//1082 3394//1082 3361//1082
f 3361//1082 3394//1082 3395//1082
f 3361//1082 3395//1082 3362//1082
f 3362//1082 3395//1082 3396//1082
f 3362//1082 3396//1082 3363//1082
f 3363//1082 3396//1082 3397//1082
f 3363//1082 3397//1082 3364//1082
f 3364//1082 3397//1082 3398//1082
f 3364//1082 3398//1082 3365//1082
f 3365//1082 3398//1082 3399//1082
f 3365//1082 3399//1082 3366//1082
f 3366//1082 3399//1082 3400//1082
f 3366//1082 3400//1082 3367//1082
f 3367//1082 3400//1082 3401//1082
f 3367//1082 3401//1082 3368//1082
f 3368//1082 3401//1082 3402//1082
f 3368//1082 3402//1082 3369//1082
f 3369//1082 3402//1082 3403//1082
f 3369//1082 3403//1082 3370//1082
f 3370//1082 3403//1082 3404//1082
f 3370//1082 3404//1082 3371//1082
f 3371//1082 3404//1082 3405//1082
f 3371//1082 3405//1082 3372//1082
f 3372//1082 3405//1082 3406//1082
f 3372//1082 3406//1082 3373//1082
f 3373//1082 3406//1082 3407//1082
f 3373//1082 3407//1082 3374//1082
f 3374//1082 3407//1082 3408//1082
f 3374//1082 3408//1082 3375//1082
f 3375//1082 3408//1082 3409//1082
f 3375//1082 3409//1082 3376//1082
f 3376//1082 3409//1082 3410//1082
f 3376//1082 3410//1082 3377//1082
f 3377//1082 3410//1082 3411//1082
f 3377//1082 3411//1082 3378//1082
f 3378//1082 3411//1082 3412//1082
f 3378//1082 3412//1082 3379//1082
f 3379//1082 3412//1082 3413//1082
f 3379//1082 3413//1082 3344//1082
f 3344//1082 3413//1082 3414//1082
f 3344//1082 3414//1082 3345//1082
f 3345//1082 3414//1082 3415//1082
f 3345//1082 3415//1082 3346//1082
f 3346//1082 3415//1082 3380//1082
f 3414//2975 3416//2975 3415//2975
f 3415//2975 3416//2975 3417//2975
f 3415//2825 3417//2825 3380//2825
f 3380//3075 3417//3075 3418//3075
f 3380//1438 3418//1438 3381//1438
f 3381//1438 3418//1438 3419//1438
f 3381//2866 3419//2866 3382//2866
f 3382//2866 3419//2866 3420//2866
f 3382//3064 3420//3064 3383//3064
f 3383//3064 3420//3064 3421//3064
f 3383//2979 3421//2979 3384//2979
f 3384//2979 3421//2979 3422//2979
f 3384//1440 3422//1440 3385//1440
f 3385//1440 3422//1440 3423//1440
f 3385//1441 3423//1441 3386//1441
f 3386//1441 3423//1441 3424//1441
f 3386//1442 3424//1442 3387//1442
f 3387//2870 3424//2870 3425//2870
f 3387//1443 3425//1443 3388//1443
f 3388//2872 3425//2872 3426//2872
f 3388//2873 3426//2873 3389//2873
f 3389//2873 3426//2873 3427//2873
f 3389//1447 3427//1447 3390//1447
f 3390//1447 3427//1447 3428//1447
f 3390//3076 3428//3076 3391//3076
f 3391//3076 3428//3076 3429//3076
f 3391//3068 3429//3068 3392//3068
f 3392//3068 3429//3068 3430//3068
f 3392//2877 3430//2877 3393//2877
f 3393//2877 3430//2877 3431//2877
f 3393//1450 3431//1450 3394//1450
f 3394//1450 3431//1450 3432//1450
f 3394//3077 3432//3077 3395//3077
f 3395//3078 3432//3078 3433//3078
f 3395//3079 3433//3079 3396//3079
f 3396//3079 3433//3079 3434//3079
f 3396//2881 3434//2881 3397//2881
f 3397//2881 3434//2881 3435//2881
f 3397//3006 3435//3006 3398//3006
f 3398//3006 3435//3006 3436//3006
f 3398//1452 3436//1452 3399//1452
f 3399//1452 3436//1452 3437//1452
f 3399//1453 3437//1453 3400//1453
f 3400//1453 3437//1453 3438//1453
f 3400//3008 3438//3008 3401//3008
f 3401//3008 3438//3008 3439//3008
f 3401//3080 3439//3080 3402//3080
f 3402//3080 3439//3080 3440//3080
f 3402//1455 3440//1455 3403//1455
f 3403//3081 3440//3081 3441//3081
f 3403//1456 3441//1456 3404//1456
f 3404//1456 3441//1456 3442//1456
f 3404//2890 3442//2890 3405//2890
f 3405//2889 3442//2889 3443//2889
f 3405//2891 3443//2891 3406//2891
f 3406//2891 3443//2891 3444//2891
f 3406//1459 3444//1459 3407//1459
f 3407//1459 3444//1459 3445//1459
f 3407//3082 3445//3082 3408//3082
f 3408//1460 3445//1460 3446//1460
f 3408//2990 3446//2990 3409//2990
f 3409//2990 3446//2990 3447//2990
f 3409//3013 3447//3013 3410//3013
f 3410//3013 3447//3013 3448//3013
f 3410//1462 3448//1462 3411//1462
f 3411//1462 3448//1462 3449//1462
f 3411//1463 3449//1463 3412//1463
f 3412//1463 3449//1463 3450//1463
f 3412//3083 3450//3083 3413//3083
f 3413//3083 3450//3083 3451//3083
f 3413//2900 3451//2900 3414//2900
f 3414//2900 3451//2900 3416//2900
f 3417//3084 1709//3084 3418//3084
f 3418//3085 1709//3085 1707//3085
f 3418//3086 1707//3086 3419//3086
f 3419//2904 1707//2904 1705//2904
f 3419//2905 1705//2905 3420//2905
f 3420//3022 1705//3022 1703//3022
f 3420//3087 1703//3087 3421//3087
f 3421//3024 1703//3024 1702//3024
f 3421//3025 1702//3025 3422//3025
f 3422//3088 1702//3088 1662//3088
f 3422//2911 1662//2911 3423//2911
f 3423//2912 1662//2912 1660//2912
f 3423//2913 1660//2913 3424//2913
f 3424//3089 1660//3089 1656//3089
f 3424//3090 1656//3090 3425//3090
f 3425//3091 1656//3091 1653//3091
f 3425//3092 1653//3092 3426//3092
f 3426//2918 1653//2918 1651//2918
f 3426//2920 1651//2920 3427//2920
f 3427//2919 1651//2919 1699//2919
f 3427//3093 1699//3093 3428//3093
f 3428//2923 1699//2923 1697//2923
f 3428//3094 1697//3094 3429//3094
f 3429//3036 1697//3036 1695//3036
f 3429//3095 1695//3095 3430//3095
f 3430//3096 1695//3096 1694//3096
f 3430//3038 1694//3038 3431//3038
f 3431//3039 1694//3039 1691//3039
f 3431//3097 1691//3097 3432//3097
f 3432//3098 1691//3098 1690//3098
f 3432//2932 1690//2932 3433//2932
f 3433//2933 1690//2933 1689//2933
f 3433//3099 1689//3099 3434//3099
f 3434//2935 1689//2935 1688//2935
f 3434//3100 1688//3100 3435//3100
f 3435//3043 1688//3043 1716//3043
f 3435//3101 1716//3101 3436//3101
f 3436//2939 1716//2939 1715//2939
f 3436//2940 1715//2940 3437//2940
f 3437//2941 1715//2941 1714//2941
f 3437//3046 1714//3046 3438//3046
f 3438//3102 1714//3102 1671//3102
f 3438//3103 1671//3103 3439//3103
f 3439//2945 1671//2945 1670//2945
f 3439//3104 1670//3104 3440//3104
f 3440//3105 1670//3105 1729//3105
f 3440//2948 1729//2948 3441//2948
f 3441//3106 1729//3106 1669//3106
f 3441//2950 1669//2950 3442//2950
f 3442//3050 1669//3050 1713//3050
f 3442//2952 1713//2952 3443//2952
f 3443//3052 1713//3052 1712//3052
f 3443//3054 1712//3054 3444//3054
f 3444//2955 1712//2955 1666//2955
f 3444//3107 1666//3107 3445//3107
f 3445//3108 1666//3108 1665//3108
f 3445//2958 1665//2958 3446//2958
f 3446//3057 1665//3057 1686//3057
f 3446//3109 1686//3109 3447//3109
f 3447//3110 1686//3110 1685//3110
f 3447//3111 1685//3111 3448//3111
f 3448//2963 1685//2963 1733//2963
f 3448//2964 1733//2964 3449//2964
f 3449//2965 1733//2965 1684//2965
f 3449//2967 1684//2967 3450//2967
f 3450//2968 1684//2968 1683//2968
f 3450//2969 1683//2969 3451//2969
f 3451//2970 1683//2970 1682//2970
f 3451//3112 1682//3112 3416//3112
f 3416//3113 1682//3113 1675//3113
f 3416//2973 1675//2973 3417//2973
f 3417//2973 1675//2973 1709//2973
f 2375//2823 3452//2823 2377//2823
f 2377//2823 3452//2823 3453//2823
f 2377//2977 3453//2977 2378//2977
f 2378//2825 3453//2825 3454//2825
f 2378//2826 3454//2826 2348//2826
f 2348//2826 3454//2826 3455//2826
f 2348//1228 3455//1228 2351//1228
f 2351//1228 3455//1228 3456//1228
f 2351//2830 3456//2830 2352//2830
f 2352//2830 3456//2830 3457//2830
f 2352//2832 3457//2832 2353//2832
f 2353//3114 3457//3114 3458//3114
f 2353//3115 3458//3115 2354//3115
f 2354//3115 3458//3115 3459//3115
f 2354//3116 3459//3116 2342//3116
f 2342//3116 3459//3116 3460//3116
f 2342//1221 3460//1221 2344//1221
f 2344//1221 3460//1221 3461//1221
f 2344//1222 3461//1222 2346//1222
f 2346//1222 3461//1222 3462//1222
f 2346//2835 3462//2835 2357//2835
f 2357//2835 3462//2835 3463//2835
f 2357//1447 3463//1447 2358//1447
f 2358//1447 3463//1447 3464//1447
f 2358//3076 3464//3076 2359//3076
f 2359//3076 3464//3076 3465//3076
f 2359//2838 3465//2838 2333//2838
f 2333//2838 3465//2838 3466//2838
f 2333//1215 3466//1215 2337//1215
f 2337//1215 3466//1215 3467//1215
f 2337//3117 3467//3117 2336//3117
f 2336//3117 3467//3117 3468//3117
f 2336//3118 3468//3118 2334//3118
f 2334//3118 3468//3118 3469//3118
f 2334//3079 3469//3079 2338//3079
f 2338//1218 3469//1218 3470//1218
f 2338//1196 3470//1196 2339//1196
f 2339//2881 3470//2881 3471//2881
f 2339//3119 3471//3119 2360//3119
f 2360//3119 3471//3119 3472//3119
f 2360//2985 3472//2985 2361//2985
f 2361//2985 3472//2985 3473//2985
f 2361//2986 3473//2986 2362//2986
f 2362//2986 3473//2986 3474//2986
f 2362//3120 3474//3120 2379//3120
f 2379//3120 3474//3120 3475//3120
f 2379//3080 3475//3080 2380//3080
f 2380//3080 3475//3080 3476//3080
f 2380//1455 3476//1455 2381//1455
f 2381//3121 3476//3121 3477//3121
f 2381//2852 3477//2852 2382//2852
f 2382//2852 3477//2852 3478//2852
f 2382//1457 3478//1457 2383//1457
f 2383//1457 3478//1457 3479//1457
f 2383//1458 3479//1458 2384//1458
f 2384//1458 3479//1458 3480//1458
f 2384//3122 3480//3122 2363//3122
f 2363//3122 3480//3122 3481//3122
f 2363//3123 3481//3123 2364//3123
f 2364//2893 3481//2893 3482//2893
f 2364//3072 3482//3072 2365//3072
f 2365//3072 3482//3072 3483//3072
f 2365//1461 3483//1461 2366//1461
f 2366//1461 3483//1461 3484//1461
f 2366//1164 3484//1164 2369//1164
f 2369//1164 3484//1164 3485//1164
f 2369//2992 3485//2992 2371//2992
f 2371//2861 3485//2861 3486//2861
f 2371//2862 3486//2862 2373//2862
f 2373//2862 3486//2862 3487//2862
f 2373//3074 3487//3074 2375//3074
f 2375//3074 3487//3074 3452//3074
f 3454//1082 3488//1082 3455//1082
f 3455//1082 3488//1082 3489//1082
f 3455//1082 3489//1082 3456//1082
f 3456//1082 3489//1082 3490//1082
f 3456//1082 3490//1082 3457//1082
f 3457//1082 3490//1082 3491//1082
f 3457//1082 3491//1082 3458//1082
f 3458//1082 3491//1082 3492//1082
f 3458//1082 3492//1082 3459//1082
f 3459//1082 3492//1082 3493//1082
f 3459//1082 3493//1082 3460//1082
f 3460//1082 3493//1082 3494//1082
f 3460//1082 3494//1082 3461//1082
f 3461//1082 3494//1082 3495//1082
f 3461//1082 3495//1082 3462//1082
f 3462//1082 3495//1082 3496//1082
f 3462//1082 3496//1082 3463//1082
f 3463//1082 3496//1082 3497//1082
f 3463//1082 3497//1082 3464//1082
f 3464//1082 3497//1082 3498//1082
f 3464//1082 3498//1082 3465//1082
f 3465//1082 3498//1082 3499//1082
f 3465//1082 3499//1082 3466//1082
f 3466//1082 3499//1082 3500//1082
f 3466//1082 3500//1082 3467//1082
f 3467//1082 3500//1082 3501//1082
f 3467//1082 3501//1082 3468//1082
f 3468//1082 3501//1082 3502//1082
f 3468//1082 3502//1082 3469//1082
f 3469//1082 3502//1082 3503//1082
f 3469//1082 3503//1082 3470//1082
f 3470//1082 3503//1082 3504//1082
f 3470//1082 3504//1082 3471//1082
f 3471//1082 3504//1082 3505//1082
f 3471//1082 3505//1082 3472//1082
f 3472//1082 3505//1082 3506//1082
f 3472//1082 3506//1082 3473//1082
f 3473//1082 3506//1082 3507//1082
f 3473//1082 3507//1082 3474//1082
f 3474//1082 3507//1082 3508//1082
f 3474//1082 3508//1082 3475//1082
f 3475//1082 3508//1082 3509//1082
f 3475//1082 3509//1082 3476//1082
f 3476//1082 3509//1082 3510//1082
f 3476//1082 3510//1082 3477//1082
f 3477//1082 3510//1082 3511//1082
f 3477//1082 3511//1082 3478//1082
f 3478//1082 3511//1082 3512//1082
f 3478//1082 3512//1082 3479//1082
f 3479//1082 3512//1082 3513//1082
f 3479//1082 3513//1082 3480//1082
f 3480//1082 3513//1082 3514//1082
f 3480//1082 3514//1082 3481//1082
f 3481//1082 3514//1082 3515//1082
f 3481//1082 3515//1082 3482//1082
f 3482//1082 3515//1082 3516//1082
f 3482//1082 3516//1082 3483//1082
f 3483//1082 3516//1082 3517//1082
f 3483//1082 3517//1082 3484//1082
f 3484//1082 3517//1082 3518//1082
f 3484//1082 3518//1082 3485//1082
f 3485//1082 3518//1082 3519//1082
f 3485//1082 3519//1082 3486//1082
f 3486//1082 3519//1082 3520//1082
f 3486//1082 3520//1082 3487//1082
f 3487//1082 3520//1082 3521//1082
f 3487//1082 3521//1082 3452//1082
f 3452//1082 3521//1082 3522//1082
f 3452//1082 3522//1082 3453//1082
f 3453//1082 3522//1082 3523//1082
f 3453//1082 3523//1082 3454//1082
f 3454//1082 3523//1082 3488//1082
f 3522//3124 3524//3124 3523//3124
f 3523//2863 3524//2863 3525//2863
f 3523//2864 3525//2864 3488//2864
f 3488//2864 3525//2864 3526//2864
f 3488//2865 3526//2865 3489//2865
f 3489//2865 3526//2865 3527//2865
f 3489//2866 3527//2866 3490//2866
f 3490//2866 3527//2866 3528//2866
f 3490//2867 3528//2867 3491//2867
f 3491//2867 3528//2867 3529//2867
f 3491//2832 3529//2832 3492//2832
f 3492//2832 3529//2832 3530//2832
f 3492//2997 3530//2997 3493//2997
f 3493//2997 3530//2997 3531//2997
f 3493//1220 3531//1220 3494//1220
f 3494//3066 3531//3066 3532//3066
f 3494//2870 3532//2870 3495//2870
f 3495//3125 3532//3125 3533//3125
f 3495//1443 3533//1443 3496//1443
f 3496//1222 3533//1222 3534//1222
f 3496//3126 3534//3126 3497//3126
f 3497//1223 3534//1223 3535//1223
f 3497//3001 3535//3001 3498//3001
f 3498//3001 3535//3001 3536//3001
f 3498//2836 3536//2836 3499//2836
f 3499//2836 3536//2836 3537//2836
f 3499//2876 3537//2876 3500//2876
f 3500//2876 3537//2876 3538//2876
f 3500//3127 3538//3127 3501//3127
f 3501//3127 3538//3127 3539//3127
f 3501//2842 3539//2842 3502//2842
f 3502//2842 3539//2842 3540//2842
f 3502//3128 3540//3128 3503//3128
f 3503//3128 3540//3128 3541//3128
f 3503//3079 3541//3079 3504//3079
f 3504//3079 3541//3079 3542//3079
f 3504//2881 3542//2881 3505//2881
f 3505//2881 3542//2881 3543//2881
f 3505//3129 3543//3129 3506//3129
f 3506//3130 3543//3130 3544//3130
f 3506//2985 3544//2985 3507//2985
f 3507//2846 3544//2846 3545//2846
f 3507//2986 3545//2986 3508//2986
f 3508//2986 3545//2986 3546//2986
f 3508//2886 3546//2886 3509//2886
f 3509//3008 3546//3008 3547//3008
f 3509//1237 3547//1237 3510//1237
f 3510//3009 3547//3009 3548//3009
f 3510//1238 3548//1238 3511//1238
f 3511//1455 3548//1455 3549//1455
f 3511//1456 3549//1456 3512//1456
f 3512//1456 3549//1456 3550//1456
f 3512//2890 3550//2890 3513//2890
f 3513//3131 3550//3131 3551//3131
f 3513//2892 3551//2892 3514//2892
f 3514//2892 3551//2892 3552//2892
f 3514//1459 3552//1459 3515//1459
f 3515//1459 3552//1459 3553//1459
f 3515//2893 3553//2893 3516//2893
f 3516//2893 3553//2893 3554//2893
f 3516//3012 3554//3012 3517//3012
f 3517//3012 3554//3012 3555//3012
f 3517//2896 3555//2896 3518//2896
f 3518//3013 3555//3013 3556//3013
f 3518//1462 3556//1462 3519//1462
f 3519//3132 3556//3132 3557//3132
f 3519//2898 3557//2898 3520//2898
f 3520//3133 3557//3133 3558//3133
f 3520//3083 3558//3083 3521//3083
f 3521//3083 3558//3083 3559//3083
f 3521//3134 3559//3134 3522//3134
f 3522//3135 3559//3135 3524//3135
f 3525//3136 1767//3136 3526//3136
f 3526//2902 1767//2902 1766//2902
f 3526//2903 1766//2903 3527//2903
f 3527//3021 1766//3021 1765//3021
f 3527//2905 1765//2905 3528//2905
f 3528//3137 1765//3137 1764//3137
f 3528//2907 1764//2907 3529//2907
f 3529//3138 1764//3138 1763//3138
f 3529//2909 1763//2909 3530//2909
f 3530//3026 1763//3026 1762//3026
f 3530//2911 1762//2911 3531//2911
f 3531//3139 1762//3139 1751//3139
f 3531//2913 1751//2913 3532//2913
f 3532//3029 1751//3029 1750//3029
f 3532//3140 1750//3140 3533//3140
f 3533//2916 1750//2916 1779//2916
f 3533//2917 1779//2917 3534//2917
f 3534//3141 1779//3141 1778//3141
f 3534//3034 1778//3034 3535//3034
f 3535//2921 1778//2921 1776//2921
f 3535//3035 1776//3035 3536//3035
f 3536//2923 1776//2923 1774//2923
f 3536//3036 1774//3036 3537//3036
f 3537//2924 1774//2924 1772//2924
f 3537//2926 1772//2926 3538//2926
f 3538//2927 1772//2927 1782//2927
f 3538//2928 1782//2928 3539//2928
f 3539//3039 1782//3039 1784//3039
f 3539//2930 1784//2930 3540//2930
f 3540//2931 1784//2931 1759//2931
f 3540//3142 1759//3142 3541//3142
f 3541//2933 1759//2933 1757//2933
f 3541//3143 1757//3143 3542//3143
f 3542//2935 1757//2935 1755//2935
f 3542//3144 1755//3144 3543//3144
f 3543//3043 1755//3043 1753//3043
f 3543//2938 1753//2938 3544//2938
f 3544//2939 1753//2939 1752//2939
f 3544//2940 1752//2940 3545//2940
f 3545//3145 1752//3145 1745//3145
f 3545//3046 1745//3046 3546//3046
f 3546//3146 1745//3146 1743//3146
f 3546//3048 1743//3048 3547//3048
f 3547//2945 1743//2945 1742//2945
f 3547//3147 1742//3147 3548//3147
f 3548//2946 1742//2946 1737//2946
f 3548//2948 1737//2948 3549//2948
f 3549//3148 1737//3148 1736//3148
f 3549//2950 1736//2950 3550//2950
f 3550//3050 1736//3050 1735//3050
f 3550//3051 1735//3051 3551//3051
f 3551//3052 1735//3052 1770//3052
f 3551//3053 1770//3053 3552//3053
f 3552//3054 1770//3054 1769//3054
f 3552//3149 1769//3149 3553//3149
f 3553//3055 1769//3055 1768//3055
f 3553//3057 1768//3057 3554//3057
f 3554//3057 1768//3057 1749//3057
f 3554//2960 1749//2960 3555//2960
f 3555//2961 1749//2961 1748//2961
f 3555//2962 1748//2962 3556//2962
f 3556//2963 1748//2963 1747//2963
f 3556//3150 1747//3150 3557//3150
f 3557//2966 1747//2966 1741//2966
f 3557//2967 1741//2967 3558//2967
f 3558//2968 1741//2968 1740//2968
f 3558//2969 1740//2969 3559//2969
f 3559//2970 1740//2970 1739//2970
f 3559//2972 1739//2972 3524//2972
f 3524//3113 1739//3113 1738//3113
f 3524//3018 1738//3018 3525//3018
f 3525//3018 1738//3018 1767//3018
f 3560//3151 3561//3151 3562//3151
f 3563//3152 15//3152 156//3152
f 3562//3153 3564//3153 3565//3153
f 3565//3154 3564//3154 3566//3154
f 3565//3155 3566//3155 2106//3155
f 3567//3156 3568//3156 3569//3156
f 3569//3157 3568//3157 3570//3157
f 3569//3158 3570//3158 3571//3158
f 3571//3159 3570//3159 3572//3159
f 3571//3160 3572//3160 3562//3160
f 3562//3161 3572//3161 3573//3161
f 3562//3162 3573//3162 3564//3162
f 3574//3163 3575//3163 3576//3163
f 3576//3164 3575//3164 3577//3164
f 3576//3165 3577//3165 3578//3165
f 119//3166 3579//3166 3574//3166
f 3574//3167 3579//3167 3580//3167
f 3574//3168 3580//3168 3575//3168
f 119//3169 3574//3169 156//3169
f 156//3170 3574//3170 3581//3170
f 156//3171 3581//3171 3563//3171
f 3582//3172 3576//3172 3583//3172
f 3583//3173 3576//3173 3578//3173
f 3583//3174 3578//3174 3584//3174
f 3582//3175 3585//3175 3576//3175
f 3576//3176 3585//3176 3586//3176
f 3576//3177 3586//3177 3574//3177
f 3574//3178 3586//3178 3587//3178
f 3574//3179 3587//3179 3581//3179
f 3588//3180 3589//3180 3583//3180
f 3583//3181 3589//3181 3590//3181
f 3583//3182 3590//3182 3582//3182
f 3584//3183 3567//3183 3583//3183
f 3583//3184 3567//3184 3569//3184
f 3583//3185 3569//3185 3588//3185
f 3588//3186 3569//3186 3571//3186
f 3588//3187 3571//3187 3591//3187
f 3562//3188 3561//3188 3571//3188
f 3571//3189 3561//3189 3592//3189
f 3571//3190 3592//3190 3591//3190
f 2106//3191 2102//3191 3565//3191
f 3565//3192 2102//3192 2101//3192
f 3565//3193 2101//3193 3593//3193
f 3593//3194 3594//3194 3565//3194
f 3565//3195 3594//3195 3595//3195
f 3565//3196 3595//3196 3562//3196
f 3562//3197 3595//3197 3596//3197
f 3562//3198 3596//3198 3560//3198
f 3597//3199 3598//3199 3599//3199
f 3600//3200 141//3200 19//3200
f 3587//3201 3586//3201 3601//3201
f 3589//3202 3588//3202 3602//3202
f 3591//3203 3592//3203 3603//3203
f 3595//3204 3594//3204 3604//3204
f 2101//3205 2103//3205 3605//3205
f 2084//3206 3606//3206 2104//3206
f 3606//3207 2084//3207 3607//3207
f 2101//3208 3605//3208 3593//3208
f 3561//3209 3560//3209 3608//3209
f 3608//3210 3560//3210 3596//3210
f 3585//3211 3582//3211 3609//3211
f 3609//3212 3582//3212 3590//3212
f 3563//3213 3581//3213 3610//3213
f 3563//3214 3610//3214 15//3214
f 3597//3215 3599//3215 3611//3215
f 3612//3216 3613//3216 3614//3216
f 3615//3217 3616//3217 3617//3217
f 3618//3218 3619//3218 3620//3218
f 3618//3219 3620//3219 3621//3219
f 3622//3220 3623//3220 3624//3220
f 2056//3221 3625//3221 3626//3221
f 2056//3222 3626//3222 2057//3222
f 2077//3223 2061//3223 2060//3223
f 2084//3224 2083//3224 3607//3224
f 3607//3225 2083//3225 2082//3225
f 3607//3226 2082//3226 3627//3226
f 3627//3227 2082//3227 2081//3227
f 3627//3228 2081//3228 3628//3228
f 3628//3229 2081//3229 2087//3229
f 3628//3230 2087//3230 3629//3230
f 3629//3231 2087//3231 2086//3231
f 3629//3232 2086//3232 3630//3232
f 3630//3233 2086//3233 2085//3233
f 3630//3234 2085//3234 3631//3234
f 3631//3235 2085//3235 2080//3235
f 3631//3236 2080//3236 3632//3236
f 3632//3237 2080//3237 2079//3237
f 3632//3238 2079//3238 3633//3238
f 3633//3239 2079//3239 2078//3239
f 3633//3240 2078//3240 3634//3240
f 3634//3241 2078//3241 2077//3241
f 3634//3242 2077//3242 3635//3242
f 3635//3243 2077//3243 2060//3243
f 2060//3244 2059//3244 3635//3244
f 3635//3245 2059//3245 3636//3245
f 3635//3246 3636//3246 3634//3246
f 3634//3247 3636//3247 3637//3247
f 3634//3248 3637//3248 3633//3248
f 3633//3249 3637//3249 3638//3249
f 3633//3250 3638//3250 3632//3250
f 3632//3251 3638//3251 3639//3251
f 3632//3252 3639//3252 3631//3252
f 3631//3253 3639//3253 3640//3253
f 3631//3254 3640//3254 3630//3254
f 3630//3255 3640//3255 3641//3255
f 3630//3256 3641//3256 3629//3256
f 3629//3257 3641//3257 3642//3257
f 3629//3258 3642//3258 3628//3258
f 3628//3259 3642//3259 3643//3259
f 3628//3260 3643//3260 3627//3260
f 3627//3261 3643//3261 3644//3261
f 3627//3262 3644//3262 3607//3262
f 3607//3263 3644//3263 3645//3263
f 3607//3264 3645//3264 3606//3264
f 3606//3265 3645//3265 3605//3265
f 3606//3266 3605//3266 2104//3266
f 2104//3267 3605//3267 2103//3267
f 2059//3268 2058//3268 3636//3268
f 3636//3269 2058//3269 3646//3269
f 3636//3270 3646//3270 3637//3270
f 3637//3271 3646//3271 3647//3271
f 3637//3272 3647//3272 3638//3272
f 3638//3273 3647//3273 3648//3273
f 3638//3274 3648//3274 3639//3274
f 3639//3275 3648//3275 3649//3275
f 3639//3276 3649//3276 3640//3276
f 3640//3277 3649//3277 3650//3277
f 3640//3278 3650//3278 3641//3278
f 3641//3279 3650//3279 3651//3279
f 3641//3280 3651//3280 3642//3280
f 3642//3280 3651//3280 3652//3280
f 3642//3281 3652//3281 3643//3281
f 3643//3282 3652//3282 3653//3282
f 3643//3283 3653//3283 3644//3283
f 3644//3283 3653//3283 3654//3283
f 3644//3284 3654//3284 3645//3284
f 3645//3285 3654//3285 3655//3285
f 3645//3286 3655//3286 3605//3286
f 3605//3287 3655//3287 3604//3287
f 3605//3288 3604//3288 3593//3288
f 3593//3289 3604//3289 3594//3289
f 2058//3290 2057//3290 3646//3290
f 3646//3291 2057//3291 3626//3291
f 3646//3292 3626//3292 3647//3292
f 3647//3293 3626//3293 3656//3293
f 3647//3294 3656//3294 3648//3294
f 3648//3295 3656//3295 3657//3295
f 3648//3296 3657//3296 3649//3296
f 3649//3297 3657//3297 3658//3297
f 3649//3298 3658//3298 3650//3298
f 3650//3299 3658//3299 3659//3299
f 3650//3300 3659//3300 3651//3300
f 3651//3301 3659//3301 3660//3301
f 3651//3302 3660//3302 3652//3302
f 3652//3303 3660//3303 3661//3303
f 3652//3304 3661//3304 3653//3304
f 3653//3305 3661//3305 3662//3305
f 3653//3306 3662//3306 3654//3306
f 3654//3307 3662//3307 3663//3307
f 3654//3308 3663//3308 3655//3308
f 3655//3309 3663//3309 3664//3309
f 3655//3310 3664//3310 3604//3310
f 3604//3311 3664//3311 3608//3311
f 3604//3312 3608//3312 3595//3312
f 3595//3313 3608//3313 3596//3313
f 3625//3314 3622//3314 3626//3314
f 3626//3315 3622//3315 3624//3315
f 3626//3316 3624//3316 3656//3316
f 3656//3317 3624//3317 3665//3317
f 3656//3318 3665//3318 3657//3318
f 3657//3319 3665//3319 3666//3319
f 3657//3320 3666//3320 3658//3320
f 3658//3321 3666//3321 3667//3321
f 3658//3322 3667//3322 3659//3322
f 3659//3323 3667//3323 3668//3323
f 3659//3324 3668//3324 3660//3324
f 3660//3325 3668//3325 3669//3325
f 3660//3326 3669//3326 3661//3326
f 3661//3327 3669//3327 3670//3327
f 3661//3328 3670//3328 3662//3328
f 3662//3329 3670//3329 3671//3329
f 3662//3330 3671//3330 3663//3330
f 3663//3331 3671//3331 3672//3331
f 3663//3332 3672//3332 3664//3332
f 3664//3333 3672//3333 3673//3333
f 3664//3334 3673//3334 3608//3334
f 3608//3335 3673//3335 3603//3335
f 3608//3336 3603//3336 3561//3336
f 3561//3337 3603//3337 3592//3337
f 3623//3338 3621//3338 3624//3338
f 3624//3339 3621//3339 3620//3339
f 3624//3340 3620//3340 3665//3340
f 3665//3341 3620//3341 3674//3341
f 3665//3342 3674//3342 3666//3342
f 3666//3343 3674//3343 3675//3343
f 3666//3344 3675//3344 3667//3344
f 3667//3345 3675//3345 3676//3345
f 3667//3346 3676//3346 3668//3346
f 3668//3347 3676//3347 3677//3347
f 3668//3348 3677//3348 3669//3348
f 3669//3349 3677//3349 3678//3349
f 3669//3350 3678//3350 3670//3350
f 3670//3351 3678//3351 3679//3351
f 3670//3352 3679//3352 3671//3352
f 3671//3353 3679//3353 3680//3353
f 3671//3354 3680//3354 3672//3354
f 3672//3355 3680//3355 3681//3355
f 3672//3356 3681//3356 3673//3356
f 3673//3357 3681//3357 3682//3357
f 3673//3358 3682//3358 3603//3358
f 3603//3359 3682//3359 3602//3359
f 3603//3360 3602//3360 3591//3360
f 3591//3361 3602//3361 3588//3361
f 3619//3362 3615//3362 3620//3362
f 3620//3363 3615//3363 3617//3363
f 3620//3364 3617//3364 3674//3364
f 3674//3365 3617//3365 3683//3365
f 3674//3366 3683//3366 3675//3366
f 3675//3367 3683//3367 3684//3367
f 3675//3368 3684//3368 3676//3368
f 3676//3369 3684//3369 3685//3369
f 3676//3370 3685//3370 3677//3370
f 3677//3371 3685//3371 3686//3371
f 3677//3372 3686//3372 3678//3372
f 3678//3373 3686//3373 3687//3373
f 3678//3374 3687//3374 3679//3374
f 3679//3375 3687//3375 3688//3375
f 3679//3376 3688//3376 3680//3376
f 3680//3377 3688//3377 3689//3377
f 3680//3378 3689//3378 3681//3378
f 3681//3379 3689//3379 3690//3379
f 3681//3380 3690//3380 3682//3380
f 3682//3381 3690//3381 3691//3381
f 3682//3382 3691//3382 3602//3382
f 3602//3383 3691//3383 3609//3383
f 3602//3384 3609//3384 3589//3384
f 3589//3385 3609//3385 3590//3385
f 3616//3386 3612//3386 3617//3386
f 3617//3387 3612//3387 3614//3387
f 3617//3388 3614//3388 3683//3388
f 3683//3389 3614//3389 3692//3389
f 3683//3390 3692//3390 3684//3390
f 3684//3391 3692//3391 3693//3391
f 3684//3392 3693//3392 3685//3392
f 3685//3393 3693//3393 3694//3393
f 3685//3394 3694//3394 3686//3394
f 3686//3395 3694//3395 3695//3395
f 3686//3396 3695//3396 3687//3396
f 3687//3397 3695//3397 3696//3397
f 3687//3398 3696//3398 3688//3398
f 3688//3399 3696//3399 3697//3399
f 3688//3400 3697//3400 3689//3400
f 3689//3401 3697//3401 3698//3401
f 3689//3402 3698//3402 3690//3402
f 3690//3403 3698//3403 3699//3403
f 3690//3404 3699//3404 3691//3404
f 3691//3405 3699//3405 3700//3405
f 3691//3406 3700//3406 3609//3406
f 3609//3407 3700//3407 3601//3407
f 3609//3408 3601//3408 3585//3408
f 3585//3409 3601//3409 3586//3409
f 3613//3410 3611//3410 3614//3410
f 3614//3411 3611//3411 3599//3411
f 3614//3412 3599//3412 3692//3412
f 3692//3413 3599//3413 3701//3413
f 3692//3414 3701//3414 3693//3414
f 3693//3415 3701//3415 3702//3415
f 3693//3416 3702//3416 3694//3416
f 3694//3417 3702//3417 3703//3417
f 3694//3418 3703//3418 3695//3418
f 3695//3419 3703//3419 3704//3419
f 3695//3420 3704//3420 3696//3420
f 3696//3421 3704//3421 3705//3421
f 3696//3422 3705//3422 3697//3422
f 3697//3423 3705//3423 3706//3423
f 3697//3424 3706//3424 3698//3424
f 3698//3425 3706//3425 3707//3425
f 3698//3426 3707//3426 3699//3426
f 3699//3427 3707//3427 3708//3427
f 3699//3428 3708//3428 3700//3428
f 3700//3429 3708//3429 3709//3429
f 3700//3430 3709//3430 3601//3430
f 3601//3431 3709//3431 3610//3431
f 3601//3432 3610//3432 3587//3432
f 3587//3433 3610//3433 3581//3433
f 15//3434 3610//3434 16//3434
f 16//3435 3610//3435 3709//3435
f 16//3436 3709//3436 153//3436
f 153//3437 3709//3437 3708//3437
f 153//3438 3708//3438 155//3438
f 155//3439 3708//3439 3707//3439
f 155//3440 3707//3440 152//3440
f 152//3441 3707//3441 3706//3441
f 152//3442 3706//3442 148//3442
f 148//3443 3706//3443 3705//3443
f 148//3444 3705//3444 149//3444
f 149//3445 3705//3445 3704//3445
f 149//3446 3704//3446 145//3446
f 145//3447 3704//3447 3703//3447
f 145//3448 3703//3448 146//3448
f 146//3449 3703//3449 3702//3449
f 146//3450 3702//3450 144//3450
f 144//3451 3702//3451 3701//3451
f 144//3452 3701//3452 18//3452
f 18//3453 3701//3453 3599//3453
f 18//3454 3599//3454 19//3454
f 19//3455 3599//3455 3598//3455
f 19//3456 3598//3456 3600//3456
f 3575//3457 3580//3457 3710//3457
f 3579//3458 119//3458 296//3458
f 3711//3459 3712//3459 3713//3459
f 3714//3460 3715//3460 3716//3460
f 3717//3461 3718//3461 3719//3461
f 2054//3462 2053//3462 3720//3462
f 2052//3463 2051//3463 3721//3463
f 2107//3464 2106//3464 3722//3464
f 2094//3465 2095//3465 2109//3465
f 2050//3466 2048//3466 3723//3466
f 3723//3467 2048//3467 2047//3467
f 3724//3468 3725//3468 3726//3468
f 3726//3469 3725//3469 3727//3469
f 3728//3470 3729//3470 3730//3470
f 3730//3471 3729//3471 3731//3471
f 3711//3472 130//3472 3732//3472
f 3732//3473 130//3473 132//3473
f 3575//3474 3710//3474 3577//3474
f 3584//3475 3578//3475 3733//3475
f 3568//3476 3567//3476 3734//3476
f 3572//3477 3570//3477 3735//3477
f 3566//3478 3564//3478 3736//3478
f 2047//3479 2097//3479 3723//3479
f 3723//3480 2097//3480 2096//3480
f 3723//3481 2096//3481 3737//3481
f 3737//3482 2096//3482 2092//3482
f 3737//3482 2092//3482 3738//3482
f 3738//3483 2092//3483 2091//3483
f 3738//3484 2091//3484 3739//3484
f 3739//3485 2091//3485 2090//3485
f 3739//3486 2090//3486 3740//3486
f 3740//3487 2090//3487 2100//3487
f 3740//3488 2100//3488 3741//3488
f 3741//3489 2100//3489 2099//3489
f 3741//3489 2099//3489 3742//3489
f 3742//3490 2099//3490 2098//3490
f 3742//3491 2098//3491 3743//3491
f 3743//3492 2098//3492 2093//3492
f 3743//3493 2093//3493 3744//3493
f 3744//3494 2093//3494 2094//3494
f 3744//3495 2094//3495 3745//3495
f 3745//3496 2094//3496 2109//3496
f 2109//3497 2108//3497 3745//3497
f 3745//3498 2108//3498 3746//3498
f 3745//3499 3746//3499 3744//3499
f 3744//3499 3746//3499 3747//3499
f 3744//3500 3747//3500 3743//3500
f 3743//3501 3747//3501 3748//3501
f 3743//3502 3748//3502 3742//3502
f 3742//3502 3748//3502 3749//3502
f 3742//3503 3749//3503 3741//3503
f 3741//3503 3749//3503 3750//3503
f 3741//3504 3750//3504 3740//3504
f 3740//3505 3750//3505 3751//3505
f 3740//3506 3751//3506 3739//3506
f 3739//3507 3751//3507 3752//3507
f 3739//3508 3752//3508 3738//3508
f 3738//3509 3752//3509 3753//3509
f 3738//3510 3753//3510 3737//3510
f 3737//3511 3753//3511 3754//3511
f 3737//3512 3754//3512 3723//3512
f 3723//3512 3754//3512 3721//3512
f 3723//3513 3721//3513 2050//3513
f 2050//3514 3721//3514 2051//3514
f 2108//3515 2107//3515 3746//3515
f 3746//3516 2107//3516 3722//3516
f 3746//3517 3722//3517 3747//3517
f 3747//3518 3722//3518 3755//3518
f 3747//3519 3755//3519 3748//3519
f 3748//3520 3755//3520 3756//3520
f 3748//3521 3756//3521 3749//3521
f 3749//3522 3756//3522 3757//3522
f 3749//3523 3757//3523 3750//3523
f 3750//3524 3757//3524 3758//3524
f 3750//3525 3758//3525 3751//3525
f 3751//3526 3758//3526 3759//3526
f 3751//3527 3759//3527 3752//3527
f 3752//3528 3759//3528 3760//3528
f 3752//3529 3760//3529 3753//3529
f 3753//3530 3760//3530 3761//3530
f 3753//3531 3761//3531 3754//3531
f 3754//3532 3761//3532 3762//3532
f 3754//3533 3762//3533 3721//3533
f 3721//3533 3762//3533 3720//3533
f 3721//3534 3720//3534 2052//3534
f 2052//3535 3720//3535 2053//3535
f 2106//3536 3566//3536 3722//3536
f 3722//3537 3566//3537 3736//3537
f 3722//3538 3736//3538 3755//3538
f 3755//3539 3736//3539 3763//3539
f 3755//3540 3763//3540 3756//3540
f 3756//3541 3763//3541 3764//3541
f 3756//3542 3764//3542 3757//3542
f 3757//3543 3764//3543 3765//3543
f 3757//3544 3765//3544 3758//3544
f 3758//3545 3765//3545 3766//3545
f 3758//3546 3766//3546 3759//3546
f 3759//3547 3766//3547 3767//3547
f 3759//3548 3767//3548 3760//3548
f 3760//3549 3767//3549 3768//3549
f 3760//3550 3768//3550 3761//3550
f 3761//3551 3768//3551 3769//3551
f 3761//3552 3769//3552 3762//3552
f 3762//3553 3769//3553 3770//3553
f 3762//3554 3770//3554 3720//3554
f 3720//3555 3770//3555 3771//3555
f 3720//3556 3771//3556 2054//3556
f 2054//3557 3771//3557 3772//3557
f 2054//3558 3772//3558 3773//3558
f 3736//3559 3774//3559 3763//3559
f 3763//3560 3774//3560 3775//3560
f 3763//3561 3775//3561 3764//3561
f 3764//3562 3775//3562 3776//3562
f 3764//3563 3776//3563 3765//3563
f 3765//3564 3776//3564 3777//3564
f 3765//3565 3777//3565 3766//3565
f 3766//3566 3777//3566 3778//3566
f 3766//3567 3778//3567 3767//3567
f 3767//3568 3778//3568 3779//3568
f 3767//3569 3779//3569 3768//3569
f 3768//3570 3779//3570 3780//3570
f 3768//3571 3780//3571 3769//3571
f 3769//3572 3780//3572 3781//3572
f 3769//3573 3781//3573 3770//3573
f 3770//3574 3781//3574 3782//3574
f 3770//3575 3782//3575 3771//3575
f 3771//3576 3782//3576 3783//3576
f 3771//3577 3783//3577 3772//3577
f 3772//3578 3783//3578 3719//3578
f 3772//3579 3719//3579 3773//3579
f 3773//3580 3719//3580 3718//3580
f 3564//3581 3573//3581 3736//3581
f 3736//3582 3573//3582 3572//3582
f 3736//3583 3572//3583 3774//3583
f 3774//3584 3572//3584 3735//3584
f 3774//3585 3735//3585 3775//3585
f 3775//3586 3735//3586 3784//3586
f 3775//3587 3784//3587 3776//3587
f 3776//3588 3784//3588 3785//3588
f 3776//3589 3785//3589 3777//3589
f 3777//3590 3785//3590 3786//3590
f 3777//3591 3786//3591 3778//3591
f 3778//3592 3786//3592 3787//3592
f 3778//3593 3787//3593 3779//3593
f 3779//3594 3787//3594 3788//3594
f 3779//3595 3788//3595 3780//3595
f 3780//3596 3788//3596 3789//3596
f 3780//3597 3789//3597 3781//3597
f 3781//3598 3789//3598 3790//3598
f 3781//3599 3790//3599 3782//3599
f 3782//3600 3790//3600 3791//3600
f 3782//3601 3791//3601 3783//3601
f 3783//3602 3791//3602 3792//3602
f 3783//3603 3792//3603 3719//3603
f 3719//3604 3792//3604 3726//3604
f 3719//3605 3726//3605 3717//3605
f 3717//3606 3726//3606 3727//3606
f 3570//3607 3568//3607 3735//3607
f 3735//3608 3568//3608 3734//3608
f 3735//3609 3734//3609 3784//3609
f 3784//3610 3734//3610 3793//3610
f 3784//3611 3793//3611 3785//3611
f 3785//3612 3793//3612 3794//3612
f 3785//3613 3794//3613 3786//3613
f 3786//3614 3794//3614 3795//3614
f 3786//3615 3795//3615 3787//3615
f 3787//3616 3795//3616 3796//3616
f 3787//3617 3796//3617 3788//3617
f 3788//3618 3796//3618 3797//3618
f 3788//3619 3797//3619 3789//3619
f 3789//3620 3797//3620 3798//3620
f 3789//3621 3798//3621 3790//3621
f 3790//3622 3798//3622 3799//3622
f 3790//3623 3799//3623 3791//3623
f 3791//3624 3799//3624 3800//3624
f 3791//3625 3800//3625 3792//3625
f 3792//3626 3800//3626 3801//3626
f 3792//3627 3801//3627 3726//3627
f 3726//3628 3801//3628 3730//3628
f 3726//3629 3730//3629 3724//3629
f 3724//3630 3730//3630 3731//3630
f 3567//3631 3584//3631 3734//3631
f 3734//3632 3584//3632 3733//3632
f 3734//3633 3733//3633 3793//3633
f 3793//3634 3733//3634 3802//3634
f 3793//3635 3802//3635 3794//3635
f 3794//3636 3802//3636 3803//3636
f 3794//3637 3803//3637 3795//3637
f 3795//3638 3803//3638 3804//3638
f 3795//3639 3804//3639 3796//3639
f 3796//3640 3804//3640 3805//3640
f 3796//3641 3805//3641 3797//3641
f 3797//3642 3805//3642 3806//3642
f 3797//3643 3806//3643 3798//3643
f 3798//3644 3806//3644 3807//3644
f 3798//3645 3807//3645 3799//3645
f 3799//3646 3807//3646 3808//3646
f 3799//3647 3808//3647 3800//3647
f 3800//3648 3808//3648 3809//3648
f 3800//3649 3809//3649 3801//3649
f 3801//3650 3809//3650 3810//3650
f 3801//3651 3810//3651 3730//3651
f 3730//3652 3810//3652 3716//3652
f 3730//3653 3716//3653 3728//3653
f 3728//3654 3716//3654 3715//3654
f 3578//3655 3577//3655 3733//3655
f 3733//3656 3577//3656 3710//3656
f 3733//3657 3710//3657 3802//3657
f 3802//3658 3710//3658 3811//3658
f 3802//3659 3811//3659 3803//3659
f 3803//3660 3811//3660 3812//3660
f 3803//3661 3812//3661 3804//3661
f 3804//3662 3812//3662 3813//3662
f 3804//3663 3813//3663 3805//3663
f 3805//3664 3813//3664 3814//3664
f 3805//3665 3814//3665 3806//3665
f 3806//3666 3814//3666 3815//3666
f 3806//3667 3815//3667 3807//3667
f 3807//3668 3815//3668 3816//3668
f 3807//3669 3816//3669 3808//3669
f 3808//3670 3816//3670 3817//3670
f 3808//3671 3817//3671 3809//3671
f 3809//3672 3817//3672 3818//3672
f 3809//3673 3818//3673 3810//3673
f 3810//3674 3818//3674 3819//3674
f 3810//3675 3819//3675 3716//3675
f 3716//3676 3819//3676 3713//3676
f 3716//3677 3713//3677 3714//3677
f 3714//3678 3713//3678 3712//3678
f 3711//3679 3713//3679 130//3679
f 130//3680 3713//3680 3819//3680
f 130//3681 3819//3681 131//3681
f 131//3682 3819//3682 3818//3682
f 131//3683 3818//3683 127//3683
f 127//3684 3818//3684 3817//3684
f 127//3685 3817//3685 128//3685
f 128//3686 3817//3686 3816//3686
f 128//3687 3816//3687 615//3687
f 615//3688 3816//3688 3815//3688
f 615//3689 3815//3689 124//3689
f 124//3690 3815//3690 3814//3690
f 124//3691 3814//3691 125//3691
f 125//3692 3814//3692 3813//3692
f 125//3693 3813//3693 121//3693
f 121//3694 3813//3694 3812//3694
f 121//3695 3812//3695 122//3695
f 122//3696 3812//3696 3811//3696
f 122//3697 3811//3697 410//3697
f 410//3698 3811//3698 3710//3698
f 410//3699 3710//3699 296//3699
f 296//3700 3710//3700 3580//3700
f 296//3701 3580//3701 3579//3701
f 3820//3702 136//3702 139//3702
f 3821//3703 3822//3703 3823//3703
f 3625//3704 2056//3704 2055//3704
f 3773//3705 3824//3705 2054//3705
f 3725//3706 3724//3706 3825//3706
f 3712//3707 3711//3707 134//3707
f 134//3708 3711//3708 3732//3708
f 134//3709 3732//3709 132//3709
f 3715//3710 3714//3710 3826//3710
f 3826//3711 3714//3711 3712//3711
f 3826//3712 3712//3712 3827//3712
f 3827//3713 3712//3713 134//3713
f 3827//3714 134//3714 138//3714
f 3825//3715 3724//3715 3828//3715
f 3724//3716 3731//3716 3828//3716
f 3828//3717 3731//3717 3729//3717
f 3828//3718 3729//3718 3826//3718
f 3826//3719 3729//3719 3728//3719
f 3826//3720 3728//3720 3715//3720
f 3824//3721 3773//3721 3829//3721
f 3773//3722 3718//3722 3829//3722
f 3829//3723 3718//3723 3717//3723
f 3829//3724 3717//3724 3825//3724
f 3825//3725 3717//3725 3727//3725
f 3825//3726 3727//3726 3725//3726
f 3830//3727 2049//3727 2054//3727
f 3821//3728 3831//3728 3623//3728
f 3623//3729 3831//3729 3621//3729
f 3621//3730 3831//3730 3618//3730
f 3618//3731 3831//3731 3832//3731
f 3618//3732 3832//3732 3619//3732
f 3833//3733 3616//3733 3832//3733
f 3832//3734 3616//3734 3615//3734
f 3832//3735 3615//3735 3619//3735
f 3834//3736 3613//3736 3833//3736
f 3833//3737 3613//3737 3612//3737
f 3833//3738 3612//3738 3616//3738
f 3835//3739 3597//3739 3834//3739
f 3834//3740 3597//3740 3611//3740
f 3834//3741 3611//3741 3613//3741
f 141//3742 3600//3742 3835//3742
f 3835//3743 3600//3743 3598//3743
f 3835//3744 3598//3744 3597//3744
f 3821//3745 3823//3745 3831//3745
f 3831//3746 3823//3746 3836//3746
f 3831//3747 3836//3747 3832//3747
f 3832//3748 3836//3748 3837//3748
f 3832//3749 3837//3749 3833//3749
f 3833//3750 3837//3750 3838//3750
f 3833//3751 3838//3751 3834//3751
f 3834//3752 3838//3752 3820//3752
f 3834//3753 3820//3753 3835//3753
f 3835//3754 3820//3754 139//3754
f 3835//3755 139//3755 141//3755
f 3623//3756 3622//3756 3821//3756
f 3821//3757 3622//3757 3625//3757
f 3821//3758 3625//3758 3822//3758
f 3822//3759 3625//3759 2055//3759
f 3822//3760 2055//3760 2062//3760
f 136//3761 3820//3761 3839//3761
f 3839//3762 3820//3762 3838//3762
f 3839//3763 3838//3763 3840//3763
f 3840//3764 3838//3764 3837//3764
f 3840//3765 3837//3765 3841//3765
f 3841//3766 3837//3766 3836//3766
f 3841//3767 3836//3767 3842//3767
f 3842//3768 3836//3768 3823//3768
f 3842//3769 3823//3769 3843//3769
f 3843//3770 3823//3770 3822//3770
f 3843//3771 3822//3771 3844//3771
f 3844//3772 3822//3772 2062//3772
f 3844//3773 2062//3773 2049//3773
f 2049//3774 3830//3774 3844//3774
f 3844//3775 3830//3775 3845//3775
f 3844//3776 3845//3776 3843//3776
f 3843//3777 3845//3777 3846//3777
f 3843//3777 3846//3777 3842//3777
f 3842//3778 3846//3778 3847//3778
f 3842//3779 3847//3779 3841//3779
f 3841//3780 3847//3780 3848//3780
f 3841//3781 3848//3781 3840//3781
f 3840//3782 3848//3782 3849//3782
f 3840//3783 3849//3783 3839//3783
f 3839//3784 3849//3784 137//3784
f 3839//3785 137//3785 136//3785
f 2054//3786 3824//3786 3830//3786
f 3830//3787 3824//3787 3829//3787
f 3830//3788 3829//3788 3845//3788
f 3845//3789 3829//3789 3825//3789
f 3845//3790 3825//3790 3846//3790
f 3846//3791 3825//3791 3828//3791
f 3846//3792 3828//3792 3847//3792
f 3847//3793 3828//3793 3826//3793
f 3847//3794 3826//3794 3848//3794
f 3848//3795 3826//3795 3827//3795
f 3848//3795 3827//3795 3849//3795
f 3849//3796 3827//3796 138//3796
f 3849//3797 138//3797 137//3797
f 3850//3798 3851//3798 3852//3798
f 3853//3799 7//3799 177//3799
f 3852//3800 3854//3800 3855//3800
f 3855//3801 3854//3801 3856//3801
f 3855//3802 3856//3802 2182//3802
f 3857//3803 3858//3803 3859//3803
f 3859//3804 3858//3804 3860//3804
f 3859//3805 3860//3805 3861//3805
f 3861//3806 3860//3806 3862//3806
f 3861//3807 3862//3807 3852//3807
f 3852//3808 3862//3808 3863//3808
f 3852//3809 3863//3809 3854//3809
f 3864//3810 3865//3810 3866//3810
f 3866//3811 3865//3811 3867//3811
f 3866//3812 3867//3812 3868//3812
f 176//3813 3869//3813 3864//3813
f 3864//3814 3869//3814 3870//3814
f 3864//3815 3870//3815 3865//3815
f 176//3816 3864//3816 177//3816
f 177//3817 3864//3817 3871//3817
f 177//3818 3871//3818 3853//3818
f 3872//3819 3866//3819 3873//3819
f 3873//3820 3866//3820 3868//3820
f 3873//3821 3868//3821 3874//3821
f 3872//3822 3875//3822 3866//3822
f 3866//3823 3875//3823 3876//3823
f 3866//3824 3876//3824 3864//3824
f 3864//3825 3876//3825 3877//3825
f 3864//3826 3877//3826 3871//3826
f 3878//3827 3879//3827 3873//3827
f 3873//3828 3879//3828 3880//3828
f 3873//3829 3880//3829 3872//3829
f 3874//3830 3857//3830 3873//3830
f 3873//3831 3857//3831 3859//3831
f 3873//3832 3859//3832 3878//3832
f 3878//3833 3859//3833 3861//3833
f 3878//3834 3861//3834 3881//3834
f 3852//3835 3851//3835 3861//3835
f 3861//3836 3851//3836 3882//3836
f 3861//3837 3882//3837 3881//3837
f 2182//3838 2178//3838 3855//3838
f 3855//3839 2178//3839 2177//3839
f 3855//3840 2177//3840 3883//3840
f 3883//3841 3884//3841 3855//3841
f 3855//3842 3884//3842 3885//3842
f 3855//3843 3885//3843 3852//3843
f 3852//3844 3885//3844 3886//3844
f 3852//3845 3886//3845 3850//3845
f 3887//3846 3888//3846 3889//3846
f 3890//3847 159//3847 13//3847
f 3877//3848 3876//3848 3891//3848
f 3879//3849 3878//3849 3892//3849
f 3881//3850 3882//3850 3893//3850
f 3885//3851 3884//3851 3894//3851
f 2177//3852 2179//3852 3895//3852
f 2160//3853 3896//3853 2180//3853
f 3896//3854 2160//3854 3897//3854
f 2177//3855 3895//3855 3883//3855
f 3851//3856 3850//3856 3898//3856
f 3898//3857 3850//3857 3886//3857
f 3875//3858 3872//3858 3899//3858
f 3899//3859 3872//3859 3880//3859
f 3853//3860 3871//3860 3900//3860
f 3853//3861 3900//3861 7//3861
f 3887//3862 3889//3862 3901//3862
f 3902//3863 3903//3863 3904//3863
f 3902//3864 3904//3864 3905//3864
f 3906//3865 3907//3865 3908//3865
f 3906//3866 3908//3866 3909//3866
f 3910//3867 3911//3867 3912//3867
f 3912//3868 3911//3868 3913//3868
f 3912//3869 3913//3869 3914//3869
f 3915//3870 3916//3870 3917//3870
f 2132//3871 3918//3871 3919//3871
f 2132//3872 3919//3872 2133//3872
f 2153//3873 2137//3873 2136//3873
f 2160//3874 2159//3874 3897//3874
f 3897//3875 2159//3875 2158//3875
f 3897//3876 2158//3876 3920//3876
f 3920//3877 2158//3877 2157//3877
f 3920//3878 2157//3878 3921//3878
f 3921//3879 2157//3879 2163//3879
f 3921//3880 2163//3880 3922//3880
f 3922//3881 2163//3881 2162//3881
f 3922//3882 2162//3882 3923//3882
f 3923//3883 2162//3883 2161//3883
f 3923//3884 2161//3884 3924//3884
f 3924//3885 2161//3885 2156//3885
f 3924//3886 2156//3886 3925//3886
f 3925//3887 2156//3887 2155//3887
f 3925//3888 2155//3888 3926//3888
f 3926//3889 2155//3889 2154//3889
f 3926//3890 2154//3890 3927//3890
f 3927//3891 2154//3891 2153//3891
f 3927//3892 2153//3892 3928//3892
f 3928//3892 2153//3892 2136//3892
f 2136//3893 2135//3893 3928//3893
f 3928//3894 2135//3894 3929//3894
f 3928//3895 3929//3895 3927//3895
f 3927//3896 3929//3896 3930//3896
f 3927//3897 3930//3897 3926//3897
f 3926//3898 3930//3898 3931//3898
f 3926//3899 3931//3899 3925//3899
f 3925//3900 3931//3900 3932//3900
f 3925//3901 3932//3901 3924//3901
f 3924//3902 3932//3902 3933//3902
f 3924//3903 3933//3903 3923//3903
f 3923//3904 3933//3904 3934//3904
f 3923//3905 3934//3905 3922//3905
f 3922//3906 3934//3906 3935//3906
f 3922//3907 3935//3907 3921//3907
f 3921//3907 3935//3907 3936//3907
f 3921//3908 3936//3908 3920//3908
f 3920//3909 3936//3909 3937//3909
f 3920//3910 3937//3910 3897//3910
f 3897//3911 3937//3911 3938//3911
f 3897//3912 3938//3912 3896//3912
f 3896//3913 3938//3913 3895//3913
f 3896//3914 3895//3914 2180//3914
f 2180//3915 3895//3915 2179//3915
f 2135//3916 2134//3916 3929//3916
f 3929//3917 2134//3917 3939//3917
f 3929//3918 3939//3918 3930//3918
f 3930//3918 3939//3918 3940//3918
f 3930//3919 3940//3919 3931//3919
f 3931//3919 3940//3919 3941//3919
f 3931//3920 3941//3920 3932//3920
f 3932//3921 3941//3921 3942//3921
f 3932//3922 3942//3922 3933//3922
f 3933//3923 3942//3923 3943//3923
f 3933//3924 3943//3924 3934//3924
f 3934//3925 3943//3925 3944//3925
f 3934//3926 3944//3926 3935//3926
f 3935//3927 3944//3927 3945//3927
f 3935//3928 3945//3928 3936//3928
f 3936//3929 3945//3929 3946//3929
f 3936//3930 3946//3930 3937//3930
f 3937//3931 3946//3931 3947//3931
f 3937//3932 3947//3932 3938//3932
f 3938//3933 3947//3933 3948//3933
f 3938//3934 3948//3934 3895//3934
f 3895//3935 3948//3935 3894//3935
f 3895//3936 3894//3936 3883//3936
f 3883//3937 3894//3937 3884//3937
f 2134//3938 2133//3938 3939//3938
f 3939//3939 2133//3939 3919//3939
f 3939//3940 3919//3940 3940//3940
f 3940//3941 3919//3941 3949//3941
f 3940//3942 3949//3942 3941//3942
f 3941//3943 3949//3943 3950//3943
f 3941//3944 3950//3944 3942//3944
f 3942//3944 3950//3944 3951//3944
f 3942//3945 3951//3945 3943//3945
f 3943//3946 3951//3946 3952//3946
f 3943//3947 3952//3947 3944//3947
f 3944//3948 3952//3948 3953//3948
f 3944//3949 3953//3949 3945//3949
f 3945//3950 3953//3950 3954//3950
f 3945//3951 3954//3951 3946//3951
f 3946//3952 3954//3952 3955//3952
f 3946//3953 3955//3953 3947//3953
f 3947//3954 3955//3954 3956//3954
f 3947//3955 3956//3955 3948//3955
f 3948//3956 3956//3956 3957//3956
f 3948//3957 3957//3957 3894//3957
f 3894//3958 3957//3958 3898//3958
f 3894//3959 3898//3959 3885//3959
f 3885//3960 3898//3960 3886//3960
f 3918//3961 3915//3961 3919//3961
f 3919//3962 3915//3962 3917//3962
f 3919//3963 3917//3963 3949//3963
f 3949//3964 3917//3964 3958//3964
f 3949//3965 3958//3965 3950//3965
f 3950//3966 3958//3966 3959//3966
f 3950//3967 3959//3967 3951//3967
f 3951//3968 3959//3968 3960//3968
f 3951//3969 3960//3969 3952//3969
f 3952//3970 3960//3970 3961//3970
f 3952//3971 3961//3971 3953//3971
f 3953//3972 3961//3972 3962//3972
f 3953//3973 3962//3973 3954//3973
f 3954//3974 3962//3974 3963//3974
f 3954//3975 3963//3975 3955//3975
f 3955//3976 3963//3976 3964//3976
f 3955//3977 3964//3977 3956//3977
f 3956//3978 3964//3978 3965//3978
f 3956//3979 3965//3979 3957//3979
f 3957//3980 3965//3980 3966//3980
f 3957//3981 3966//3981 3898//3981
f 3898//3982 3966//3982 3893//3982
f 3898//3983 3893//3983 3851//3983
f 3851//3984 3893//3984 3882//3984
f 3916//3985 3910//3985 3917//3985
f 3917//3986 3910//3986 3912//3986
f 3917//3987 3912//3987 3958//3987
f 3958//3988 3912//3988 3967//3988
f 3958//3989 3967//3989 3959//3989
f 3959//3990 3967//3990 3968//3990
f 3959//3991 3968//3991 3960//3991
f 3960//3992 3968//3992 3969//3992
f 3960//3993 3969//3993 3961//3993
f 3961//3994 3969//3994 3970//3994
f 3961//3995 3970//3995 3962//3995
f 3962//3996 3970//3996 3971//3996
f 3962//3997 3971//3997 3963//3997
f 3963//3998 3971//3998 3972//3998
f 3963//3999 3972//3999 3964//3999
f 3964//4000 3972//4000 3973//4000
f 3964//4001 3973//4001 3965//4001
f 3965//4002 3973//4002 3974//4002
f 3965//4003 3974//4003 3966//4003
f 3966//4004 3974//4004 3975//4004
f 3966//4005 3975//4005 3893//4005
f 3893//4006 3975//4006 3892//4006
f 3893//4007 3892//4007 3881//4007
f 3881//4008 3892//4008 3878//4008
f 3914//4009 3909//4009 3912//4009
f 3912//4010 3909//4010 3908//4010
f 3912//4011 3908//4011 3967//4011
f 3967//4012 3908//4012 3976//4012
f 3967//4013 3976//4013 3968//4013
f 3968//4014 3976//4014 3977//4014
f 3968//4015 3977//4015 3969//4015
f 3969//4016 3977//4016 3978//4016
f 3969//4017 3978//4017 3970//4017
f 3970//4018 3978//4018 3979//4018
f 3970//4019 3979//4019 3971//4019
f 3971//4020 3979//4020 3980//4020
f 3971//4021 3980//4021 3972//4021
f 3972//4022 3980//4022 3981//4022
f 3972//4023 3981//4023 3973//4023
f 3973//4024 3981//4024 3982//4024
f 3973//4025 3982//4025 3974//4025
f 3974//4026 3982//4026 3983//4026
f 3974//4027 3983//4027 3975//4027
f 3975//4028 3983//4028 3984//4028
f 3975//4029 3984//4029 3892//4029
f 3892//4030 3984//4030 3899//4030
f 3892//4031 3899//4031 3879//4031
f 3879//4032 3899//4032 3880//4032
f 3907//4033 3905//4033 3908//4033
f 3908//4034 3905//4034 3904//4034
f 3908//4035 3904//4035 3976//4035
f 3976//4036 3904//4036 3985//4036
f 3976//4037 3985//4037 3977//4037
f 3977//4038 3985//4038 3986//4038
f 3977//4039 3986//4039 3978//4039
f 3978//4040 3986//4040 3987//4040
f 3978//4041 3987//4041 3979//4041
f 3979//4042 3987//4042 3988//4042
f 3979//4043 3988//4043 3980//4043
f 3980//4044 3988//4044 3989//4044
f 3980//4045 3989//4045 3981//4045
f 3981//4046 3989//4046 3990//4046
f 3981//4047 3990//4047 3982//4047
f 3982//4048 3990//4048 3991//4048
f 3982//4049 3991//4049 3983//4049
f 3983//4050 3991//4050 3992//4050
f 3983//4051 3992//4051 3984//4051
f 3984//4052 3992//4052 3993//4052
f 3984//4053 3993//4053 3899//4053
f 3899//4054 3993//4054 3891//4054
f 3899//4055 3891//4055 3875//4055
f 3875//4056 3891//4056 3876//4056
f 3903//4057 3901//4057 3904//4057
f 3904//4058 3901//4058 3889//4058
f 3904//4059 3889//4059 3985//4059
f 3985//4060 3889//4060 3994//4060
f 3985//4061 3994//4061 3986//4061
f 3986//4062 3994//4062 3995//4062
f 3986//4063 3995//4063 3987//4063
f 3987//4064 3995//4064 3996//4064
f 3987//4065 3996//4065 3988//4065
f 3988//4066 3996//4066 3997//4066
f 3988//4067 3997//4067 3989//4067
f 3989//4068 3997//4068 3998//4068
f 3989//4069 3998//4069 3990//4069
f 3990//4070 3998//4070 3999//4070
f 3990//4071 3999//4071 3991//4071
f 3991//4071 3999//4071 4000//4071
f 3991//4072 4000//4072 3992//4072
f 3992//4073 4000//4073 4001//4073
f 3992//4074 4001//4074 3993//4074
f 3993//4075 4001//4075 4002//4075
f 3993//4076 4002//4076 3891//4076
f 3891//4077 4002//4077 3900//4077
f 3891//4078 3900//4078 3877//4078
f 3877//4079 3900//4079 3871//4079
f 7//4080 3900//4080 10//4080
f 10//4081 3900//4081 4002//4081
f 10//4082 4002//4082 171//4082
f 171//4083 4002//4083 4001//4083
f 171//4084 4001//4084 173//4084
f 173//4085 4001//4085 4000//4085
f 173//4086 4000//4086 170//4086
f 170//4087 4000//4087 3999//4087
f 170//4088 3999//4088 166//4088
f 166//4089 3999//4089 3998//4089
f 166//4090 3998//4090 167//4090
f 167//4091 3998//4091 3997//4091
f 167//4092 3997//4092 163//4092
f 163//4093 3997//4093 3996//4093
f 163//4094 3996//4094 164//4094
f 164//4095 3996//4095 3995//4095
f 164//4096 3995//4096 162//4096
f 162//4097 3995//4097 3994//4097
f 162//4098 3994//4098 12//4098
f 12//4099 3994//4099 3889//4099
f 12//4100 3889//4100 13//4100
f 13//4101 3889//4101 3888//4101
f 13//4102 3888//4102 3890//4102
f 3865//4103 3870//4103 4003//4103
f 3869//4104 176//4104 324//4104
f 4004//4105 4005//4105 4006//4105
f 4007//4106 4008//4106 4009//4106
f 4010//4107 4011//4107 4012//4107
f 2130//4108 2129//4108 4013//4108
f 2128//4109 2127//4109 4014//4109
f 2183//4110 2182//4110 4015//4110
f 2170//4111 2171//4111 2185//4111
f 2126//4112 2124//4112 4016//4112
f 4016//4113 2124//4113 2123//4113
f 4017//4114 4018//4114 4019//4114
f 4019//4115 4018//4115 4020//4115
f 4021//4116 4022//4116 4023//4116
f 4023//4117 4022//4117 4024//4117
f 4004//4118 188//4118 4025//4118
f 4025//4119 188//4119 190//4119
f 3865//4120 4003//4120 3867//4120
f 3874//4121 3868//4121 4026//4121
f 3858//4122 3857//4122 4027//4122
f 3862//4123 3860//4123 4028//4123
f 3856//4124 3854//4124 4029//4124
f 2123//4125 2173//4125 4016//4125
f 4016//4126 2173//4126 2172//4126
f 4016//4127 2172//4127 4030//4127
f 4030//4128 2172//4128 2168//4128
f 4030//4129 2168//4129 4031//4129
f 4031//4130 2168//4130 2167//4130
f 4031//4131 2167//4131 4032//4131
f 4032//4132 2167//4132 2166//4132
f 4032//4133 2166//4133 4033//4133
f 4033//4134 2166//4134 2176//4134
f 4033//4135 2176//4135 4034//4135
f 4034//4136 2176//4136 2175//4136
f 4034//4137 2175//4137 4035//4137
f 4035//4138 2175//4138 2174//4138
f 4035//4139 2174//4139 4036//4139
f 4036//4140 2174//4140 2169//4140
f 4036//4141 2169//4141 4037//4141
f 4037//4142 2169//4142 2170//4142
f 4037//4143 2170//4143 4038//4143
f 4038//4144 2170//4144 2185//4144
f 2185//4145 2184//4145 4038//4145
f 4038//4146 2184//4146 4039//4146
f 4038//4147 4039//4147 4037//4147
f 4037//4147 4039//4147 4040//4147
f 4037//4148 4040//4148 4036//4148
f 4036//4149 4040//4149 4041//4149
f 4036//4150 4041//4150 4035//4150
f 4035//4151 4041//4151 4042//4151
f 4035//4152 4042//4152 4034//4152
f 4034//4153 4042//4153 4043//4153
f 4034//4154 4043//4154 4033//4154
f 4033//4155 4043//4155 4044//4155
f 4033//4156 4044//4156 4032//4156
f 4032//4157 4044//4157 4045//4157
f 4032//4158 4045//4158 4031//4158
f 4031//4158 4045//4158 4046//4158
f 4031//4159 4046//4159 4030//4159
f 4030//4160 4046//4160 4047//4160
f 4030//4161 4047//4161 4016//4161
f 4016//4162 4047//4162 4014//4162
f 4016//4163 4014//4163 2126//4163
f 2126//4164 4014//4164 2127//4164
f 2184//4165 2183//4165 4039//4165
f 4039//4166 2183//4166 4015//4166
f 4039//4167 4015//4167 4040//4167
f 4040//4168 4015//4168 4048//4168
f 4040//4169 4048//4169 4041//4169
f 4041//4170 4048//4170 4049//4170
f 4041//4171 4049//4171 4042//4171
f 4042//4172 4049//4172 4050//4172
f 4042//4173 4050//4173 4043//4173
f 4043//4173 4050//4173 4051//4173
f 4043//4174 4051//4174 4044//4174
f 4044//4175 4051//4175 4052//4175
f 4044//4176 4052//4176 4045//4176
f 4045//4177 4052//4177 4053//4177
f 4045//4178 4053//4178 4046//4178
f 4046//4178 4053//4178 4054//4178
f 4046//4179 4054//4179 4047//4179
f 4047//4180 4054//4180 4055//4180
f 4047//4181 4055//4181 4014//4181
f 4014//4182 4055//4182 4013//4182
f 4014//4183 4013//4183 2128//4183
f 2128//4184 4013//4184 2129//4184
f 2182//4185 3856//4185 4015//4185
f 4015//4186 3856//4186 4029//4186
f 4015//4187 4029//4187 4048//4187
f 4048//4188 4029//4188 4056//4188
f 4048//4189 4056//4189 4049//4189
f 4049//4190 4056//4190 4057//4190
f 4049//4191 4057//4191 4050//4191
f 4050//4191 4057//4191 4058//4191
f 4050//4192 4058//4192 4051//4192
f 4051//4193 4058//4193 4059//4193
f 4051//4194 4059//4194 4052//4194
f 4052//4194 4059//4194 4060//4194
f 4052//4195 4060//4195 4053//4195
f 4053//4196 4060//4196 4061//4196
f 4053//4197 4061//4197 4054//4197
f 4054//4198 4061//4198 4062//4198
f 4054//4199 4062//4199 4055//4199
f 4055//4200 4062//4200 4063//4200
f 4055//4201 4063//4201 4013//4201
f 4013//4202 4063//4202 4064//4202
f 4013//4203 4064//4203 2130//4203
f 2130//4204 4064//4204 4065//4204
f 2130//4205 4065//4205 4066//4205
f 4029//4206 4067//4206 4056//4206
f 4056//4207 4067//4207 4068//4207
f 4056//4208 4068//4208 4057//4208
f 4057//4209 4068//4209 4069//4209
f 4057//4210 4069//4210 4058//4210
f 4058//4211 4069//4211 4070//4211
f 4058//4212 4070//4212 4059//4212
f 4059//4213 4070//4213 4071//4213
f 4059//4214 4071//4214 4060//4214
f 4060//4214 4071//4214 4072//4214
f 4060//4215 4072//4215 4061//4215
f 4061//4215 4072//4215 4073//4215
f 4061//4216 4073//4216 4062//4216
f 4062//4217 4073//4217 4074//4217
f 4062//4218 4074//4218 4063//4218
f 4063//4219 4074//4219 4075//4219
f 4063//4220 4075//4220 4064//4220
f 4064//4221 4075//4221 4076//4221
f 4064//4222 4076//4222 4065//4222
f 4065//4223 4076//4223 4012//4223
f 4065//4224 4012//4224 4066//4224
f 4066//4225 4012//4225 4011//4225
f 3854//4226 3863//4226 4029//4226
f 4029//4227 3863//4227 3862//4227
f 4029//4228 3862//4228 4067//4228
f 4067//4229 3862//4229 4028//4229
f 4067//4230 4028//4230 4068//4230
f 4068//4231 4028//4231 4077//4231
f 4068//4232 4077//4232 4069//4232
f 4069//4233 4077//4233 4078//4233
f 4069//4234 4078//4234 4070//4234
f 4070//4235 4078//4235 4079//4235
f 4070//4236 4079//4236 4071//4236
f 4071//4237 4079//4237 4080//4237
f 4071//4238 4080//4238 4072//4238
f 4072//4239 4080//4239 4081//4239
f 4072//4240 4081//4240 4073//4240
f 4073//4240 4081//4240 4082//4240
f 4073//4241 4082//4241 4074//4241
f 4074//4241 4082//4241 4083//4241
f 4074//4242 4083//4242 4075//4242
f 4075//4243 4083//4243 4084//4243
f 4075//4244 4084//4244 4076//4244
f 4076//4245 4084//4245 4085//4245
f 4076//4246 4085//4246 4012//4246
f 4012//4247 4085//4247 4019//4247
f 4012//4248 4019//4248 4010//4248
f 4010//4249 4019//4249 4020//4249
f 3860//4250 3858//4250 4028//4250
f 4028//4251 3858//4251 4027//4251
f 4028//4252 4027//4252 4077//4252
f 4077//4253 4027//4253 4086//4253
f 4077//4254 4086//4254 4078//4254
f 4078//4255 4086//4255 4087//4255
f 4078//4256 4087//4256 4079//4256
f 4079//4257 4087//4257 4088//4257
f 4079//4258 4088//4258 4080//4258
f 4080//4259 4088//4259 4089//4259
f 4080//4260 4089//4260 4081//4260
f 4081//4261 4089//4261 4090//4261
f 4081//4262 4090//4262 4082//4262
f 4082//4263 4090//4263 4091//4263
f 4082//4264 4091//4264 4083//4264
f 4083//4265 4091//4265 4092//4265
f 4083//4266 4092//4266 4084//4266
f 4084//4267 4092//4267 4093//4267
f 4084//4268 4093//4268 4085//4268
f 4085//4269 4093//4269 4094//4269
f 4085//4270 4094//4270 4019//4270
f 4019//4271 4094//4271 4023//4271
f 4019//4272 4023//4272 4017//4272
f 4017//4273 4023//4273 4024//4273
f 3857//4274 3874//4274 4027//4274
f 4027//4275 3874//4275 4026//4275
f 4027//4276 4026//4276 4086//4276
f 4086//4277 4026//4277 4095//4277
f 4086//4278 4095//4278 4087//4278
f 4087//4279 4095//4279 4096//4279
f 4087//4280 4096//4280 4088//4280
f 4088//4281 4096//4281 4097//4281
f 4088//4282 4097//4282 4089//4282
f 4089//4283 4097//4283 4098//4283
f 4089//4284 4098//4284 4090//4284
f 4090//4284 4098//4284 4099//4284
f 4090//4285 4099//4285 4091//4285
f 4091//4286 4099//4286 4100//4286
f 4091//4287 4100//4287 4092//4287
f 4092//4288 4100//4288 4101//4288
f 4092//4289 4101//4289 4093//4289
f 4093//4290 4101//4290 4102//4290
f 4093//4291 4102//4291 4094//4291
f 4094//4292 4102//4292 4103//4292
f 4094//4293 4103//4293 4023//4293
f 4023//4294 4103//4294 4009//4294
f 4023//4295 4009//4295 4021//4295
f 4021//4296 4009//4296 4008//4296
f 3868//4297 3867//4297 4026//4297
f 4026//4298 3867//4298 4003//4298
f 4026//4299 4003//4299 4095//4299
f 4095//4300 4003//4300 4104//4300
f 4095//4301 4104//4301 4096//4301
f 4096//4302 4104//4302 4105//4302
f 4096//4303 4105//4303 4097//4303
f 4097//4304 4105//4304 4106//4304
f 4097//4305 4106//4305 4098//4305
f 4098//4306 4106//4306 4107//4306
f 4098//4307 4107//4307 4099//4307
f 4099//4308 4107//4308 4108//4308
f 4099//4309 4108//4309 4100//4309
f 4100//4310 4108//4310 4109//4310
f 4100//4311 4109//4311 4101//4311
f 4101//4312 4109//4312 4110//4312
f 4101//4313 4110//4313 4102//4313
f 4102//4314 4110//4314 4111//4314
f 4102//4315 4111//4315 4103//4315
f 4103//4316 4111//4316 4112//4316
f 4103//4317 4112//4317 4009//4317
f 4009//4318 4112//4318 4006//4318
f 4009//4319 4006//4319 4007//4319
f 4007//4320 4006//4320 4005//4320
f 4004//4321 4006//4321 188//4321
f 188//4322 4006//4322 4112//4322
f 188//4323 4112//4323 189//4323
f 189//4324 4112//4324 4111//4324
f 189//4325 4111//4325 185//4325
f 185//4326 4111//4326 4110//4326
f 185//4327 4110//4327 186//4327
f 186//4328 4110//4328 4109//4328
f 186//4329 4109//4329 630//4329
f 630//4330 4109//4330 4108//4330
f 630//4331 4108//4331 182//4331
f 182//4332 4108//4332 4107//4332
f 182//4332 4107//4332 183//4332
f 183//4333 4107//4333 4106//4333
f 183//4334 4106//4334 179//4334
f 179//4335 4106//4335 4105//4335
f 179//4336 4105//4336 180//4336
f 180//4337 4105//4337 4104//4337
f 180//4338 4104//4338 425//4338
f 425//4339 4104//4339 4003//4339
f 425//4340 4003//4340 324//4340
f 324//4341 4003//4341 3870//4341
f 324//4342 3870//4342 3869//4342
f 4113//4343 198//4343 197//4343
f 4114//4344 4115//4344 4116//4344
f 3918//4345 2132//4345 2131//4345
f 4066//4346 4117//4346 2130//4346
f 4018//4347 4017//4347 4118//4347
f 4005//4348 4004//4348 192//4348
f 192//4349 4004//4349 4025//4349
f 192//4350 4025//4350 190//4350
f 4008//4351 4007//4351 4119//4351
f 4119//4352 4007//4352 4005//4352
f 4119//4353 4005//4353 4120//4353
f 4120//4354 4005//4354 192//4354
f 4120//4355 192//4355 194//4355
f 4118//4356 4017//4356 4121//4356
f 4017//4357 4024//4357 4121//4357
f 4121//4358 4024//4358 4022//4358
f 4121//4359 4022//4359 4119//4359
f 4119//4360 4022//4360 4021//4360
f 4119//4361 4021//4361 4008//4361
f 4117//4362 4066//4362 4122//4362
f 4066//4363 4011//4363 4122//4363
f 4122//4364 4011//4364 4010//4364
f 4122//4365 4010//4365 4118//4365
f 4118//4366 4010//4366 4020//4366
f 4118//4367 4020//4367 4018//4367
f 4123//4368 2125//4368 2130//4368
f 3916//4369 4114//4369 3910//4369
f 3910//4370 4114//4370 4124//4370
f 4125//4371 3906//4371 3909//4371
f 3909//4372 3914//4372 4125//4372
f 4125//4373 3914//4373 3913//4373
f 4125//4374 3913//4374 4124//4374
f 4124//4375 3913//4375 3911//4375
f 4124//4376 3911//4376 3910//4376
f 3906//4377 4125//4377 3907//4377
f 3907//4378 4125//4378 4126//4378
f 3907//4379 4126//4379 3905//4379
f 4127//4380 3903//4380 4126//4380
f 4126//4381 3903//4381 3902//4381
f 4126//4382 3902//4382 3905//4382
f 4128//4383 3887//4383 4127//4383
f 4127//4384 3887//4384 3901//4384
f 4127//4385 3901//4385 3903//4385
f 159//4386 3890//4386 4128//4386
f 4128//4387 3890//4387 3888//4387
f 4128//4388 3888//4388 3887//4388
f 4114//4389 4116//4389 4124//4389
f 4124//4390 4116//4390 4129//4390
f 4124//4390 4129//4390 4125//4390
f 4125//4391 4129//4391 4130//4391
f 4125//4391 4130//4391 4126//4391
f 4126//4392 4130//4392 4131//4392
f 4126//4393 4131//4393 4127//4393
f 4127//4394 4131//4394 4113//4394
f 4127//4395 4113//4395 4128//4395
f 4128//4396 4113//4396 197//4396
f 4128//4397 197//4397 159//4397
f 3916//4398 3915//4398 4114//4398
f 4114//4399 3915//4399 3918//4399
f 4114//4400 3918//4400 4115//4400
f 4115//4401 3918//4401 2131//4401
f 4115//4402 2131//4402 2138//4402
f 198//4403 4113//4403 4132//4403
f 4132//4404 4113//4404 4131//4404
f 4132//4405 4131//4405 4133//4405
f 4133//4406 4131//4406 4130//4406
f 4133//4407 4130//4407 4134//4407
f 4134//4408 4130//4408 4129//4408
f 4134//4409 4129//4409 4135//4409
f 4135//4410 4129//4410 4116//4410
f 4135//4411 4116//4411 4136//4411
f 4136//4412 4116//4412 4115//4412
f 4136//4413 4115//4413 4137//4413
f 4137//4414 4115//4414 2138//4414
f 4137//4415 2138//4415 2125//4415
f 2125//4416 4123//4416 4137//4416
f 4137//4417 4123//4417 4138//4417
f 4137//4418 4138//4418 4136//4418
f 4136//4419 4138//4419 4139//4419
f 4136//4420 4139//4420 4135//4420
f 4135//4421 4139//4421 4140//4421
f 4135//4422 4140//4422 4134//4422
f 4134//4423 4140//4423 4141//4423
f 4134//4424 4141//4424 4133//4424
f 4133//4425 4141//4425 4142//4425
f 4133//4426 4142//4426 4132//4426
f 4132//4427 4142//4427 195//4427
f 4132//4428 195//4428 198//4428
f 2130//4429 4117//4429 4123//4429
f 4123//4430 4117//4430 4122//4430
f 4123//4431 4122//4431 4138//4431
f 4138//4432 4122//4432 4118//4432
f 4138//4433 4118//4433 4139//4433
f 4139//4434 4118//4434 4121//4434
f 4139//4435 4121//4435 4140//4435
f 4140//4436 4121//4436 4119//4436
f 4140//4437 4119//4437 4141//4437
f 4141//4438 4119//4438 4120//4438
f 4141//4439 4120//4439 4142//4439
f 4142//4440 4120//4440 194//4440
f 4142//4441 194//4441 195//4441
f 4143//4442 4144//4442 4145//4442
f 4146//4443 1//4443 238//4443
f 4145//4444 4147//4444 4148//4444
f 4148//4445 4147//4445 4149//4445
f 4148//4446 4149//4446 1954//4446
f 4150//4447 4151//4447 4152//4447
f 4152//4448 4151//4448 4153//4448
f 4152//4449 4153//4449 4154//4449
f 4154//4450 4153//4450 4155//4450
f 4154//4451 4155//4451 4145//4451
f 4145//4452 4155//4452 4156//4452
f 4145//4453 4156//4453 4147//4453
f 4157//4454 4158//4454 4159//4454
f 4159//4455 4158//4455 4160//4455
f 4159//4456 4160//4456 4161//4456
f 201//4457 4162//4457 4157//4457
f 4157//4458 4162//4458 4163//4458
f 4157//4459 4163//4459 4158//4459
f 201//4460 4157//4460 238//4460
f 238//4461 4157//4461 4164//4461
f 238//4462 4164//4462 4146//4462
f 4165//4463 4159//4463 4166//4463
f 4166//4464 4159//4464 4161//4464
f 4166//4465 4161//4465 4167//4465
f 4165//4466 4168//4466 4159//4466
f 4159//4467 4168//4467 4169//4467
f 4159//4468 4169//4468 4157//4468
f 4157//4469 4169//4469 4170//4469
f 4157//4470 4170//4470 4164//4470
f 4171//4471 4172//4471 4166//4471
f 4166//4472 4172//4472 4173//4472
f 4166//4473 4173//4473 4165//4473
f 4167//4474 4150//4474 4166//4474
f 4166//4475 4150//4475 4152//4475
f 4166//4476 4152//4476 4171//4476
f 4171//4477 4152//4477 4154//4477
f 4171//4478 4154//4478 4174//4478
f 4145//4479 4144//4479 4154//4479
f 4154//4480 4144//4480 4175//4480
f 4154//4481 4175//4481 4174//4481
f 1954//4482 1950//4482 4148//4482
f 4148//4483 1950//4483 1949//4483
f 4148//4484 1949//4484 4176//4484
f 4176//4485 4177//4485 4148//4485
f 4148//4486 4177//4486 4178//4486
f 4148//4487 4178//4487 4145//4487
f 4145//4488 4178//4488 4179//4488
f 4145//4489 4179//4489 4143//4489
f 4180//4490 4181//4490 4182//4490
f 4183//4491 223//4491 5//4491
f 4170//4492 4169//4492 4184//4492
f 4172//4493 4171//4493 4185//4493
f 4174//4494 4175//4494 4186//4494
f 4178//4495 4177//4495 4187//4495
f 1949//4496 1951//4496 4188//4496
f 1932//4497 4189//4497 1952//4497
f 4189//4498 1932//4498 4190//4498
f 1949//4499 4188//4499 4176//4499
f 4144//4500 4143//4500 4191//4500
f 4191//4501 4143//4501 4179//4501
f 4168//4502 4165//4502 4192//4502
f 4192//4503 4165//4503 4173//4503
f 4146//4504 4164//4504 4193//4504
f 4146//4505 4193//4505 1//4505
f 4180//4506 4182//4506 4194//4506
f 4195//4507 4196//4507 4197//4507
f 4198//4508 4199//4508 4200//4508
f 4201//4509 4202//4509 4203//4509
f 4201//4510 4203//4510 4204//4510
f 4205//4511 4206//4511 4207//4511
f 1904//4512 4208//4512 4209//4512
f 1904//4513 4209//4513 1905//4513
f 1925//4514 1909//4514 1908//4514
f 1932//4515 1931//4515 4190//4515
f 4190//4516 1931//4516 1930//4516
f 4190//4517 1930//4517 4210//4517
f 4210//4518 1930//4518 1929//4518
f 4210//4519 1929//4519 4211//4519
f 4211//4520 1929//4520 1935//4520
f 4211//4521 1935//4521 4212//4521
f 4212//4522 1935//4522 1934//4522
f 4212//4523 1934//4523 4213//4523
f 4213//4524 1934//4524 1933//4524
f 4213//4525 1933//4525 4214//4525
f 4214//4526 1933//4526 1928//4526
f 4214//4526 1928//4526 4215//4526
f 4215//4527 1928//4527 1927//4527
f 4215//4528 1927//4528 4216//4528
f 4216//4529 1927//4529 1926//4529
f 4216//4530 1926//4530 4217//4530
f 4217//4531 1926//4531 1925//4531
f 4217//4532 1925//4532 4218//4532
f 4218//4533 1925//4533 1908//4533
f 1908//4534 1907//4534 4218//4534
f 4218//4535 1907//4535 4219//4535
f 4218//4536 4219//4536 4217//4536
f 4217//4537 4219//4537 4220//4537
f 4217//4538 4220//4538 4216//4538
f 4216//4539 4220//4539 4221//4539
f 4216//4540 4221//4540 4215//4540
f 4215//4541 4221//4541 4222//4541
f 4215//4542 4222//4542 4214//4542
f 4214//4543 4222//4543 4223//4543
f 4214//4544 4223//4544 4213//4544
f 4213//4545 4223//4545 4224//4545
f 4213//4546 4224//4546 4212//4546
f 4212//4547 4224//4547 4225//4547
f 4212//4548 4225//4548 4211//4548
f 4211//4549 4225//4549 4226//4549
f 4211//4550 4226//4550 4210//4550
f 4210//4551 4226//4551 4227//4551
f 4210//4552 4227//4552 4190//4552
f 4190//4553 4227//4553 4228//4553
f 4190//4554 4228//4554 4189//4554
f 4189//4555 4228//4555 4188//4555
f 4189//4556 4188//4556 1952//4556
f 1952//4557 4188//4557 1951//4557
f 1907//4558 1906//4558 4219//4558
f 4219//4559 1906//4559 4229//4559
f 4219//4560 4229//4560 4220//4560
f 4220//4561 4229//4561 4230//4561
f 4220//4562 4230//4562 4221//4562
f 4221//4562 4230//4562 4231//4562
f 4221//4563 4231//4563 4222//4563
f 4222//4563 4231//4563 4232//4563
f 4222//4564 4232//4564 4223//4564
f 4223//4565 4232//4565 4233//4565
f 4223//4566 4233//4566 4224//4566
f 4224//4567 4233//4567 4234//4567
f 4224//4568 4234//4568 4225//4568
f 4225//4569 4234//4569 4235//4569
f 4225//4570 4235//4570 4226//4570
f 4226//4571 4235//4571 4236//4571
f 4226//4572 4236//4572 4227//4572
f 4227//4573 4236//4573 4237//4573
f 4227//4574 4237//4574 4228//4574
f 4228//4575 4237//4575 4238//4575
f 4228//4576 4238//4576 4188//4576
f 4188//4577 4238//4577 4187//4577
f 4188//4578 4187//4578 4176//4578
f 4176//4579 4187//4579 4177//4579
f 1906//4580 1905//4580 4229//4580
f 4229//4581 1905//4581 4209//4581
f 4229//4582 4209//4582 4230//4582
f 4230//4583 4209//4583 4239//4583
f 4230//4584 4239//4584 4231//4584
f 4231//4585 4239//4585 4240//4585
f 4231//4586 4240//4586 4232//4586
f 4232//4587 4240//4587 4241//4587
f 4232//4588 4241//4588 4233//4588
f 4233//4589 4241//4589 4242//4589
f 4233//4590 4242//4590 4234//4590
f 4234//4590 4242//4590 4243//4590
f 4234//4591 4243//4591 4235//4591
f 4235//4592 4243//4592 4244//4592
f 4235//4593 4244//4593 4236//4593
f 4236//4594 4244//4594 4245//4594
f 4236//4595 4245//4595 4237//4595
f 4237//4596 4245//4596 4246//4596
f 4237//4597 4246//4597 4238//4597
f 4238//4598 4246//4598 4247//4598
f 4238//4599 4247//4599 4187//4599
f 4187//4600 4247//4600 4191//4600
f 4187//4601 4191//4601 4178//4601
f 4178//4602 4191//4602 4179//4602
f 4208//4603 4205//4603 4209//4603
f 4209//4604 4205//4604 4207//4604
f 4209//4605 4207//4605 4239//4605
f 4239//4606 4207//4606 4248//4606
f 4239//4607 4248//4607 4240//4607
f 4240//4608 4248//4608 4249//4608
f 4240//4609 4249//4609 4241//4609
f 4241//4610 4249//4610 4250//4610
f 4241//4611 4250//4611 4242//4611
f 4242//4612 4250//4612 4251//4612
f 4242//4613 4251//4613 4243//4613
f 4243//4614 4251//4614 4252//4614
f 4243//4615 4252//4615 4244//4615
f 4244//4616 4252//4616 4253//4616
f 4244//4617 4253//4617 4245//4617
f 4245//4618 4253//4618 4254//4618
f 4245//4619 4254//4619 4246//4619
f 4246//4620 4254//4620 4255//4620
f 4246//4621 4255//4621 4247//4621
f 4247//4622 4255//4622 4256//4622
f 4247//4623 4256//4623 4191//4623
f 4191//4624 4256//4624 4186//4624
f 4191//4625 4186//4625 4144//4625
f 4144//4626 4186//4626 4175//4626
f 4206//4627 4204//4627 4207//4627
f 4207//4628 4204//4628 4203//4628
f 4207//4629 4203//4629 4248//4629
f 4248//4630 4203//4630 4257//4630
f 4248//4631 4257//4631 4249//4631
f 4249//4632 4257//4632 4258//4632
f 4249//4633 4258//4633 4250//4633
f 4250//4634 4258//4634 4259//4634
f 4250//4635 4259//4635 4251//4635
f 4251//4636 4259//4636 4260//4636
f 4251//4637 4260//4637 4252//4637
f 4252//4638 4260//4638 4261//4638
f 4252//4639 4261//4639 4253//4639
f 4253//4640 4261//4640 4262//4640
f 4253//4641 4262//4641 4254//4641
f 4254//4642 4262//4642 4263//4642
f 4254//4643 4263//4643 4255//4643
f 4255//4644 4263//4644 4264//4644
f 4255//4645 4264//4645 4256//4645
f 4256//4646 4264//4646 4265//4646
f 4256//4647 4265//4647 4186//4647
f 4186//4648 4265//4648 4185//4648
f 4186//4649 4185//4649 4174//4649
f 4174//4650 4185//4650 4171//4650
f 4202//4651 4198//4651 4203//4651
f 4203//4652 4198//4652 4200//4652
f 4203//4653 4200//4653 4257//4653
f 4257//4654 4200//4654 4266//4654
f 4257//4655 4266//4655 4258//4655
f 4258//4656 4266//4656 4267//4656
f 4258//4657 4267//4657 4259//4657
f 4259//4658 4267//4658 4268//4658
f 4259//4659 4268//4659 4260//4659
f 4260//4660 4268//4660 4269//4660
f 4260//4661 4269//4661 4261//4661
f 4261//4662 4269//4662 4270//4662
f 4261//4663 4270//4663 4262//4663
f 4262//4664 4270//4664 4271//4664
f 4262//4665 4271//4665 4263//4665
f 4263//4666 4271//4666 4272//4666
f 4263//4667 4272//4667 4264//4667
f 4264//4668 4272//4668 4273//4668
f 4264//4669 4273//4669 4265//4669
f 4265//4670 4273//4670 4274//4670
f 4265//4671 4274//4671 4185//4671
f 4185//4672 4274//4672 4192//4672
f 4185//4673 4192//4673 4172//4673
f 4172//4674 4192//4674 4173//4674
f 4199//4675 4195//4675 4200//4675
f 4200//4676 4195//4676 4197//4676
f 4200//4677 4197//4677 4266//4677
f 4266//4678 4197//4678 4275//4678
f 4266//4679 4275//4679 4267//4679
f 4267//4680 4275//4680 4276//4680
f 4267//4681 4276//4681 4268//4681
f 4268//4682 4276//4682 4277//4682
f 4268//4683 4277//4683 4269//4683
f 4269//4684 4277//4684 4278//4684
f 4269//4685 4278//4685 4270//4685
f 4270//4686 4278//4686 4279//4686
f 4270//4687 4279//4687 4271//4687
f 4271//4688 4279//4688 4280//4688
f 4271//4689 4280//4689 4272//4689
f 4272//4690 4280//4690 4281//4690
f 4272//4691 4281//4691 4273//4691
f 4273//4692 4281//4692 4282//4692
f 4273//4693 4282//4693 4274//4693
f 4274//4694 4282//4694 4283//4694
f 4274//4695 4283//4695 4192//4695
f 4192//4696 4283//4696 4184//4696
f 4192//4697 4184//4697 4168//4697
f 4168//4698 4184//4698 4169//4698
f 4196//4699 4194//4699 4197//4699
f 4197//4700 4194//4700 4182//4700
f 4197//4701 4182//4701 4275//4701
f 4275//4702 4182//4702 4284//4702
f 4275//4703 4284//4703 4276//4703
f 4276//4704 4284//4704 4285//4704
f 4276//4705 4285//4705 4277//4705
f 4277//4706 4285//4706 4286//4706
f 4277//4707 4286//4707 4278//4707
f 4278//4708 4286//4708 4287//4708
f 4278//4709 4287//4709 4279//4709
f 4279//4710 4287//4710 4288//4710
f 4279//4711 4288//4711 4280//4711
f 4280//4712 4288//4712 4289//4712
f 4280//4713 4289//4713 4281//4713
f 4281//4714 4289//4714 4290//4714
f 4281//4715 4290//4715 4282//4715
f 4282//4716 4290//4716 4291//4716
f 4282//4717 4291//4717 4283//4717
f 4283//4718 4291//4718 4292//4718
f 4283//4719 4292//4719 4184//4719
f 4184//4720 4292//4720 4193//4720
f 4184//4721 4193//4721 4170//4721
f 4170//4722 4193//4722 4164//4722
f 1//4723 4193//4723 2//4723
f 2//4724 4193//4724 4292//4724
f 2//4725 4292//4725 235//4725
f 235//4726 4292//4726 4291//4726
f 235//4727 4291//4727 237//4727
f 237//4728 4291//4728 4290//4728
f 237//4729 4290//4729 234//4729
f 234//4730 4290//4730 4289//4730
f 234//4731 4289//4731 230//4731
f 230//4732 4289//4732 4288//4732
f 230//4732 4288//4732 231//4732
f 231//4733 4288//4733 4287//4733
f 231//4733 4287//4733 227//4733
f 227//4734 4287//4734 4286//4734
f 227//4735 4286//4735 228//4735
f 228//4736 4286//4736 4285//4736
f 228//4737 4285//4737 226//4737
f 226//4738 4285//4738 4284//4738
f 226//4739 4284//4739 4//4739
f 4//4740 4284//4740 4182//4740
f 4//4741 4182//4741 5//4741
f 5//4742 4182//4742 4181//4742
f 5//4743 4181//4743 4183//4743
f 4158//4744 4163//4744 4293//4744
f 4162//4745 201//4745 352//4745
f 4294//4746 4295//4746 4296//4746
f 4297//4747 4298//4747 4299//4747
f 4300//4748 4301//4748 4302//4748
f 1902//4749 1901//4749 4303//4749
f 1900//4750 1899//4750 4304//4750
f 1955//4751 1954//4751 4305//4751
f 1942//4752 1943//4752 1957//4752
f 1898//4753 1896//4753 4306//4753
f 4306//4754 1896//4754 1895//4754
f 4307//4755 4308//4755 4309//4755
f 4309//4756 4308//4756 4310//4756
f 4311//4757 4312//4757 4313//4757
f 4313//4758 4312//4758 4314//4758
f 4294//4759 212//4759 4315//4759
f 4315//4760 212//4760 214//4760
f 4158//4761 4293//4761 4160//4761
f 4167//4762 4161//4762 4316//4762
f 4151//4763 4150//4763 4317//4763
f 4155//4764 4153//4764 4318//4764
f 4149//4765 4147//4765 4319//4765
f 1895//4766 1945//4766 4306//4766
f 4306//4767 1945//4767 1944//4767
f 4306//4767 1944//4767 4320//4767
f 4320//4768 1944//4768 1940//4768
f 4320//4769 1940//4769 4321//4769
f 4321//4770 1940//4770 1939//4770
f 4321//4770 1939//4770 4322//4770
f 4322//4771 1939//4771 1938//4771
f 4322//4772 1938//4772 4323//4772
f 4323//4773 1938//4773 1948//4773
f 4323//4774 1948//4774 4324//4774
f 4324//4775 1948//4775 1947//4775
f 4324//4776 1947//4776 4325//4776
f 4325//4777 1947//4777 1946//4777
f 4325//4778 1946//4778 4326//4778
f 4326//4779 1946//4779 1941//4779
f 4326//4780 1941//4780 4327//4780
f 4327//4781 1941//4781 1942//4781
f 4327//4781 1942//4781 4328//4781
f 4328//4782 1942//4782 1957//4782
f 1957//4783 1956//4783 4328//4783
f 4328//4784 1956//4784 4329//4784
f 4328//4785 4329//4785 4327//4785
f 4327//4786 4329//4786 4330//4786
f 4327//4787 4330//4787 4326//4787
f 4326//4788 4330//4788 4331//4788
f 4326//4789 4331//4789 4325//4789
f 4325//4789 4331//4789 4332//4789
f 4325//4790 4332//4790 4324//4790
f 4324//4790 4332//4790 4333//4790
f 4324//4791 4333//4791 4323//4791
f 4323//4792 4333//4792 4334//4792
f 4323//4793 4334//4793 4322//4793
f 4322//4793 4334//4793 4335//4793
f 4322//4794 4335//4794 4321//4794
f 4321//4795 4335//4795 4336//4795
f 4321//4796 4336//4796 4320//4796
f 4320//4797 4336//4797 4337//4797
f 4320//4798 4337//4798 4306//4798
f 4306//4799 4337//4799 4304//4799
f 4306//4800 4304//4800 1898//4800
f 1898//4801 4304//4801 1899//4801
f 1956//4802 1955//4802 4329//4802
f 4329//4803 1955//4803 4305//4803
f 4329//4804 4305//4804 4330//4804
f 4330//4804 4305//4804 4338//4804
f 4330//4805 4338//4805 4331//4805
f 4331//4806 4338//4806 4339//4806
f 4331//4807 4339//4807 4332//4807
f 4332//4808 4339//4808 4340//4808
f 4332//4809 4340//4809 4333//4809
f 4333//4810 4340//4810 4341//4810
f 4333//4811 4341//4811 4334//4811
f 4334//4812 4341//4812 4342//4812
f 4334//4813 4342//4813 4335//4813
f 4335//4814 4342//4814 4343//4814
f 4335//4815 4343//4815 4336//4815
f 4336//4815 4343//4815 4344//4815
f 4336//4816 4344//4816 4337//4816
f 4337//4817 4344//4817 4345//4817
f 4337//4818 4345//4818 4304//4818
f 4304//4819 4345//4819 4303//4819
f 4304//4820 4303//4820 1900//4820
f 1900//4821 4303//4821 1901//4821
f 1954//4822 4149//4822 4305//4822
f 4305//4823 4149//4823 4319//4823
f 4305//4824 4319//4824 4338//4824
f 4338//4825 4319//4825 4346//4825
f 4338//4826 4346//4826 4339//4826
f 4339//4827 4346//4827 4347//4827
f 4339//4828 4347//4828 4340//4828
f 4340//4829 4347//4829 4348//4829
f 4340//4830 4348//4830 4341//4830
f 4341//4831 4348//4831 4349//4831
f 4341//4832 4349//4832 4342//4832
f 4342//4833 4349//4833 4350//4833
f 4342//4834 4350//4834 4343//4834
f 4343//4835 4350//4835 4351//4835
f 4343//4836 4351//4836 4344//4836
f 4344//4837 4351//4837 4352//4837
f 4344//4838 4352//4838 4345//4838
f 4345//4839 4352//4839 4353//4839
f 4345//4840 4353//4840 4303//4840
f 4303//4841 4353//4841 4354//4841
f 4303//4842 4354//4842 1902//4842
f 1902//4843 4354//4843 4355//4843
f 1902//4844 4355//4844 4356//4844
f 4319//4845 4357//4845 4346//4845
f 4346//4846 4357//4846 4358//4846
f 4346//4847 4358//4847 4347//4847
f 4347//4848 4358//4848 4359//4848
f 4347//4849 4359//4849 4348//4849
f 4348//4850 4359//4850 4360//4850
f 4348//4851 4360//4851 4349//4851
f 4349//4852 4360//4852 4361//4852
f 4349//4853 4361//4853 4350//4853
f 4350//4853 4361//4853 4362//4853
f 4350//4854 4362//4854 4351//4854
f 4351//4855 4362//4855 4363//4855
f 4351//4856 4363//4856 4352//4856
f 4352//4856 4363//4856 4364//4856
f 4352//4857 4364//4857 4353//4857
f 4353//4858 4364//4858 4365//4858
f 4353//4859 4365//4859 4354//4859
f 4354//4860 4365//4860 4366//4860
f 4354//4861 4366//4861 4355//4861
f 4355//4862 4366//4862 4302//4862
f 4355//4863 4302//4863 4356//4863
f 4356//4864 4302//4864 4301//4864
f 4147//4865 4156//4865 4319//4865
f 4319//4866 4156//4866 4155//4866
f 4319//4867 4155//4867 4357//4867
f 4357//4868 4155//4868 4318//4868
f 4357//4869 4318//4869 4358//4869
f 4358//4870 4318//4870 4367//4870
f 4358//4871 4367//4871 4359//4871
f 4359//4872 4367//4872 4368//4872
f 4359//4873 4368//4873 4360//4873
f 4360//4874 4368//4874 4369//4874
f 4360//4875 4369//4875 4361//4875
f 4361//4876 4369//4876 4370//4876
f 4361//4877 4370//4877 4362//4877
f 4362//4878 4370//4878 4371//4878
f 4362//4879 4371//4879 4363//4879
f 4363//4880 4371//4880 4372//4880
f 4363//4881 4372//4881 4364//4881
f 4364//4882 4372//4882 4373//4882
f 4364//4883 4373//4883 4365//4883
f 4365//4884 4373//4884 4374//4884
f 4365//4885 4374//4885 4366//4885
f 4366//4886 4374//4886 4375//4886
f 4366//4887 4375//4887 4302//4887
f 4302//4888 4375//4888 4309//4888
f 4302//4889 4309//4889 4300//4889
f 4300//4890 4309//4890 4310//4890
f 4153//4891 4151//4891 4318//4891
f 4318//4892 4151//4892 4317//4892
f 4318//4893 4317//4893 4367//4893
f 4367//4894 4317//4894 4376//4894
f 4367//4895 4376//4895 4368//4895
f 4368//4896 4376//4896 4377//4896
f 4368//4897 4377//4897 4369//4897
f 4369//4898 4377//4898 4378//4898
f 4369//4899 4378//4899 4370//4899
f 4370//4900 4378//4900 4379//4900
f 4370//4901 4379//4901 4371//4901
f 4371//4902 4379//4902 4380//4902
f 4371//4903 4380//4903 4372//4903
f 4372//4904 4380//4904 4381//4904
f 4372//4905 4381//4905 4373//4905
f 4373//4906 4381//4906 4382//4906
f 4373//4907 4382//4907 4374//4907
f 4374//4908 4382//4908 4383//4908
f 4374//4909 4383//4909 4375//4909
f 4375//4910 4383//4910 4384//4910
f 4375//4911 4384//4911 4309//4911
f 4309//4912 4384//4912 4313//4912
f 4309//4913 4313//4913 4307//4913
f 4307//4914 4313//4914 4314//4914
f 4150//4915 4167//4915 4317//4915
f 4317//4916 4167//4916 4316//4916
f 4317//4917 4316//4917 4376//4917
f 4376//4918 4316//4918 4385//4918
f 4376//4919 4385//4919 4377//4919
f 4377//4920 4385//4920 4386//4920
f 4377//4921 4386//4921 4378//4921
f 4378//4922 4386//4922 4387//4922
f 4378//4923 4387//4923 4379//4923
f 4379//4924 4387//4924 4388//4924
f 4379//4925 4388//4925 4380//4925
f 4380//4926 4388//4926 4389//4926
f 4380//4927 4389//4927 4381//4927
f 4381//4928 4389//4928 4390//4928
f 4381//4929 4390//4929 4382//4929
f 4382//4930 4390//4930 4391//4930
f 4382//4931 4391//4931 4383//4931
f 4383//4932 4391//4932 4392//4932
f 4383//4933 4392//4933 4384//4933
f 4384//4934 4392//4934 4393//4934
f 4384//4935 4393//4935 4313//4935
f 4313//4936 4393//4936 4299//4936
f 4313//4937 4299//4937 4311//4937
f 4311//4938 4299//4938 4298//4938
f 4161//4939 4160//4939 4316//4939
f 4316//4940 4160//4940 4293//4940
f 4316//4941 4293//4941 4385//4941
f 4385//4942 4293//4942 4394//4942
f 4385//4943 4394//4943 4386//4943
f 4386//4944 4394//4944 4395//4944
f 4386//4945 4395//4945 4387//4945
f 4387//4946 4395//4946 4396//4946
f 4387//4947 4396//4947 4388//4947
f 4388//4948 4396//4948 4397//4948
f 4388//4949 4397//4949 4389//4949
f 4389//4950 4397//4950 4398//4950
f 4389//4951 4398//4951 4390//4951
f 4390//4952 4398//4952 4399//4952
f 4390//4953 4399//4953 4391//4953
f 4391//4954 4399//4954 4400//4954
f 4391//4955 4400//4955 4392//4955
f 4392//4956 4400//4956 4401//4956
f 4392//4957 4401//4957 4393//4957
f 4393//4958 4401//4958 4402//4958
f 4393//4959 4402//4959 4299//4959
f 4299//4960 4402//4960 4296//4960
f 4299//4961 4296//4961 4297//4961
f 4297//4962 4296//4962 4295//4962
f 4294//4963 4296//4963 212//4963
f 212//4964 4296//4964 4402//4964
f 212//4965 4402//4965 213//4965
f 213//4966 4402//4966 4401//4966
f 213//4967 4401//4967 209//4967
f 209//4968 4401//4968 4400//4968
f 209//4969 4400//4969 210//4969
f 210//4970 4400//4970 4399//4970
f 210//4971 4399//4971 645//4971
f 645//4972 4399//4972 4398//4972
f 645//4972 4398//4972 206//4972
f 206//4973 4398//4973 4397//4973
f 206//4973 4397//4973 207//4973
f 207//4974 4397//4974 4396//4974
f 207//4974 4396//4974 203//4974
f 203//4975 4396//4975 4395//4975
f 203//4976 4395//4976 204//4976
f 204//4977 4395//4977 4394//4977
f 204//4978 4394//4978 440//4978
f 440//4979 4394//4979 4293//4979
f 440//4980 4293//4980 352//4980
f 352//4981 4293//4981 4163//4981
f 352//4982 4163//4982 4162//4982
f 4403//4983 218//4983 221//4983
f 4404//4984 4405//4984 4406//4984
f 4208//4985 1904//4985 1903//4985
f 4356//4986 4407//4986 1902//4986
f 4308//4987 4307//4987 4408//4987
f 4295//4988 4294//4988 216//4988
f 216//4989 4294//4989 4315//4989
f 216//4990 4315//4990 214//4990
f 4298//4991 4297//4991 4409//4991
f 4409//4992 4297//4992 4295//4992
f 4409//4993 4295//4993 4410//4993
f 4410//4994 4295//4994 216//4994
f 4410//4995 216//4995 220//4995
f 4408//4996 4307//4996 4411//4996
f 4307//4997 4314//4997 4411//4997
f 4411//4998 4314//4998 4312//4998
f 4411//4999 4312//4999 4409//4999
f 4409//5000 4312//5000 4311//5000
f 4409//5001 4311//5001 4298//5001
f 4407//5002 4356//5002 4412//5002
f 4356//5003 4301//5003 4412//5003
f 4412//5004 4301//5004 4300//5004
f 4412//5005 4300//5005 4408//5005
f 4408//5006 4300//5006 4310//5006
f 4408//5007 4310//5007 4308//5007
f 4413//5008 1897//5008 1902//5008
f 4404//5009 4414//5009 4206//5009
f 4206//5010 4414//5010 4204//5010
f 4204//5011 4414//5011 4201//5011
f 4201//5012 4414//5012 4415//5012
f 4201//5013 4415//5013 4202//5013
f 4416//5014 4199//5014 4415//5014
f 4415//5015 4199//5015 4198//5015
f 4415//5016 4198//5016 4202//5016
f 4417//5017 4196//5017 4416//5017
f 4416//5018 4196//5018 4195//5018
f 4416//5019 4195//5019 4199//5019
f 4418//5020 4180//5020 4417//5020
f 4417//5021 4180//5021 4194//5021
f 4417//5022 4194//5022 4196//5022
f 223//5023 4183//5023 4418//5023
f 4418//5024 4183//5024 4181//5024
f 4418//5025 4181//5025 4180//5025
f 4404//5026 4406//5026 4414//5026
f 4414//5027 4406//5027 4419//5027
f 4414//5028 4419//5028 4415//5028
f 4415//5029 4419//5029 4420//5029
f 4415//5029 4420//5029 4416//5029
f 4416//5030 4420//5030 4421//5030
f 4416//5031 4421//5031 4417//5031
f 4417//5032 4421//5032 4403//5032
f 4417//5033 4403//5033 4418//5033
f 4418//5034 4403//5034 221//5034
f 4418//5035 221//5035 223//5035
f 4206//5036 4205//5036 4404//5036
f 4404//5037 4205//5037 4208//5037
f 4404//5038 4208//5038 4405//5038
f 4405//5039 4208//5039 1903//5039
f 4405//5040 1903//5040 1910//5040
f 218//5041 4403//5041 4422//5041
f 4422//5042 4403//5042 4421//5042
f 4422//5043 4421//5043 4423//5043
f 4423//5044 4421//5044 4420//5044
f 4423//5045 4420//5045 4424//5045
f 4424//5046 4420//5046 4419//5046
f 4424//5047 4419//5047 4425//5047
f 4425//5048 4419//5048 4406//5048
f 4425//5049 4406//5049 4426//5049
f 4426//5050 4406//5050 4405//5050
f 4426//5051 4405//5051 4427//5051
f 4427//5052 4405//5052 1910//5052
f 4427//5053 1910//5053 1897//5053
f 1897//5054 4413//5054 4427//5054
f 4427//5055 4413//5055 4428//5055
f 4427//5055 4428//5055 4426//5055
f 4426//5056 4428//5056 4429//5056
f 4426//5057 4429//5057 4425//5057
f 4425//5058 4429//5058 4430//5058
f 4425//5059 4430//5059 4424//5059
f 4424//5060 4430//5060 4431//5060
f 4424//5061 4431//5061 4423//5061
f 4423//5062 4431//5062 4432//5062
f 4423//5062 4432//5062 4422//5062
f 4422//5063 4432//5063 219//5063
f 4422//5064 219//5064 218//5064
f 1902//5065 4407//5065 4413//5065
f 4413//5066 4407//5066 4412//5066
f 4413//5067 4412//5067 4428//5067
f 4428//5068 4412//5068 4408//5068
f 4428//5069 4408//5069 4429//5069
f 4429//5070 4408//5070 4411//5070
f 4429//5071 4411//5071 4430//5071
f 4430//5072 4411//5072 4409//5072
f 4430//5073 4409//5073 4431//5073
f 4431//5074 4409//5074 4410//5074
f 4431//5074 4410//5074 4432//5074
f 4432//5075 4410//5075 220//5075
f 4432//5076 220//5076 219//5076
f 4433//5077 4434//5077 4435//5077
f 4436//5078 29//5078 55//5078
f 4435//5079 4437//5079 4438//5079
f 4438//5080 4437//5080 4439//5080
f 4438//5081 4439//5081 1805//5081
f 4440//5082 4441//5082 4442//5082
f 4442//5083 4441//5083 4443//5083
f 4442//5084 4443//5084 4444//5084
f 4444//5085 4443//5085 4445//5085
f 4444//5086 4445//5086 4435//5086
f 4435//5087 4445//5087 4446//5087
f 4435//5088 4446//5088 4437//5088
f 4447//5089 4448//5089 4449//5089
f 4449//5090 4448//5090 4450//5090
f 4449//5091 4450//5091 4451//5091
f 54//5092 4452//5092 4447//5092
f 4447//5093 4452//5093 4453//5093
f 4447//5094 4453//5094 4448//5094
f 54//5095 4447//5095 55//5095
f 55//5096 4447//5096 4454//5096
f 55//5097 4454//5097 4436//5097
f 4455//5098 4449//5098 4456//5098
f 4456//5099 4449//5099 4451//5099
f 4456//5100 4451//5100 4457//5100
f 4455//5101 4458//5101 4449//5101
f 4449//5102 4458//5102 4459//5102
f 4449//5103 4459//5103 4447//5103
f 4447//5104 4459//5104 4460//5104
f 4447//5105 4460//5105 4454//5105
f 4461//5106 4462//5106 4456//5106
f 4456//5107 4462//5107 4463//5107
f 4456//5108 4463//5108 4455//5108
f 4457//5109 4440//5109 4456//5109
f 4456//5110 4440//5110 4442//5110
f 4456//5111 4442//5111 4461//5111
f 4461//5112 4442//5112 4444//5112
f 4461//5113 4444//5113 4464//5113
f 4435//5114 4434//5114 4444//5114
f 4444//5115 4434//5115 4465//5115
f 4444//5116 4465//5116 4464//5116
f 1805//5117 1801//5117 4438//5117
f 4438//5118 1801//5118 1800//5118
f 4438//5119 1800//5119 4466//5119
f 4466//5120 4467//5120 4438//5120
f 4438//5121 4467//5121 4468//5121
f 4438//5122 4468//5122 4435//5122
f 4435//5123 4468//5123 4469//5123
f 4435//5124 4469//5124 4433//5124
f 4470//5125 4471//5125 4472//5125
f 4473//5126 37//5126 35//5126
f 4460//5127 4459//5127 4474//5127
f 4462//5128 4461//5128 4475//5128
f 4464//5129 4465//5129 4476//5129
f 4468//5130 4467//5130 4477//5130
f 1800//5131 1802//5131 4478//5131
f 1533//5132 4479//5132 1803//5132
f 4479//5133 1533//5133 4480//5133
f 1800//5134 4478//5134 4466//5134
f 4434//5135 4433//5135 4481//5135
f 4481//5136 4433//5136 4469//5136
f 4458//5137 4455//5137 4482//5137
f 4482//5138 4455//5138 4463//5138
f 4436//5139 4454//5139 4483//5139
f 4436//5140 4483//5140 29//5140
f 4470//5141 4472//5141 4484//5141
f 4485//5142 4486//5142 4487//5142
f 4485//5143 4487//5143 4488//5143
f 4489//5144 4490//5144 4491//5144
f 4489//5145 4491//5145 4492//5145
f 4493//5146 4494//5146 4495//5146
f 4495//5147 4494//5147 4496//5147
f 4495//5148 4496//5148 4497//5148
f 4498//5149 4499//5149 4500//5149
f 1500//5150 4501//5150 4502//5150
f 1500//5151 4502//5151 1501//5151
f 1526//5152 1507//5152 1506//5152
f 1533//5153 1532//5153 4480//5153
f 4480//5154 1532//5154 1531//5154
f 4480//5155 1531//5155 4503//5155
f 4503//5156 1531//5156 1530//5156
f 4503//5157 1530//5157 4504//5157
f 4504//5158 1530//5158 1536//5158
f 4504//5158 1536//5158 4505//5158
f 4505//5159 1536//5159 1535//5159
f 4505//5160 1535//5160 4506//5160
f 4506//5161 1535//5161 1534//5161
f 4506//5162 1534//5162 4507//5162
f 4507//5163 1534//5163 1529//5163
f 4507//5164 1529//5164 4508//5164
f 4508//5165 1529//5165 1528//5165
f 4508//5166 1528//5166 4509//5166
f 4509//5167 1528//5167 1527//5167
f 4509//5168 1527//5168 4510//5168
f 4510//5169 1527//5169 1526//5169
f 4510//5170 1526//5170 4511//5170
f 4511//5171 1526//5171 1506//5171
f 4511//5172 1506//5172 1505//5172
f 1505//5173 1504//5173 4511//5173
f 4511//5174 1504//5174 4512//5174
f 4511//5175 4512//5175 4510//5175
f 4510//5176 4512//5176 4513//5176
f 4510//5177 4513//5177 4509//5177
f 4509//5178 4513//5178 4514//5178
f 4509//5179 4514//5179 4508//5179
f 4508//5180 4514//5180 4515//5180
f 4508//5181 4515//5181 4507//5181
f 4507//5181 4515//5181 4516//5181
f 4507//5182 4516//5182 4506//5182
f 4506//5183 4516//5183 4517//5183
f 4506//5184 4517//5184 4505//5184
f 4505//5185 4517//5185 4518//5185
f 4505//5186 4518//5186 4504//5186
f 4504//5187 4518//5187 4519//5187
f 4504//5188 4519//5188 4503//5188
f 4503//5189 4519//5189 4520//5189
f 4503//5190 4520//5190 4480//5190
f 4480//5191 4520//5191 4521//5191
f 4480//5192 4521//5192 4479//5192
f 4479//5193 4521//5193 4478//5193
f 4479//5194 4478//5194 1803//5194
f 1803//5195 4478//5195 1802//5195
f 1504//5196 1503//5196 4512//5196
f 4512//5197 1503//5197 4522//5197
f 4512//5198 4522//5198 4513//5198
f 4513//5199 4522//5199 4523//5199
f 4513//5200 4523//5200 4514//5200
f 4514//5201 4523//5201 4524//5201
f 4514//5202 4524//5202 4515//5202
f 4515//5203 4524//5203 4525//5203
f 4515//5204 4525//5204 4516//5204
f 4516//5205 4525//5205 4526//5205
f 4516//5206 4526//5206 4517//5206
f 4517//5206 4526//5206 4527//5206
f 4517//5207 4527//5207 4518//5207
f 4518//5208 4527//5208 4528//5208
f 4518//5209 4528//5209 4519//5209
f 4519//5210 4528//5210 4529//5210
f 4519//5211 4529//5211 4520//5211
f 4520//5212 4529//5212 4530//5212
f 4520//5213 4530//5213 4521//5213
f 4521//5214 4530//5214 4531//5214
f 4521//5215 4531//5215 4478//5215
f 4478//5216 4531//5216 4477//5216
f 4478//5217 4477//5217 4466//5217
f 4466//5218 4477//5218 4467//5218
f 1503//5219 1501//5219 4522//5219
f 4522//5220 1501//5220 4502//5220
f 4522//5221 4502//5221 4523//5221
f 4523//5222 4502//5222 4532//5222
f 4523//5223 4532//5223 4524//5223
f 4524//5224 4532//5224 4533//5224
f 4524//5225 4533//5225 4525//5225
f 4525//5226 4533//5226 4534//5226
f 4525//5227 4534//5227 4526//5227
f 4526//5228 4534//5228 4535//5228
f 4526//5229 4535//5229 4527//5229
f 4527//5230 4535//5230 4536//5230
f 4527//5231 4536//5231 4528//5231
f 4528//5232 4536//5232 4537//5232
f 4528//5233 4537//5233 4529//5233
f 4529//5234 4537//5234 4538//5234
f 4529//5235 4538//5235 4530//5235
f 4530//5236 4538//5236 4539//5236
f 4530//5237 4539//5237 4531//5237
f 4531//5238 4539//5238 4540//5238
f 4531//5239 4540//5239 4477//5239
f 4477//5240 4540//5240 4481//5240
f 4477//5241 4481//5241 4468//5241
f 4468//5242 4481//5242 4469//5242
f 4501//5243 4498//5243 4502//5243
f 4502//5244 4498//5244 4500//5244
f 4502//5245 4500//5245 4532//5245
f 4532//5246 4500//5246 4541//5246
f 4532//5247 4541//5247 4533//5247
f 4533//5248 4541//5248 4542//5248
f 4533//5249 4542//5249 4534//5249
f 4534//5250 4542//5250 4543//5250
f 4534//5251 4543//5251 4535//5251
f 4535//5252 4543//5252 4544//5252
f 4535//5253 4544//5253 4536//5253
f 4536//5254 4544//5254 4545//5254
f 4536//5255 4545//5255 4537//5255
f 4537//5256 4545//5256 4546//5256
f 4537//5257 4546//5257 4538//5257
f 4538//5258 4546//5258 4547//5258
f 4538//5259 4547//5259 4539//5259
f 4539//5260 4547//5260 4548//5260
f 4539//5261 4548//5261 4540//5261
f 4540//5262 4548//5262 4549//5262
f 4540//5263 4549//5263 4481//5263
f 4481//5264 4549//5264 4476//5264
f 4481//5265 4476//5265 4434//5265
f 4434//5266 4476//5266 4465//5266
f 4499//5267 4493//5267 4500//5267
f 4500//5268 4493//5268 4495//5268
f 4500//5269 4495//5269 4541//5269
f 4541//5270 4495//5270 4550//5270
f 4541//5271 4550//5271 4542//5271
f 4542//5272 4550//5272 4551//5272
f 4542//5273 4551//5273 4543//5273
f 4543//5274 4551//5274 4552//5274
f 4543//5275 4552//5275 4544//5275
f 4544//5276 4552//5276 4553//5276
f 4544//5277 4553//5277 4545//5277
f 4545//5278 4553//5278 4554//5278
f 4545//5279 4554//5279 4546//5279
f 4546//5280 4554//5280 4555//5280
f 4546//5281 4555//5281 4547//5281
f 4547//5282 4555//5282 4556//5282
f 4547//5283 4556//5283 4548//5283
f 4548//5284 4556//5284 4557//5284
f 4548//5285 4557//5285 4549//5285
f 4549//5286 4557//5286 4558//5286
f 4549//5287 4558//5287 4476//5287
f 4476//5288 4558//5288 4475//5288
f 4476//5289 4475//5289 4464//5289
f 4464//5290 4475//5290 4461//5290
f 4497//5291 4492//5291 4495//5291
f 4495//5292 4492//5292 4491//5292
f 4495//5293 4491//5293 4550//5293
f 4550//5294 4491//5294 4559//5294
f 4550//5295 4559//5295 4551//5295
f 4551//5296 4559//5296 4560//5296
f 4551//5297 4560//5297 4552//5297
f 4552//5298 4560//5298 4561//5298
f 4552//5299 4561//5299 4553//5299
f 4553//5300 4561//5300 4562//5300
f 4553//5301 4562//5301 4554//5301
f 4554//5302 4562//5302 4563//5302
f 4554//5303 4563//5303 4555//5303
f 4555//5304 4563//5304 4564//5304
f 4555//5305 4564//5305 4556//5305
f 4556//5306 4564//5306 4565//5306
f 4556//5307 4565//5307 4557//5307
f 4557//5308 4565//5308 4566//5308
f 4557//5309 4566//5309 4558//5309
f 4558//5310 4566//5310 4567//5310
f 4558//5311 4567//5311 4475//5311
f 4475//5312 4567//5312 4482//5312
f 4475//5313 4482//5313 4462//5313
f 4462//5314 4482//5314 4463//5314
f 4490//5315 4488//5315 4491//5315
f 4491//5316 4488//5316 4487//5316
f 4491//5317 4487//5317 4559//5317
f 4559//5318 4487//5318 4568//5318
f 4559//5319 4568//5319 4560//5319
f 4560//5320 4568//5320 4569//5320
f 4560//5321 4569//5321 4561//5321
f 4561//5322 4569//5322 4570//5322
f 4561//5323 4570//5323 4562//5323
f 4562//5324 4570//5324 4571//5324
f 4562//5325 4571//5325 4563//5325
f 4563//5326 4571//5326 4572//5326
f 4563//5327 4572//5327 4564//5327
f 4564//5328 4572//5328 4573//5328
f 4564//5329 4573//5329 4565//5329
f 4565//5330 4573//5330 4574//5330
f 4565//5331 4574//5331 4566//5331
f 4566//5332 4574//5332 4575//5332
f 4566//5333 4575//5333 4567//5333
f 4567//5334 4575//5334 4576//5334
f 4567//5335 4576//5335 4482//5335
f 4482//5336 4576//5336 4474//5336
f 4482//5337 4474//5337 4458//5337
f 4458//5338 4474//5338 4459//5338
f 4486//5339 4484//5339 4487//5339
f 4487//5340 4484//5340 4472//5340
f 4487//5341 4472//5341 4568//5341
f 4568//5342 4472//5342 4577//5342
f 4568//5343 4577//5343 4569//5343
f 4569//5344 4577//5344 4578//5344
f 4569//5345 4578//5345 4570//5345
f 4570//5346 4578//5346 4579//5346
f 4570//5347 4579//5347 4571//5347
f 4571//5348 4579//5348 4580//5348
f 4571//5349 4580//5349 4572//5349
f 4572//5350 4580//5350 4581//5350
f 4572//5351 4581//5351 4573//5351
f 4573//5352 4581//5352 4582//5352
f 4573//5353 4582//5353 4574//5353
f 4574//5354 4582//5354 4583//5354
f 4574//5355 4583//5355 4575//5355
f 4575//5356 4583//5356 4584//5356
f 4575//5357 4584//5357 4576//5357
f 4576//5358 4584//5358 4585//5358
f 4576//5359 4585//5359 4474//5359
f 4474//5360 4585//5360 4483//5360
f 4474//5361 4483//5361 4460//5361
f 4460//5362 4483//5362 4454//5362
f 29//5363 4483//5363 32//5363
f 32//5364 4483//5364 4585//5364
f 32//5365 4585//5365 49//5365
f 49//5366 4585//5366 4584//5366
f 49//5367 4584//5367 51//5367
f 51//5368 4584//5368 4583//5368
f 51//5369 4583//5369 48//5369
f 48//5370 4583//5370 4582//5370
f 48//5371 4582//5371 44//5371
f 44//5372 4582//5372 4581//5372
f 44//5373 4581//5373 45//5373
f 45//5374 4581//5374 4580//5374
f 45//5375 4580//5375 41//5375
f 41//5376 4580//5376 4579//5376
f 41//5377 4579//5377 42//5377
f 42//5378 4579//5378 4578//5378
f 42//5379 4578//5379 40//5379
f 40//5380 4578//5380 4577//5380
f 40//5381 4577//5381 34//5381
f 34//5382 4577//5382 4472//5382
f 34//5383 4472//5383 35//5383
f 35//5384 4472//5384 4471//5384
f 35//5385 4471//5385 4473//5385
f 4448//5386 4453//5386 4586//5386
f 4452//5387 54//5387 380//5387
f 4587//5388 4588//5388 4589//5388
f 4590//5389 4591//5389 4592//5389
f 4593//5390 4594//5390 4595//5390
f 1499//5391 1498//5391 4596//5391
f 1497//5392 1496//5392 4597//5392
f 1806//5393 1805//5393 4598//5393
f 1793//5394 1794//5394 1808//5394
f 1495//5395 1493//5395 4599//5395
f 4599//5396 1493//5396 1492//5396
f 4600//5397 4601//5397 4602//5397
f 4602//5398 4601//5398 4603//5398
f 4604//5399 4605//5399 4606//5399
f 4606//5400 4605//5400 4607//5400
f 4587//5401 66//5401 4608//5401
f 4608//5402 66//5402 68//5402
f 4448//5403 4586//5403 4450//5403
f 4457//5404 4451//5404 4609//5404
f 4441//5405 4440//5405 4610//5405
f 4445//5406 4443//5406 4611//5406
f 4439//5407 4437//5407 4612//5407
f 1492//5408 1796//5408 4599//5408
f 4599//5409 1796//5409 1795//5409
f 4599//5410 1795//5410 4613//5410
f 4613//5411 1795//5411 1791//5411
f 4613//5412 1791//5412 4614//5412
f 4614//5413 1791//5413 1790//5413
f 4614//5414 1790//5414 4615//5414
f 4615//5415 1790//5415 1789//5415
f 4615//5416 1789//5416 4616//5416
f 4616//5417 1789//5417 1799//5417
f 4616//5418 1799//5418 4617//5418
f 4617//5419 1799//5419 1798//5419
f 4617//5420 1798//5420 4618//5420
f 4618//5421 1798//5421 1797//5421
f 4618//5422 1797//5422 4619//5422
f 4619//5423 1797//5423 1792//5423
f 4619//5424 1792//5424 4620//5424
f 4620//5425 1792//5425 1793//5425
f 4620//5426 1793//5426 4621//5426
f 4621//5427 1793//5427 1808//5427
f 1808//5428 1807//5428 4621//5428
f 4621//5429 1807//5429 4622//5429
f 4621//5430 4622//5430 4620//5430
f 4620//5431 4622//5431 4623//5431
f 4620//5432 4623//5432 4619//5432
f 4619//5433 4623//5433 4624//5433
f 4619//5434 4624//5434 4618//5434
f 4618//5435 4624//5435 4625//5435
f 4618//5436 4625//5436 4617//5436
f 4617//5437 4625//5437 4626//5437
f 4617//5438 4626//5438 4616//5438
f 4616//5439 4626//5439 4627//5439
f 4616//5440 4627//5440 4615//5440
f 4615//5441 4627//5441 4628//5441
f 4615//5442 4628//5442 4614//5442
f 4614//5443 4628//5443 4629//5443
f 4614//5444 4629//5444 4613//5444
f 4613//5445 4629//5445 4630//5445
f 4613//5446 4630//5446 4599//5446
f 4599//5446 4630//5446 4597//5446
f 4599//5447 4597//5447 1495//5447
f 1495//5448 4597//5448 1496//5448
f 1807//5449 1806//5449 4622//5449
f 4622//5450 1806//5450 4598//5450
f 4622//5451 4598//5451 4623//5451
f 4623//5452 4598//5452 4631//5452
f 4623//5453 4631//5453 4624//5453
f 4624//5454 4631//5454 4632//5454
f 4624//5455 4632//5455 4625//5455
f 4625//5456 4632//5456 4633//5456
f 4625//5457 4633//5457 4626//5457
f 4626//5458 4633//5458 4634//5458
f 4626//5459 4634//5459 4627//5459
f 4627//5460 4634//5460 4635//5460
f 4627//5461 4635//5461 4628//5461
f 4628//5462 4635//5462 4636//5462
f 4628//5463 4636//5463 4629//5463
f 4629//5464 4636//5464 4637//5464
f 4629//5465 4637//5465 4630//5465
f 4630//5466 4637//5466 4638//5466
f 4630//5467 4638//5467 4597//5467
f 4597//5468 4638//5468 4596//5468
f 4597//5469 4596//5469 1497//5469
f 1497//5470 4596//5470 1498//5470
f 1805//5471 4439//5471 4598//5471
f 4598//5472 4439//5472 4612//5472
f 4598//5473 4612//5473 4631//5473
f 4631//5474 4612//5474 4639//5474
f 4631//5475 4639//5475 4632//5475
f 4632//5476 4639//5476 4640//5476
f 4632//5477 4640//5477 4633//5477
f 4633//5478 4640//5478 4641//5478
f 4633//5479 4641//5479 4634//5479
f 4634//5480 4641//5480 4642//5480
f 4634//5481 4642//5481 4635//5481
f 4635//5481 4642//5481 4643//5481
f 4635//5482 4643//5482 4636//5482
f 4636//5483 4643//5483 4644//5483
f 4636//5484 4644//5484 4637//5484
f 4637//5485 4644//5485 4645//5485
f 4637//5486 4645//5486 4638//5486
f 4638//5487 4645//5487 4646//5487
f 4638//5488 4646//5488 4596//5488
f 4596//5489 4646//5489 4647//5489
f 4596//5490 4647//5490 1499//5490
f 1499//5491 4647//5491 4648//5491
f 1499//5492 4648//5492 4649//5492
f 4612//5493 4650//5493 4639//5493
f 4639//5494 4650//5494 4651//5494
f 4639//5495 4651//5495 4640//5495
f 4640//5496 4651//5496 4652//5496
f 4640//5497 4652//5497 4641//5497
f 4641//5498 4652//5498 4653//5498
f 4641//5499 4653//5499 4642//5499
f 4642//5499 4653//5499 4654//5499
f 4642//5500 4654//5500 4643//5500
f 4643//5501 4654//5501 4655//5501
f 4643//5502 4655//5502 4644//5502
f 4644//5503 4655//5503 4656//5503
f 4644//5504 4656//5504 4645//5504
f 4645//5505 4656//5505 4657//5505
f 4645//5506 4657//5506 4646//5506
f 4646//5506 4657//5506 4658//5506
f 4646//5507 4658//5507 4647//5507
f 4647//5508 4658//5508 4659//5508
f 4647//5509 4659//5509 4648//5509
f 4648//5510 4659//5510 4595//5510
f 4648//5511 4595//5511 4649//5511
f 4649//5512 4595//5512 4594//5512
f 4437//5513 4446//5513 4612//5513
f 4612//5514 4446//5514 4445//5514
f 4612//5515 4445//5515 4650//5515
f 4650//5516 4445//5516 4611//5516
f 4650//5517 4611//5517 4651//5517
f 4651//5518 4611//5518 4660//5518
f 4651//5519 4660//5519 4652//5519
f 4652//5520 4660//5520 4661//5520
f 4652//5521 4661//5521 4653//5521
f 4653//5522 4661//5522 4662//5522
f 4653//5523 4662//5523 4654//5523
f 4654//5524 4662//5524 4663//5524
f 4654//5525 4663//5525 4655//5525
f 4655//5526 4663//5526 4664//5526
f 4655//5527 4664//5527 4656//5527
f 4656//5528 4664//5528 4665//5528
f 4656//5529 4665//5529 4657//5529
f 4657//5530 4665//5530 4666//5530
f 4657//5531 4666//5531 4658//5531
f 4658//5532 4666//5532 4667//5532
f 4658//5533 4667//5533 4659//5533
f 4659//5534 4667//5534 4668//5534
f 4659//5535 4668//5535 4595//5535
f 4595//5536 4668//5536 4602//5536
f 4595//5537 4602//5537 4593//5537
f 4593//5538 4602//5538 4603//5538
f 4443//5539 4441//5539 4611//5539
f 4611//5540 4441//5540 4610//5540
f 4611//5541 4610//5541 4660//5541
f 4660//5542 4610//5542 4669//5542
f 4660//5543 4669//5543 4661//5543
f 4661//5544 4669//5544 4670//5544
f 4661//5545 4670//5545 4662//5545
f 4662//5546 4670//5546 4671//5546
f 4662//5547 4671//5547 4663//5547
f 4663//5548 4671//5548 4672//5548
f 4663//5549 4672//5549 4664//5549
f 4664//5550 4672//5550 4673//5550
f 4664//5551 4673//5551 4665//5551
f 4665//5552 4673//5552 4674//5552
f 4665//5553 4674//5553 4666//5553
f 4666//5554 4674//5554 4675//5554
f 4666//5555 4675//5555 4667//5555
f 4667//5556 4675//5556 4676//5556
f 4667//5557 4676//5557 4668//5557
f 4668//5558 4676//5558 4677//5558
f 4668//5559 4677//5559 4602//5559
f 4602//5560 4677//5560 4606//5560
f 4602//5561 4606//5561 4600//5561
f 4600//5562 4606//5562 4607//5562
f 4440//5563 4457//5563 4610//5563
f 4610//5564 4457//5564 4609//5564
f 4610//5565 4609//5565 4669//5565
f 4669//5566 4609//5566 4678//5566
f 4669//5567 4678//5567 4670//5567
f 4670//5568 4678//5568 4679//5568
f 4670//5569 4679//5569 4671//5569
f 4671//5570 4679//5570 4680//5570
f 4671//5571 4680//5571 4672//5571
f 4672//5572 4680//5572 4681//5572
f 4672//5573 4681//5573 4673//5573
f 4673//5574 4681//5574 4682//5574
f 4673//5575 4682//5575 4674//5575
f 4674//5576 4682//5576 4683//5576
f 4674//5577 4683//5577 4675//5577
f 4675//5578 4683//5578 4684//5578
f 4675//5579 4684//5579 4676//5579
f 4676//5580 4684//5580 4685//5580
f 4676//5581 4685//5581 4677//5581
f 4677//5582 4685//5582 4686//5582
f 4677//5583 4686//5583 4606//5583
f 4606//5584 4686//5584 4592//5584
f 4606//5585 4592//5585 4604//5585
f 4604//5586 4592//5586 4591//5586
f 4451//5587 4450//5587 4609//5587
f 4609//5588 4450//5588 4586//5588
f 4609//5589 4586//5589 4678//5589
f 4678//5590 4586//5590 4687//5590
f 4678//5591 4687//5591 4679//5591
f 4679//5592 4687//5592 4688//5592
f 4679//5593 4688//5593 4680//5593
f 4680//5594 4688//5594 4689//5594
f 4680//5595 4689//5595 4681//5595
f 4681//5596 4689//5596 4690//5596
f 4681//5597 4690//5597 4682//5597
f 4682//5598 4690//5598 4691//5598
f 4682//5599 4691//5599 4683//5599
f 4683//5600 4691//5600 4692//5600
f 4683//5601 4692//5601 4684//5601
f 4684//5602 4692//5602 4693//5602
f 4684//5603 4693//5603 4685//5603
f 4685//5604 4693//5604 4694//5604
f 4685//5605 4694//5605 4686//5605
f 4686//5606 4694//5606 4695//5606
f 4686//5607 4695//5607 4592//5607
f 4592//5608 4695//5608 4589//5608
f 4592//5609 4589//5609 4590//5609
f 4590//5610 4589//5610 4588//5610
f 4587//5611 4589//5611 66//5611
f 66//5612 4589//5612 4695//5612
f 66//5613 4695//5613 67//5613
f 67//5614 4695//5614 4694//5614
f 67//5615 4694//5615 63//5615
f 63//5616 4694//5616 4693//5616
f 63//5617 4693//5617 64//5617
f 64//5618 4693//5618 4692//5618
f 64//5619 4692//5619 660//5619
f 660//5620 4692//5620 4691//5620
f 660//5621 4691//5621 60//5621
f 60//5622 4691//5622 4690//5622
f 60//5623 4690//5623 61//5623
f 61//5624 4690//5624 4689//5624
f 61//5625 4689//5625 57//5625
f 57//5626 4689//5626 4688//5626
f 57//5627 4688//5627 58//5627
f 58//5628 4688//5628 4687//5628
f 58//5629 4687//5629 455//5629
f 455//5630 4687//5630 4586//5630
f 455//5631 4586//5631 380//5631
f 380//5632 4586//5632 4453//5632
f 380//5633 4453//5633 4452//5633
f 4696//5634 76//5634 75//5634
f 4697//5635 4698//5635 4699//5635
f 4501//5636 1500//5636 1502//5636
f 4649//5637 4700//5637 1499//5637
f 4601//5638 4600//5638 4701//5638
f 4588//5639 4587//5639 70//5639
f 70//5640 4587//5640 4608//5640
f 70//5641 4608//5641 68//5641
f 4591//5642 4590//5642 4702//5642
f 4702//5643 4590//5643 4588//5643
f 4702//5644 4588//5644 4703//5644
f 4703//5645 4588//5645 70//5645
f 4703//5646 70//5646 72//5646
f 4701//5647 4600//5647 4704//5647
f 4600//5648 4607//5648 4704//5648
f 4704//5649 4607//5649 4605//5649
f 4704//5650 4605//5650 4702//5650
f 4702//5651 4605//5651 4604//5651
f 4702//5652 4604//5652 4591//5652
f 4700//5653 4649//5653 4705//5653
f 4649//5654 4594//5654 4705//5654
f 4705//5655 4594//5655 4593//5655
f 4705//5656 4593//5656 4701//5656
f 4701//5657 4593//5657 4603//5657
f 4701//5658 4603//5658 4601//5658
f 4706//5659 1494//5659 1499//5659
f 4499//5660 4697//5660 4493//5660
f 4493//5661 4697//5661 4707//5661
f 4708//5662 4489//5662 4492//5662
f 4492//5663 4497//5663 4708//5663
f 4708//5664 4497//5664 4496//5664
f 4708//5665 4496//5665 4707//5665
f 4707//5666 4496//5666 4494//5666
f 4707//5667 4494//5667 4493//5667
f 4489//5668 4708//5668 4490//5668
f 4490//5669 4708//5669 4709//5669
f 4490//5670 4709//5670 4488//5670
f 4710//5671 4486//5671 4709//5671
f 4709//5672 4486//5672 4485//5672
f 4709//5673 4485//5673 4488//5673
f 4711//5674 4470//5674 4710//5674
f 4710//5675 4470//5675 4484//5675
f 4710//5676 4484//5676 4486//5676
f 37//5677 4473//5677 4711//5677
f 4711//5678 4473//5678 4471//5678
f 4711//5679 4471//5679 4470//5679
f 4697//5680 4699//5680 4707//5680
f 4707//5681 4699//5681 4712//5681
f 4707//5682 4712//5682 4708//5682
f 4708//5683 4712//5683 4713//5683
f 4708//5684 4713//5684 4709//5684
f 4709//5685 4713//5685 4714//5685
f 4709//5686 4714//5686 4710//5686
f 4710//5687 4714//5687 4696//5687
f 4710//5688 4696//5688 4711//5688
f 4711//5689 4696//5689 75//5689
f 4711//5690 75//5690 37//5690
f 4499//5691 4498//5691 4697//5691
f 4697//5692 4498//5692 4501//5692
f 4697//5693 4501//5693 4698//5693
f 4698//5694 4501//5694 1502//5694
f 4698//5695 1502//5695 1509//5695
f 76//5696 4696//5696 4715//5696
f 4715//5697 4696//5697 4714//5697
f 4715//5698 4714//5698 4716//5698
f 4716//5699 4714//5699 4713//5699
f 4716//5700 4713//5700 4717//5700
f 4717//5701 4713//5701 4712//5701
f 4717//5702 4712//5702 4718//5702
f 4718//5703 4712//5703 4699//5703
f 4718//5704 4699//5704 4719//5704
f 4719//5705 4699//5705 4698//5705
f 4719//5706 4698//5706 4720//5706
f 4720//5707 4698//5707 1509//5707
f 4720//5708 1509//5708 1494//5708
f 1494//5709 4706//5709 4720//5709
f 4720//5710 4706//5710 4721//5710
f 4720//5711 4721//5711 4719//5711
f 4719//5712 4721//5712 4722//5712
f 4719//5713 4722//5713 4718//5713
f 4718//5714 4722//5714 4723//5714
f 4718//5715 4723//5715 4717//5715
f 4717//5716 4723//5716 4724//5716
f 4717//5717 4724//5717 4716//5717
f 4716//5718 4724//5718 4725//5718
f 4716//5719 4725//5719 4715//5719
f 4715//5720 4725//5720 73//5720
f 4715//5721 73//5721 76//5721
f 1499//5722 4700//5722 4706//5722
f 4706//5723 4700//5723 4705//5723
f 4706//5723 4705//5723 4721//5723
f 4721//5724 4705//5724 4701//5724
f 4721//5725 4701//5725 4722//5725
f 4722//5726 4701//5726 4704//5726
f 4722//5726 4704//5726 4723//5726
f 4723//5727 4704//5727 4702//5727
f 4723//5728 4702//5728 4724//5728
f 4724//5729 4702//5729 4703//5729
f 4724//5730 4703//5730 4725//5730
f 4725//5731 4703//5731 72//5731
f 4725//5732 72//5732 73//5732
f 4726//5733 4727//5733 4728//5733
f 4729//5734 21//5734 95//5734
f 4728//5735 4730//5735 4731//5735
f 4731//5736 4730//5736 4732//5736
f 4731//5737 4732//5737 2030//5737
f 4733//5738 4734//5738 4735//5738
f 4735//5739 4734//5739 4736//5739
f 4735//5740 4736//5740 4737//5740
f 4737//5741 4736//5741 4738//5741
f 4737//5742 4738//5742 4728//5742
f 4728//5743 4738//5743 4739//5743
f 4728//5744 4739//5744 4730//5744
f 4740//5745 4741//5745 4742//5745
f 4742//5746 4741//5746 4743//5746
f 4742//5747 4743//5747 4744//5747
f 94//5748 4745//5748 4740//5748
f 4740//5749 4745//5749 4746//5749
f 4740//5750 4746//5750 4741//5750
f 94//5751 4740//5751 95//5751
f 95//5752 4740//5752 4747//5752
f 95//5753 4747//5753 4729//5753
f 4748//5754 4742//5754 4749//5754
f 4749//5755 4742//5755 4744//5755
f 4749//5756 4744//5756 4750//5756
f 4748//5757 4751//5757 4742//5757
f 4742//5758 4751//5758 4752//5758
f 4742//5759 4752//5759 4740//5759
f 4740//5760 4752//5760 4753//5760
f 4740//5761 4753//5761 4747//5761
f 4754//5762 4755//5762 4749//5762
f 4749//5763 4755//5763 4756//5763
f 4749//5764 4756//5764 4748//5764
f 4750//5765 4733//5765 4749//5765
f 4749//5766 4733//5766 4735//5766
f 4749//5767 4735//5767 4754//5767
f 4754//5768 4735//5768 4737//5768
f 4754//5769 4737//5769 4757//5769
f 4728//5770 4727//5770 4737//5770
f 4737//5771 4727//5771 4758//5771
f 4737//5772 4758//5772 4757//5772
f 2030//5773 2026//5773 4731//5773
f 4731//5774 2026//5774 2025//5774
f 4731//5775 2025//5775 4759//5775
f 4759//5776 4760//5776 4731//5776
f 4731//5777 4760//5777 4761//5777
f 4731//5778 4761//5778 4728//5778
f 4728//5779 4761//5779 4762//5779
f 4728//5780 4762//5780 4726//5780
f 4763//5781 4764//5781 4765//5781
f 4766//5782 77//5782 27//5782
f 4753//5783 4752//5783 4767//5783
f 4755//5784 4754//5784 4768//5784
f 4757//5785 4758//5785 4769//5785
f 4761//5786 4760//5786 4770//5786
f 2025//5787 2027//5787 4771//5787
f 2008//5788 4772//5788 2028//5788
f 4772//5789 2008//5789 4773//5789
f 2025//5790 4771//5790 4759//5790
f 4727//5791 4726//5791 4774//5791
f 4774//5792 4726//5792 4762//5792
f 4751//5793 4748//5793 4775//5793
f 4775//5794 4748//5794 4756//5794
f 4729//5795 4747//5795 4776//5795
f 4729//5796 4776//5796 21//5796
f 4763//5797 4765//5797 4777//5797
f 4778//5798 4779//5798 4780//5798
f 4778//5799 4780//5799 4781//5799
f 4782//5800 4783//5800 4784//5800
f 4782//5801 4784//5801 4785//5801
f 4786//5802 4787//5802 4788//5802
f 4788//5803 4787//5803 4789//5803
f 4788//5804 4789//5804 4790//5804
f 4791//5805 4792//5805 4793//5805
f 1980//5806 4794//5806 4795//5806
f 1980//5807 4795//5807 1981//5807
f 2001//5808 1985//5808 1984//5808
f 2008//5809 2007//5809 4773//5809
f 4773//5810 2007//5810 2006//5810
f 4773//5811 2006//5811 4796//5811
f 4796//5812 2006//5812 2005//5812
f 4796//5813 2005//5813 4797//5813
f 4797//5814 2005//5814 2011//5814
f 4797//5815 2011//5815 4798//5815
f 4798//5816 2011//5816 2010//5816
f 4798//5816 2010//5816 4799//5816
f 4799//5817 2010//5817 2009//5817
f 4799//5818 2009//5818 4800//5818
f 4800//5819 2009//5819 2004//5819
f 4800//5819 2004//5819 4801//5819
f 4801//5820 2004//5820 2003//5820
f 4801//5821 2003//5821 4802//5821
f 4802//5822 2003//5822 2002//5822
f 4802//5823 2002//5823 4803//5823
f 4803//5824 2002//5824 2001//5824
f 4803//5825 2001//5825 4804//5825
f 4804//5826 2001//5826 1984//5826
f 1984//5827 1983//5827 4804//5827
f 4804//5828 1983//5828 4805//5828
f 4804//5829 4805//5829 4803//5829
f 4803//5830 4805//5830 4806//5830
f 4803//5831 4806//5831 4802//5831
f 4802//5832 4806//5832 4807//5832
f 4802//5833 4807//5833 4801//5833
f 4801//5834 4807//5834 4808//5834
f 4801//5835 4808//5835 4800//5835
f 4800//5836 4808//5836 4809//5836
f 4800//5837 4809//5837 4799//5837
f 4799//5838 4809//5838 4810//5838
f 4799//5839 4810//5839 4798//5839
f 4798//5840 4810//5840 4811//5840
f 4798//5841 4811//5841 4797//5841
f 4797//5842 4811//5842 4812//5842
f 4797//5843 4812//5843 4796//5843
f 4796//5843 4812//5843 4813//5843
f 4796//5844 4813//5844 4773//5844
f 4773//5844 4813//5844 4814//5844
f 4773//5845 4814//5845 4772//5845
f 4772//5846 4814//5846 4771//5846
f 4772//5847 4771//5847 2028//5847
f 2028//5848 4771//5848 2027//5848
f 1983//5849 1982//5849 4805//5849
f 4805//5850 1982//5850 4815//5850
f 4805//5851 4815//5851 4806//5851
f 4806//5852 4815//5852 4816//5852
f 4806//5853 4816//5853 4807//5853
f 4807//5854 4816//5854 4817//5854
f 4807//5855 4817//5855 4808//5855
f 4808//5856 4817//5856 4818//5856
f 4808//5857 4818//5857 4809//5857
f 4809//5858 4818//5858 4819//5858
f 4809//5859 4819//5859 4810//5859
f 4810//5860 4819//5860 4820//5860
f 4810//5861 4820//5861 4811//5861
f 4811//5862 4820//5862 4821//5862
f 4811//5863 4821//5863 4812//5863
f 4812//5864 4821//5864 4822//5864
f 4812//5865 4822//5865 4813//5865
f 4813//5866 4822//5866 4823//5866
f 4813//5867 4823//5867 4814//5867
f 4814//5868 4823//5868 4824//5868
f 4814//5869 4824//5869 4771//5869
f 4771//5870 4824//5870 4770//5870
f 4771//5871 4770//5871 4759//5871
f 4759//5872 4770//5872 4760//5872
f 1982//5873 1981//5873 4815//5873
f 4815//5874 1981//5874 4795//5874
f 4815//5875 4795//5875 4816//5875
f 4816//5876 4795//5876 4825//5876
f 4816//5877 4825//5877 4817//5877
f 4817//5878 4825//5878 4826//5878
f 4817//5879 4826//5879 4818//5879
f 4818//5880 4826//5880 4827//5880
f 4818//5881 4827//5881 4819//5881
f 4819//5882 4827//5882 4828//5882
f 4819//5883 4828//5883 4820//5883
f 4820//5884 4828//5884 4829//5884
f 4820//5885 4829//5885 4821//5885
f 4821//5886 4829//5886 4830//5886
f 4821//5887 4830//5887 4822//5887
f 4822//5888 4830//5888 4831//5888
f 4822//5889 4831//5889 4823//5889
f 4823//5890 4831//5890 4832//5890
f 4823//5891 4832//5891 4824//5891
f 4824//5892 4832//5892 4833//5892
f 4824//5893 4833//5893 4770//5893
f 4770//5894 4833//5894 4774//5894
f 4770//5895 4774//5895 4761//5895
f 4761//5896 4774//5896 4762//5896
f 4794//5897 4791//5897 4795//5897
f 4795//5898 4791//5898 4793//5898
f 4795//5899 4793//5899 4825//5899
f 4825//5900 4793//5900 4834//5900
f 4825//5901 4834//5901 4826//5901
f 4826//5902 4834//5902 4835//5902
f 4826//5903 4835//5903 4827//5903
f 4827//5904 4835//5904 4836//5904
f 4827//5905 4836//5905 4828//5905
f 4828//5906 4836//5906 4837//5906
f 4828//5907 4837//5907 4829//5907
f 4829//5908 4837//5908 4838//5908
f 4829//5909 4838//5909 4830//5909
f 4830//5910 4838//5910 4839//5910
f 4830//5911 4839//5911 4831//5911
f 4831//5912 4839//5912 4840//5912
f 4831//5913 4840//5913 4832//5913
f 4832//5914 4840//5914 4841//5914
f 4832//5915 4841//5915 4833//5915
f 4833//5916 4841//5916 4842//5916
f 4833//5917 4842//5917 4774//5917
f 4774//5918 4842//5918 4769//5918
f 4774//5919 4769//5919 4727//5919
f 4727//5920 4769//5920 4758//5920
f 4792//5921 4786//5921 4793//5921
f 4793//5922 4786//5922 4788//5922
f 4793//5923 4788//5923 4834//5923
f 4834//5924 4788//5924 4843//5924
f 4834//5925 4843//5925 4835//5925
f 4835//5926 4843//5926 4844//5926
f 4835//5927 4844//5927 4836//5927
f 4836//5928 4844//5928 4845//5928
f 4836//5929 4845//5929 4837//5929
f 4837//5930 4845//5930 4846//5930
f 4837//5931 4846//5931 4838//5931
f 4838//5931 4846//5931 4847//5931
f 4838//5932 4847//5932 4839//5932
f 4839//5933 4847//5933 4848//5933
f 4839//5934 4848//5934 4840//5934
f 4840//5935 4848//5935 4849//5935
f 4840//5936 4849//5936 4841//5936
f 4841//5937 4849//5937 4850//5937
f 4841//5938 4850//5938 4842//5938
f 4842//5939 4850//5939 4851//5939
f 4842//5940 4851//5940 4769//5940
f 4769//5941 4851//5941 4768//5941
f 4769//5942 4768//5942 4757//5942
f 4757//5943 4768//5943 4754//5943
f 4790//5944 4785//5944 4788//5944
f 4788//5945 4785//5945 4784//5945
f 4788//5946 4784//5946 4843//5946
f 4843//5947 4784//5947 4852//5947
f 4843//5948 4852//5948 4844//5948
f 4844//5949 4852//5949 4853//5949
f 4844//5950 4853//5950 4845//5950
f 4845//5951 4853//5951 4854//5951
f 4845//5952 4854//5952 4846//5952
f 4846//5953 4854//5953 4855//5953
f 4846//5954 4855//5954 4847//5954
f 4847//5955 4855//5955 4856//5955
f 4847//5956 4856//5956 4848//5956
f 4848//5957 4856//5957 4857//5957
f 4848//5958 4857//5958 4849//5958
f 4849//5959 4857//5959 4858//5959
f 4849//5960 4858//5960 4850//5960
f 4850//5961 4858//5961 4859//5961
f 4850//5962 4859//5962 4851//5962
f 4851//5963 4859//5963 4860//5963
f 4851//5964 4860//5964 4768//5964
f 4768//5965 4860//5965 4775//5965
f 4768//5966 4775//5966 4755//5966
f 4755//5967 4775//5967 4756//5967
f 4783//5968 4781//5968 4784//5968
f 4784//5969 4781//5969 4780//5969
f 4784//5970 4780//5970 4852//5970
f 4852//5971 4780//5971 4861//5971
f 4852//5972 4861//5972 4853//5972
f 4853//5973 4861//5973 4862//5973
f 4853//5974 4862//5974 4854//5974
f 4854//5975 4862//5975 4863//5975
f 4854//5976 4863//5976 4855//5976
f 4855//5977 4863//5977 4864//5977
f 4855//5978 4864//5978 4856//5978
f 4856//5979 4864//5979 4865//5979
f 4856//5980 4865//5980 4857//5980
f 4857//5980 4865//5980 4866//5980
f 4857//5981 4866//5981 4858//5981
f 4858//5982 4866//5982 4867//5982
f 4858//5983 4867//5983 4859//5983
f 4859//5984 4867//5984 4868//5984
f 4859//5985 4868//5985 4860//5985
f 4860//5986 4868//5986 4869//5986
f 4860//5987 4869//5987 4775//5987
f 4775//5988 4869//5988 4767//5988
f 4775//5989 4767//5989 4751//5989
f 4751//5990 4767//5990 4752//5990
f 4779//5991 4777//5991 4780//5991
f 4780//5992 4777//5992 4765//5992
f 4780//5993 4765//5993 4861//5993
f 4861//5994 4765//5994 4870//5994
f 4861//5995 4870//5995 4862//5995
f 4862//5996 4870//5996 4871//5996
f 4862//5997 4871//5997 4863//5997
f 4863//5998 4871//5998 4872//5998
f 4863//5999 4872//5999 4864//5999
f 4864//6000 4872//6000 4873//6000
f 4864//6001 4873//6001 4865//6001
f 4865//6002 4873//6002 4874//6002
f 4865//6003 4874//6003 4866//6003
f 4866//6004 4874//6004 4875//6004
f 4866//6005 4875//6005 4867//6005
f 4867//6006 4875//6006 4876//6006
f 4867//6007 4876//6007 4868//6007
f 4868//6008 4876//6008 4877//6008
f 4868//6009 4877//6009 4869//6009
f 4869//6010 4877//6010 4878//6010
f 4869//6011 4878//6011 4767//6011
f 4767//6012 4878//6012 4776//6012
f 4767//6013 4776//6013 4753//6013
f 4753//6014 4776//6014 4747//6014
f 21//6015 4776//6015 24//6015
f 24//6016 4776//6016 4878//6016
f 24//6017 4878//6017 89//6017
f 89//6018 4878//6018 4877//6018
f 89//6019 4877//6019 91//6019
f 91//6020 4877//6020 4876//6020
f 91//6021 4876//6021 88//6021
f 88//6022 4876//6022 4875//6022
f 88//6023 4875//6023 84//6023
f 84//6024 4875//6024 4874//6024
f 84//6025 4874//6025 85//6025
f 85//6026 4874//6026 4873//6026
f 85//6027 4873//6027 81//6027
f 81//6028 4873//6028 4872//6028
f 81//6029 4872//6029 82//6029
f 82//6030 4872//6030 4871//6030
f 82//6031 4871//6031 80//6031
f 80//6032 4871//6032 4870//6032
f 80//6033 4870//6033 26//6033
f 26//6034 4870//6034 4765//6034
f 26//6035 4765//6035 27//6035
f 27//6036 4765//6036 4764//6036
f 27//6037 4764//6037 4766//6037
f 4741//6038 4746//6038 4879//6038
f 4745//6039 94//6039 268//6039
f 4880//6040 4881//6040 4882//6040
f 4883//6041 4884//6041 4885//6041
f 4886//6042 4887//6042 4888//6042
f 1978//6043 1977//6043 4889//6043
f 1976//6044 1975//6044 4890//6044
f 2031//6045 2030//6045 4891//6045
f 2018//6046 2019//6046 2033//6046
f 1974//6047 1972//6047 4892//6047
f 4892//6048 1972//6048 1971//6048
f 4893//6049 4894//6049 4895//6049
f 4895//6050 4894//6050 4896//6050
f 4897//6051 4898//6051 4899//6051
f 4899//6052 4898//6052 4900//6052
f 4880//6053 106//6053 4901//6053
f 4901//6054 106//6054 108//6054
f 4741//6055 4879//6055 4743//6055
f 4750//6056 4744//6056 4902//6056
f 4734//6057 4733//6057 4903//6057
f 4738//6058 4736//6058 4904//6058
f 4732//6059 4730//6059 4905//6059
f 1971//6060 2021//6060 4892//6060
f 4892//6061 2021//6061 2020//6061
f 4892//6062 2020//6062 4906//6062
f 4906//6063 2020//6063 2016//6063
f 4906//6063 2016//6063 4907//6063
f 4907//6064 2016//6064 2015//6064
f 4907//6065 2015//6065 4908//6065
f 4908//6066 2015//6066 2014//6066
f 4908//6067 2014//6067 4909//6067
f 4909//6068 2014//6068 2024//6068
f 4909//6069 2024//6069 4910//6069
f 4910//6070 2024//6070 2023//6070
f 4910//6071 2023//6071 4911//6071
f 4911//6072 2023//6072 2022//6072
f 4911//6073 2022//6073 4912//6073
f 4912//6074 2022//6074 2017//6074
f 4912//6075 2017//6075 4913//6075
f 4913//6076 2017//6076 2018//6076
f 4913//6077 2018//6077 4914//6077
f 4914//6078 2018//6078 2033//6078
f 2033//6079 2032//6079 4914//6079
f 4914//6080 2032//6080 4915//6080
f 4914//6081 4915//6081 4913//6081
f 4913//6082 4915//6082 4916//6082
f 4913//6083 4916//6083 4912//6083
f 4912//6084 4916//6084 4917//6084
f 4912//6085 4917//6085 4911//6085
f 4911//6086 4917//6086 4918//6086
f 4911//6087 4918//6087 4910//6087
f 4910//6088 4918//6088 4919//6088
f 4910//6089 4919//6089 4909//6089
f 4909//6090 4919//6090 4920//6090
f 4909//6091 4920//6091 4908//6091
f 4908//6092 4920//6092 4921//6092
f 4908//6093 4921//6093 4907//6093
f 4907//6094 4921//6094 4922//6094
f 4907//6095 4922//6095 4906//6095
f 4906//6096 4922//6096 4923//6096
f 4906//6097 4923//6097 4892//6097
f 4892//6098 4923//6098 4890//6098
f 4892//6099 4890//6099 1974//6099
f 1974//6100 4890//6100 1975//6100
f 2032//6101 2031//6101 4915//6101
f 4915//6102 2031//6102 4891//6102
f 4915//6103 4891//6103 4916//6103
f 4916//6104 4891//6104 4924//6104
f 4916//6105 4924//6105 4917//6105
f 4917//6106 4924//6106 4925//6106
f 4917//6107 4925//6107 4918//6107
f 4918//6108 4925//6108 4926//6108
f 4918//6109 4926//6109 4919//6109
f 4919//6110 4926//6110 4927//6110
f 4919//6111 4927//6111 4920//6111
f 4920//6112 4927//6112 4928//6112
f 4920//6113 4928//6113 4921//6113
f 4921//6114 4928//6114 4929//6114
f 4921//6115 4929//6115 4922//6115
f 4922//6116 4929//6116 4930//6116
f 4922//6117 4930//6117 4923//6117
f 4923//6118 4930//6118 4931//6118
f 4923//6119 4931//6119 4890//6119
f 4890//6120 4931//6120 4889//6120
f 4890//6121 4889//6121 1976//6121
f 1976//6122 4889//6122 1977//6122
f 2030//6123 4732//6123 4891//6123
f 4891//6124 4732//6124 4905//6124
f 4891//6125 4905//6125 4924//6125
f 4924//6126 4905//6126 4932//6126
f 4924//6127 4932//6127 4925//6127
f 4925//6128 4932//6128 4933//6128
f 4925//6129 4933//6129 4926//6129
f 4926//6130 4933//6130 4934//6130
f 4926//6131 4934//6131 4927//6131
f 4927//6132 4934//6132 4935//6132
f 4927//6133 4935//6133 4928//6133
f 4928//6134 4935//6134 4936//6134
f 4928//6135 4936//6135 4929//6135
f 4929//6136 4936//6136 4937//6136
f 4929//6137 4937//6137 4930//6137
f 4930//6138 4937//6138 4938//6138
f 4930//6139 4938//6139 4931//6139
f 4931//6140 4938//6140 4939//6140
f 4931//6141 4939//6141 4889//6141
f 4889//6142 4939//6142 4940//6142
f 4889//6143 4940//6143 1978//6143
f 1978//6144 4940//6144 4941//6144
f 1978//6145 4941//6145 4942//6145
f 4905//6146 4943//6146 4932//6146
f 4932//6147 4943//6147 4944//6147
f 4932//6148 4944//6148 4933//6148
f 4933//6149 4944//6149 4945//6149
f 4933//6150 4945//6150 4934//6150
f 4934//6151 4945//6151 4946//6151
f 4934//6152 4946//6152 4935//6152
f 4935//6153 4946//6153 4947//6153
f 4935//6154 4947//6154 4936//6154
f 4936//6155 4947//6155 4948//6155
f 4936//6156 4948//6156 4937//6156
f 4937//6157 4948//6157 4949//6157
f 4937//6158 4949//6158 4938//6158
f 4938//6159 4949//6159 4950//6159
f 4938//6160 4950//6160 4939//6160
f 4939//6161 4950//6161 4951//6161
f 4939//6162 4951//6162 4940//6162
f 4940//6163 4951//6163 4952//6163
f 4940//6164 4952//6164 4941//6164
f 4941//6165 4952//6165 4888//6165
f 4941//6166 4888//6166 4942//6166
f 4942//6167 4888//6167 4887//6167
f 4730//6168 4739//6168 4905//6168
f 4905//6169 4739//6169 4738//6169
f 4905//6170 4738//6170 4943//6170
f 4943//6171 4738//6171 4904//6171
f 4943//6172 4904//6172 4944//6172
f 4944//6173 4904//6173 4953//6173
f 4944//6174 4953//6174 4945//6174
f 4945//6175 4953//6175 4954//6175
f 4945//6176 4954//6176 4946//6176
f 4946//6177 4954//6177 4955//6177
f 4946//6178 4955//6178 4947//6178
f 4947//6179 4955//6179 4956//6179
f 4947//6180 4956//6180 4948//6180
f 4948//6181 4956//6181 4957//6181
f 4948//6182 4957//6182 4949//6182
f 4949//6183 4957//6183 4958//6183
f 4949//6184 4958//6184 4950//6184
f 4950//6185 4958//6185 4959//6185
f 4950//6186 4959//6186 4951//6186
f 4951//6187 4959//6187 4960//6187
f 4951//6188 4960//6188 4952//6188
f 4952//6189 4960//6189 4961//6189
f 4952//6190 4961//6190 4888//6190
f 4888//6191 4961//6191 4895//6191
f 4888//6192 4895//6192 4886//6192
f 4886//6193 4895//6193 4896//6193
f 4736//6194 4734//6194 4904//6194
f 4904//6195 4734//6195 4903//6195
f 4904//6196 4903//6196 4953//6196
f 4953//6197 4903//6197 4962//6197
f 4953//6198 4962//6198 4954//6198
f 4954//6199 4962//6199 4963//6199
f 4954//6200 4963//6200 4955//6200
f 4955//6201 4963//6201 4964//6201
f 4955//6202 4964//6202 4956//6202
f 4956//6203 4964//6203 4965//6203
f 4956//6204 4965//6204 4957//6204
f 4957//6204 4965//6204 4966//6204
f 4957//6205 4966//6205 4958//6205
f 4958//6206 4966//6206 4967//6206
f 4958//6207 4967//6207 4959//6207
f 4959//6208 4967//6208 4968//6208
f 4959//6209 4968//6209 4960//6209
f 4960//6210 4968//6210 4969//6210
f 4960//6211 4969//6211 4961//6211
f 4961//6212 4969//6212 4970//6212
f 4961//6213 4970//6213 4895//6213
f 4895//6214 4970//6214 4899//6214
f 4895//6215 4899//6215 4893//6215
f 4893//6216 4899//6216 4900//6216
f 4733//6217 4750//6217 4903//6217
f 4903//6218 4750//6218 4902//6218
f 4903//6219 4902//6219 4962//6219
f 4962//6220 4902//6220 4971//6220
f 4962//6221 4971//6221 4963//6221
f 4963//6222 4971//6222 4972//6222
f 4963//6223 4972//6223 4964//6223
f 4964//6224 4972//6224 4973//6224
f 4964//6225 4973//6225 4965//6225
f 4965//6226 4973//6226 4974//6226
f 4965//6227 4974//6227 4966//6227
f 4966//6228 4974//6228 4975//6228
f 4966//6229 4975//6229 4967//6229
f 4967//6230 4975//6230 4976//6230
f 4967//6231 4976//6231 4968//6231
f 4968//6232 4976//6232 4977//6232
f 4968//6233 4977//6233 4969//6233
f 4969//6234 4977//6234 4978//6234
f 4969//6235 4978//6235 4970//6235
f 4970//6236 4978//6236 4979//6236
f 4970//6237 4979//6237 4899//6237
f 4899//6238 4979//6238 4885//6238
f 4899//6239 4885//6239 4897//6239
f 4897//6240 4885//6240 4884//6240
f 4744//6241 4743//6241 4902//6241
f 4902//6242 4743//6242 4879//6242
f 4902//6243 4879//6243 4971//6243
f 4971//6244 4879//6244 4980//6244
f 4971//6245 4980//6245 4972//6245
f 4972//6246 4980//6246 4981//6246
f 4972//6247 4981//6247 4973//6247
f 4973//6248 4981//6248 4982//6248
f 4973//6249 4982//6249 4974//6249
f 4974//6250 4982//6250 4983//6250
f 4974//6251 4983//6251 4975//6251
f 4975//6251 4983//6251 4984//6251
f 4975//6252 4984//6252 4976//6252
f 4976//6253 4984//6253 4985//6253
f 4976//6254 4985//6254 4977//6254
f 4977//6255 4985//6255 4986//6255
f 4977//6256 4986//6256 4978//6256
f 4978//6257 4986//6257 4987//6257
f 4978//6258 4987//6258 4979//6258
f 4979//6259 4987//6259 4988//6259
f 4979//6260 4988//6260 4885//6260
f 4885//6261 4988//6261 4882//6261
f 4885//6262 4882//6262 4883//6262
f 4883//6263 4882//6263 4881//6263
f 4880//6264 4882//6264 106//6264
f 106//6265 4882//6265 4988//6265
f 106//6266 4988//6266 107//6266
f 107//6267 4988//6267 4987//6267
f 107//6268 4987//6268 103//6268
f 103//6269 4987//6269 4986//6269
f 103//6270 4986//6270 104//6270
f 104//6271 4986//6271 4985//6271
f 104//6272 4985//6272 600//6272
f 600//6273 4985//6273 4984//6273
f 600//6274 4984//6274 100//6274
f 100//6275 4984//6275 4983//6275
f 100//6276 4983//6276 101//6276
f 101//6277 4983//6277 4982//6277
f 101//6278 4982//6278 97//6278
f 97//6279 4982//6279 4981//6279
f 97//6280 4981//6280 98//6280
f 98//6281 4981//6281 4980//6281
f 98//6282 4980//6282 395//6282
f 395//6283 4980//6283 4879//6283
f 395//6284 4879//6284 268//6284
f 268//6285 4879//6285 4746//6285
f 268//6286 4746//6286 4745//6286
f 4989//6287 116//6287 115//6287
f 4990//6288 4991//6288 4992//6288
f 4794//6289 1980//6289 1979//6289
f 4942//6290 4993//6290 1978//6290
f 4894//6291 4893//6291 4994//6291
f 4881//6292 4880//6292 110//6292
f 110//6293 4880//6293 4901//6293
f 110//6294 4901//6294 108//6294
f 4884//6295 4883//6295 4995//6295
f 4995//6296 4883//6296 4881//6296
f 4995//6297 4881//6297 4996//6297
f 4996//6298 4881//6298 110//6298
f 4996//6299 110//6299 112//6299
f 4994//6300 4893//6300 4997//6300
f 4893//6301 4900//6301 4997//6301
f 4997//6302 4900//6302 4898//6302
f 4997//6303 4898//6303 4995//6303
f 4995//6304 4898//6304 4897//6304
f 4995//6305 4897//6305 4884//6305
f 4993//6306 4942//6306 4998//6306
f 4942//6307 4887//6307 4998//6307
f 4998//6308 4887//6308 4886//6308
f 4998//6309 4886//6309 4994//6309
f 4994//6310 4886//6310 4896//6310
f 4994//6311 4896//6311 4894//6311
f 4999//6312 1973//6312 1978//6312
f 4792//6313 4990//6313 4786//6313
f 4786//6314 4990//6314 5000//6314
f 5001//6315 4782//6315 4785//6315
f 4785//6316 4790//6316 5001//6316
f 5001//6317 4790//6317 4789//6317
f 5001//6318 4789//6318 5000//6318
f 5000//6319 4789//6319 4787//6319
f 5000//6320 4787//6320 4786//6320
f 4782//6321 5001//6321 4783//6321
f 4783//6322 5001//6322 5002//6322
f 4783//6323 5002//6323 4781//6323
f 5003//6324 4779//6324 5002//6324
f 5002//6325 4779//6325 4778//6325
f 5002//6326 4778//6326 4781//6326
f 5004//6327 4763//6327 5003//6327
f 5003//6328 4763//6328 4777//6328
f 5003//6329 4777//6329 4779//6329
f 77//6330 4766//6330 5004//6330
f 5004//6331 4766//6331 4764//6331
f 5004//6332 4764//6332 4763//6332
f 4990//6333 4992//6333 5000//6333
f 5000//6334 4992//6334 5005//6334
f 5000//6335 5005//6335 5001//6335
f 5001//6336 5005//6336 5006//6336
f 5001//6322 5006//6322 5002//6322
f 5002//6337 5006//6337 5007//6337
f 5002//6338 5007//6338 5003//6338
f 5003//6339 5007//6339 4989//6339
f 5003//6340 4989//6340 5004//6340
f 5004//6341 4989//6341 115//6341
f 5004//6342 115//6342 77//6342
f 4792//6343 4791//6343 4990//6343
f 4990//6344 4791//6344 4794//6344
f 4990//6345 4794//6345 4991//6345
f 4991//6346 4794//6346 1979//6346
f 4991//6347 1979//6347 1986//6347
f 116//6348 4989//6348 5008//6348
f 5008//6349 4989//6349 5007//6349
f 5008//6349 5007//6349 5009//6349
f 5009//6350 5007//6350 5006//6350
f 5009//6351 5006//6351 5010//6351
f 5010//6352 5006//6352 5005//6352
f 5010//6353 5005//6353 5011//6353
f 5011//6354 5005//6354 4992//6354
f 5011//6354 4992//6354 5012//6354
f 5012//6355 4992//6355 4991//6355
f 5012//6356 4991//6356 5013//6356
f 5013//6357 4991//6357 1986//6357
f 5013//6358 1986//6358 1973//6358
f 1973//6359 4999//6359 5013//6359
f 5013//6360 4999//6360 5014//6360
f 5013//6361 5014//6361 5012//6361
f 5012//6362 5014//6362 5015//6362
f 5012//6363 5015//6363 5011//6363
f 5011//6364 5015//6364 5016//6364
f 5011//6365 5016//6365 5010//6365
f 5010//6366 5016//6366 5017//6366
f 5010//6367 5017//6367 5009//6367
f 5009//6368 5017//6368 5018//6368
f 5009//6369 5018//6369 5008//6369
f 5008//6370 5018//6370 113//6370
f 5008//6371 113//6371 116//6371
f 1978//6372 4993//6372 4999//6372
f 4999//6373 4993//6373 4998//6373
f 4999//6374 4998//6374 5014//6374
f 5014//6375 4998//6375 4994//6375
f 5014//6376 4994//6376 5015//6376
f 5015//6377 4994//6377 4997//6377
f 5015//6378 4997//6378 5016//6378
f 5016//6379 4997//6379 4995//6379
f 5016//6380 4995//6380 5017//6380
f 5017//6381 4995//6381 4996//6381
f 5017//6382 4996//6382 5018//6382
f 5018//6383 4996//6383 112//6383
f 5018//6384 112//6384 113//6384
f 5019//6385 5020//6385 1560//6385
f 1560//6386 5020//6386 5021//6386
f 1560//6387 5021//6387 1561//6387
f 1561//6388 5021//6388 5022//6388
f 1561//6389 5022//6389 1958//6389
f 1958//6390 5022//6390 5023//6390
f 1958//6391 5023//6391 1959//6391
f 5023//6392 5024//6392 1959//6392
f 1959//6393 5024//6393 5025//6393
f 1959//6394 5025//6394 1960//6394
f 1960//6395 5025//6395 5026//6395
f 1960//6396 5026//6396 1961//6396
f 5026//6397 5027//6397 1961//6397
f 1961//6398 5027//6398 5028//6398
f 1961//6399 5028//6399 1964//6399
f 1964//6400 5028//6400 5029//6400
f 1964//6401 5029//6401 1963//6401
f 1963//6402 5029//6402 5030//6402
f 1963//6403 5030//6403 1962//6403
f 5030//6404 5031//6404 1962//6404
f 1962//6405 5031//6405 5032//6405
f 1962//6406 5032//6406 1965//6406
f 1965//6407 5032//6407 5033//6407
f 1965//6408 5033//6408 1966//6408
f 1966//6409 5033//6409 5034//6409
f 5034//6410 5035//6410 1966//6410
f 1966//6411 5035//6411 5036//6411
f 1966//6412 5036//6412 1967//6412
f 1967//6413 5036//6413 5037//6413
f 1967//6414 5037//6414 1968//6414
f 1968//6415 5037//6415 5038//6415
f 1968//6416 5038//6416 1969//6416
f 1969//6417 5038//6417 2012//6417
f 1969//6418 2012//6418 1970//6418
f 1569//6419 1839//6419 1560//6419
f 1560//6420 1839//6420 5039//6420
f 1560//6421 5039//6421 5019//6421
f 5040//6422 5041//6422 1998//6422
f 5042//6423 1989//6423 2000//6423
f 2000//6424 1989//6424 1988//6424
f 2000//6425 1988//6425 1987//6425
f 5043//6426 5044//6426 1991//6426
f 5042//6427 5045//6427 1989//6427
f 1989//6428 5045//6428 5043//6428
f 1989//6429 5043//6429 1990//6429
f 1990//6430 5043//6430 1991//6430
f 5046//6431 5047//6431 1993//6431
f 5044//6432 5048//6432 1991//6432
f 1991//6433 5048//6433 5046//6433
f 1991//6434 5046//6434 1992//6434
f 1992//6435 5046//6435 1993//6435
f 5049//6436 5050//6436 1995//6436
f 5047//6437 5051//6437 1993//6437
f 1993//6438 5051//6438 5049//6438
f 1993//6439 5049//6439 1994//6439
f 1994//6440 5049//6440 1995//6440
f 5050//6441 5052//6441 1995//6441
f 1995//6442 5052//6442 5053//6442
f 1995//6443 5053//6443 1996//6443
f 1996//6444 5053//6444 5054//6444
f 5054//6445 5055//6445 1996//6445
f 1996//6446 5055//6446 5056//6446
f 1996//6447 5056//6447 1997//6447
f 5040//6448 1998//6448 5057//6448
f 1997//6449 5056//6449 1998//6449
f 1998//6450 5056//6450 5058//6450
f 1998//6451 5058//6451 5057//6451
f 5059//6452 1544//6452 5041//6452
f 5041//6453 1544//6453 1543//6453
f 5041//6454 1543//6454 1998//6454
f 5059//6455 5060//6455 1544//6455
f 1544//6456 5060//6456 5061//6456
f 1544//6457 5061//6457 1549//6457
f 1549//6458 5061//6458 5062//6458
f 1549//6459 5062//6459 1846//6459
f 1849//6460 1848//6460 5063//6460
f 5037//6461 5036//6461 5064//6461
f 5030//6462 5029//6462 5065//6462
f 5039//6463 1839//6463 1841//6463
f 2029//6464 2013//6464 2012//6464
f 2029//6465 2012//6465 5066//6465
f 5043//6466 5045//6466 5067//6466
f 5067//6467 5045//6467 5042//6467
f 5067//6468 5042//6468 5068//6468
f 5068//6469 5042//6469 2000//6469
f 5047//6470 5046//6470 5069//6470
f 5069//6471 5046//6471 5048//6471
f 5069//6472 5048//6472 5067//6472
f 5067//6473 5048//6473 5044//6473
f 5067//6474 5044//6474 5043//6474
f 5047//6475 5069//6475 5051//6475
f 5051//6476 5069//6476 5070//6476
f 5051//6477 5070//6477 5049//6477
f 5054//6478 5053//6478 5071//6478
f 5071//6479 5053//6479 5052//6479
f 5071//6480 5052//6480 5070//6480
f 5070//6481 5052//6481 5050//6481
f 5070//6482 5050//6482 5049//6482
f 5054//6483 5071//6483 5055//6483
f 5055//6484 5071//6484 5072//6484
f 5055//6485 5072//6485 5056//6485
f 5073//6486 5059//6486 5041//6486
f 5041//6487 5040//6487 5073//6487
f 5073//6488 5040//6488 5057//6488
f 5073//6489 5057//6489 5072//6489
f 5072//6490 5057//6490 5058//6490
f 5072//6491 5058//6491 5056//6491
f 5059//6492 5073//6492 5060//6492
f 5060//6493 5073//6493 5063//6493
f 5060//6494 5063//6494 5061//6494
f 1848//6495 1846//6495 5063//6495
f 5063//6496 1846//6496 5062//6496
f 5063//6497 5062//6497 5061//6497
f 5023//6498 5074//6498 5024//6498
f 5024//6499 5074//6499 5075//6499
f 5024//6500 5075//6500 5025//6500
f 5023//6501 5022//6501 5074//6501
f 5074//6502 5022//6502 5021//6502
f 5074//6503 5021//6503 5076//6503
f 5076//6504 5021//6504 5020//6504
f 5076//6505 5020//6505 5019//6505
f 5065//6506 5029//6506 5077//6506
f 5029//6507 5028//6507 5077//6507
f 5077//6508 5028//6508 5027//6508
f 5077//6509 5027//6509 5075//6509
f 5075//6510 5027//6510 5026//6510
f 5075//6511 5026//6511 5025//6511
f 5064//6512 5036//6512 5078//6512
f 5078//6513 5036//6513 5035//6513
f 5078//6514 5035//6514 5034//6514
f 5034//6515 5033//6515 5078//6515
f 5078//6516 5033//6516 5032//6516
f 5078//6517 5032//6517 5065//6517
f 5065//6518 5032//6518 5031//6518
f 5065//6519 5031//6519 5030//6519
f 5037//6520 5064//6520 5038//6520
f 5038//6521 5064//6521 5079//6521
f 5038//6522 5079//6522 2012//6522
f 1999//6523 2029//6523 2000//6523
f 2000//6524 2029//6524 5066//6524
f 2000//6525 5066//6525 5068//6525
f 5068//6526 5066//6526 5080//6526
f 5068//6527 5080//6527 5067//6527
f 5067//6528 5080//6528 5081//6528
f 5067//6529 5081//6529 5069//6529
f 5069//6530 5081//6530 5082//6530
f 5069//6531 5082//6531 5070//6531
f 5070//6532 5082//6532 5083//6532
f 5070//6533 5083//6533 5071//6533
f 5071//6534 5083//6534 5084//6534
f 5071//6535 5084//6535 5072//6535
f 5072//6536 5084//6536 5085//6536
f 5072//6537 5085//6537 5073//6537
f 5073//6538 5085//6538 5086//6538
f 5073//6539 5086//6539 5063//6539
f 5063//6540 5086//6540 1844//6540
f 5063//6541 1844//6541 1849//6541
f 1845//6542 5076//6542 1841//6542
f 1841//6543 5076//6543 5019//6543
f 1841//6544 5019//6544 5039//6544
f 2012//6545 5079//6545 5066//6545
f 5066//6546 5079//6546 5064//6546
f 5066//6547 5064//6547 5080//6547
f 5080//6548 5064//6548 5078//6548
f 5080//6549 5078//6549 5081//6549
f 5081//6550 5078//6550 5065//6550
f 5081//6551 5065//6551 5082//6551
f 5082//6552 5065//6552 5077//6552
f 5082//6553 5077//6553 5083//6553
f 5083//6554 5077//6554 5075//6554
f 5083//6555 5075//6555 5084//6555
f 5084//6556 5075//6556 5074//6556
f 5084//6557 5074//6557 5085//6557
f 5085//6558 5074//6558 5076//6558
f 5085//6559 5076//6559 5086//6559
f 5086//6560 5076//6560 1845//6560
f 5086//6561 1845//6561 1844//6561
f 5087//6562 5088//6562 1603//6562
f 1603//6563 5088//6563 5089//6563
f 1603//6564 5089//6564 1604//6564
f 1604//6565 5089//6565 5090//6565
f 1604//6566 5090//6566 2034//6566
f 2034//6567 5090//6567 5091//6567
f 2034//6568 5091//6568 2035//6568
f 5091//6569 5092//6569 2035//6569
f 2035//6570 5092//6570 5093//6570
f 2035//6571 5093//6571 2036//6571
f 2036//6572 5093//6572 5094//6572
f 2036//6573 5094//6573 2037//6573
f 5094//6574 5095//6574 2037//6574
f 2037//6575 5095//6575 5096//6575
f 2037//6576 5096//6576 2040//6576
f 2040//6577 5096//6577 5097//6577
f 2040//6578 5097//6578 2039//6578
f 2039//6579 5097//6579 5098//6579
f 2039//6580 5098//6580 2038//6580
f 5098//6581 5099//6581 2038//6581
f 2038//6582 5099//6582 5100//6582
f 2038//6583 5100//6583 2041//6583
f 2041//6584 5100//6584 5101//6584
f 2041//6585 5101//6585 2042//6585
f 2042//6586 5101//6586 5102//6586
f 5102//6587 5103//6587 2042//6587
f 2042//6588 5103//6588 5104//6588
f 2042//6589 5104//6589 2043//6589
f 2043//6590 5104//6590 5105//6590
f 2043//6591 5105//6591 2044//6591
f 2044//6592 5105//6592 5106//6592
f 2044//6593 5106//6593 2045//6593
f 2045//6594 5106//6594 2088//6594
f 2045//6595 2088//6595 2046//6595
f 1602//6596 1828//6596 1603//6596
f 1603//6597 1828//6597 5107//6597
f 1603//6598 5107//6598 5087//6598
f 5108//6599 5109//6599 2074//6599
f 5110//6600 2065//6600 2076//6600
f 2076//6601 2065//6601 2064//6601
f 2076//6602 2064//6602 2063//6602
f 5111//6603 5112//6603 2067//6603
f 5110//6604 5113//6604 2065//6604
f 2065//6605 5113//6605 5111//6605
f 2065//6606 5111//6606 2066//6606
f 2066//6607 5111//6607 2067//6607
f 5114//6608 5115//6608 2069//6608
f 5112//6609 5116//6609 2067//6609
f 2067//6610 5116//6610 5114//6610
f 2067//6611 5114//6611 2068//6611
f 2068//6612 5114//6612 2069//6612
f 5117//6613 5118//6613 2071//6613
f 5115//6614 5119//6614 2069//6614
f 2069//6615 5119//6615 5117//6615
f 2069//6616 5117//6616 2070//6616
f 2070//6617 5117//6617 2071//6617
f 5118//6618 5120//6618 2071//6618
f 2071//6619 5120//6619 5121//6619
f 2071//6620 5121//6620 2072//6620
f 2072//6621 5121//6621 5122//6621
f 5122//6622 5123//6622 2072//6622
f 2072//6623 5123//6623 5124//6623
f 2072//6624 5124//6624 2073//6624
f 5108//6625 2074//6625 5125//6625
f 2073//6626 5124//6626 2074//6626
f 2074//6627 5124//6627 5126//6627
f 2074//6628 5126//6628 5125//6628
f 5127//6629 1621//6629 5109//6629
f 5109//6630 1621//6630 1609//6630
f 5109//6631 1609//6631 2074//6631
f 5127//6632 5128//6632 1621//6632
f 1621//6633 5128//6633 5129//6633
f 1621//6634 5129//6634 1620//6634
f 1620//6635 5129//6635 5130//6635
f 1620//6636 5130//6636 1833//6636
f 1837//6637 1836//6637 5131//6637
f 5105//6638 5104//6638 5132//6638
f 5098//6639 5097//6639 5133//6639
f 5107//6640 1828//6640 1830//6640
f 2105//6641 2089//6641 2088//6641
f 2105//6642 2088//6642 5134//6642
f 5111//6643 5113//6643 5135//6643
f 5135//6644 5113//6644 5110//6644
f 5135//6645 5110//6645 5136//6645
f 5136//6646 5110//6646 2076//6646
f 5115//6647 5114//6647 5137//6647
f 5137//6648 5114//6648 5116//6648
f 5137//6649 5116//6649 5135//6649
f 5135//6650 5116//6650 5112//6650
f 5135//6651 5112//6651 5111//6651
f 5115//6652 5137//6652 5119//6652
f 5119//6653 5137//6653 5138//6653
f 5119//6654 5138//6654 5117//6654
f 5122//6655 5121//6655 5139//6655
f 5139//6656 5121//6656 5120//6656
f 5139//6657 5120//6657 5138//6657
f 5138//6658 5120//6658 5118//6658
f 5138//6659 5118//6659 5117//6659
f 5122//6660 5139//6660 5123//6660
f 5123//6661 5139//6661 5140//6661
f 5123//6662 5140//6662 5124//6662
f 5141//6663 5127//6663 5109//6663
f 5109//6664 5108//6664 5141//6664
f 5141//6665 5108//6665 5125//6665
f 5141//6666 5125//6666 5140//6666
f 5140//6667 5125//6667 5126//6667
f 5140//6668 5126//6668 5124//6668
f 5127//6669 5141//6669 5128//6669
f 5128//6670 5141//6670 5131//6670
f 5128//6671 5131//6671 5129//6671
f 1836//6672 1833//6672 5131//6672
f 5131//6673 1833//6673 5130//6673
f 5131//6674 5130//6674 5129//6674
f 5091//6675 5142//6675 5092//6675
f 5092//6676 5142//6676 5143//6676
f 5092//6677 5143//6677 5093//6677
f 5091//6678 5090//6678 5142//6678
f 5142//6679 5090//6679 5089//6679
f 5142//6680 5089//6680 5144//6680
f 5144//6681 5089//6681 5088//6681
f 5144//6682 5088//6682 5087//6682
f 5133//6683 5097//6683 5145//6683
f 5097//6684 5096//6684 5145//6684
f 5145//6685 5096//6685 5095//6685
f 5145//6686 5095//6686 5143//6686
f 5143//6687 5095//6687 5094//6687
f 5143//6688 5094//6688 5093//6688
f 5132//6689 5104//6689 5146//6689
f 5146//6690 5104//6690 5103//6690
f 5146//6691 5103//6691 5102//6691
f 5102//6692 5101//6692 5146//6692
f 5146//6693 5101//6693 5100//6693
f 5146//6694 5100//6694 5133//6694
f 5133//6695 5100//6695 5099//6695
f 5133//6696 5099//6696 5098//6696
f 5105//6697 5132//6697 5106//6697
f 5106//6698 5132//6698 5147//6698
f 5106//6699 5147//6699 2088//6699
f 2075//6700 2105//6700 2076//6700
f 2076//6701 2105//6701 5134//6701
f 2076//6702 5134//6702 5136//6702
f 5136//6703 5134//6703 5148//6703
f 5136//6704 5148//6704 5135//6704
f 5135//6705 5148//6705 5149//6705
f 5135//6706 5149//6706 5137//6706
f 5137//6707 5149//6707 5150//6707
f 5137//6708 5150//6708 5138//6708
f 5138//6709 5150//6709 5151//6709
f 5138//6710 5151//6710 5139//6710
f 5139//6711 5151//6711 5152//6711
f 5139//6712 5152//6712 5140//6712
f 5140//6713 5152//6713 5153//6713
f 5140//6714 5153//6714 5141//6714
f 5141//6715 5153//6715 5154//6715
f 5141//6716 5154//6716 5131//6716
f 5131//6717 5154//6717 1838//6717
f 5131//6718 1838//6718 1837//6718
f 1832//6719 5144//6719 1830//6719
f 1830//6720 5144//6720 5087//6720
f 1830//6721 5087//6721 5107//6721
f 2088//6722 5147//6722 5134//6722
f 5134//6723 5147//6723 5132//6723
f 5134//6724 5132//6724 5148//6724
f 5148//6725 5132//6725 5146//6725
f 5148//6726 5146//6726 5149//6726
f 5149//6727 5146//6727 5133//6727
f 5149//6728 5133//6728 5150//6728
f 5150//6729 5133//6729 5145//6729
f 5150//6730 5145//6730 5151//6730
f 5151//6731 5145//6731 5143//6731
f 5151//6732 5143//6732 5152//6732
f 5152//6733 5143//6733 5142//6733
f 5152//6734 5142//6734 5153//6734
f 5153//6735 5142//6735 5144//6735
f 5153//6736 5144//6736 5154//6736
f 5154//6737 5144//6737 1832//6737
f 5154//6738 1832//6738 1838//6738
f 5155//6739 5156//6739 1780//6739
f 1780//6740 5156//6740 5157//6740
f 1780//6741 5157//6741 1781//6741
f 1781//6742 5157//6742 5158//6742
f 1781//6743 5158//6743 2110//6743
f 2110//6744 5158//6744 5159//6744
f 2110//6745 5159//6745 2111//6745
f 5159//6746 5160//6746 2111//6746
f 2111//6747 5160//6747 5161//6747
f 2111//6748 5161//6748 2112//6748
f 2112//6749 5161//6749 5162//6749
f 2112//6750 5162//6750 2113//6750
f 5162//6751 5163//6751 2113//6751
f 2113//6752 5163//6752 5164//6752
f 2113//6753 5164//6753 2116//6753
f 2116//6754 5164//6754 5165//6754
f 2116//6755 5165//6755 2115//6755
f 2115//6756 5165//6756 5166//6756
f 2115//6757 5166//6757 2114//6757
f 5166//6758 5167//6758 2114//6758
f 2114//6759 5167//6759 5168//6759
f 2114//6760 5168//6760 2117//6760
f 2117//6761 5168//6761 5169//6761
f 2117//6762 5169//6762 2118//6762
f 2118//6763 5169//6763 5170//6763
f 5170//6764 5171//6764 2118//6764
f 2118//6765 5171//6765 5172//6765
f 2118//6766 5172//6766 2119//6766
f 2119//6767 5172//6767 5173//6767
f 2119//6768 5173//6768 2120//6768
f 2120//6769 5173//6769 5174//6769
f 2120//6770 5174//6770 2121//6770
f 2121//6771 5174//6771 2164//6771
f 2121//6772 2164//6772 2122//6772
f 1771//6773 1815//6773 1780//6773
f 1780//6774 1815//6774 5175//6774
f 1780//6775 5175//6775 5155//6775
f 5176//6776 5177//6776 2150//6776
f 5178//6777 2141//6777 2152//6777
f 2152//6778 2141//6778 2140//6778
f 2152//6779 2140//6779 2139//6779
f 5179//6780 5180//6780 2143//6780
f 5178//6781 5181//6781 2141//6781
f 2141//6782 5181//6782 5179//6782
f 2141//6783 5179//6783 2142//6783
f 2142//6784 5179//6784 2143//6784
f 5182//6785 5183//6785 2145//6785
f 5180//6786 5184//6786 2143//6786
f 2143//6787 5184//6787 5182//6787
f 2143//6788 5182//6788 2144//6788
f 2144//6789 5182//6789 2145//6789
f 5185//6790 5186//6790 2147//6790
f 5183//6791 5187//6791 2145//6791
f 2145//6792 5187//6792 5185//6792
f 2145//6793 5185//6793 2146//6793
f 2146//6794 5185//6794 2147//6794
f 5186//6795 5188//6795 2147//6795
f 2147//6796 5188//6796 5189//6796
f 2147//6797 5189//6797 2148//6797
f 2148//6798 5189//6798 5190//6798
f 5190//6799 5191//6799 2148//6799
f 2148//6800 5191//6800 5192//6800
f 2148//6801 5192//6801 2149//6801
f 5176//6802 2150//6802 5193//6802
f 2149//6803 5192//6803 2150//6803
f 2150//6804 5192//6804 5194//6804
f 2150//6805 5194//6805 5193//6805
f 5195//6806 1758//6806 5177//6806
f 5177//6807 1758//6807 1760//6807
f 5177//6808 1760//6808 2150//6808
f 5195//6809 5196//6809 1758//6809
f 1758//6810 5196//6810 5197//6810
f 1758//6811 5197//6811 1756//6811
f 1756//6812 5197//6812 5198//6812
f 1756//6813 5198//6813 1826//6813
f 1825//6814 1824//6814 5199//6814
f 5173//6815 5172//6815 5200//6815
f 5166//6816 5165//6816 5201//6816
f 5175//6817 1815//6817 1817//6817
f 2181//6818 2165//6818 2164//6818
f 2181//6819 2164//6819 5202//6819
f 5179//6820 5181//6820 5203//6820
f 5203//6821 5181//6821 5178//6821
f 5203//6822 5178//6822 5204//6822
f 5204//6823 5178//6823 2152//6823
f 5183//6824 5182//6824 5205//6824
f 5205//6825 5182//6825 5184//6825
f 5205//6826 5184//6826 5203//6826
f 5203//6827 5184//6827 5180//6827
f 5203//6828 5180//6828 5179//6828
f 5183//6829 5205//6829 5187//6829
f 5187//6830 5205//6830 5206//6830
f 5187//6831 5206//6831 5185//6831
f 5190//6832 5189//6832 5207//6832
f 5207//6833 5189//6833 5188//6833
f 5207//6834 5188//6834 5206//6834
f 5206//6835 5188//6835 5186//6835
f 5206//6836 5186//6836 5185//6836
f 5190//6837 5207//6837 5191//6837
f 5191//6838 5207//6838 5208//6838
f 5191//6839 5208//6839 5192//6839
f 5209//6840 5195//6840 5177//6840
f 5177//6841 5176//6841 5209//6841
f 5209//6842 5176//6842 5193//6842
f 5209//6843 5193//6843 5208//6843
f 5208//6844 5193//6844 5194//6844
f 5208//6845 5194//6845 5192//6845
f 5195//6846 5209//6846 5196//6846
f 5196//6847 5209//6847 5210//6847
f 5196//6848 5210//6848 5197//6848
f 5210//6849 1822//6849 1821//6849
f 5197//6850 5210//6850 5198//6850
f 5198//6851 5210//6851 1821//6851
f 5198//6852 1821//6852 1826//6852
f 1819//6853 5211//6853 1817//6853
f 1817//6854 5211//6854 5155//6854
f 1817//6855 5155//6855 5175//6855
f 5159//6856 5212//6856 5160//6856
f 5160//6857 5212//6857 5213//6857
f 5160//6858 5213//6858 5161//6858
f 5159//6859 5158//6859 5212//6859
f 5212//6860 5158//6860 5157//6860
f 5212//6861 5157//6861 5211//6861
f 5211//6862 5157//6862 5156//6862
f 5211//6863 5156//6863 5155//6863
f 5201//6864 5165//6864 5214//6864
f 5165//6865 5164//6865 5214//6865
f 5214//6866 5164//6866 5163//6866
f 5214//6867 5163//6867 5213//6867
f 5213//6868 5163//6868 5162//6868
f 5213//6869 5162//6869 5161//6869
f 5200//6870 5172//6870 5215//6870
f 5215//6871 5172//6871 5171//6871
f 5215//6872 5171//6872 5170//6872
f 5170//6873 5169//6873 5215//6873
f 5215//6874 5169//6874 5168//6874
f 5215//6875 5168//6875 5201//6875
f 5201//6876 5168//6876 5167//6876
f 5201//6877 5167//6877 5166//6877
f 5173//6878 5200//6878 5174//6878
f 5174//6879 5200//6879 5216//6879
f 5174//6880 5216//6880 2164//6880
f 2151//6881 2181//6881 2152//6881
f 2152//6882 2181//6882 5202//6882
f 2152//6883 5202//6883 5204//6883
f 5204//6884 5202//6884 5217//6884
f 5204//6885 5217//6885 5203//6885
f 5203//6886 5217//6886 5218//6886
f 5203//6887 5218//6887 5205//6887
f 5205//6888 5218//6888 5219//6888
f 5205//6889 5219//6889 5206//6889
f 5206//6890 5219//6890 5220//6890
f 5206//6891 5220//6891 5207//6891
f 5207//6892 5220//6892 5221//6892
f 5207//6893 5221//6893 5208//6893
f 5208//6894 5221//6894 5222//6894
f 5208//6895 5222//6895 5209//6895
f 5209//6896 5222//6896 5199//6896
f 5209//6896 5199//6896 5210//6896
f 5210//6897 5199//6897 1824//6897
f 5210//6897 1824//6897 1822//6897
f 2164//6898 5216//6898 5202//6898
f 5202//6899 5216//6899 5200//6899
f 5202//6900 5200//6900 5217//6900
f 5217//6901 5200//6901 5215//6901
f 5217//6902 5215//6902 5218//6902
f 5218//6903 5215//6903 5201//6903
f 5218//6904 5201//6904 5219//6904
f 5219//6905 5201//6905 5214//6905
f 5219//6906 5214//6906 5220//6906
f 5220//6907 5214//6907 5213//6907
f 5220//6908 5213//6908 5221//6908
f 5221//6909 5213//6909 5212//6909
f 5221//6910 5212//6910 5222//6910
f 5222//6911 5212//6911 5211//6911
f 5222//6912 5211//6912 5199//6912
f 5199//6913 5211//6913 1819//6913
f 5199//6914 1819//6914 1825//6914
f 5223//6915 5224//6915 1625//6915
f 1625//6916 5224//6916 5225//6916
f 1625//6917 5225//6917 1477//6917
f 1477//6918 5225//6918 5226//6918
f 1477//6919 5226//6919 1478//6919
f 1478//6920 5226//6920 5227//6920
f 1478//6921 5227//6921 1479//6921
f 5227//6922 5228//6922 1479//6922
f 1479//6923 5228//6923 5229//6923
f 1479//6924 5229//6924 1480//6924
f 1480//6925 5229//6925 5230//6925
f 1480//6926 5230//6926 1481//6926
f 5230//6927 5231//6927 1481//6927
f 1481//6928 5231//6928 5232//6928
f 1481//6929 5232//6929 1485//6929
f 1485//6930 5232//6930 5233//6930
f 1485//6931 5233//6931 1484//6931
f 1484//6932 5233//6932 5234//6932
f 1484//6933 5234//6933 1482//6933
f 5234//6934 5235//6934 1482//6934
f 1482//6935 5235//6935 5236//6935
f 1482//6936 5236//6936 1486//6936
f 1486//6937 5236//6937 5237//6937
f 1486//6938 5237//6938 1487//6938
f 1487//6939 5237//6939 5238//6939
f 5238//6940 5239//6940 1487//6940
f 1487//6941 5239//6941 5240//6941
f 1487//6942 5240//6942 1488//6942
f 1488//6943 5240//6943 5241//6943
f 1488//6944 5241//6944 1489//6944
f 1489//6945 5241//6945 5242//6945
f 1489//6946 5242//6946 1490//6946
f 1490//6947 5242//6947 1787//6947
f 1490//6948 1787//6948 1491//6948
f 1583//6949 1850//6949 1625//6949
f 1625//6950 1850//6950 5243//6950
f 1625//6951 5243//6951 5223//6951
f 5244//6952 5245//6952 1522//6952
f 5246//6953 1512//6953 1525//6953
f 1525//6954 1512//6954 1511//6954
f 1525//6955 1511//6955 1510//6955
f 5247//6956 5248//6956 1514//6956
f 5246//6957 5249//6957 1512//6957
f 1512//6958 5249//6958 5247//6958
f 1512//6959 5247//6959 1513//6959
f 1513//6960 5247//6960 1514//6960
f 5250//6961 5251//6961 1516//6961
f 5248//6962 5252//6962 1514//6962
f 1514//6963 5252//6963 5250//6963
f 1514//6964 5250//6964 1515//6964
f 1515//6965 5250//6965 1516//6965
f 5253//6966 5254//6966 1519//6966
f 5251//6967 5255//6967 1516//6967
f 1516//6968 5255//6968 5253//6968
f 1516//6969 5253//6969 1517//6969
f 1517//6970 5253//6970 1519//6970
f 5254//6971 5256//6971 1519//6971
f 1519//6972 5256//6972 5257//6972
f 1519//6973 5257//6973 1520//6973
f 1520//6974 5257//6974 5258//6974
f 5258//6975 5259//6975 1520//6975
f 1520//6976 5259//6976 5260//6976
f 1520//6977 5260//6977 1521//6977
f 5244//6978 1522//6978 5261//6978
f 1521//6979 5260//6979 1522//6979
f 1522//6980 5260//6980 5262//6980
f 1522//6981 5262//6981 5261//6981
f 5263//6982 1710//6982 5245//6982
f 5245//6983 1710//6983 1523//6983
f 5245//6984 1523//6984 1522//6984
f 5263//6985 5264//6985 1710//6985
f 1710//6986 5264//6986 5265//6986
f 1710//6987 5265//6987 1708//6987
f 1708//6988 5265//6988 5266//6988
f 1708//6989 5266//6989 1858//6989
f 5241//6990 5240//6990 5267//6990
f 5234//6991 5233//6991 5268//6991
f 5243//6992 1850//6992 1852//6992
f 1804//6993 1788//6993 1787//6993
f 1804//6994 1787//6994 5269//6994
f 5247//6995 5249//6995 5270//6995
f 5270//6996 5249//6996 5246//6996
f 5270//6997 5246//6997 5271//6997
f 5271//6998 5246//6998 1525//6998
f 5251//6999 5250//6999 5272//6999
f 5272//7000 5250//7000 5252//7000
f 5272//7001 5252//7001 5270//7001
f 5270//7002 5252//7002 5248//7002
f 5270//7003 5248//7003 5247//7003
f 5251//7004 5272//7004 5255//7004
f 5255//7005 5272//7005 5273//7005
f 5255//7006 5273//7006 5253//7006
f 5258//7007 5257//7007 5274//7007
f 5274//7008 5257//7008 5256//7008
f 5274//7009 5256//7009 5273//7009
f 5273//7010 5256//7010 5254//7010
f 5273//7011 5254//7011 5253//7011
f 5258//7012 5274//7012 5259//7012
f 5259//7013 5274//7013 5275//7013
f 5259//7014 5275//7014 5260//7014
f 5276//7015 5263//7015 5245//7015
f 5245//7016 5244//7016 5276//7016
f 5276//7017 5244//7017 5261//7017
f 5276//7018 5261//7018 5275//7018
f 5275//7019 5261//7019 5262//7019
f 5275//7020 5262//7020 5260//7020
f 5265//7021 1856//7021 5266//7021
f 5266//7022 1856//7022 1858//7022
f 5263//7023 5276//7023 5264//7023
f 5264//7024 5276//7024 5277//7024
f 5264//7025 5277//7025 5265//7025
f 5265//7026 5277//7026 1809//7026
f 5265//7027 1809//7027 1856//7027
f 5223//7028 5243//7028 5278//7028
f 5278//7029 5243//7029 1852//7029
f 5278//7030 1852//7030 1854//7030
f 5227//7031 5279//7031 5228//7031
f 5228//7032 5279//7032 5280//7032
f 5228//7033 5280//7033 5229//7033
f 5227//7034 5226//7034 5279//7034
f 5279//7035 5226//7035 5225//7035
f 5279//7036 5225//7036 5278//7036
f 5278//7037 5225//7037 5224//7037
f 5278//7038 5224//7038 5223//7038
f 5268//7039 5233//7039 5281//7039
f 5233//7040 5232//7040 5281//7040
f 5281//7041 5232//7041 5231//7041
f 5281//7042 5231//7042 5280//7042
f 5280//7043 5231//7043 5230//7043
f 5280//7044 5230//7044 5229//7044
f 5267//7045 5240//7045 5282//7045
f 5282//7046 5240//7046 5239//7046
f 5282//7047 5239//7047 5238//7047
f 5238//7048 5237//7048 5282//7048
f 5282//7049 5237//7049 5236//7049
f 5282//7050 5236//7050 5268//7050
f 5268//7051 5236//7051 5235//7051
f 5268//7052 5235//7052 5234//7052
f 5241//7053 5267//7053 5242//7053
f 5242//7054 5267//7054 5283//7054
f 5242//7055 5283//7055 1787//7055
f 5284//7056 1855//7056 1810//7056
f 1524//7057 1804//7057 1525//7057
f 1525//7058 1804//7058 5269//7058
f 1525//7059 5269//7059 5271//7059
f 5271//7060 5269//7060 5285//7060
f 5271//7061 5285//7061 5270//7061
f 5270//7062 5285//7062 5286//7062
f 5270//7062 5286//7062 5272//7062
f 5272//7063 5286//7063 5287//7063
f 5272//7064 5287//7064 5273//7064
f 5273//7065 5287//7065 5288//7065
f 5273//7066 5288//7066 5274//7066
f 5274//7067 5288//7067 5289//7067
f 5274//7068 5289//7068 5275//7068
f 5275//7069 5289//7069 5290//7069
f 5275//7070 5290//7070 5276//7070
f 5276//7071 5290//7071 5284//7071
f 5276//7072 5284//7072 5277//7072
f 5277//7073 5284//7073 1810//7073
f 5277//7074 1810//7074 1809//7074
f 1787//7075 5283//7075 5269//7075
f 5269//7076 5283//7076 5267//7076
f 5269//7077 5267//7077 5285//7077
f 5285//7078 5267//7078 5282//7078
f 5285//7079 5282//7079 5286//7079
f 5286//7080 5282//7080 5268//7080
f 5286//7081 5268//7081 5287//7081
f 5287//7082 5268//7082 5281//7082
f 5287//7083 5281//7083 5288//7083
f 5288//7084 5281//7084 5280//7084
f 5288//7085 5280//7085 5289//7085
f 5289//7086 5280//7086 5279//7086
f 5289//7087 5279//7087 5290//7087
f 5290//7088 5279//7088 5278//7088
f 5290//7088 5278//7088 5284//7088
f 5284//7089 5278//7089 1854//7089
f 5284//7089 1854//7089 1855//7089
f 5291//7090 5292//7090 1654//7090
f 1654//7091 5292//7091 5293//7091
f 1654//7092 5293//7092 1655//7092
f 1655//7093 5293//7093 5294//7093
f 1655//7094 5294//7094 1882//7094
f 1882//7095 5294//7095 5295//7095
f 1882//7096 5295//7096 1883//7096
f 5295//7097 5296//7097 1883//7097
f 1883//7098 5296//7098 5297//7098
f 1883//7099 5297//7099 1884//7099
f 1884//7100 5297//7100 5298//7100
f 1884//7101 5298//7101 1885//7101
f 5298//7102 5299//7102 1885//7102
f 1885//7103 5299//7103 5300//7103
f 1885//7104 5300//7104 1888//7104
f 1888//7105 5300//7105 5301//7105
f 1888//7106 5301//7106 1887//7106
f 1887//7107 5301//7107 5302//7107
f 1887//7108 5302//7108 1886//7108
f 5302//7109 5303//7109 1886//7109
f 1886//7110 5303//7110 5304//7110
f 1886//7111 5304//7111 1889//7111
f 1889//7112 5304//7112 5305//7112
f 1889//7113 5305//7113 1890//7113
f 1890//7114 5305//7114 5306//7114
f 5306//7115 5307//7115 1890//7115
f 1890//7116 5307//7116 5308//7116
f 1890//7117 5308//7117 1891//7117
f 1891//7118 5308//7118 5309//7118
f 1891//7119 5309//7119 1892//7119
f 1892//7120 5309//7120 5310//7120
f 1892//7121 5310//7121 1893//7121
f 1893//7122 5310//7122 1936//7122
f 1893//7123 1936//7123 1894//7123
f 1659//7124 1863//7124 1654//7124
f 1654//7125 1863//7125 5311//7125
f 1654//7126 5311//7126 5291//7126
f 5312//7127 5313//7127 1922//7127
f 5314//7128 1913//7128 1924//7128
f 1924//7129 1913//7129 1912//7129
f 1924//7130 1912//7130 1911//7130
f 5315//7131 5316//7131 1915//7131
f 5314//7132 5317//7132 1913//7132
f 1913//7133 5317//7133 5315//7133
f 1913//7134 5315//7134 1914//7134
f 1914//7135 5315//7135 1915//7135
f 5318//7136 5319//7136 1917//7136
f 5316//7137 5320//7137 1915//7137
f 1915//7138 5320//7138 5318//7138
f 1915//7139 5318//7139 1916//7139
f 1916//7140 5318//7140 1917//7140
f 5321//7141 5322//7141 1919//7141
f 5319//7142 5323//7142 1917//7142
f 1917//7143 5323//7143 5321//7143
f 1917//7144 5321//7144 1918//7144
f 1918//7145 5321//7145 1919//7145
f 5322//7146 5324//7146 1919//7146
f 1919//7147 5324//7147 5325//7147
f 1919//7148 5325//7148 1920//7148
f 1920//7149 5325//7149 5326//7149
f 5326//7150 5327//7150 1920//7150
f 1920//7151 5327//7151 5328//7151
f 1920//7152 5328//7152 1921//7152
f 5312//7153 1922//7153 5329//7153
f 1921//7154 5328//7154 1922//7154
f 1922//7155 5328//7155 5330//7155
f 1922//7156 5330//7156 5329//7156
f 5331//7157 1700//7157 5313//7157
f 5313//7158 1700//7158 1701//7158
f 5313//7159 1701//7159 1922//7159
f 5331//7160 5332//7160 1700//7160
f 1700//7161 5332//7161 5333//7161
f 1700//7162 5333//7162 1698//7162
f 1698//7163 5333//7163 5334//7163
f 1698//7164 5334//7164 1813//7164
f 5309//7165 5308//7165 5335//7165
f 5302//7166 5301//7166 5336//7166
f 5311//7167 1863//7167 1861//7167
f 1953//7168 1937//7168 1936//7168
f 1953//7169 1936//7169 5337//7169
f 5315//7170 5317//7170 5338//7170
f 5338//7171 5317//7171 5314//7171
f 5338//7172 5314//7172 5339//7172
f 5339//7173 5314//7173 1924//7173
f 5319//7174 5318//7174 5340//7174
f 5340//7175 5318//7175 5320//7175
f 5340//7176 5320//7176 5338//7176
f 5338//7177 5320//7177 5316//7177
f 5338//7178 5316//7178 5315//7178
f 5319//7179 5340//7179 5323//7179
f 5323//7180 5340//7180 5341//7180
f 5323//7181 5341//7181 5321//7181
f 5326//7182 5325//7182 5342//7182
f 5342//7183 5325//7183 5324//7183
f 5342//7184 5324//7184 5341//7184
f 5341//7185 5324//7185 5322//7185
f 5341//7186 5322//7186 5321//7186
f 5326//7187 5342//7187 5327//7187
f 5327//7188 5342//7188 5343//7188
f 5327//7189 5343//7189 5328//7189
f 5344//7190 5331//7190 5313//7190
f 5313//7191 5312//7191 5344//7191
f 5344//7192 5312//7192 5329//7192
f 5344//7193 5329//7193 5343//7193
f 5343//7194 5329//7194 5330//7194
f 5343//7195 5330//7195 5328//7195
f 5333//7196 1864//7196 5334//7196
f 5334//7197 1864//7197 1813//7197
f 5331//7198 5344//7198 5332//7198
f 5332//7199 5344//7199 5345//7199
f 5332//7200 5345//7200 5333//7200
f 5333//7201 5345//7201 1865//7201
f 5333//7202 1865//7202 1864//7202
f 1868//7203 5346//7203 1861//7203
f 1861//7204 5346//7204 5291//7204
f 1861//7205 5291//7205 5311//7205
f 5295//7206 5347//7206 5296//7206
f 5296//7207 5347//7207 5348//7207
f 5296//7208 5348//7208 5297//7208
f 5295//7209 5294//7209 5347//7209
f 5347//7210 5294//7210 5293//7210
f 5347//7211 5293//7211 5346//7211
f 5346//7212 5293//7212 5292//7212
f 5346//7213 5292//7213 5291//7213
f 5336//7214 5301//7214 5349//7214
f 5301//7215 5300//7215 5349//7215
f 5349//7216 5300//7216 5299//7216
f 5349//7217 5299//7217 5348//7217
f 5348//7218 5299//7218 5298//7218
f 5348//7219 5298//7219 5297//7219
f 5335//7220 5308//7220 5350//7220
f 5350//7221 5308//7221 5307//7221
f 5350//7222 5307//7222 5306//7222
f 5306//7223 5305//7223 5350//7223
f 5350//7224 5305//7224 5304//7224
f 5350//7225 5304//7225 5336//7225
f 5336//7226 5304//7226 5303//7226
f 5336//7227 5303//7227 5302//7227
f 5309//7228 5335//7228 5310//7228
f 5310//7229 5335//7229 5351//7229
f 5310//7230 5351//7230 1936//7230
f 1923//7231 1953//7231 1924//7231
f 1924//7232 1953//7232 5337//7232
f 1924//7233 5337//7233 5339//7233
f 5339//7234 5337//7234 5352//7234
f 5339//7235 5352//7235 5338//7235
f 5338//7236 5352//7236 5353//7236
f 5338//7237 5353//7237 5340//7237
f 5340//7238 5353//7238 5354//7238
f 5340//7239 5354//7239 5341//7239
f 5341//7240 5354//7240 5355//7240
f 5341//7241 5355//7241 5342//7241
f 5342//7242 5355//7242 5356//7242
f 5342//7243 5356//7243 5343//7243
f 5343//7244 5356//7244 5357//7244
f 5343//7244 5357//7244 5344//7244
f 5344//7245 5357//7245 5358//7245
f 5344//7246 5358//7246 5345//7246
f 5345//7247 5358//7247 1867//7247
f 5345//7248 1867//7248 1865//7248
f 1936//7249 5351//7249 5337//7249
f 5337//7250 5351//7250 5335//7250
f 5337//7251 5335//7251 5352//7251
f 5352//7252 5335//7252 5350//7252
f 5352//7253 5350//7253 5353//7253
f 5353//7254 5350//7254 5336//7254
f 5353//7255 5336//7255 5354//7255
f 5354//7256 5336//7256 5349//7256
f 5354//7257 5349//7257 5355//7257
f 5355//7258 5349//7258 5348//7258
f 5355//7259 5348//7259 5356//7259
f 5356//7260 5348//7260 5347//7260
f 5356//7260 5347//7260 5357//7260
f 5357//7261 5347//7261 5346//7261
f 5357//7262 5346//7262 5358//7262
f 5358//7263 5346//7263 1868//7263
f 5358//7264 1868//7264 1867//7264
f 1040//1090 1043//1090 1041//1090
f 1041//1102 1044//1102 1043//1102
f 1041//1103 1044//1103 980//1103
f 980//1100 1045//1100 1044//1100
f 980//1052 1045//1052 981//1052
f 981//1052 1045//1052 1046//1052
f 982//1083 1047//1083 1046//1083
f 982//1091 983//1091 1047//1091
f 983//1091 1048//1091 1047//1091
f 984//1093 1049//1093 1048//1093
f 984//1057 1049//1057 985//1057
f 985//1094 986//1094 1050//1094
f 986//7265 1050//7265 1051//7265
f 986//1105 987//1105 1051//1105
f 987//1105 1052//1105 1051//1105
f 987//1060 1052//1060 988//1060
f 988//1029 989//1029 1053//1029
f 994//1034 1059//1034 1058//1034
f 995//1085 1060//1085 1059//1085
f 995//1068 1060//1068 996//1068
f 996//1037 997//1037 1061//1037
f 997//1069 1061//1069 1062//1069
f 997//1070 1062//1070 998//1070
f 998//1070 1062//1070 1063//1070
f 998//1096 999//1096 1063//1096
f 999//1096 1064//1096 1063//1096
f 999//1106 1064//1106 1000//1106
f 1002//1074 1066//1074 1067//1074
f 1002//1098 1067//1098 1003//1098
f 1003//1107 1068//1107 1067//1107
f 1003//1088 1004//1088 1068//1088
f 1006//1089 1070//1089 1071//1089
f 1006//1101 1071//1101 1007//1101
f 1007//1101 1071//1101 1072//1101
f 1007//1048 1008//1048 1072//1048
f 1008//1018 1073//1018 1009//1018
f 1010//1102 1074//1102 1075//1102
f 1010//1100 1075//1100 1011//1100
f 1011//1103 1076//1103 1075//1103
f 1011//1021 1076//1021 1012//1021
f 1012//1083 1077//1083 1013//1083
f 1015//1093 1079//1093 1080//1093
f 1015//1104 1016//1104 1080//1104
f 1016//1104 1081//1104 1080//1104
f 1016//7265 1017//7265 1081//7265
f 1017//1105 1082//1105 1018//1105
f 1018//1059 1083//1059 1082//1059
f 1019//1061 1020//1061 1084//1061
f 1020//1061 1085//1061 1084//1061
f 1020//1062 1021//1062 1085//1062
f 1021//1084 1022//1084 1086//1084
f 1022//1032 1087//1032 1023//1032
f 1023//1032 1087//1032 1088//1032
f 1023//1033 1088//1033 1024//1033
f 1024//1033 1088//1033 1089//1033
f 1026//1095 1091//1095 1090//1095
f 1026//1068 1027//1068 1091//1068
f 1027//1036 1091//1036 1092//1036
f 1027//1037 1092//1037 1028//1037
f 1029//1038 1093//1038 1094//1038
f 1030//1071 1095//1071 1094//1071
f 1030//1086 1095//1086 1031//1086
f 1031//1106 1096//1106 1095//1106
f 1033//1087 1097//1087 1098//1087
f 1036//1078 1101//1078 1100//1078
f 1037//1108 1102//1108 1038//1108
f 1038//1108 1102//1108 1103//1108
f 1038//1081 1039//1081 1103//1081
f 996//1017 5359//1017 995//1017
f 995//1017 5359//1017 5360//1017
f 995//1017 5360//1017 994//1017
f 994//1017 5360//1017 5361//1017
f 994//1017 5361//1017 993//1017
f 993//1017 5361//1017 5362//1017
f 993//1017 5362//1017 992//1017
f 992//1017 5362//1017 5363//1017
f 992//1017 5363//1017 991//1017
f 991//1017 5363//1017 5364//1017
f 991//1017 5364//1017 990//1017
f 990//1017 5364//1017 5365//1017
f 990//1017 5365//1017 989//1017
f 989//1017 5365//1017 5366//1017
f 989//1017 5366//1017 988//1017
f 988//1017 5366//1017 5367//1017
f 988//1017 5367//1017 987//1017
f 987//1017 5367//1017 5368//1017
f 987//1017 5368//1017 986//1017
f 986//1017 5368//1017 5369//1017
f 986//1017 5369//1017 985//1017
f 985//1017 5369//1017 5370//1017
f 985//1017 5370//1017 984//1017
f 984//1017 5370//1017 5371//1017
f 984//1017 5371//1017 983//1017
f 983//1017 5371//1017 5372//1017
f 983//1017 5372//1017 982//1017
f 982//1017 5372//1017 5373//1017
f 982//1017 5373//1017 981//1017
f 981//1017 5373//1017 5374//1017
f 981//1017 5374//1017 980//1017
f 980//1017 5374//1017 5375//1017
f 980//1017 5375//1017 1041//1017
f 1041//1017 5375//1017 5376//1017
f 1041//1017 5376//1017 1040//1017
f 1040//1017 5376//1017 5377//1017
f 1040//1017 5377//1017 1039//1017
f 1039//1017 5377//1017 5378//1017
f 1039//1017 5378//1017 1038//1017
f 1038//1017 5378//1017 5379//1017
f 1038//1017 5379//1017 1037//1017
f 1037//1017 5379//1017 5380//1017
f 1037//1017 5380//1017 1036//1017
f 1036//1017 5380//1017 5381//1017
f 1036//1017 5381//1017 1035//1017
f 1035//1017 5381//1017 5382//1017
f 1035//1017 5382//1017 1034//1017
f 1034//1017 5382//1017 5383//1017
f 1034//1017 5383//1017 1033//1017
f 1033//1017 5383//1017 5384//1017
f 1033//1017 5384//1017 1032//1017
f 1032//1017 5384//1017 5385//1017
f 1032//1017 5385//1017 1031//1017
f 1031//1017 5385//1017 5386//1017
f 1031//1017 5386//1017 1030//1017
f 1030//1017 5386//1017 5387//1017
f 1030//1017 5387//1017 1029//1017
f 1029//1017 5387//1017 5388//1017
f 1029//1017 5388//1017 1028//1017
f 1028//1017 5388//1017 5389//1017
f 1028//1017 5389//1017 1027//1017
f 1027//1017 5389//1017 5390//1017
f 1027//1017 5390//1017 1026//1017
f 1026//1017 5390//1017 5391//1017
f 1026//1017 5391//1017 1025//1017
f 1025//1017 5391//1017 5392//1017
f 1025//1017 5392//1017 1024//1017
f 1024//1017 5392//1017 5393//1017
f 1024//1017 5393//1017 1023//1017
f 1023//1017 5393//1017 5394//1017
f 1023//1017 5394//1017 1022//1017
f 1022//1017 5394//1017 5395//1017
f 1022//1017 5395//1017 1021//1017
f 1021//1017 5395//1017 5396//1017
f 1021//1017 5396//1017 1020//1017
f 1020//1017 5396//1017 5397//1017
f 1020//1017 5397//1017 1019//1017
f 1019//1017 5397//1017 5398//1017
f 1019//1017 5398//1017 1018//1017
f 1018//1017 5398//1017 5399//1017
f 1018//1017 5399//1017 1017//1017
f 1017//1017 5399//1017 5400//1017
f 1017//1017 5400//1017 1016//1017
f 1016//1017 5400//1017 5401//1017
f 1016//1017 5401//1017 1015//1017
f 1015//1017 5401//1017 5402//1017
f 1015//1017 5402//1017 1014//1017
f 1014//1017 5402//1017 5403//1017
f 1014//1017 5403//1017 1013//1017
f 1013//1017 5403//1017 5404//1017
f 1013//1017 5404//1017 1012//1017
f 1012//1017 5404//1017 5405//1017
f 1012//1017 5405//1017 1011//1017
f 1011//1017 5405//1017 5406//1017
f 1011//1017 5406//1017 1010//1017
f 1010//1017 5406//1017 5407//1017
f 1010//1017 5407//1017 1009//1017
f 1009//1017 5407//1017 5408//1017
f 1009//1017 5408//1017 1008//1017
f 1008//1017 5408//1017 5409//1017
f 1008//1017 5409//1017 1007//1017
f 1007//1017 5409//1017 5410//1017
f 1007//1017 5410//1017 1006//1017
f 1006//1017 5410//1017 5411//1017
f 1006//1017 5411//1017 1005//1017
f 1005//1017 5411//1017 5412//1017
f 1005//1017 5412//1017 1004//1017
f 1004//1017 5412//1017 5413//1017
f 1004//1017 5413//1017 1003//1017
f 1003//1017 5413//1017 5414//1017
f 1003//1017 5414//1017 1002//1017
f 1002//1017 5414//1017 5415//1017
f 1002//1017 5415//1017 1001//1017
f 1001//1017 5415//1017 5416//1017
f 1001//1017 5416//1017 1000//1017
f 1000//1017 5416//1017 5417//1017
f 1000//1017 5417//1017 999//1017
f 999//1017 5417//1017 5418//1017
f 999//1017 5418//1017 998//1017
f 998//1017 5418//1017 5419//1017
f 998//1017 5419//1017 997//1017
f 997//1017 5419//1017 5420//1017
f 997//1017 5420//1017 996//1017
f 996//1017 5420//1017 5359//1017
f 5421//1018 5377//1018 5422//1018
f 5422//1019 5377//1019 5376//1019
f 5422//1019 5376//1019 5423//1019
f 5423//1100 5376//1100 5375//1100
f 5423//1100 5375//1100 5424//1100
f 5424//1021 5375//1021 5374//1021
f 5424//1021 5374//1021 5425//1021
f 5425//1083 5374//1083 5373//1083
f 5425//1083 5373//1083 5426//1083
f 5426//1091 5373//1091 5372//1091
f 5426//1091 5372//1091 5427//1091
f 5427//1093 5372//1093 5371//1093
f 5427//1093 5371//1093 5428//1093
f 5428//1025 5371//1025 5370//1025
f 5428//1025 5370//1025 5429//1025
f 5429//1026 5370//1026 5369//1026
f 5429//1026 5369//1026 5430//1026
f 5430//1105 5369//1105 5368//1105
f 5430//1105 5368//1105 5431//1105
f 5431//1028 5368//1028 5367//1028
f 5431//1028 5367//1028 5432//1028
f 5432//1029 5367//1029 5366//1029
f 5432//1029 5366//1029 5433//1029
f 5433//1030 5366//1030 5365//1030
f 5433//1030 5365//1030 5434//1030
f 5434//7266 5365//7266 5364//7266
f 5434//7266 5364//7266 5435//7266
f 5435//1032 5364//1032 5363//1032
f 5435//1032 5363//1032 5436//1032
f 5436//1033 5363//1033 5362//1033
f 5436//1033 5362//1033 5437//1033
f 5437//1034 5362//1034 5361//1034
f 5437//1034 5361//1034 5438//1034
f 5438//1085 5361//1085 5360//1085
f 5438//1085 5360//1085 5439//1085
f 5439//1036 5360//1036 5359//1036
f 5439//1036 5359//1036 5440//1036
f 5440//1037 5359//1037 5420//1037
f 5440//1037 5420//1037 5441//1037
f 5441//1038 5420//1038 5419//1038
f 5441//1038 5419//1038 5442//1038
f 5442//1096 5419//1096 5418//1096
f 5442//1096 5418//1096 5443//1096
f 5443//1086 5418//1086 5417//1086
f 5443//1086 5417//1086 5444//1086
f 5444//1041 5417//1041 5416//1041
f 5444//1041 5416//1041 5445//1041
f 5445//1087 5416//1087 5415//1087
f 5445//1087 5415//1087 5446//1087
f 5446//1107 5415//1107 5414//1107
f 5446//1107 5414//1107 5447//1107
f 5447//1088 5414//1088 5413//1088
f 5447//1088 5413//1088 5448//1088
f 5448//1045 5413//1045 5412//1045
f 5448//1045 5412//1045 5449//1045
f 5449//1099 5412//1099 5411//1099
f 5449//1099 5411//1099 5450//1099
f 5450//1047 5411//1047 5410//1047
f 5450//1047 5410//1047 5451//1047
f 5451//1048 5410//1048 5409//1048
f 5451//1048 5409//1048 5452//1048
f 5452//1049 5409//1049 5408//1049
f 5452//1049 5408//1049 5453//1049
f 5453//1050 5408//1050 5407//1050
f 5453//1050 5407//1050 5454//1050
f 5454//1103 5407//1103 5406//1103
f 5454//1103 5406//1103 5455//1103
f 5455//1052 5406//1052 5405//1052
f 5455//1052 5405//1052 5456//1052
f 5456//1054 5405//1054 5404//1054
f 5456//1054 5404//1054 5457//1054
f 5457//1092 5404//1092 5403//1092
f 5457//1092 5403//1092 5458//1092
f 5458//1056 5403//1056 5402//1056
f 5458//1056 5402//1056 5459//1056
f 5459//1057 5402//1057 5401//1057
f 5459//1057 5401//1057 5460//1057
f 5460//7265 5401//7265 5400//7265
f 5460//7265 5400//7265 5461//7265
f 5461//1059 5400//1059 5399//1059
f 5461//1059 5399//1059 5462//1059
f 5462//1060 5399//1060 5398//1060
f 5462//1060 5398//1060 5463//1060
f 5463//1061 5398//1061 5397//1061
f 5463//1061 5397//1061 5464//1061
f 5464//1062 5397//1062 5396//1062
f 5464//1062 5396//1062 5465//1062
f 5465//1084 5396//1084 5395//1084
f 5465//1084 5395//1084 5466//1084
f 5466//1064 5395//1064 5394//1064
f 5466//1064 5394//1064 5467//1064
f 5467//1065 5394//1065 5393//1065
f 5467//1065 5393//1065 5468//1065
f 5468//1066 5393//1066 5392//1066
f 5468//1066 5392//1066 5469//1066
f 5469//1095 5392//1095 5391//1095
f 5469//1095 5391//1095 5470//1095
f 5470//1068 5391//1068 5390//1068
f 5470//1068 5390//1068 5471//1068
f 5471//1069 5390//1069 5389//1069
f 5471//1069 5389//1069 5472//1069
f 5472//1070 5389//1070 5388//1070
f 5472//1070 5388//1070 5473//1070
f 5473//7267 5388//7267 5387//7267
f 5473//7267 5387//7267 5474//7267
f 5474//1072 5387//1072 5386//1072
f 5474//1072 5386//1072 5475//1072
f 5475//1073 5386//1073 5385//1073
f 5475//1073 5385//1073 5476//1073
f 5476//1074 5385//1074 5384//1074
f 5476//1074 5384//1074 5477//1074
f 5477//1098 5384//1098 5383//1098
f 5477//1098 5383//1098 5478//1098
f 5478//1076 5383//1076 5382//1076
f 5478//1076 5382//1076 5479//1076
f 5479//1078 5382//1078 5381//1078
f 5479//1078 5381//1078 5480//1078
f 5480//1089 5381//1089 5380//1089
f 5480//1089 5380//1089 5481//1089
f 5481//1080 5380//1080 5379//1080
f 5481//1080 5379//1080 5482//1080
f 5482//1081 5379//1081 5378//1081
f 5482//1081 5378//1081 5421//1081
f 5421//1018 5378//1018 5377//1018
f 1077//1082 5456//1082 1078//1082
f 1078//1082 5456//1082 5457//1082
f 1078//1082 5457//1082 1079//1082
f 1079//1082 5457//1082 5458//1082
f 1079//1082 5458//1082 1080//1082
f 1080//1082 5458//1082 5459//1082
f 1080//1082 5459//1082 1081//1082
f 1081//1082 5459//1082 5460//1082
f 1081//1082 5460//1082 1082//1082
f 1082//1082 5460//1082 5461//1082
f 1082//1082 5461//1082 1083//1082
f 1083//1082 5461//1082 5462//1082
f 1083//1082 5462//1082 1084//1082
f 1084//1082 5462//1082 5463//1082
f 1084//1082 5463//1082 1085//1082
f 1085//1082 5463//1082 5464//1082
f 1085//1082 5464//1082 1086//1082
f 1086//1082 5464//1082 5465//1082
f 1086//1082 5465//1082 1087//1082
f 1087//1082 5465//1082 5466//1082
f 1087//1082 5466//1082 1088//1082
f 1088//1082 5466//1082 5467//1082
f 1088//1082 5467//1082 1089//1082
f 1089//1082 5467//1082 5468//1082
f 1089//1082 5468//1082 1090//1082
f 1090//1082 5468//1082 5469//1082
f 1090//1082 5469//1082 1091//1082
f 1091//1082 5469//1082 5470//1082
f 1091//1082 5470//1082 1092//1082
f 1092//1082 5470//1082 5471//1082
f 1092//1082 5471//1082 1093//1082
f 1093//1082 5471//1082 5472//1082
f 1093//1082 5472//1082 1094//1082
f 1094//1082 5472//1082 5473//1082
f 1094//1082 5473//1082 1095//1082
f 1095//1082 5473//1082 5474//1082
f 1095//1082 5474//1082 1096//1082
f 1096//1082 5474//1082 5475//1082
f 1096//1082 5475//1082 1097//1082
f 1097//1082 5475//1082 5476//1082
f 1097//1082 5476//1082 1098//1082
f 1098//1082 5476//1082 5477//1082
f 1098//1082 5477//1082 1099//1082
f 1099//1082 5477//1082 5478//1082
f 1099//1082 5478//1082 1100//1082
f 1100//1082 5478//1082 5479//1082
f 1100//1082 5479//1082 1101//1082
f 1101//1082 5479//1082 5480//1082
f 1101//1082 5480//1082 1102//1082
f 1102//1082 5480//1082 5481//1082
f 1102//1082 5481//1082 1103//1082
f 1103//1082 5481//1082 5482//1082
f 1103//1082 5482//1082 1042//1082
f 1042//1082 5482//1082 5421//1082
f 1042//1082 5421//1082 1043//1082
f 1043//1082 5421//1082 5422//1082
f 1043//1082 5422//1082 1044//1082
f 1044//1082 5422//1082 5423//1082
f 1044//1082 5423//1082 1045//1082
f 1045//1082 5423//1082 5424//1082
f 1045//1082 5424//1082 1046//1082
f 1046//1082 5424//1082 5425//1082
f 1046//1082 5425//1082 1047//1082
f 1047//1082 5425//1082 5426//1082
f 1047//1082 5426//1082 1048//1082
f 1048//1082 5426//1082 5427//1082
f 1048//1082 5427//1082 1049//1082
f 1049//1082 5427//1082 5428//1082
f 1049//1082 5428//1082 1050//1082
f 1050//1082 5428//1082 5429//1082
f 1050//1082 5429//1082 1051//1082
f 1051//1082 5429//1082 5430//1082
f 1051//1082 5430//1082 1052//1082
f 1052//1082 5430//1082 5431//1082
f 1052//1082 5431//1082 1053//1082
f 1053//1082 5431//1082 5432//1082
f 1053//1082 5432//1082 1054//1082
f 1054//1082 5432//1082 5433//1082
f 1054//1082 5433//1082 1055//1082
f 1055//1082 5433//1082 5434//1082
f 1055//1082 5434//1082 1056//1082
f 1056//1082 5434//1082 5435//1082
f 1056//1082 5435//1082 1057//1082
f 1057//1082 5435//1082 5436//1082
f 1057//1082 5436//1082 1058//1082
f 1058//1082 5436//1082 5437//1082
f 1058//1082 5437//1082 1059//1082
f 1059//1082 5437//1082 5438//1082
f 1059//1082 5438//1082 1060//1082
f 1060//1082 5438//1082 5439//1082
f 1060//1082 5439//1082 1061//1082
f 1061//1082 5439//1082 5440//1082
f 1061//1082 5440//1082 1062//1082
f 1062//1082 5440//1082 5441//1082
f 1062//1082 5441//1082 1063//1082
f 1063//1082 5441//1082 5442//1082
f 1063//1082 5442//1082 1064//1082
f 1064//1082 5442//1082 5443//1082
f 1064//1082 5443//1082 1065//1082
f 1065//1082 5443//1082 5444//1082
f 1065//1082 5444//1082 1066//1082
f 1066//1082 5444//1082 5445//1082
f 1066//1082 5445//1082 1067//1082
f 1067//1082 5445//1082 5446//1082
f 1067//1082 5446//1082 1068//1082
f 1068//1082 5446//1082 5447//1082
f 1068//1082 5447//1082 1069//1082
f 1069//1082 5447//1082 5448//1082
f 1069//1082 5448//1082 1070//1082
f 1070//1082 5448//1082 5449//1082
f 1070//1082 5449//1082 1071//1082
f 1071//1082 5449//1082 5450//1082
f 1071//1082 5450//1082 1072//1082
f 1072//1082 5450//1082 5451//1082
f 1072//1082 5451//1082 1073//1082
f 1073//1082 5451//1082 5452//1082
f 1073//1082 5452//1082 1074//1082
f 1074//1082 5452//1082 5453//1082
f 1074//1082 5453//1082 1075//1082
f 1075//1082 5453//1082 5454//1082
f 1075//1082 5454//1082 1076//1082
f 1076//1082 5454//1082 5455//1082
f 1076//1082 5455//1082 1077//1082
f 1077//1082 5455//1082 5456//1082
f 1289//1102 1292//1102 1291//1102
f 1228//1103 1292//1103 1293//1103
f 1229//1052 1293//1052 1294//1052
f 1229//1083 1230//1083 1294//1083
f 1230//1083 1295//1083 1294//1083
f 1233//1025 1298//1025 1297//1025
f 1233//1094 1234//1094 1298//1094
f 1234//7265 1298//7265 1299//7265
f 1234//1059 1299//1059 1235//1059
f 1235//1105 1300//1105 1299//1105
f 1235//1060 1300//1060 1236//1060
f 1238//1030 1303//1030 1302//1030
f 1239//1084 1303//1084 1304//1084
f 1239//1032 1240//1032 1304//1032
f 1241//1065 1305//1065 1306//1065
f 1242//1034 1307//1034 1306//1034
f 1242//1085 1243//1085 1307//1085
f 1243//1085 1308//1085 1307//1085
f 1243//1068 1308//1068 1244//1068
f 1247//1071 1311//1071 1312//1071
f 1247//1106 1312//1106 1248//1106
f 1248//1086 1313//1086 1312//1086
f 1250//1098 1315//1098 1251//1098
f 1251//1107 1316//1107 1315//1107
f 1252//1088 1317//1088 1316//1088
f 1252//1045 1253//1045 1317//1045
f 1257//1018 1321//1018 1322//1018
f 1257//1090 1258//1090 1322//1090
f 1259//1021 1324//1021 1260//1021
f 1260//1052 1325//1052 1324//1052
f 1261//1083 1325//1083 1326//1083
f 1264//1104 1329//1104 1328//1104
f 1264//7265 1265//7265 1329//7265
f 1266//1060 1267//1060 1331//1060
f 1267//1061 1268//1061 1332//1061
f 1269//1062 1334//1062 1333//1062
f 1270//1084 1335//1084 1334//1084
f 1270//1032 1335//1032 1271//1032
f 1271//1032 1335//1032 1336//1032
f 1271//1033 1336//1033 1272//1033
f 1275//1036 1339//1036 1340//1036
f 1275//1037 1340//1037 1276//1037
f 1276//1037 1340//1037 1341//1037
f 1277//1038 1341//1038 1342//1038
f 1278//1071 1343//1071 1342//1071
f 1278//1086 1343//1086 1279//1086
f 1279//1097 1280//1097 1344//1097
f 1280//1074 1281//1074 1345//1074
f 1246//1017 5483//1017 1245//1017
f 1245//1017 5483//1017 5484//1017
f 1245//1017 5484//1017 1244//1017
f 1244//1017 5484//1017 5485//1017
f 1244//1017 5485//1017 1243//1017
f 1243//1017 5485//1017 5486//1017
f 1243//1017 5486//1017 1242//1017
f 1242//1017 5486//1017 5487//1017
f 1242//1017 5487//1017 1241//1017
f 1241//1017 5487//1017 5488//1017
f 1241//1017 5488//1017 1240//1017
f 1240//1017 5488//1017 5489//1017
f 1240//1017 5489//1017 1239//1017
f 1239//1017 5489//1017 5490//1017
f 1239//1017 5490//1017 1238//1017
f 1238//1017 5490//1017 5491//1017
f 1238//1017 5491//1017 1237//1017
f 1237//1017 5491//1017 5492//1017
f 1237//1017 5492//1017 1236//1017
f 1236//1017 5492//1017 5493//1017
f 1236//1017 5493//1017 1235//1017
f 1235//1017 5493//1017 5494//1017
f 1235//1017 5494//1017 1234//1017
f 1234//1017 5494//1017 5495//1017
f 1234//1017 5495//1017 1233//1017
f 1233//1017 5495//1017 5496//1017
f 1233//1017 5496//1017 1232//1017
f 1232//1017 5496//1017 5497//1017
f 1232//1017 5497//1017 1231//1017
f 1231//1017 5497//1017 5498//1017
f 1231//1017 5498//1017 1230//1017
f 1230//1017 5498//1017 5499//1017
f 1230//1017 5499//1017 1229//1017
f 1229//1017 5499//1017 5500//1017
f 1229//1017 5500//1017 1228//1017
f 1228//1017 5500//1017 5501//1017
f 1228//1017 5501//1017 1289//1017
f 1289//1017 5501//1017 5502//1017
f 1289//1017 5502//1017 1288//1017
f 1288//1017 5502//1017 5503//1017
f 1288//1017 5503//1017 1287//1017
f 1287//1017 5503//1017 5504//1017
f 1287//1017 5504//1017 1286//1017
f 1286//1017 5504//1017 5505//1017
f 1286//1017 5505//1017 1285//1017
f 1285//1017 5505//1017 5506//1017
f 1285//1017 5506//1017 1284//1017
f 1284//1017 5506//1017 5507//1017
f 1284//1017 5507//1017 1283//1017
f 1283//1017 5507//1017 5508//1017
f 1283//1017 5508//1017 1282//1017
f 1282//1017 5508//1017 5509//1017
f 1282//1017 5509//1017 1281//1017
f 1281//1017 5509//1017 5510//1017
f 1281//1017 5510//1017 1280//1017
f 1280//1017 5510//1017 5511//1017
f 1280//1017 5511//1017 1279//1017
f 1279//1017 5511//1017 5512//1017
f 1279//1017 5512//1017 1278//1017
f 1278//1017 5512//1017 5513//1017
f 1278//1017 5513//1017 1277//1017
f 1277//1017 5513//1017 5514//1017
f 1277//1017 5514//1017 1276//1017
f 1276//1017 5514//1017 5515//1017
f 1276//1017 5515//1017 1275//1017
f 1275//1017 5515//1017 5516//1017
f 1275//1017 5516//1017 1274//1017
f 1274//1017 5516//1017 5517//1017
f 1274//1017 5517//1017 1273//1017
f 1273//1017 5517//1017 5518//1017
f 1273//1017 5518//1017 1272//1017
f 1272//1017 5518//1017 5519//1017
f 1272//1017 5519//1017 1271//1017
f 1271//1017 5519//1017 5520//1017
f 1271//1017 5520//1017 1270//1017
f 1270//1017 5520//1017 5521//1017
f 1270//1017 5521//1017 1269//1017
f 1269//1017 5521//1017 5522//1017
f 1269//1017 5522//1017 1268//1017
f 1268//1017 5522//1017 5523//1017
f 1268//1017 5523//1017 1267//1017
f 1267//1017 5523//1017 5524//1017
f 1267//1017 5524//1017 1266//1017
f 1266//1017 5524//1017 5525//1017
f 1266//1017 5525//1017 1265//1017
f 1265//1017 5525//1017 5526//1017
f 1265//1017 5526//1017 1264//1017
f 1264//1017 5526//1017 5527//1017
f 1264//1017 5527//1017 1263//1017
f 1263//1017 5527//1017 5528//1017
f 1263//1017 5528//1017 1262//1017
f 1262//1017 5528//1017 5529//1017
f 1262//1017 5529//1017 1261//1017
f 1261//1017 5529//1017 5530//1017
f 1261//1017 5530//1017 1260//1017
f 1260//1017 5530//1017 5531//1017
f 1260//1017 5531//1017 1259//1017
f 1259//1017 5531//1017 5532//1017
f 1259//1017 5532//1017 1258//1017
f 1258//1017 5532//1017 5533//1017
f 1258//1017 5533//1017 1257//1017
f 1257//1017 5533//1017 5534//1017
f 1257//1017 5534//1017 1256//1017
f 1256//1017 5534//1017 5535//1017
f 1256//1017 5535//1017 1255//1017
f 1255//1017 5535//1017 5536//1017
f 1255//1017 5536//1017 1254//1017
f 1254//1017 5536//1017 5537//1017
f 1254//1017 5537//1017 1253//1017
f 1253//1017 5537//1017 5538//1017
f 1253//1017 5538//1017 1252//1017
f 1252//1017 5538//1017 5539//1017
f 1252//1017 5539//1017 1251//1017
f 1251//1017 5539//1017 5540//1017
f 1251//1017 5540//1017 1250//1017
f 1250//1017 5540//1017 5541//1017
f 1250//1017 5541//1017 1249//1017
f 1249//1017 5541//1017 5542//1017
f 1249//1017 5542//1017 1248//1017
f 1248//1017 5542//1017 5543//1017
f 1248//1017 5543//1017 1247//1017
f 1247//1017 5543//1017 5544//1017
f 1247//1017 5544//1017 1246//1017
f 1246//1017 5544//1017 5483//1017
f 5545//1018 5503//1018 5546//1018
f 5546//1019 5503//1019 5502//1019
f 5546//1019 5502//1019 5547//1019
f 5547//1100 5502//1100 5501//1100
f 5547//1100 5501//1100 5548//1100
f 5548//1021 5501//1021 5500//1021
f 5548//1021 5500//1021 5549//1021
f 5549//1083 5500//1083 5499//1083
f 5549//1083 5499//1083 5550//1083
f 5550//1091 5499//1091 5498//1091
f 5550//1091 5498//1091 5551//1091
f 5551//1093 5498//1093 5497//1093
f 5551//1093 5497//1093 5552//1093
f 5552//1025 5497//1025 5496//1025
f 5552//1025 5496//1025 5553//1025
f 5553//1026 5496//1026 5495//1026
f 5553//1026 5495//1026 5554//1026
f 5554//1105 5495//1105 5494//1105
f 5554//1105 5494//1105 5555//1105
f 5555//1028 5494//1028 5493//1028
f 5555//1028 5493//1028 5556//1028
f 5556//1029 5493//1029 5492//1029
f 5556//1029 5492//1029 5557//1029
f 5557//1030 5492//1030 5491//1030
f 5557//1030 5491//1030 5558//1030
f 5558//7266 5491//7266 5490//7266
f 5558//7266 5490//7266 5559//7266
f 5559//1032 5490//1032 5489//1032
f 5559//1032 5489//1032 5560//1032
f 5560//1033 5489//1033 5488//1033
f 5560//1033 5488//1033 5561//1033
f 5561//1034 5488//1034 5487//1034
f 5561//1034 5487//1034 5562//1034
f 5562//1085 5487//1085 5486//1085
f 5562//1085 5486//1085 5563//1085
f 5563//1036 5486//1036 5485//1036
f 5563//1036 5485//1036 5564//1036
f 5564//1037 5485//1037 5484//1037
f 5564//1037 5484//1037 5565//1037
f 5565//1038 5484//1038 5483//1038
f 5565//1038 5483//1038 5566//1038
f 5566//1096 5483//1096 5544//1096
f 5566//1096 5544//1096 5567//1096
f 5567//1086 5544//1086 5543//1086
f 5567//1086 5543//1086 5568//1086
f 5568//1041 5543//1041 5542//1041
f 5568//1041 5542//1041 5569//1041
f 5569//1087 5542//1087 5541//1087
f 5569//1087 5541//1087 5570//1087
f 5570//1107 5541//1107 5540//1107
f 5570//1107 5540//1107 5571//1107
f 5571//1088 5540//1088 5539//1088
f 5571//1088 5539//1088 5572//1088
f 5572//1045 5539//1045 5538//1045
f 5572//1045 5538//1045 5573//1045
f 5573//1099 5538//1099 5537//1099
f 5573//1099 5537//1099 5574//1099
f 5574//1047 5537//1047 5536//1047
f 5574//1047 5536//1047 5575//1047
f 5575//1048 5536//1048 5535//1048
f 5575//1048 5535//1048 5576//1048
f 5576//1049 5535//1049 5534//1049
f 5576//1049 5534//1049 5577//1049
f 5577//1050 5534//1050 5533//1050
f 5577//1050 5533//1050 5578//1050
f 5578//1103 5533//1103 5532//1103
f 5578//1103 5532//1103 5579//1103
f 5579//1052 5532//1052 5531//1052
f 5579//1052 5531//1052 5580//1052
f 5580//1054 5531//1054 5530//1054
f 5580//1054 5530//1054 5581//1054
f 5581//1092 5530//1092 5529//1092
f 5581//1092 5529//1092 5582//1092
f 5582//1056 5529//1056 5528//1056
f 5582//1056 5528//1056 5583//1056
f 5583//1057 5528//1057 5527//1057
f 5583//1057 5527//1057 5584//1057
f 5584//7265 5527//7265 5526//7265
f 5584//7265 5526//7265 5585//7265
f 5585//1059 5526//1059 5525//1059
f 5585//1059 5525//1059 5586//1059
f 5586//1060 5525//1060 5524//1060
f 5586//1060 5524//1060 5587//1060
f 5587//1061 5524//1061 5523//1061
f 5587//1061 5523//1061 5588//1061
f 5588//1062 5523//1062 5522//1062
f 5588//1062 5522//1062 5589//1062
f 5589//1084 5522//1084 5521//1084
f 5589//1084 5521//1084 5590//1084
f 5590//1064 5521//1064 5520//1064
f 5590//1064 5520//1064 5591//1064
f 5591//1065 5520//1065 5519//1065
f 5591//1065 5519//1065 5592//1065
f 5592//1066 5519//1066 5518//1066
f 5592//1066 5518//1066 5593//1066
f 5593//1095 5518//1095 5517//1095
f 5593//1095 5517//1095 5594//1095
f 5594//1068 5517//1068 5516//1068
f 5594//1068 5516//1068 5595//1068
f 5595//1069 5516//1069 5515//1069
f 5595//1069 5515//1069 5596//1069
f 5596//1070 5515//1070 5514//1070
f 5596//1070 5514//1070 5597//1070
f 5597//7267 5514//7267 5513//7267
f 5597//7267 5513//7267 5598//7267
f 5598//1072 5513//1072 5512//1072
f 5598//1072 5512//1072 5599//1072
f 5599//1073 5512//1073 5511//1073
f 5599//1073 5511//1073 5600//1073
f 5600//1074 5511//1074 5510//1074
f 5600//1074 5510//1074 5601//1074
f 5601//1098 5510//1098 5509//1098
f 5601//1098 5509//1098 5602//1098
f 5602//1076 5509//1076 5508//1076
f 5602//1076 5508//1076 5603//1076
f 5603//1078 5508//1078 5507//1078
f 5603//1078 5507//1078 5604//1078
f 5604//1089 5507//1089 5506//1089
f 5604//1089 5506//1089 5605//1089
f 5605//1080 5506//1080 5505//1080
f 5605//1080 5505//1080 5606//1080
f 5606//1081 5505//1081 5504//1081
f 5606//1081 5504//1081 5545//1081
f 5545//1018 5504//1018 5503//1018
f 1293//1082 5548//1082 1294//1082
f 1294//1082 5548//1082 5549//1082
f 1294//1082 5549//1082 1295//1082
f 1295//1082 5549//1082 5550//1082
f 1295//1082 5550//1082 1296//1082
f 1296//1082 5550//1082 5551//1082
f 1296//1082 5551//1082 1297//1082
f 1297//1082 5551//1082 5552//1082
f 1297//1082 5552//1082 1298//1082
f 1298//1082 5552//1082 5553//1082
f 1298//1082 5553//1082 1299//1082
f 1299//1082 5553//1082 5554//1082
f 1299//1082 5554//1082 1300//1082
f 1300//1082 5554//1082 5555//1082
f 1300//1082 5555//1082 1301//1082
f 1301//1082 5555//1082 5556//1082
f 1301//1082 5556//1082 1302//1082
f 1302//1082 5556//1082 5557//1082
f 1302//1082 5557//1082 1303//1082
f 1303//1082 5557//1082 5558//1082
f 1303//1082 5558//1082 1304//1082
f 1304//1082 5558//1082 5559//1082
f 1304//1082 5559//1082 1305//1082
f 1305//1082 5559//1082 5560//1082
f 1305//1082 5560//1082 1306//1082
f 1306//1082 5560//1082 5561//1082
f 1306//1082 5561//1082 1307//1082
f 1307//1082 5561//1082 5562//1082
f 1307//1082 5562//1082 1308//1082
f 1308//1082 5562//1082 5563//1082
f 1308//1082 5563//1082 1309//1082
f 1309//1082 5563//1082 5564//1082
f 1309//1082 5564//1082 1310//1082
f 1310//1082 5564//1082 5565//1082
f 1310//1082 5565//1082 1311//1082
f 1311//1082 5565//1082 5566//1082
f 1311//1082 5566//1082 1312//1082
f 1312//1082 5566//1082 5567//1082
f 1312//1082 5567//1082 1313//1082
f 1313//1082 5567//1082 5568//1082
f 1313//1082 5568//1082 1314//1082
f 1314//1082 5568//1082 5569//1082
f 1314//1082 5569//1082 1315//1082
f 1315//1082 5569//1082 5570//1082
f 1315//1082 5570//1082 1316//1082
f 1316//1082 5570//1082 5571//1082
f 1316//1082 5571//1082 1317//1082
f 1317//1082 5571//1082 5572//1082
f 1317//1082 5572//1082 1318//1082
f 1318//1082 5572//1082 5573//1082
f 1318//1082 5573//1082 1319//1082
f 1319//1082 5573//1082 5574//1082
f 1319//1082 5574//1082 1320//1082
f 1320//1082 5574//1082 5575//1082
f 1320//1082 5575//1082 1321//1082
f 1321//1082 5575//1082 5576//1082
f 1321//1082 5576//1082 1322//1082
f 1322//1082 5576//1082 5577//1082
f 1322//1082 5577//1082 1323//1082
f 1323//1082 5577//1082 5578//1082
f 1323//1082 5578//1082 1324//1082
f 1324//1082 5578//1082 5579//1082
f 1324//1082 5579//1082 1325//1082
f 1325//1082 5579//1082 5580//1082
f 1325//1082 5580//1082 1326//1082
f 1326//1082 5580//1082 5581//1082
f 1326//1082 5581//1082 1327//1082
f 1327//1082 5581//1082 5582//1082
f 1327//1082 5582//1082 1328//1082
f 1328//1082 5582//1082 5583//1082
f 1328//1082 5583//1082 1329//1082
f 1329//1082 5583//1082 5584//1082
f 1329//1082 5584//1082 1330//1082
f 1330//1082 5584//1082 5585//1082
f 1330//1082 5585//1082 1331//1082
f 1331//1082 5585//1082 5586//1082
f 1331//1082 5586//1082 1332//1082
f 1332//1082 5586//1082 5587//1082
f 1332//1082 5587//1082 1333//1082
f 1333//1082 5587//1082 5588//1082
f 1333//1082 5588//1082 1334//1082
f 1334//1082 5588//1082 5589//1082
f 1334//1082 5589//1082 1335//1082
f 1335//1082 5589//1082 5590//1082
f 1335//1082 5590//1082 1336//1082
f 1336//1082 5590//1082 5591//1082
f 1336//1082 5591//1082 1337//1082
f 1337//1082 5591//1082 5592//1082
f 1337//1082 5592//1082 1338//1082
f 1338//1082 5592//1082 5593//1082
f 1338//1082 5593//1082 1339//1082
f 1339//1082 5593//1082 5594//1082
f 1339//1082 5594//1082 1340//1082
f 1340//1082 5594//1082 5595//1082
f 1340//1082 5595//1082 1341//1082
f 1341//1082 5595//1082 5596//1082
f 1341//1082 5596//1082 1342//1082
f 1342//1082 5596//1082 5597//1082
f 1342//1082 5597//1082 1343//1082
f 1343//1082 5597//1082 5598//1082
f 1343//1082 5598//1082 1344//1082
f 1344//1082 5598//1082 5599//1082
f 1344//1082 5599//1082 1345//1082
f 1345//1082 5599//1082 5600//1082
f 1345//1082 5600//1082 1346//1082
f 1346//1082 5600//1082 5601//1082
f 1346//1082 5601//1082 1347//1082
f 1347//1082 5601//1082 5602//1082
f 1347//1082 5602//1082 1348//1082
f 1348//1082 5602//1082 5603//1082
f 1348//1082 5603//1082 1349//1082
f 1349//1082 5603//1082 5604//1082
f 1349//1082 5604//1082 1350//1082
f 1350//1082 5604//1082 5605//1082
f 1350//1082 5605//1082 1351//1082
f 1351//1082 5605//1082 5606//1082
f 1351//1082 5606//1082 1290//1082
f 1290//1082 5606//1082 5545//1082
f 1290//1082 5545//1082 1291//1082
f 1291//1082 5545//1082 5546//1082
f 1291//1082 5546//1082 1292//1082
f 1292//1082 5546//1082 5547//1082
f 1292//1082 5547//1082 1293//1082
f 1293//1082 5547//1082 5548//1082
